"feature_id"	"baseline_rank"	"baseline_t"	"best_observed_rank"	"worst_observed_rank"	"loo_selected_count"	"loo_scenarios"	"loo_selection_fraction"	"loo_sign_changes"	"baseline_topk"
"AFFX-HUMISGF3A/M97935_MA_at"	2475	1.75919522154538	2309	2581	0	38	0	0	FALSE
"AFFX-HUMISGF3A/M97935_MB_at"	2071	0.90985764479167	1743	2207	0	38	0	0	FALSE
"AFFX-HUMISGF3A/M97935_3_at"	1506	-0.0980259202508952	978	1678	0	38	0	9	FALSE
"AFFX-HUMRGE/M10098_5_at"	1385	-0.338962861923537	1144	1613	0	38	0	1	FALSE
"AFFX-HUMRGE/M10098_M_at"	884	-1.3701649292409	722	1008	0	38	0	0	FALSE
"AFFX-HUMRGE/M10098_3_at"	929	-1.26505225398894	787	1064	0	38	0	0	FALSE
"AFFX-HUMGAPDH/M33197_5_at"	1980	0.722154543316479	1498	2101	0	38	0	1	FALSE
"AFFX-HUMGAPDH/M33197_M_at"	1876	0.533557665131957	1357	1995	0	38	0	1	FALSE
"AFFX-HSAC07/X00351_5_at"	1575	0.0167086537308892	958	1693	0	38	0	14	FALSE
"AFFX-HSAC07/X00351_M_at"	1653	0.134915220696101	807	1754	0	38	0	3	FALSE
"AFFX-HUMTFRR/M11507_5_at"	2955	4.12987562089931	2906	3010	0	38	0	0	FALSE
"AFFX-HUMTFRR/M11507_M_at"	2784	2.8478839492034	2672	2839	0	38	0	0	FALSE
"AFFX-HUMTFRR/M11507_3_at"	2934	3.9224417189115	2891	2971	0	38	0	0	FALSE
"AFFX-M27830_5_at"	1334	-0.441941800886783	1154	1512	0	38	0	0	FALSE
"AFFX-M27830_M_at"	1459	-0.190501278673777	1264	1653	0	38	0	7	FALSE
"AFFX-M27830_3_at"	1770	0.349015059219006	1583	1990	0	38	0	1	FALSE
"AFFX-HSAC07/X00351_3_st"	706	-1.85732709827022	434	833	0	38	0	0	FALSE
"AFFX-HUMGAPDH/M33197_M_st"	2722	2.60868560072705	2660	2854	0	38	0	0	FALSE
"AFFX-HUMGAPDH/M33197_3_st"	1796	0.4029255759662	1610	2107	0	38	0	0	FALSE
"AFFX-HSAC07/X00351_M_st"	2638	2.21966276027611	2545	2800	0	38	0	0	FALSE
"A28102_at"	2342	1.45077705831757	2172	2654	0	38	0	0	FALSE
"AB000115_at"	1823	0.45076059130016	1505	2060	0	38	0	1	FALSE
"AB000449_at"	126	-4.50756377345015	78	157	0	38	0	0	FALSE
"AB000464_at"	1192	-0.688447272417347	1048	1534	0	38	0	0	FALSE
"AB000468_at"	590	-2.19798129733265	454	702	0	38	0	0	FALSE
"AB000584_at"	2328	1.42535146439855	2105	2412	0	38	0	0	FALSE
"AB001106_at"	1362	-0.383206761510589	992	1574	0	38	0	1	FALSE
"AB001325_at"	1540	-0.0511499396832643	1370	1946	0	38	0	10	FALSE
"AB002315_at"	2259	1.29464465202263	2012	2442	0	38	0	0	FALSE
"AB002318_at"	1335	-0.441047821786265	1205	2008	0	38	0	1	FALSE
"AB002382_at"	1491	-0.131435920199286	1304	1821	0	38	0	5	FALSE
"AB002559_at"	2906	3.66320439267849	2873	2961	0	38	0	0	FALSE
"AB003177_at"	1417	-0.274271259617611	1245	1921	0	38	0	1	FALSE
"AC000061_cds2_at"	982	-1.14307181822722	789	1153	0	38	0	0	FALSE
"AC000064_cds1_at"	2757	2.71786991685453	2697	2866	0	38	0	0	FALSE
"AC002073_cds1_at"	2702	2.51797384524259	2635	2803	0	38	0	0	FALSE
"AC002115_cds1_at"	1009	-1.08249331863846	824	1266	0	38	0	0	FALSE
"AC002115_rna2_at"	1790	0.392139355534629	1544	2278	0	38	0	0	FALSE
"AF000231_at"	332	-3.18850923607246	279	370	0	38	0	0	FALSE
"AF000560_at"	2414	1.60942092342787	2235	2680	0	38	0	0	FALSE
"AF000562_at"	2432	1.64464537434378	2261	2668	0	38	0	0	FALSE
"AF002224_at"	2183	1.12252681632937	2066	2481	0	38	0	0	FALSE
"AF002700_at"	2727	2.62160636637895	2672	2832	0	38	0	0	FALSE
"AF003743_at"	1056	-0.975570245206563	797	1207	0	38	0	0	FALSE
"AF006041_at"	2064	0.895623183174088	1874	2188	0	38	0	0	FALSE
"AF006084_at"	2147	1.05359128244376	1930	2729	0	38	0	0	FALSE
"AF006087_at"	833	-1.46704879109865	662	1049	0	38	0	0	FALSE
"AF007875_at"	748	-1.7153654188326	615	913	0	38	0	0	FALSE
"AF008445_at"	2204	1.16005351648614	1940	2361	0	38	0	0	FALSE
"AF008937_at"	2846	3.20074883391342	2797	2938	0	38	0	0	FALSE
"AF009301_at"	446	-2.68810594607605	224	509	0	38	0	0	FALSE
"AF010193_at"	1241	-0.589813122072707	1081	1479	0	38	0	0	FALSE
"AF014958_at"	2364	1.50204758316809	2224	2615	0	38	0	0	FALSE
"AF015910_at"	1130	-0.812649517525363	935	1380	0	38	0	0	FALSE
"AF015913_at"	175	-4.07336967462861	84	206	0	38	0	0	FALSE
"AJ000480_at"	2969	4.2933503853616	2946	3001	0	38	0	0	FALSE
"AJ001421_at"	1938	0.636589691062118	1683	2103	0	38	0	0	FALSE
"D00017_at"	1548	-0.0240201516553075	1342	1937	0	38	0	16	FALSE
"D00596_at"	699	-1.87469929893128	538	838	0	38	0	0	FALSE
"D00632_at"	2684	2.44537294304496	2611	2794	0	38	0	0	FALSE
"D00723_at"	773	-1.64741374985733	663	908	0	38	0	0	FALSE
"D00726_at"	2860	3.29298364542922	2789	2912	0	38	0	0	FALSE
"D00760_at"	700	-1.87466158545148	607	841	0	38	0	0	FALSE
"D00761_at"	2186	1.12861331370141	1889	2426	0	38	0	0	FALSE
"D00762_at"	1105	-0.877554209428963	854	1269	0	38	0	0	FALSE
"D00763_at"	113	-4.6740420950344	77	152	0	38	0	0	FALSE
"D10202_at"	2527	1.88126179975611	2346	2603	0	38	0	0	FALSE
"D10495_at"	3014	5.17946074919084	3000	3020	0	38	0	0	FALSE
"D10511_at"	1076	-0.949437155030391	857	1256	0	38	0	0	FALSE
"D10522_at"	1919	0.603272806935264	1575	2057	0	38	0	0	FALSE
"D10523_at"	1273	-0.543724487179512	1099	1632	0	38	0	1	FALSE
"D10923_at"	2244	1.26164046850078	1976	2356	0	38	0	0	FALSE
"D10995_at"	2415	1.61499496702146	2285	2807	0	38	0	0	FALSE
"D11086_at"	412	-2.79470520078773	270	519	0	38	0	0	FALSE
"D11094_at"	942	-1.24447961234353	612	1052	0	38	0	0	FALSE
"D11428_at"	1724	0.268290835337308	1520	2320	0	38	0	2	FALSE
"D13315_at"	659	-1.98271783584612	444	790	0	38	0	0	FALSE
"D13370_at"	399	-2.85941986791911	303	503	0	38	0	0	FALSE
"D13435_at"	515	-2.44848588013019	375	609	0	38	0	0	FALSE
"D13626_at"	960	-1.19386349175172	836	1202	0	38	0	0	FALSE
"D13627_at"	284	-3.41976999944394	188	360	0	38	0	0	FALSE
"D13628_at"	2646	2.24848998063273	2518	2796	0	38	0	0	FALSE
"D13630_at"	828	-1.49454143867614	629	1006	0	38	0	0	FALSE
"D13636_at"	254	-3.61031646563089	167	299	0	38	0	0	FALSE
"D13639_at"	1911	0.584406485047397	1755	2198	0	38	0	0	FALSE
"D13640_at"	1607	0.0669541536546374	1375	2036	0	38	0	12	FALSE
"D13641_at"	1556	-0.0132321561682626	1335	1797	0	38	0	18	FALSE
"D13643_at"	1099	-0.890004589114816	934	1491	0	38	0	0	FALSE
"D13645_at"	637	-2.05715970114019	519	719	0	38	0	0	FALSE
"D13748_at"	2292	1.35505651581402	2106	2693	0	38	0	0	FALSE
"D13897_rna2_at"	1636	0.117913141432845	1418	2102	0	38	0	7	FALSE
"D13900_at"	1182	-0.713568257324639	946	1397	0	38	0	0	FALSE
"D13988_at"	1159	-0.755367655366094	949	1335	0	38	0	0	FALSE
"D14043_at"	1119	-0.841541074875432	758	1322	0	38	0	0	FALSE
"D14657_at"	1288	-0.514128418482565	1108	1769	0	38	0	1	FALSE
"D14658_at"	44	-5.8730738964676	4	68	1	38	0.0263157894736842	0	FALSE
"D14661_at"	1975	0.707041460705467	1724	2189	0	38	0	0	FALSE
"D14662_at"	1012	-1.08060939082518	796	1155	0	38	0	0	FALSE
"D14663_at"	1643	0.125826225159563	1315	2007	0	38	0	7	FALSE
"D14686_at"	2482	1.77648408195094	2362	2719	0	38	0	0	FALSE
"D14689_at"	2604	2.12373860601465	2509	2699	0	38	0	0	FALSE
"D14694_at"	413	-2.78061768876906	273	489	0	38	0	0	FALSE
"D14695_at"	1572	0.0147579164972136	1303	1794	0	38	0	20	FALSE
"D14710_at"	426	-2.74526944679819	381	523	0	38	0	0	FALSE
"D14811_at"	2878	3.45914782835618	2819	2943	0	38	0	0	FALSE
"D14812_at"	531	-2.40451055040408	382	643	0	38	0	0	FALSE
"D14838_at"	852	-1.44016778651257	773	1023	0	38	0	0	FALSE
"D14874_at"	3032	6.23412443951394	3024	3043	0	38	0	0	FALSE
"D14878_at"	1011	-1.08072934468077	808	1218	0	38	0	0	FALSE
"D14889_at"	2752	2.70954127724006	2693	2820	0	38	0	0	FALSE
"D15050_at"	1363	-0.382942126974983	811	1514	0	38	0	0	FALSE
"D15057_at"	504	-2.48723690455218	418	590	0	38	0	0	FALSE
"D16217_at"	2688	2.45659034600499	2603	2827	0	38	0	0	FALSE
"D16294_at"	997	-1.10265416462089	820	1205	0	38	0	0	FALSE
"D16469_at"	2965	4.23758052157589	2920	3008	0	38	0	0	FALSE
"D16532_at"	761	-1.67838922252446	688	902	0	38	0	0	FALSE
"D16562_at"	459	-2.65303132610169	314	543	0	38	0	0	FALSE
"D16593_at"	1704	0.226029241339053	1497	1919	0	38	0	4	FALSE
"D17525_at"	1352	-0.404813679725208	1183	1622	0	38	0	1	FALSE
"D17716_at"	973	-1.15719718650596	748	1242	0	38	0	0	FALSE
"D21063_at"	396	-2.86901909956825	321	500	0	38	0	0	FALSE
"D21090_at"	760	-1.68130068595053	623	873	0	38	0	0	FALSE
"D21255_at"	732	-1.77924762265021	655	852	0	38	0	0	FALSE
"D21260_at"	766	-1.66611111611192	611	887	0	38	0	0	FALSE
"D21261_at"	2816	3.03663399915843	2762	2906	0	38	0	0	FALSE
"D21262_at"	93	-4.93289641157166	48	116	0	38	0	0	FALSE
"D21852_at"	240	-3.69532184522639	157	310	0	38	0	0	FALSE
"D23662_at"	621	-2.0947368827484	469	731	0	38	0	0	FALSE
"D25216_at"	1847	0.490586681680614	1668	2182	0	38	0	0	FALSE
"D25217_at"	2546	1.93623550018505	2417	2918	0	38	0	0	FALSE
"D25218_at"	1849	0.495667369513474	1630	2054	0	38	0	0	FALSE
"D25248_at"	1981	0.722809109157859	1822	2195	0	38	0	0	FALSE
"D25274_at"	1430	-0.251697047673976	1235	1759	0	38	0	3	FALSE
"D25278_at"	1160	-0.755243151843947	848	1360	0	38	0	0	FALSE
"D25328_at"	243	-3.68155018760455	129	291	0	38	0	0	FALSE
"D25538_at"	1025	-1.02870218966529	856	1194	0	38	0	0	FALSE
"D25547_at"	2421	1.62217441576027	2258	2741	0	38	0	0	FALSE
"D26069_at"	355	-3.0585707959534	282	407	0	38	0	0	FALSE
"D26129_at"	2407	1.59232227899674	2196	2524	0	38	0	0	FALSE
"D26308_at"	2971	4.31360086949556	2911	2991	0	38	0	0	FALSE
"D26579_at"	2954	4.10066480526336	2916	2977	0	38	0	0	FALSE
"D26599_at"	495	-2.51730170721937	280	597	0	38	0	0	FALSE
"D28114_at"	1937	0.635393451631278	1777	2508	0	38	0	0	FALSE
"D28118_at"	1505	-0.0984054416427203	1302	1827	0	38	0	8	FALSE
"D28137_at"	2392	1.55747279417108	2247	2848	0	38	0	0	FALSE
"D28364_at"	1663	0.149249197603597	1263	1837	0	38	0	3	FALSE
"D28383_at"	1243	-0.58599168300565	977	1453	0	38	0	0	FALSE
"D28423_at"	788	-1.59565130594056	520	974	0	38	0	0	FALSE
"D28476_at"	756	-1.68690240880437	603	912	0	38	0	0	FALSE
"D28588_at"	1566	0.00640189344626898	1423	1868	0	38	0	17	FALSE
"D28589_at"	640	-2.04002568619352	482	738	0	38	0	0	FALSE
"D28915_at"	2620	2.16918683843926	2503	2704	0	38	0	0	FALSE
"D29641_at"	268	-3.52475401039651	208	321	0	38	0	0	FALSE
"D29642_at"	701	-1.87070733644428	522	806	0	38	0	0	FALSE
"D29643_at"	2780	2.8346224570375	2690	2894	0	38	0	0	FALSE
"D29677_at"	589	-2.19952854638908	355	662	0	38	0	0	FALSE
"D30036_at"	2534	1.89878420752204	2395	2689	0	38	0	0	FALSE
"D30655_at"	221	-3.8305146968348	92	281	0	38	0	0	FALSE
"D30742_at"	863	-1.41395988622226	661	1001	0	38	0	0	FALSE
"D30755_at"	1993	0.73988380018698	1779	2195	0	38	0	0	FALSE
"D30758_at"	1064	-0.965585158617564	861	1275	0	38	0	0	FALSE
"D31716_at"	1949	0.655999848033908	1651	2152	0	38	0	0	FALSE
"D31764_at"	321	-3.25668857255099	287	362	0	38	0	0	FALSE
"D31766_at"	1409	-0.285929260666796	1233	1761	0	38	0	1	FALSE
"D31767_at"	2141	1.03404117467503	1862	2432	0	38	0	0	FALSE
"D31797_at"	1320	-0.46652064550936	1152	1531	0	38	0	1	FALSE
"D31883_at"	736	-1.77158150068295	459	843	0	38	0	0	FALSE
"D31884_at"	2887	3.52879515917849	2862	2937	0	38	0	0	FALSE
"D31885_at"	1893	0.554999994762658	1554	2158	0	38	0	0	FALSE
"D31888_at"	1477	-0.154771659653756	1295	1796	0	38	0	5	FALSE
"D31890_at"	545	-2.34278521275511	365	651	0	38	0	0	FALSE
"D31891_at"	203	-3.90746491620511	109	257	0	38	0	0	FALSE
"D32001_at"	2269	1.32123897596217	2133	2571	0	38	0	0	FALSE
"D32050_at"	233	-3.7470813700143	127	301	0	38	0	0	FALSE
"D38037_at"	1902	0.572102438984897	1582	2041	0	38	0	0	FALSE
"D38047_at"	1023	-1.03541568672764	759	1228	0	38	0	0	FALSE
"D38048_at"	365	-3.00887585433438	299	441	0	38	0	0	FALSE
"D38076_at"	467	-2.64054828858368	326	562	0	38	0	0	FALSE
"D38145_at"	1094	-0.89919235850223	817	1330	0	38	0	0	FALSE
"D38305_at"	1078	-0.94434064330236	780	1223	0	38	0	0	FALSE
"D38521_at"	2866	3.34042074228148	2803	2901	0	38	0	0	FALSE
"D38524_at"	89	-5.00517357279062	18	124	1	38	0.0263157894736842	0	FALSE
"D38535_at"	1735	0.28339965359882	1567	2105	0	38	0	1	FALSE
"D38548_at"	229	-3.77903543320654	137	299	0	38	0	0	FALSE
"D38549_at"	978	-1.14800330007648	773	1178	0	38	0	0	FALSE
"D38550_at"	1393	-0.319582663274022	1174	1758	0	38	0	1	FALSE
"D38551_at"	263	-3.55503079941894	200	307	0	38	0	0	FALSE
"D38552_at"	315	-3.28520103497573	169	368	0	38	0	0	FALSE
"D38555_at"	561	-2.27699928700812	304	673	0	38	0	0	FALSE
"D38583_at"	2439	1.66314522999179	2238	2570	0	38	0	0	FALSE
"D42041_at"	2456	1.71781822156742	2306	2653	0	38	0	0	FALSE
"D42043_at"	139	-4.35089033147047	109	179	0	38	0	0	FALSE
"D42053_at"	506	-2.47695241571375	366	596	0	38	0	0	FALSE
"D42054_at"	570	-2.26629162500871	354	670	0	38	0	0	FALSE
"D42084_at"	359	-3.03383434157873	256	445	0	38	0	0	FALSE
"D42085_at"	2074	0.91841989331216	1875	2327	0	38	0	0	FALSE
"D42087_at"	1562	-0.00206016610671704	1282	1794	0	38	0	16	FALSE
"D43636_at"	1206	-0.667287278431814	820	1366	0	38	0	0	FALSE
"D43642_at"	1157	-0.757785419960878	973	1390	0	38	0	0	FALSE
"D43767_at"	1203	-0.667983616655231	1071	1552	0	38	0	0	FALSE
"D43947_at"	996	-1.10299386276734	660	1125	0	38	0	0	FALSE
"D43948_at"	102	-4.80904366422381	73	140	0	38	0	0	FALSE
"D43949_at"	1066	-0.964703091378994	915	1399	0	38	0	0	FALSE
"D43950_at"	146	-4.31870306664405	111	205	0	38	0	0	FALSE
"D43951_at"	371	-2.98516389814767	253	450	0	38	0	0	FALSE
"D44466_at"	436	-2.71160042469504	290	521	0	38	0	0	FALSE
"D45248_at"	417	-2.77282167639866	294	519	0	38	0	0	FALSE
"D45370_at"	1186	-0.703152831968034	959	1358	0	38	0	0	FALSE
"D45371_at"	2458	1.72304008742934	2318	2600	0	38	0	0	FALSE
"D49396_at"	763	-1.67605481625716	588	878	0	38	0	0	FALSE
"D49410_at"	2059	0.870460664061997	1867	2272	0	38	0	0	FALSE
"D49489_at"	821	-1.50889291694516	668	1008	0	38	0	0	FALSE
"D49490_at"	1152	-0.767094715091454	971	1364	0	38	0	0	FALSE
"D49738_at"	611	-2.12730571752639	491	730	0	38	0	0	FALSE
"D49817_at"	2899	3.62269054397403	2844	3002	0	38	0	0	FALSE
"D49818_at"	2101	0.967071469728944	1897	2278	0	38	0	0	FALSE
"D50495_at"	1364	-0.382919404316244	1033	1625	0	38	0	1	FALSE
"D50525_at"	686	-1.90743947764853	583	816	0	38	0	0	FALSE
"D50663_at"	1739	0.292364659540565	1400	2045	0	38	0	1	FALSE
"D50683_at"	273	-3.4898349619901	167	323	0	38	0	0	FALSE
"D50692_at"	1266	-0.556014454417622	939	1441	0	38	0	0	FALSE
"D50840_at"	1401	-0.304728538722636	1125	1599	0	38	0	1	FALSE
"D50857_at"	1921	0.60484782921238	1709	2258	0	38	0	0	FALSE
"D50863_at"	879	-1.3800731146427	365	983	0	38	0	0	FALSE
"D50911_at"	749	-1.70697369978889	553	890	0	38	0	0	FALSE
"D50912_at"	326	-3.22781967845721	256	413	0	38	0	0	FALSE
"D50913_at"	776	-1.63340250502541	531	904	0	38	0	0	FALSE
"D50914_at"	319	-3.27087879254585	132	373	0	38	0	0	FALSE
"D50915_at"	2431	1.64454048617636	2256	2559	0	38	0	0	FALSE
"D50916_at"	280	-3.44296434499991	136	323	0	38	0	0	FALSE
"D50917_at"	2325	1.41406041790051	2131	2722	0	38	0	0	FALSE
"D50918_at"	212	-3.86481270407579	88	291	0	38	0	0	FALSE
"D50920_at"	1017	-1.05553144720415	822	1243	0	38	0	0	FALSE
"D50926_at"	1803	0.41440730224507	1519	2111	0	38	0	1	FALSE
"D50927_at"	525	-2.43107381648012	383	607	0	38	0	0	FALSE
"D50928_at"	1806	0.415789366825313	1571	2027	0	38	0	0	FALSE
"D50930_at"	307	-3.30181330491966	206	361	0	38	0	0	FALSE
"D55640_at"	1411	-0.281624013772356	1214	1736	0	38	0	2	FALSE
"D55654_at"	390	-2.89153151079519	260	455	0	38	0	0	FALSE
"D55716_at"	824	-1.50532706835309	573	988	0	38	0	0	FALSE
"D61380_at"	866	-1.4013298356287	776	1043	0	38	0	0	FALSE
"D61391_at"	492	-2.53514464597676	424	580	0	38	0	0	FALSE
"D63160_at"	2420	1.62078550058008	2265	2653	0	38	0	0	FALSE
"D63391_at"	124	-4.55145459765196	100	155	0	38	0	0	FALSE
"D63475_at"	1903	0.572593681771438	1613	2219	0	38	0	0	FALSE
"D63476_at"	97	-4.88058151388881	69	125	0	38	0	0	FALSE
"D63481_at"	1472	-0.160009652570837	1282	1746	0	38	0	3	FALSE
"D63486_at"	290	-3.38665733597939	205	381	0	38	0	0	FALSE
"D63487_at"	1019	-1.04426950570369	820	1228	0	38	0	0	FALSE
"D63506_at"	630	-2.0822369216535	517	730	0	38	0	0	FALSE
"D63813_at"	1757	0.321744676766686	1556	2180	0	38	0	1	FALSE
"D63851_at"	1945	0.648302048667171	1696	2136	0	38	0	0	FALSE
"D63874_at"	134	-4.38762743822974	95	184	0	38	0	0	FALSE
"D63875_at"	448	-2.68238164634567	377	511	0	38	0	0	FALSE
"D63876_at"	1314	-0.476680623592434	1040	1480	0	38	0	0	FALSE
"D63877_at"	1991	0.736967684260393	1683	2108	0	38	0	0	FALSE
"D63878_at"	1455	-0.195854027927817	1278	1738	0	38	0	4	FALSE
"D63879_at"	295	-3.37064311761767	210	355	0	38	0	0	FALSE
"D63880_at"	85	-5.16158984747632	58	102	0	38	0	0	FALSE
"D63881_at"	1087	-0.9097785392739	820	1253	0	38	0	0	FALSE
"D63998_at"	2554	1.94728681751162	2422	2745	0	38	0	0	FALSE
"D64109_at"	1250	-0.575473447238121	866	1504	0	38	0	0	FALSE
"D64110_at"	2413	1.60009000328555	2306	2817	0	38	0	0	FALSE
"D64142_at"	2422	1.62906643208299	2287	2712	0	38	0	0	FALSE
"D64158_at"	894	-1.35171288682151	695	1048	0	38	0	0	FALSE
"D67029_at"	1448	-0.209133352365747	1010	1645	0	38	0	5	FALSE
"D78012_at"	2066	0.898660836304499	1891	2269	0	38	0	0	FALSE
"D78129_at"	1465	-0.1771302314539	1265	1835	0	38	0	3	FALSE
"D78134_at"	2507	1.83253329690407	2301	2638	0	38	0	0	FALSE
"D78275_at"	327	-3.21577263103026	211	395	0	38	0	0	FALSE
"D78335_at"	256	-3.59576293427683	192	305	0	38	0	0	FALSE
"D78361_at"	1738	0.289200802562972	1438	2153	0	38	0	2	FALSE
"D78586_at"	933	-1.2595683153937	723	1062	0	38	0	0	FALSE
"D78611_at"	2313	1.390835094089	2131	2494	0	38	0	0	FALSE
"D79986_at"	1560	-0.00274627026341236	1390	1813	0	38	0	19	FALSE
"D79990_at"	1372	-0.365947846220798	1145	1539	0	38	0	0	FALSE
"D79992_at"	909	-1.31173824328624	726	1131	0	38	0	0	FALSE
"D79993_at"	1970	0.694356677352015	1686	2332	0	38	0	0	FALSE
"D79994_at"	901	-1.33586033321187	763	1055	0	38	0	0	FALSE
"D79996_at"	2162	1.08498107602695	1952	2374	0	38	0	0	FALSE
"D79999_at"	1717	0.257323746772033	1468	2108	0	38	0	2	FALSE
"D80001_at"	200	-3.92310642204295	168	244	0	38	0	0	FALSE
"D80003_at"	324	-3.2399124040117	36	379	0	38	0	0	FALSE
"D80004_at"	1582	0.0232076582137246	1339	1839	0	38	0	16	FALSE
"D80005_at"	473	-2.59731995801189	383	572	0	38	0	0	FALSE
"D80006_at"	157	-4.22494293790667	127	203	0	38	0	0	FALSE
"D80007_at"	1978	0.719422571512572	1727	2162	0	38	0	0	FALSE
"D80008_at"	246	-3.64327862294428	149	312	0	38	0	0	FALSE
"D80009_at"	685	-1.91136717287483	308	781	0	38	0	0	FALSE
"D80010_at"	457	-2.65445258942701	200	519	0	38	0	0	FALSE
"D80012_at"	583	-2.20828234961825	493	698	0	38	0	0	FALSE
"D82061_at"	1484	-0.141012132187236	1145	1865	0	38	0	5	FALSE
"D82070_at"	2491	1.7941553317499	2376	2660	0	38	0	0	FALSE
"D82345_at"	633	-2.06625589276515	523	729	0	38	0	0	FALSE
"D82348_at"	752	-1.70109904079201	661	885	0	38	0	0	FALSE
"D83004_at"	1028	-1.02449652088796	863	1305	0	38	0	0	FALSE
"D83032_at"	149	-4.29810152838282	53	200	0	38	0	0	FALSE
"D83243_at"	453	-2.66655547921514	327	537	0	38	0	0	FALSE
"D83542_at"	1509	-0.0934482888618756	1351	1873	0	38	0	5	FALSE
"D83597_at"	1708	0.228418175407896	1379	1987	0	38	0	2	FALSE
"D83657_at"	2203	1.15904897145261	1948	2266	0	38	0	0	FALSE
"D83703_at"	1559	-0.00673773900316986	1346	1811	0	38	0	19	FALSE
"D83735_at"	2645	2.24841470234843	2499	2799	0	38	0	0	FALSE
"D83776_at"	267	-3.52813905636176	75	342	0	38	0	0	FALSE
"D83777_at"	2008	0.776048510090164	1662	2320	0	38	0	0	FALSE
"D83780_at"	1188	-0.697778058090626	828	1358	0	38	0	0	FALSE
"D83783_at"	195	-3.98698374440085	37	249	0	38	0	0	FALSE
"D83784_at"	2177	1.10040203729161	1985	2445	0	38	0	0	FALSE
"D83785_at"	181	-4.05078200413619	110	229	0	38	0	0	FALSE
"D83920_at"	2609	2.14365747014189	2483	2702	0	38	0	0	FALSE
"D84110_at"	1834	0.46494475957995	1606	2169	0	38	0	0	FALSE
"D84239_at"	454	-2.66500401744958	381	537	0	38	0	0	FALSE
"D84276_at"	115	-4.62751374058466	88	142	0	38	0	0	FALSE
"D84294_at"	209	-3.88376032115667	145	259	0	38	0	0	FALSE
"D84307_at"	1781	0.367784657991225	1611	2181	0	38	0	0	FALSE
"D84557_at"	309	-3.29718060282457	266	377	0	38	0	0	FALSE
"D85245_at"	2037	0.821497327581181	1886	2439	0	38	0	0	FALSE
"D85429_at"	689	-1.89107544654205	402	804	0	38	0	0	FALSE
"D85527_at"	1841	0.480326373914635	1656	2329	0	38	0	0	FALSE
"D85758_at"	214	-3.85487443844694	126	262	0	38	0	0	FALSE
"D85815_at"	2298	1.36306185203319	2111	2528	0	38	0	0	FALSE
"D85939_at"	2378	1.52423876357398	2202	2506	0	38	0	0	FALSE
"D86479_at"	81	-5.21931996016104	20	95	1	38	0.0263157894736842	0	FALSE
"D86549_at"	830	-1.47883163250723	694	983	0	38	0	0	FALSE
"D86956_at"	563	-2.27653767671267	148	641	0	38	0	0	FALSE
"D86961_at"	873	-1.38945056782882	751	1062	0	38	0	0	FALSE
"D86962_at"	847	-1.44761150671067	556	995	0	38	0	0	FALSE
"D86964_at"	738	-1.76556284594068	488	878	0	38	0	0	FALSE
"D86967_at"	54	-5.74772889165424	20	72	1	38	0.0263157894736842	0	FALSE
"D86970_at"	232	-3.7490085140702	112	290	0	38	0	0	FALSE
"D86971_at"	598	-2.1817102610814	354	671	0	38	0	0	FALSE
"D86972_at"	1075	-0.950451188292758	796	1222	0	38	0	0	FALSE
"D86973_at"	1081	-0.932272260264274	877	1251	0	38	0	0	FALSE
"D86976_at"	534	-2.39512083808626	373	639	0	38	0	0	FALSE
"D86978_at"	188	-4.02140956938877	144	231	0	38	0	0	FALSE
"D86979_at"	484	-2.56848491057395	380	560	0	38	0	0	FALSE
"D86983_at"	237	-3.73259712876674	157	285	0	38	0	0	FALSE
"D86985_at"	1127	-0.818087232473316	896	1270	0	38	0	0	FALSE
"D87023_cds2_at"	2062	0.878378457870164	1870	2385	0	38	0	0	FALSE
"D87071_at"	1684	0.180321768959394	1414	1879	0	38	0	3	FALSE
"D87073_at"	1340	-0.434397917001972	1148	1723	0	38	0	1	FALSE
"D87074_at"	302	-3.34033375523648	250	361	0	38	0	0	FALSE
"D87075_at"	1036	-1.00685490458751	818	1201	0	38	0	0	FALSE
"D87076_at"	144	-4.32818866683594	67	203	0	38	0	0	FALSE
"D87078_at"	50	-5.78409041709918	3	68	1	38	0.0263157894736842	0	FALSE
"D87116_at"	2748	2.69835808374566	2636	2923	0	38	0	0	FALSE
"D87119_at"	488	-2.54623010984895	390	570	0	38	0	0	FALSE
"D87120_at"	722	-1.80342956437973	666	829	0	38	0	0	FALSE
"D87292_at"	1153	-0.764853596733322	962	1372	0	38	0	0	FALSE
"D87433_at"	2734	2.65791561693025	2641	2842	0	38	0	0	FALSE
"D87434_at"	2611	2.14896649384026	2504	2714	0	38	0	0	FALSE
"D87435_at"	1756	0.32037784717386	1624	2148	0	38	0	0	FALSE
"D87436_at"	1070	-0.9546236525273	794	1233	0	38	0	0	FALSE
"D87438_at"	1222	-0.629763844381247	1045	1619	0	38	0	1	FALSE
"D87442_at"	2487	1.79129286606241	2346	2726	0	38	0	0	FALSE
"D87445_at"	2004	0.771141560827421	1829	2230	0	38	0	0	FALSE
"D87446_at"	125	-4.54781544050808	102	153	0	38	0	0	FALSE
"D87447_at"	1086	-0.910218130108705	815	1305	0	38	0	0	FALSE
"D87448_at"	234	-3.74484565710122	191	263	0	38	0	0	FALSE
"D87450_at"	546	-2.34222159849931	387	645	0	38	0	0	FALSE
"D87451_at"	2437	1.65398493619262	2274	2617	0	38	0	0	FALSE
"D87452_at"	859	-1.42172760175327	569	1023	0	38	0	0	FALSE
"D87453_at"	442	-2.69420526810485	359	532	0	38	0	0	FALSE
"D87455_at"	536	-2.38866261835967	343	617	0	38	0	0	FALSE
"D87459_at"	414	-2.7797534971189	343	481	0	38	0	0	FALSE
"D87460_at"	899	-1.34412121280398	739	1096	0	38	0	0	FALSE
"D87462_at"	2046	0.841274508242479	1795	2249	0	38	0	0	FALSE
"D87464_at"	725	-1.8007108866233	491	831	0	38	0	0	FALSE
"D87465_at"	411	-2.80134985673559	239	475	0	38	0	0	FALSE
"D87466_at"	668	-1.96013944689872	401	787	0	38	0	0	FALSE
"D87469_at"	1226	-0.620918721005601	830	1473	0	38	0	0	FALSE
"D87673_at"	2090	0.94300419002639	1852	2187	0	38	0	0	FALSE
"D87684_at"	877	-1.38588942438542	664	1030	0	38	0	0	FALSE
"D87937_at"	1842	0.481272816909477	1598	2031	0	38	0	0	FALSE
"D87953_at"	2704	2.52750479323723	2627	2930	0	38	0	0	FALSE
"D87969_at"	107	-4.73149675083631	70	128	0	38	0	0	FALSE
"D88270_at"	47	-5.82602899960621	28	67	0	38	0	0	FALSE
"D88422_at"	3038	6.4520349204053	3024	3046	0	38	0	0	FALSE
"D88613_at"	1887	0.548597731148606	1720	2362	0	38	0	0	FALSE
"D89016_at"	1926	0.611840742949172	1655	2178	0	38	0	0	FALSE
"D89052_at"	2774	2.80094565771007	2718	2930	0	38	0	0	FALSE
"D89077_at"	2506	1.83215335946501	2405	2704	0	38	0	0	FALSE
"D89667_at"	2486	1.78521442663157	2276	2678	0	38	0	0	FALSE
"D90084_at"	1948	0.653951320483346	1673	2402	0	38	0	0	FALSE
"D90086_at"	380	-2.94075163443925	212	481	0	38	0	0	FALSE
"D90209_at"	2023	0.800572683923491	1860	2377	0	38	0	0	FALSE
"D90224_at"	714	-1.83557276907124	632	825	0	38	0	0	FALSE
"D90276_at"	2131	1.01241594170061	1984	2435	0	38	0	0	FALSE
"HG1078-HT1078_at"	514	-2.45023082536932	386	602	0	38	0	0	FALSE
"HG1102-HT1102_at"	2949	4.04599773236436	2915	2997	0	38	0	0	FALSE
"HG1112-HT1112_at"	154	-4.24962176817762	95	196	0	38	0	0	FALSE
"HG1153-HT1153_at"	1195	-0.684987251906301	1014	1399	0	38	0	0	FALSE
"HG1205-HT1205_at"	1479	-0.152867459603433	1240	1750	0	38	0	3	FALSE
"HG1612-HT1612_at"	6	-7.10734939860159	4	21	37	38	0.973684210526316	0	TRUE
"HG1614-HT1614_at"	419	-2.75850026896067	331	517	0	38	0	0	FALSE
"HG1649-HT1652_at"	1544	-0.039334807272525	1307	1793	0	38	0	18	FALSE
"HG1804-HT1829_at"	2336	1.44011049958085	2179	2743	0	38	0	0	FALSE
"HG1862-HT1897_at"	278	-3.44550220897503	163	352	0	38	0	0	FALSE
"HG1869-HT1904_at"	277	-3.46370812013312	226	363	0	38	0	0	FALSE
"HG1872-HT1907_at"	2733	2.6521705377025	2661	2816	0	38	0	0	FALSE
"HG1879-HT1919_at"	2999	4.73252041109104	2965	3012	0	38	0	0	FALSE
"HG2036-HT2090_at"	490	-2.53709004314929	340	557	0	38	0	0	FALSE
"HG2059-HT2114_at"	2210	1.1701009593504	2010	2479	0	38	0	0	FALSE
"HG2167-HT2237_at"	2344	1.45246718684228	2174	2763	0	38	0	0	FALSE
"HG2247-HT2332_at"	2239	1.2553309642797	2119	2555	0	38	0	0	FALSE
"HG2264-HT2360_at"	2215	1.18465269192839	2034	2564	0	38	0	0	FALSE
"HG2274-HT2370_at"	520	-2.4389241278046	439	622	0	38	0	0	FALSE
"HG2279-HT2375_at"	1469	-0.163185834702298	1281	1828	0	38	0	5	FALSE
"HG2290-HT2386_at"	1869	0.523935659568224	1648	2138	0	38	0	0	FALSE
"HG2320-HT2416_at"	1462	-0.184983884252538	1323	1963	0	38	0	1	FALSE
"HG2325-HT2421_at"	1405	-0.29602775938307	1113	1674	0	38	0	2	FALSE
"HG2415-HT2511_at"	1771	0.349612800547864	1617	2219	0	38	0	0	FALSE
"HG2463-HT2559_at"	2601	2.10681777375834	2467	2776	0	38	0	0	FALSE
"HG2480-HT2576_at"	1323	-0.461036281298158	1154	1719	0	38	0	1	FALSE
"HG2525-HT2621_at"	2371	1.51171657829073	2208	2772	0	38	0	0	FALSE
"HG2602-HT2698_at"	1983	0.724830879657326	1774	2195	0	38	0	0	FALSE
"HG2715-HT2811_at"	2309	1.3855730823317	2178	2630	0	38	0	0	FALSE
"HG2724-HT2820_at"	2824	3.07708533459755	2754	2893	0	38	0	0	FALSE
"HG2788-HT2896_at"	2910	3.68635165260154	2864	2985	0	38	0	0	FALSE
"HG2810-HT2921_at"	2814	3.03063025367135	2752	2904	0	38	0	0	FALSE
"HG2825-HT2949_at"	757	-1.68339086949969	460	860	0	38	0	0	FALSE
"HG2855-HT2995_at"	63	-5.49763658116099	1	93	1	38	0.0263157894736842	0	FALSE
"HG2874-HT3018_at"	653	-2.00499014826565	498	757	0	38	0	0	FALSE
"HG2992-HT5186_at"	1399	-0.309483472497394	1213	1644	0	38	0	2	FALSE
"HG3039-HT3200_at"	1511	-0.0922729888123688	1342	2416	0	38	0	1	FALSE
"HG3088-HT3263_at"	265	-3.54425294068534	170	312	0	38	0	0	FALSE
"HG3162-HT3339_at"	2703	2.52197043017575	2622	2832	0	38	0	0	FALSE
"HG3175-HT3352_at"	1292	-0.50925067885426	1122	1516	0	38	0	0	FALSE
"HG3227-HT3404_at"	887	-1.36777396872372	679	1024	0	38	0	0	FALSE
"HG3231-HT3408_at"	2498	1.812921197902	2356	2624	0	38	0	0	FALSE
"HG3286-HT3463_at"	1996	0.748505384751553	1752	2225	0	38	0	0	FALSE
"HG3344-HT3521_at"	2341	1.44870094239654	2180	2533	0	38	0	0	FALSE
"HG3355-HT3532_at"	1619	0.0864091885628472	1458	1899	0	38	0	9	FALSE
"HG3454-HT3647_at"	2636	2.21576050292533	2519	2876	0	38	0	0	FALSE
"HG3492-HT3686_at"	591	-2.19552865871067	471	731	0	38	0	0	FALSE
"HG3494-HT3688_at"	2912	3.68807670080776	2855	2998	0	38	0	0	FALSE
"HG3495-HT3689_at"	2242	1.25908618994976	2000	2352	0	38	0	0	FALSE
"HG3514-HT3708_at"	2133	1.01428856345381	1913	2538	0	38	0	0	FALSE
"HG3521-HT3715_at"	1856	0.509845613780644	1615	2251	0	38	0	0	FALSE
"HG3548-HT3749_at"	1000	-1.09611973548007	791	1132	0	38	0	0	FALSE
"HG3578-HT3781_at"	827	-1.49878721582046	665	980	0	38	0	0	FALSE
"HG3627-HT3836_at"	1692	0.196023581126899	1481	1919	0	38	0	4	FALSE
"HG363-HT363_at"	2304	1.37500851930144	2193	2844	0	38	0	0	FALSE
"HG3740-HT4010_at"	1855	0.502094571612635	1674	2204	0	38	0	0	FALSE
"HG3748-HT4018_at"	491	-2.53548331796595	293	554	0	38	0	0	FALSE
"HG3934-HT4204_at"	721	-1.80354891260257	477	825	0	38	0	0	FALSE
"HG3936-HT4206_at"	742	-1.7507450755619	517	874	0	38	0	0	FALSE
"HG3987-HT4257_at"	1325	-0.459064805795659	1040	1478	0	38	0	0	FALSE
"HG3995-HT4265_at"	826	-1.50076753255545	734	1006	0	38	0	0	FALSE
"HG4018-HT4288_at"	2876	3.4148549168918	2823	2936	0	38	0	0	FALSE
"HG4036-HT4306_at"	1228	-0.613361648297833	979	1548	0	38	0	1	FALSE
"HG4068-HT4338_at"	820	-1.51398120582398	563	950	0	38	0	0	FALSE
"HG4073-HT4343_at"	264	-3.5480726499121	159	318	0	38	0	0	FALSE
"HG4074-HT4344_at"	542	-2.36347071406865	431	653	0	38	0	0	FALSE
"HG4126-HT4396_at"	318	-3.27547548399991	248	359	0	38	0	0	FALSE
"HG4167-HT4437_at"	2211	1.17036397170505	2042	2719	0	38	0	0	FALSE
"HG4178-HT4448_at"	1776	0.362137971272643	1285	1987	0	38	0	1	FALSE
"HG4243-HT4513_at"	1493	-0.123705353309814	1294	1755	0	38	0	6	FALSE
"HG4263-HT4533_at"	1065	-0.964746903962422	976	1530	0	38	0	0	FALSE
"HG4297-HT4567_at"	799	-1.55824733118759	554	1000	0	38	0	0	FALSE
"HG4460-HT4729_at"	915	-1.30416429983438	738	1103	0	38	0	0	FALSE
"HG4582-HT4987_at"	83	-5.16980137299101	69	99	0	38	0	0	FALSE
"HG4606-HT5011_at"	2038	0.824883651206284	1824	2315	0	38	0	0	FALSE
"HG4638-HT5050_at"	985	-1.13121135026323	415	1123	0	38	0	0	FALSE
"HG4660-HT5073_at"	1457	-0.194268933834833	1261	1805	0	38	0	2	FALSE
"HG4662-HT5075_at"	1550	-0.023237975911917	828	1724	0	38	0	15	FALSE
"HG4716-HT5158_at"	1369	-0.371859868221926	1118	1635	0	38	0	1	FALSE
"HG4749-HT5197_at"	460	-2.65249234601511	374	535	0	38	0	0	FALSE
"HG511-HT511_at"	936	-1.25369847034369	774	1125	0	38	0	0	FALSE
"HG620-HT620_at"	2836	3.14679380607696	2790	2891	0	38	0	0	FALSE
"HG830-HT830_at"	2667	2.36446945141038	2573	2804	0	38	0	0	FALSE
"HG846-HT846_at"	995	-1.10381607551037	830	1250	0	38	0	0	FALSE
"HG908-HT908_at"	2323	1.40991465862528	2178	2554	0	38	0	0	FALSE
"HG919-HT919_at"	2425	1.63124409642235	2298	2561	0	38	0	0	FALSE
"HG987-HT987_at"	2818	3.05432188316743	2759	2994	0	38	0	0	FALSE
"J00073_at"	2316	1.39567119081719	2101	2546	0	38	0	0	FALSE
"J00306_at"	2665	2.34751171157412	2594	2853	0	38	0	0	FALSE
"J02645_at"	231	-3.77412097492521	143	277	0	38	0	0	FALSE
"J02902_at"	483	-2.56904767827954	157	561	0	38	0	0	FALSE
"J02906_at"	2625	2.17900422219986	2523	2695	0	38	0	0	FALSE
"J02923_at"	2365	1.50267904996105	2212	2641	0	38	0	0	FALSE
"J02973_rna1_at"	2308	1.38550747867135	2144	2382	0	38	0	0	FALSE
"J03040_at"	2547	1.93760900196993	2400	2601	0	38	0	0	FALSE
"J03069_rna1_at"	1124	-0.824257599756387	838	1413	0	38	0	0	FALSE
"J03161_at"	1474	-0.157854621706873	1251	1870	0	38	0	3	FALSE
"J03191_at"	975	-1.1528449949587	806	1182	0	38	0	0	FALSE
"J03278_at"	2018	0.791134598968931	1784	2226	0	38	0	0	FALSE
"J03459_at"	1439	-0.236579238510483	1160	1576	0	38	0	2	FALSE
"J03473_at"	151	-4.27446417706128	90	189	0	38	0	0	FALSE
"J03589_at"	180	-4.0525952578117	77	221	0	38	0	0	FALSE
"J03600_at"	954	-1.20448107715023	811	1130	0	38	0	0	FALSE
"J03764_at"	920	-1.28999690594549	707	1121	0	38	0	0	FALSE
"J03779_at"	580	-2.23984699109848	456	667	0	38	0	0	FALSE
"J03798_at"	114	-4.66877753479919	80	152	0	38	0	0	FALSE
"J03890_rna1_at"	1767	0.344744745271338	1497	1930	0	38	0	1	FALSE
"J03909_at"	2759	2.72629311782235	2659	2918	0	38	0	0	FALSE
"J03925_at"	2519	1.86190854997839	2335	2629	0	38	0	0	FALSE
"J04027_at"	2964	4.22855286846246	2927	3002	0	38	0	0	FALSE
"J04058_at"	1390	-0.332805300094296	1139	1611	0	38	0	3	FALSE
"J04088_at"	669	-1.95966805868293	518	789	0	38	0	0	FALSE
"J04101_at"	1659	0.144579849748478	1212	1824	0	38	0	3	FALSE
"J04102_at"	2195	1.13979519429221	2065	2507	0	38	0	0	FALSE
"J04111_at"	1158	-0.756821976435685	875	1375	0	38	0	0	FALSE
"J04132_at"	306	-3.30181723677753	227	359	0	38	0	0	FALSE
"J04162_at"	1381	-0.35546014286648	1053	1531	0	38	0	0	FALSE
"J04164_at"	1022	-1.03833016585901	885	1191	0	38	0	0	FALSE
"J04173_at"	1303	-0.493733080509207	1065	1677	0	38	0	1	FALSE
"J04444_at"	1166	-0.74538654259983	878	1314	0	38	0	0	FALSE
"J04456_at"	2789	2.8945230810072	2711	2882	0	38	0	0	FALSE
"J04501_at"	1238	-0.593786322084792	969	1430	0	38	0	0	FALSE
"J04543_at"	2817	3.05037778962666	2750	2916	0	38	0	0	FALSE
"J04599_at"	2723	2.61251795737331	2654	2827	0	38	0	0	FALSE
"J04605_at"	1754	0.316372261403105	1492	2024	0	38	0	2	FALSE
"J04611_at"	876	-1.38628406326388	719	1063	0	38	0	0	FALSE
"J04615_at"	76	-5.30089107126109	6	118	1	38	0.0263157894736842	0	FALSE
"J04794_at"	660	-1.97871398480573	533	787	0	38	0	0	FALSE
"J04809_rna1_at"	1934	0.62711812293288	1716	2139	0	38	0	0	FALSE
"J04823_rna1_at"	2423	1.62967710176614	2199	2602	0	38	0	0	FALSE
"J04948_at"	2399	1.58121288663623	2289	2674	0	38	0	0	FALSE
"J04973_at"	658	-1.99079574082003	473	766	0	38	0	0	FALSE
"J04990_at"	2904	3.64852440168119	2849	2943	0	38	0	0	FALSE
"J05032_at"	121	-4.57193690614763	60	159	0	38	0	0	FALSE
"J05243_at"	12	-6.85980326998192	1	24	36	38	0.947368421052632	0	TRUE
"J05257_at"	1016	-1.06087740069427	786	1144	0	38	0	0	FALSE
"J05272_at"	1402	-0.29786453247765	1270	2326	0	38	0	1	FALSE
"J05500_at"	2901	3.63161812908636	2846	2999	0	38	0	0	FALSE
"J05614_at"	870	-1.39480291359128	712	1068	0	38	0	0	FALSE
"K01396_at"	2767	2.75113930131143	2670	2930	0	38	0	0	FALSE
"K01911_at"	219	-3.84710227237587	190	263	0	38	0	0	FALSE
"K02545_cds2_at"	1046	-0.989189245180057	806	1309	0	38	0	0	FALSE
"K02574_at"	2587	2.06726331108664	2485	2776	0	38	0	0	FALSE
"K03195_at"	2801	2.96565999247562	2703	2889	0	38	0	0	FALSE
"K03430_at"	943	-1.24351577222165	805	1205	0	38	0	0	FALSE
"K03460_at"	2329	1.42770977815728	2080	2725	0	38	0	0	FALSE
"K03515_at"	2234	1.2374984972297	2053	2528	0	38	0	0	FALSE
"L00352_at"	2256	1.28821414710625	2016	2502	0	38	0	0	FALSE
"L00635_at"	1634	0.114003396935652	1415	1862	0	38	0	9	FALSE
"L01087_at"	330	-3.19863858955912	297	380	0	38	0	0	FALSE
"L01664_at"	2492	1.79688730064212	2246	2590	0	38	0	0	FALSE
"L02867_at"	2599	2.10512559488243	2462	2677	0	38	0	0	FALSE
"L02950_at"	951	-1.20983733862427	761	1200	0	38	0	0	FALSE
"L03532_at"	322	-3.25605908034676	203	371	0	38	0	0	FALSE
"L04490_at"	751	-1.70554278407073	493	857	0	38	0	0	FALSE
"L04733_at"	576	-2.25043422482644	421	679	0	38	0	0	FALSE
"L04953_at"	1510	-0.0930518984993468	1326	1870	0	38	0	10	FALSE
"L05148_at"	49	-5.80566941170324	15	66	1	38	0.0263157894736842	0	FALSE
"L05424_cds2_at"	2686	2.45084689763209	2596	2752	0	38	0	0	FALSE
"L05425_at"	1043	-0.994024004468151	875	1229	0	38	0	0	FALSE
"L05512_at"	1872	0.526395163062248	1684	2059	0	38	0	0	FALSE
"L05779_at"	1960	0.672632148423335	1801	2282	0	38	0	0	FALSE
"L06132_at"	325	-3.22843288660819	262	384	0	38	0	0	FALSE
"L06175_at"	690	-1.88935090466367	540	794	0	38	0	0	FALSE
"L06419_at"	2135	1.01750603742552	1694	2241	0	38	0	0	FALSE
"L06633_at"	1988	0.732623228674053	1619	2147	0	38	0	0	FALSE
"L06845_at"	625	-2.08967304793539	346	725	0	38	0	0	FALSE
"L07044_at"	1646	0.128254351592765	1268	1823	0	38	0	3	FALSE
"L07493_at"	530	-2.40626752611452	215	628	0	38	0	0	FALSE
"L07548_at"	2254	1.28599102085021	2118	2615	0	38	0	0	FALSE
"L07597_at"	471	-2.60343078361037	164	538	0	38	0	0	FALSE
"L07633_at"	120	-4.5745713491448	65	160	0	38	0	0	FALSE
"L07758_at"	19	-6.57709811862587	2	44	27	38	0.710526315789474	0	TRUE
"L07765_at"	2453	1.71359508810398	2280	2613	0	38	0	0	FALSE
"L07956_at"	94	-4.92592125919067	46	115	0	38	0	0	FALSE
"L08069_at"	801	-1.55688366589001	454	947	0	38	0	0	FALSE
"L08187_at"	1414	-0.27793985267447	1259	1693	0	38	0	3	FALSE
"L08246_at"	3037	6.41827226223376	3031	3045	0	38	0	0	FALSE
"L09260_at"	616	-2.10518190980759	435	715	0	38	0	0	FALSE
"L09604_at"	2808	3.01703621999379	2748	2904	0	38	0	0	FALSE
"L09708_at"	2695	2.48931541297132	2596	2807	0	38	0	0	FALSE
"L10284_at"	1233	-0.603943490212299	1085	1510	0	38	0	0	FALSE
"L10373_at"	111	-4.67943827270892	75	138	0	38	0	0	FALSE
"L10378_at"	1317	-0.470039090366396	1076	1541	0	38	0	0	FALSE
"L10838_at"	671	-1.95661449287852	534	788	0	38	0	0	FALSE
"L10910_at"	1053	-0.977152805704139	855	1226	0	38	0	0	FALSE
"L11239_at"	2408	1.59256286711509	2214	2506	0	38	0	0	FALSE
"L11285_at"	2086	0.93962845848589	1921	2658	0	38	0	0	FALSE
"L11329_at"	1992	0.73811154614167	1354	2132	0	38	0	1	FALSE
"L11370_at"	1235	-0.600381546466452	1107	1495	0	38	0	0	FALSE
"L11373_at"	644	-2.03114882825561	508	739	0	38	0	0	FALSE
"L11669_at"	2976	4.38488546947291	2946	3011	0	38	0	0	FALSE
"L12535_at"	2721	2.5979691263937	2665	2803	0	38	0	0	FALSE
"L13203_at"	1482	-0.142763689780148	1317	1764	0	38	0	4	FALSE
"L13210_at"	2389	1.54755990302238	2186	2619	0	38	0	0	FALSE
"L13391_at"	1964	0.682289633464163	1709	2102	0	38	0	0	FALSE
"L13434_at"	2307	1.38513430925921	2162	2493	0	38	0	0	FALSE
"L13436_at"	1021	-1.03847156813602	705	1193	0	38	0	0	FALSE
"L13689_at"	1358	-0.389460993691047	1152	1585	0	38	0	1	FALSE
"L13738_at"	2673	2.38685896450813	2600	2778	0	38	0	0	FALSE
"L13761_rna1_at"	2143	1.04160940824584	1901	2338	0	38	0	0	FALSE
"L13800_at"	153	-4.24973138415474	86	186	0	38	0	0	FALSE
"L13848_at"	974	-1.15552727700635	706	1104	0	38	0	0	FALSE
"L13852_at"	1136	-0.798911584989764	932	1334	0	38	0	0	FALSE
"L13923_at"	2231	1.23254805996362	2076	2625	0	38	0	0	FALSE
"L13972_at"	2670	2.36861187148505	2588	2853	0	38	0	0	FALSE
"L14076_at"	1133	-0.807675521216079	934	1312	0	38	0	0	FALSE
"L14565_at"	1174	-0.724573022437615	827	1324	0	38	0	0	FALSE
"L14754_at"	2007	0.775286012763171	1809	2287	0	38	0	0	FALSE
"L14837_at"	1930	0.618663078282757	1689	2300	0	38	0	0	FALSE
"L15409_at"	941	-1.24881598742905	801	1133	0	38	0	0	FALSE
"L15702_at"	2650	2.26426681833447	2558	2739	0	38	0	0	FALSE
"L16464_at"	2381	1.53026559174749	2182	2522	0	38	0	0	FALSE
"L16842_at"	1500	-0.108695584716745	1287	2023	0	38	0	4	FALSE
"L16862_at"	1253	-0.572751570868621	1057	1444	0	38	0	0	FALSE
"L16896_at"	1725	0.269314841101023	1319	1899	0	38	0	2	FALSE
"L16991_at"	523	-2.43565603807543	293	599	0	38	0	0	FALSE
"L17131_rna1_at"	2692	2.47277993776635	2574	2858	0	38	0	0	FALSE
"L17327_at"	1351	-0.40835236106154	1117	1517	0	38	0	0	FALSE
"L19067_at"	2719	2.59276515502988	2651	2854	0	38	0	0	FALSE
"L19161_at"	1072	-0.953848994803612	860	1251	0	38	0	0	FALSE
"L19183_at"	435	-2.71363156900916	263	520	0	38	0	0	FALSE
"L19267_at"	569	-2.26818735420313	492	686	0	38	0	0	FALSE
"L19314_at"	1783	0.373857716458821	1580	2276	0	38	0	1	FALSE
"L19437_at"	2853	3.2419271389624	2795	3002	0	38	0	0	FALSE
"L19605_at"	1350	-0.409078314217789	1179	1693	0	38	0	2	FALSE
"L19686_rna1_at"	868	-1.39835500094316	738	1047	0	38	0	0	FALSE
"L19711_at"	1665	0.149456999609841	1396	1899	0	38	0	3	FALSE
"L19779_at"	2840	3.17443930604697	2781	2980	0	38	0	0	FALSE
"L19871_at"	2326	1.41486262375993	2098	2456	0	38	0	0	FALSE
"L19872_at"	2669	2.36739636310481	2573	2774	0	38	0	0	FALSE
"L20010_at"	285	-3.41528732181255	162	359	0	38	0	0	FALSE
"L20298_at"	65	-5.44837122404009	19	89	1	38	0.0263157894736842	0	FALSE
"L20316_at"	2764	2.74244534663554	2697	2882	0	38	0	0	FALSE
"L20815_at"	2179	1.11268317511527	2016	2628	0	38	0	0	FALSE
"L20941_at"	2843	3.1902290372712	2767	2960	0	38	0	0	FALSE
"L20971_at"	1569	0.0129654478928237	1338	1743	0	38	0	20	FALSE
"L21893_at"	2352	1.46340135114729	2191	2515	0	38	0	0	FALSE
"L21936_at"	253	-3.61162143195907	183	295	0	38	0	0	FALSE
"L21954_at"	2803	2.97787473340198	2714	2930	0	38	0	0	FALSE
"L22075_at"	2835	3.13423826915754	2757	2920	0	38	0	0	FALSE
"L22214_at"	2087	0.941498400815445	1881	2442	0	38	0	0	FALSE
"L22342_at"	1079	-0.944320862263093	876	1386	0	38	0	0	FALSE
"L24559_at"	1610	0.0712511828989681	1388	1822	0	38	0	8	FALSE
"L24564_at"	2098	0.959618538728819	1514	2185	0	38	0	1	FALSE
"L24783_at"	347	-3.11634531571037	286	428	0	38	0	0	FALSE
"L24804_at"	1356	-0.395136788054646	1007	1592	0	38	0	1	FALSE
"L25081_at"	1407	-0.291478684387625	1235	1710	0	38	0	2	FALSE
"L25085_at"	2053	0.85867378302959	1868	2336	0	38	0	0	FALSE
"L25270_at"	1593	0.0385223756614657	960	1814	0	38	0	12	FALSE
"L25444_at"	1161	-0.751509429670593	948	1317	0	38	0	0	FALSE
"L25851_at"	647	-2.02034645420293	493	732	0	38	0	0	FALSE
"L25876_at"	1403	-0.296944598389583	1159	1688	0	38	0	1	FALSE
"L26247_at"	2758	2.7186359748647	2686	2828	0	38	0	0	FALSE
"L26494_at"	2102	0.973478021450097	1929	2345	0	38	0	0	FALSE
"L27560_at"	1611	0.0716476667116609	1012	1987	0	38	0	5	FALSE
"L27706_at"	361	-3.01664990233138	217	440	0	38	0	0	FALSE
"L27841_at"	1800	0.409317895669667	1618	2004	0	38	0	0	FALSE
"L27943_at"	2499	1.81375718781095	2393	2728	0	38	0	0	FALSE
"L28010_at"	57	-5.62500278724554	22	77	0	38	0	0	FALSE
"L28175_at"	1658	0.14344664072346	1216	1843	0	38	0	2	FALSE
"L28821_at"	2781	2.83788585767701	2678	2863	0	38	0	0	FALSE
"L29008_at"	836	-1.45874959367099	654	1027	0	38	0	0	FALSE
"L29218_at"	1139	-0.795255225359601	957	1296	0	38	0	0	FALSE
"L29277_at"	2956	4.13002608524745	2925	2999	0	38	0	0	FALSE
"L31584_at"	1240	-0.589911471028536	1091	1537	0	38	0	0	FALSE
"L31801_at"	979	-1.1473996411787	818	1254	0	38	0	0	FALSE
"L32866_at"	1890	0.552147738794641	1035	2006	0	38	0	1	FALSE
"L32976_at"	1503	-0.102136665485181	1371	1809	0	38	0	9	FALSE
"L32977_at"	1194	-0.685689040028387	884	1504	0	38	0	0	FALSE
"L33243_at"	1150	-0.770727935331511	800	1286	0	38	0	0	FALSE
"L33842_rna1_at"	955	-1.20157991363571	759	1140	0	38	0	0	FALSE
"L34059_at"	921	-1.28746197787975	772	1084	0	38	0	0	FALSE
"L34060_at"	2406	1.59203295245853	2270	2647	0	38	0	0	FALSE
"L34587_at"	1013	-1.0745864790467	833	1245	0	38	0	0	FALSE
"L34657_at"	2235	1.23836698877415	2037	2403	0	38	0	0	FALSE
"L35035_at"	2063	0.888458319028332	1848	2349	0	38	0	0	FALSE
"L35240_at"	2753	2.71507824499459	2665	2874	0	38	0	0	FALSE
"L35269_at"	1731	0.278536957502945	1430	1944	0	38	0	2	FALSE
"L35475_at"	1884	0.544868205612771	1515	2014	0	38	0	1	FALSE
"L36463_at"	2501	1.8152932771194	2344	2757	0	38	0	0	FALSE
"L36531_at"	1916	0.591971156940296	1751	2304	0	38	0	0	FALSE
"L36645_at"	443	-2.69290593552108	355	536	0	38	0	0	FALSE
"L36720_at"	1178	-0.717704637933379	804	1328	0	38	0	0	FALSE
"L36818_at"	1597	0.042224060166461	1435	1948	0	38	0	15	FALSE
"L36922_at"	1533	-0.0592022212584092	1357	1848	0	38	0	10	FALSE
"L36983_at"	160	-4.21256833973327	129	199	0	38	0	0	FALSE
"L37033_at"	2447	1.69015732156752	2249	2653	0	38	0	0	FALSE
"L37042_at"	2441	1.66662392532605	2279	2835	0	38	0	0	FALSE
"L37043_at"	768	-1.66197398512786	558	883	0	38	0	0	FALSE
"L37127_at"	804	-1.54744667684014	699	966	0	38	0	0	FALSE
"L37792_at"	1685	0.181162752300808	1533	2269	0	38	0	3	FALSE
"L37936_at"	1220	-0.635361076271451	902	1456	0	38	0	0	FALSE
"L38486_at"	1909	0.582520826084656	1713	2516	0	38	0	0	FALSE
"L38487_at"	1447	-0.214155194598303	1106	1597	0	38	0	2	FALSE
"L38616_at"	1809	0.424581396266782	1587	2332	0	38	0	0	FALSE
"L38696_at"	516	-2.44286772309879	259	600	0	38	0	0	FALSE
"L38810_at"	600	-2.17335170560706	437	677	0	38	0	0	FALSE
"L38935_at"	1553	-0.0220299199052878	1341	1843	0	38	0	17	FALSE
"L38951_at"	156	-4.23156293420981	113	207	0	38	0	0	FALSE
"L38961_at"	455	-2.65950941200108	224	530	0	38	0	0	FALSE
"L39059_at"	1274	-0.539964024527418	1034	1471	0	38	0	0	FALSE
"L39874_at"	1234	-0.600414764418325	1019	1512	0	38	0	0	FALSE
"L40027_at"	1117	-0.845905730763244	730	1314	0	38	0	0	FALSE
"L40357_at"	822	-1.50764474826843	637	972	0	38	0	0	FALSE
"L40387_at"	2089	0.942009680361265	1846	2323	0	38	0	0	FALSE
"L40391_at"	207	-3.89159863906252	131	280	0	38	0	0	FALSE
"L40392_at"	468	-2.63827899803903	299	570	0	38	0	0	FALSE
"L40395_at"	867	-1.40113102278949	738	1097	0	38	0	0	FALSE
"L40410_at"	260	-3.57026762413204	130	325	0	38	0	0	FALSE
"L40586_at"	2718	2.58803907396411	2642	2856	0	38	0	0	FALSE
"L40904_at"	2264	1.30586231192498	2066	2432	0	38	0	0	FALSE
"L41067_at"	269	-3.52421771556466	190	354	0	38	0	0	FALSE
"L41690_at"	1165	-0.745804804290272	862	1433	0	38	0	0	FALSE
"L41870_at"	8	-7.0789459662	3	14	38	38	1	0	TRUE
"L41887_rna1_at"	75	-5.31402873311612	43	107	0	38	0	0	FALSE
"L41919_rna1_at"	2664	2.34400596215331	2563	2812	0	38	0	0	FALSE
"L42324_at"	1962	0.675661071193521	1746	2132	0	38	0	0	FALSE
"L42354_at"	1428	-0.260049163924723	1199	1617	0	38	0	3	FALSE
"L42373_at"	816	-1.51822055303633	674	1006	0	38	0	0	FALSE
"L42379_at"	2931	3.86824960422721	2888	2990	0	38	0	0	FALSE
"L42451_at"	843	-1.45066992637007	714	1018	0	38	0	0	FALSE
"L42542_at"	356	-3.05751302587764	259	400	0	38	0	0	FALSE
"L42563_at"	1881	0.542642431878764	1713	2221	0	38	0	0	FALSE
"L42572_at"	66	-5.42490711274601	38	82	0	38	0	0	FALSE
"L42621_at"	1278	-0.536786543778427	1080	1580	0	38	0	1	FALSE
"L43631_at"	368	-2.99656814372108	114	447	0	38	0	0	FALSE
"L47345_at"	2094	0.955158007510658	1873	2376	0	38	0	0	FALSE
"L47738_at"	4	-7.31331655448025	1	19	38	38	1	0	TRUE
"L48546_at"	729	-1.79041923409965	622	867	0	38	0	0	FALSE
"L49169_at"	2607	2.13300864583561	2507	2697	0	38	0	0	FALSE
"L76159_at"	376	-2.96153178608144	174	453	0	38	0	0	FALSE
"L76200_at"	1423	-0.266138168145894	1171	1816	0	38	0	1	FALSE
"L76224_at"	1635	0.114101146200607	1475	1985	0	38	0	9	FALSE
"L76380_at"	2391	1.55534635767208	2267	2650	0	38	0	0	FALSE
"L76465_at"	999	-1.09714533014447	770	1280	0	38	0	0	FALSE
"L76702_at"	116	-4.62555981962882	67	145	0	38	0	0	FALSE
"L76703_at"	328	-3.21112843381721	226	394	0	38	0	0	FALSE
"L77213_at"	1626	0.101249738340176	1389	1854	0	38	0	11	FALSE
"L77561_at"	2523	1.87548683108615	2398	2893	0	38	0	0	FALSE
"L77701_at"	2146	1.05292132094908	1771	2204	0	38	0	0	FALSE
"L77886_at"	404	-2.82988608880378	323	476	0	38	0	0	FALSE
"L78440_at"	1818	0.4370278336446	1571	2119	0	38	0	0	FALSE
"M10612_at"	2682	2.44135508029005	2578	2801	0	38	0	0	FALSE
"M10901_at"	301	-3.34515064297172	199	365	0	38	0	0	FALSE
"M11119_at"	981	-1.14309581210886	802	1130	0	38	0	0	FALSE
"M11147_at"	3016	5.22877024796242	3006	3033	0	38	0	0	FALSE
"M11186_at"	2011	0.782250676876754	1705	2111	0	38	0	0	FALSE
"M11717_rna1_at"	1483	-0.141835220021969	1014	1675	0	38	0	7	FALSE
"M11722_at"	30	-6.0829962317847	14	53	3	38	0.0789473684210526	0	FALSE
"M11726_at"	2545	1.93487317654391	2448	2786	0	38	0	0	FALSE
"M12174_at"	1641	0.12216223486141	1458	1800	0	38	0	9	FALSE
"M12759_at"	1287	-0.514294397689533	1030	1480	0	38	0	0	FALSE
"M12886_at"	493	-2.5278752196205	295	586	0	38	0	0	FALSE
"M13194_at"	1146	-0.778751781023873	1026	1439	0	38	0	0	FALSE
"M13241_at"	2483	1.77847031613957	2332	2588	0	38	0	0	FALSE
"M13755_at"	1515	-0.083860481556374	1158	1754	0	38	0	8	FALSE
"M13792_at"	48	-5.81632147672704	21	71	0	38	0	0	FALSE
"M13903_at"	1810	0.426270551371528	1645	2058	0	38	0	0	FALSE
"M13934_cds2_at"	1346	-0.421941704639487	1123	1490	0	38	0	0	FALSE
"M13955_at"	2289	1.35242737887059	2146	2606	0	38	0	0	FALSE
"M14016_at"	2823	3.07230764073557	2730	2895	0	38	0	0	FALSE
"M14058_at"	1935	0.630769755562899	1728	2097	0	38	0	0	FALSE
"M14158_cds4_at"	1589	0.0311810235666342	1414	1867	0	38	0	13	FALSE
"M14200_rna1_at"	528	-2.41930675398462	335	621	0	38	0	0	FALSE
"M14219_at"	1125	-0.822634024248673	778	1321	0	38	0	0	FALSE
"M14539_at"	1971	0.69832861646296	1580	2116	0	38	0	0	FALSE
"M14636_at"	2769	2.75507611922691	2675	2885	0	38	0	0	FALSE
"M14660_at"	2576	2.0326136179967	2439	2633	0	38	0	0	FALSE
"M14676_at"	489	-2.54177081733492	335	590	0	38	0	0	FALSE
"M15059_at"	2558	1.96955229399294	2419	2860	0	38	0	0	FALSE
"M15182_at"	2351	1.46293706850191	2130	2685	0	38	0	0	FALSE
"M15205_at"	2701	2.50902500726935	2591	2844	0	38	0	0	FALSE
"M15661_at"	2213	1.17587905987541	1918	2389	0	38	0	0	FALSE
"M15796_at"	208	-3.88401901536332	116	264	0	38	0	0	FALSE
"M15841_at"	226	-3.81109983357994	158	273	0	38	0	0	FALSE
"M15990_at"	1863	0.519174188237696	1533	2099	0	38	0	1	FALSE
"M16038_at"	3048	7.98325956844796	3046	3049	0	38	0	0	FALSE
"M16279_at"	1576	0.0169558815418511	1354	1713	0	38	0	16	FALSE
"M16405_at"	2358	1.49467746204381	2214	2565	0	38	0	0	FALSE
"M16424_at"	2508	1.83850867245107	2286	2631	0	38	0	0	FALSE
"M18737_rna1_at"	829	-1.49365211033006	691	991	0	38	0	0	FALSE
"M19159_at"	939	-1.25209950382424	786	1186	0	38	0	0	FALSE
"M19483_at"	682	-1.91892480116262	520	822	0	38	0	0	FALSE
"M19507_at"	2992	4.5776213104079	2955	3013	0	38	0	0	FALSE
"M19645_at"	2679	2.42270008189036	2589	2777	0	38	0	0	FALSE
"M19722_at"	2658	2.29158795997454	2541	2784	0	38	0	0	FALSE
"M19961_at"	864	-1.41102966355498	583	1029	0	38	0	0	FALSE
"M19989_cds2_at"	441	-2.69936329991579	287	519	0	38	0	0	FALSE
"M20471_at"	1296	-0.507130748303463	1136	1547	0	38	0	0	FALSE
"M20681_at"	2680	2.42507685957755	2602	2833	0	38	0	0	FALSE
"M20902_at"	2730	2.6336215286667	2603	2816	0	38	0	0	FALSE
"M21005_at"	2724	2.61321667804031	2635	2859	0	38	0	0	FALSE
"M21121_at"	2732	2.65162206823833	2611	2810	0	38	0	0	FALSE
"M21154_at"	2643	2.24415615261249	2529	2782	0	38	0	0	FALSE
"M21186_at"	2093	0.951917789573854	1921	2554	0	38	0	0	FALSE
"M21259_at"	189	-4.01882855662018	88	249	0	38	0	0	FALSE
"M21551_rna1_at"	3030	5.98855614830553	3020	3036	0	38	0	0	FALSE
"M21574_at"	1640	0.121767208083008	1349	2074	0	38	0	4	FALSE
"M21624_at"	562	-2.27673813180485	503	660	0	38	0	0	FALSE
"M21904_at"	2880	3.46686274471173	2832	2996	0	38	0	0	FALSE
"M21984_at"	1380	-0.355470295603588	769	1590	0	38	0	1	FALSE
"M21985_at"	1915	0.591815935505642	1724	2177	0	38	0	0	FALSE
"M22324_at"	2995	4.61427311908288	2945	3028	0	38	0	0	FALSE
"M22382_at"	439	-2.70548775678048	241	553	0	38	0	0	FALSE
"M22430_at"	1766	0.342453559153571	1609	2119	0	38	0	0	FALSE
"M22489_at"	628	-2.08450096136934	579	734	0	38	0	0	FALSE
"M22538_at"	1696	0.203514023924373	1403	1964	0	38	0	3	FALSE
"M22632_at"	152	-4.26074468729366	124	191	0	38	0	0	FALSE
"M22638_at"	1859	0.511070678551245	1536	2078	0	38	0	0	FALSE
"M22760_at"	918	-1.29765525538913	797	1097	0	38	0	0	FALSE
"M22877_at"	478	-2.57724564389986	225	575	0	38	0	0	FALSE
"M22898_at"	91	-4.99088114841748	59	134	0	38	0	0	FALSE
"M22919_rna2_at"	2225	1.21941832928093	2073	2589	0	38	0	0	FALSE
"M22960_at"	3024	5.76531111068152	3011	3039	0	38	0	0	FALSE
"M22976_at"	838	-1.4559659791153	705	999	0	38	0	0	FALSE
"M22995_at"	1719	0.25909413371478	1448	2103	0	38	0	1	FALSE
"M23114_at"	1815	0.435121398533157	1575	2120	0	38	0	0	FALSE
"M23161_at"	158	-4.21319183675451	101	209	0	38	0	0	FALSE
"M23197_at"	3042	6.78781948087932	3032	3046	0	38	0	0	FALSE
"M23254_at"	2861	3.29913614552557	2809	2922	0	38	0	0	FALSE
"M23294_at"	1517	-0.0825249020583628	1201	1701	0	38	0	11	FALSE
"M23379_at"	143	-4.33240704293218	93	176	0	38	0	0	FALSE
"M24248_at"	2078	0.927903325117011	1897	2541	0	38	0	0	FALSE
"M24398_at"	1057	-0.972275455502875	570	1263	0	38	0	0	FALSE
"M24439_at"	2140	1.03155461460244	1965	2516	0	38	0	0	FALSE
"M24470_at"	2565	1.98904823054421	2430	2706	0	38	0	0	FALSE
"M24594_at"	2332	1.43077865464297	2103	2467	0	38	0	0	FALSE
"M24899_at"	848	-1.44720752116354	715	1026	0	38	0	0	FALSE
"M25077_at"	2312	1.3876542469498	2034	2418	0	38	0	0	FALSE
"M25269_at"	2154	1.06239666754975	2014	2417	0	38	0	0	FALSE
"M25280_at"	1773	0.358497138404238	1482	2006	0	38	0	1	FALSE
"M25809_at"	2788	2.88675297488649	2714	2933	0	38	0	0	FALSE
"M25897_at"	2536	1.90780332729313	2426	2606	0	38	0	0	FALSE
"M26576_cds2_at"	2214	1.17715132824252	2046	2457	0	38	0	0	FALSE
"M26602_at"	2583	2.05992717137263	2389	2642	0	38	0	0	FALSE
"M26880_at"	1090	-0.907301930183772	928	1288	0	38	0	0	FALSE
"M27161_at"	1565	0.000204145459916889	1188	1741	0	38	0	17	FALSE
"M27819_at"	2694	2.47888321844285	2566	2763	0	38	0	0	FALSE
"M27826_at"	366	-3.00659187340663	336	434	0	38	0	0	FALSE
"M27891_at"	3050	9.77584665725552	3048	3051	0	38	0	0	FALSE
"M28209_at"	2924	3.83008998912587	2886	3036	0	38	0	0	FALSE
"M28713_at"	2837	3.15730126216693	2779	2964	0	38	0	0	FALSE
"M28825_at"	1679	0.17475182002307	1520	1938	0	38	0	5	FALSE
"M28826_at"	480	-2.57224275150955	435	560	0	38	0	0	FALSE
"M28827_at"	1115	-0.847845126874423	967	1575	0	38	0	1	FALSE
"M29064_at"	136	-4.36840969245233	63	170	0	38	0	0	FALSE
"M29273_at"	2057	0.866559471280481	1877	2355	0	38	0	0	FALSE
"M29474_at"	410	-2.81381461462206	380	482	0	38	0	0	FALSE
"M29536_at"	39	-6.00989544718536	20	49	1	38	0.0263157894736842	0	FALSE
"M29696_at"	26	-6.16850252503288	4	49	2	38	0.0526315789473684	0	FALSE
"M29877_at"	1121	-0.834651316457754	973	1328	0	38	0	0	FALSE
"M29927_at"	2888	3.53190898804864	2834	2984	0	38	0	0	FALSE
"M29971_at"	300	-3.34670426594571	160	349	0	38	0	0	FALSE
"M30185_at"	1564	-0.000286130441379478	1299	1885	0	38	0	17	FALSE
"M30818_at"	2072	0.910245936415621	1805	2239	0	38	0	0	FALSE
"M30894_at"	2676	2.40690380353607	2565	2799	0	38	0	0	FALSE
"M30938_at"	213	-3.85751328598507	153	274	0	38	0	0	FALSE
"M31013_at"	1461	-0.1855071542868	1304	1858	0	38	0	4	FALSE
"M31166_at"	2962	4.21727235750153	2931	2993	0	38	0	0	FALSE
"M31303_rna1_at"	82	-5.1883695822803	24	114	0	38	0	0	FALSE
"M31328_at"	1495	-0.120300538475486	1216	1867	0	38	0	4	FALSE
"M31627_at"	1179	-0.717210566414324	983	1350	0	38	0	0	FALSE
"M31642_at"	437	-2.71035338804326	316	498	0	38	0	0	FALSE
"M31994_at"	2893	3.56752277000772	2854	2956	0	38	0	0	FALSE
"M32011_at"	2199	1.15293251084317	1941	2406	0	38	0	0	FALSE
"M32053_at"	2196	1.14000887927399	2005	2606	0	38	0	0	FALSE
"M32313_at"	819	-1.51501639822917	696	997	0	38	0	0	FALSE
"M32315_at"	2674	2.39046515235835	2573	2799	0	38	0	0	FALSE
"M32334_at"	384	-2.92231383952982	266	486	0	38	0	0	FALSE
"M32886_at"	1644	0.127101610856058	1397	1956	0	38	0	10	FALSE
"M33195_at"	2994	4.61011427463882	2964	3027	0	38	0	0	FALSE
"M33308_at"	2745	2.69065372217786	2655	2876	0	38	0	0	FALSE
"M33336_at"	127	-4.49369719491457	103	181	0	38	0	0	FALSE
"M33518_at"	1727	0.2700527576673	1507	2036	0	38	0	4	FALSE
"M33521_at"	403	-2.84470456664586	285	499	0	38	0	0	FALSE
"M33552_at"	2543	1.9316594559357	2420	2699	0	38	0	0	FALSE
"M33680_at"	70	-5.38599274199564	32	91	0	38	0	0	FALSE
"M33764_at"	856	-1.43600406581525	477	1001	0	38	0	0	FALSE
"M33882_at"	2123	1.00230736312704	1861	2313	0	38	0	0	FALSE
"M34041_at"	2761	2.73249338503618	2682	2950	0	38	0	0	FALSE
"M34175_at"	2529	1.88758392236688	2403	2643	0	38	0	0	FALSE
"M34181_at"	813	-1.52271315423268	501	936	0	38	0	0	FALSE
"M34344_at"	2122	1.00095735726447	1826	2297	0	38	0	0	FALSE
"M34423_at"	2250	1.27738542946115	2089	2533	0	38	0	0	FALSE
"M34455_at"	1976	0.708195276772157	1772	2409	0	38	0	0	FALSE
"M34539_at"	1026	-1.02765079069999	892	1256	0	38	0	0	FALSE
"M34667_at"	2040	0.825663640987544	1780	2179	0	38	0	0	FALSE
"M34668_at"	297	-3.36635144992037	151	353	0	38	0	0	FALSE
"M34677_at"	1733	0.281533362889094	1562	2022	0	38	0	2	FALSE
"M35128_at"	1365	-0.382917244080999	1199	1611	0	38	0	1	FALSE
"M35531_at"	2243	1.26131453862338	2100	2620	0	38	0	0	FALSE
"M35878_at"	1943	0.648128690944541	1752	2135	0	38	0	0	FALSE
"M36067_at"	970	-1.1719902849538	861	1126	0	38	0	0	FALSE
"M36089_at"	2384	1.53708105514075	2227	2550	0	38	0	0	FALSE
"M36341_at"	2165	1.09001362070795	1893	2443	0	38	0	0	FALSE
"M37033_at"	343	-3.12713475335574	257	404	0	38	0	0	FALSE
"M37104_at"	577	-2.24685627887227	437	646	0	38	0	0	FALSE
"M37245_at"	2125	1.00612690917838	1941	2510	0	38	0	0	FALSE
"M37435_at"	2985	4.47377078836522	2952	3003	0	38	0	0	FALSE
"M37583_at"	601	-2.17333868585133	494	698	0	38	0	0	FALSE
"M37766_at"	501	-2.4992914048488	338	571	0	38	0	0	FALSE
"M38591_at"	2160	1.08021938261826	1900	2373	0	38	0	0	FALSE
"M38690_at"	408	-2.81916805707776	232	481	0	38	0	0	FALSE
"M54992_at"	257	-3.59144448150968	220	308	0	38	0	0	FALSE
"M54995_at"	2952	4.07849954292575	2897	2993	0	38	0	0	FALSE
"M55067_at"	1758	0.324056770101686	1419	1929	0	38	0	2	FALSE
"M55150_at"	3049	8.0329392125638	3044	3049	0	38	0	0	FALSE
"M55265_at"	1951	0.65913733576187	1733	2401	0	38	0	0	FALSE
"M55268_at"	1149	-0.770940589133062	924	1381	0	38	0	0	FALSE
"M55531_at"	2348	1.45764207243724	2140	2508	0	38	0	0	FALSE
"M55593_at"	2469	1.746636813147	2348	2672	0	38	0	0	FALSE
"M55671_at"	1074	-0.952840645816916	916	1319	0	38	0	0	FALSE
"M57567_at"	2031	0.810053462819416	1795	2237	0	38	0	0	FALSE
"M57609_at"	1103	-0.88227558484716	830	1279	0	38	0	0	FALSE
"M57710_at"	2944	3.99965668811379	2902	2997	0	38	0	0	FALSE
"M57763_at"	2520	1.86430609198892	2354	2767	0	38	0	0	FALSE
"M58028_at"	579	-2.24345068226693	291	720	0	38	0	0	FALSE
"M58285_at"	2168	1.09146627300024	1971	2383	0	38	0	0	FALSE
"M58378_cds1_at"	2085	0.938800555809417	1880	2380	0	38	0	0	FALSE
"M58459_at"	688	-1.89171946525366	535	801	0	38	0	0	FALSE
"M58603_at"	2937	3.97011566660413	2904	2989	0	38	0	0	FALSE
"M59465_at"	1239	-0.593453061920693	986	1465	0	38	0	0	FALSE
"M59807_at"	652	-2.00629227086177	528	753	0	38	0	0	FALSE
"M59815_at"	1660	0.144846628539419	1469	2177	0	38	0	5	FALSE
"M59820_at"	2598	2.09954020839402	2423	2707	0	38	0	0	FALSE
"M59829_at"	1339	-0.436661597342391	947	1508	0	38	0	0	FALSE
"M59830_at"	1629	0.104923819745102	1228	1977	0	38	0	4	FALSE
"M59911_at"	1573	0.0155958132573124	1325	1803	0	38	0	20	FALSE
"M60091_at"	1007	-1.08435856983229	812	1267	0	38	0	0	FALSE
"M60165_cds1_at"	2175	1.09556464275923	2047	2399	0	38	0	0	FALSE
"M60278_at"	1112	-0.859237825943921	592	1238	0	38	0	0	FALSE
"M60298_at"	2707	2.54172997980748	2572	2776	0	38	0	0	FALSE
"M60527_at"	43	-5.94486950780901	18	54	1	38	0.0263157894736842	0	FALSE
"M60721_at"	1761	0.325697599349004	1467	1938	0	38	0	1	FALSE
"M60752_at"	815	-1.51886546439289	565	937	0	38	0	0	FALSE
"M60830_at"	1666	0.151425473505135	1318	1841	0	38	0	4	FALSE
"M60922_at"	2058	0.870146690081457	1861	2314	0	38	0	0	FALSE
"M61199_at"	2561	1.97717344519618	2397	2667	0	38	0	0	FALSE
"M61764_at"	2373	1.51848027966906	2096	2455	0	38	0	0	FALSE
"M61906_at"	1762	0.329072708288061	1423	1991	0	38	0	1	FALSE
"M62302_at"	2454	1.71519595397408	2321	2623	0	38	0	0	FALSE
"M62324_at"	1942	0.643117791628411	1756	2217	0	38	0	0	FALSE
"M62762_at"	3025	5.8382574764751	3015	3043	0	38	0	0	FALSE
"M62783_at"	2158	1.07110531967815	1999	2370	0	38	0	0	FALSE
"M62810_at"	631	-2.07453459545705	548	720	0	38	0	0	FALSE
"M62831_at"	1297	-0.502796149883499	974	1618	0	38	0	1	FALSE
"M62994_at"	695	-1.87861814609716	576	821	0	38	0	0	FALSE
"M63138_at"	3041	6.77110198185867	3033	3048	0	38	0	0	FALSE
"M63167_at"	2982	4.43221319918278	2961	3002	0	38	0	0	FALSE
"M63175_at"	2575	2.03238572080262	2472	2791	0	38	0	0	FALSE
"M63180_at"	450	-2.67263745114551	346	529	0	38	0	0	FALSE
"M63262_at"	1753	0.316290049794631	1453	2004	0	38	0	2	FALSE
"M63379_at"	2879	3.46517059530707	2824	2937	0	38	0	0	FALSE
"M63573_at"	1272	-0.5469541877272	965	1415	0	38	0	0	FALSE
"M63582_at"	1768	0.346696924940369	1524	1959	0	38	0	2	FALSE
"M63589_at"	2592	2.0798025904776	2403	2673	0	38	0	0	FALSE
"M63904_at"	1656	0.139424609471315	1476	2216	0	38	0	8	FALSE
"M63928_at"	849	-1.44463671291595	540	978	0	38	0	0	FALSE
"M63959_at"	2810	3.02030381602161	2726	2859	0	38	0	0	FALSE
"M64098_at"	994	-1.10627999389265	836	1230	0	38	0	0	FALSE
"M64108_at"	2706	2.53577894583419	2618	2852	0	38	0	0	FALSE
"M64174_at"	1497	-0.117649785181242	1088	1685	0	38	0	9	FALSE
"M64590_at"	386	-2.90245524913372	283	459	0	38	0	0	FALSE
"M64595_at"	1669	0.157777531098452	1510	2088	0	38	0	9	FALSE
"M64673_at"	1068	-0.961288097008537	772	1272	0	38	0	0	FALSE
"M64925_at"	2202	1.15897054546647	2000	2371	0	38	0	0	FALSE
"M64929_at"	1651	0.133957568004643	1473	1899	0	38	0	9	FALSE
"M64934_at"	2354	1.47116824324374	2160	2671	0	38	0	0	FALSE
"M64992_at"	1101	-0.888152239652241	676	1287	0	38	0	0	FALSE
"M65066_at"	1606	0.0666687631149853	1371	1778	0	38	0	18	FALSE
"M65085_at"	1110	-0.861074995082301	754	1257	0	38	0	0	FALSE
"M65217_at"	1729	0.275470725332104	1549	2054	0	38	0	1	FALSE
"M68520_at"	716	-1.83326735851817	532	850	0	38	0	0	FALSE
"M68864_at"	164	-4.16390707801279	97	226	0	38	0	0	FALSE
"M68891_at"	2825	3.08175797240661	2742	2993	0	38	0	0	FALSE
"M68941_at"	461	-2.65236538199627	286	553	0	38	0	0	FALSE
"M69023_at"	418	-2.76316991387326	288	510	0	38	0	0	FALSE
"M69039_at"	571	-2.26321548568297	452	663	0	38	0	0	FALSE
"M69043_at"	3021	5.55067148246667	3011	3045	0	38	0	0	FALSE
"M69066_at"	2047	0.851218033260469	1845	2446	0	38	0	0	FALSE
"M73047_at"	558	-2.28691924583137	327	642	0	38	0	0	FALSE
"M73547_at"	161	-4.19672425128661	104	209	0	38	0	0	FALSE
"M73720_at"	2503	1.81952527805787	2296	2774	0	38	0	0	FALSE
"M74002_at"	1443	-0.230474746641729	1109	1658	0	38	0	2	FALSE
"M74089_at"	388	-2.89693492105598	310	449	0	38	0	0	FALSE
"M74099_at"	1721	0.261913685322831	1390	1917	0	38	0	1	FALSE
"M74491_at"	1968	0.687500167153436	1727	2418	0	38	0	0	FALSE
"M74524_at"	340	-3.14262585703657	212	399	0	38	0	0	FALSE
"M74719_at"	704	-1.86603830296516	601	794	0	38	0	0	FALSE
"M75099_at"	1154	-0.763630968027487	993	1484	0	38	0	0	FALSE
"M75126_at"	2144	1.0419524794187	1919	2486	0	38	0	0	FALSE
"M76378_at"	2842	3.18714481546205	2796	2950	0	38	0	0	FALSE
"M76424_at"	1732	0.281383542547723	1445	1959	0	38	0	1	FALSE
"M76766_at"	1759	0.324301006950216	1388	2139	0	38	0	1	FALSE
"M77142_at"	34	-6.05532439492717	23	49	0	38	0	0	FALSE
"M77698_at"	556	-2.29588029973523	468	671	0	38	0	0	FALSE
"M77836_at"	2171	1.09420543808684	1992	2351	0	38	0	0	FALSE
"M80244_at"	2119	0.997037196145077	1946	2501	0	38	0	0	FALSE
"M80254_at"	2978	4.38818150898964	2939	3015	0	38	0	0	FALSE
"M80333_at"	1458	-0.192153024163153	1098	1652	0	38	0	4	FALSE
"M80335_at"	613	-2.1160168491907	507	734	0	38	0	0	FALSE
"M80359_at"	1508	-0.0937383085399985	1220	1685	0	38	0	12	FALSE
"M80563_at"	2729	2.6324786888507	2632	2894	0	38	0	0	FALSE
"M80629_at"	1840	0.479546983236828	1588	2048	0	38	0	0	FALSE
"M80647_at"	2267	1.31582312338825	2031	2420	0	38	0	0	FALSE
"M80899_at"	2883	3.50418826803135	2827	3015	0	38	0	0	FALSE
"M81057_at"	2343	1.45194279042911	2173	2772	0	38	0	0	FALSE
"M81601_at"	357	-3.04458804442768	234	433	0	38	0	0	FALSE
"M81758_at"	2957	4.14388997938632	2927	3004	0	38	0	0	FALSE
"M81780_cds5_at"	1784	0.382601652613828	1489	2198	0	38	0	1	FALSE
"M81830_at"	2524	1.87683428974713	2397	2755	0	38	0	0	FALSE
"M82809_at"	2350	1.46050816776009	2199	2606	0	38	0	0	FALSE
"M82882_at"	1300	-0.501092297586269	1123	1796	0	38	0	1	FALSE
"M83088_at"	832	-1.46825687123452	601	1016	0	38	0	0	FALSE
"M83181_at"	1343	-0.426638925518436	1137	1532	0	38	0	0	FALSE
"M83221_at"	2991	4.57300902164967	2969	3023	0	38	0	0	FALSE
"M83233_at"	28	-6.09373274331049	18	49	1	38	0.0263157894736842	0	FALSE
"M83751_at"	762	-1.6778785257479	556	888	0	38	0	0	FALSE
"M84349_at"	2574	2.03082317897223	2400	2679	0	38	0	0	FALSE
"M84526_at"	3008	4.94476017991272	2979	3025	0	38	0	0	FALSE
"M84739_at"	2737	2.67346008115042	2671	2848	0	38	0	0	FALSE
"M85169_at"	244	-3.6683051196744	160	321	0	38	0	0	FALSE
"M85247_at"	1473	-0.159138736815203	1313	1972	0	38	0	2	FALSE
"M85276_at"	1102	-0.88781996166871	900	1297	0	38	0	0	FALSE
"M86400_at"	184	-4.03609550433685	94	246	0	38	0	0	FALSE
"M86546_at"	905	-1.32170171250288	783	1115	0	38	0	0	FALSE
"M86667_at"	379	-2.94158271323423	214	435	0	38	0	0	FALSE
"M86707_at"	1248	-0.577162663790209	1002	1501	0	38	0	0	FALSE
"M86737_at"	667	-1.96281839215141	567	777	0	38	0	0	FALSE
"M86752_at"	145	-4.3265228404574	80	206	0	38	0	0	FALSE
"M86852_at"	645	-2.02719386004205	513	724	0	38	0	0	FALSE
"M87339_at"	568	-2.26899838357447	418	670	0	38	0	0	FALSE
"M87434_at"	1518	-0.0772996253347317	1287	1967	0	38	0	8	FALSE
"M87503_at"	2303	1.37259478341325	2107	2522	0	38	0	0	FALSE
"M87860_at"	2317	1.39592436350578	2095	2413	0	38	0	0	FALSE
"M88108_at"	314	-3.28602344527052	172	382	0	38	0	0	FALSE
"M88279_at"	1312	-0.478309375800665	1042	1549	0	38	0	1	FALSE
"M88282_at"	675	-1.94363302196526	333	760	0	38	0	0	FALSE
"M88458_at"	1490	-0.13404286421522	1083	1667	0	38	0	8	FALSE
"M88468_at"	1670	0.158510010967131	1457	1821	0	38	0	6	FALSE
"M89957_at"	24	-6.25663621134073	17	48	5	38	0.131578947368421	0	FALSE
"M90299_at"	2006	0.773492907934511	1853	2706	0	38	0	0	FALSE
"M90656_at"	1894	0.556673844717945	1594	2242	0	38	0	0	FALSE
"M91029_cds2_at"	1005	-1.08453743852568	803	1334	0	38	0	0	FALSE
"M91036_rna1_at"	2902	3.63289906147053	2845	2954	0	38	0	0	FALSE
"M91083_at"	1671	0.16017126093845	1306	1837	0	38	0	6	FALSE
"M91196_at"	2241	1.25682398914485	1997	2423	0	38	0	0	FALSE
"M91432_at"	7	-7.08153562999937	3	24	37	38	0.973684210526316	0	TRUE
"M91438_at"	2915	3.7382030295839	2862	3012	0	38	0	0	FALSE
"M91585_at"	1429	-0.252853276067429	1145	1685	0	38	0	3	FALSE
"M91592_at"	781	-1.61970612626742	515	940	0	38	0	0	FALSE
"M91670_at"	2222	1.21622349974747	2058	2553	0	38	0	0	FALSE
"M92287_at"	21	-6.31859374710027	3	46	7	38	0.184210526315789	0	FALSE
"M92303_at"	1932	0.619835643378548	1737	2074	0	38	0	0	FALSE
"M92357_at"	2740	2.67902500414534	2658	2813	0	38	0	0	FALSE
"M92439_at"	71	-5.38005930868055	38	95	0	38	0	0	FALSE
"M92449_at"	1283	-0.523761771679347	1117	1519	0	38	0	0	FALSE
"M92934_at"	466	-2.64153346400385	374	544	0	38	0	0	FALSE
"M93056_at"	2987	4.48712692706629	2956	3026	0	38	0	0	FALSE
"M93107_at"	1359	-0.385900685652273	1092	1582	0	38	0	1	FALSE
"M93221_at"	1873	0.526735247315097	858	2005	0	38	0	1	FALSE
"M93283_at"	2282	1.34303141463899	2140	2709	0	38	0	0	FALSE
"M93405_at"	1804	0.414416057883997	1592	2109	0	38	0	0	FALSE
"M93426_at"	882	-1.37255126817302	742	1068	0	38	0	0	FALSE
"M93718_at"	1701	0.211983144662489	1557	2078	0	38	0	5	FALSE
"M94250_at"	1010	-1.08237151024958	819	1132	0	38	0	0	FALSE
"M94345_at"	1927	0.611913033483462	1747	2450	0	38	0	0	FALSE
"M94362_at"	433	-2.71529121355647	344	519	0	38	0	0	FALSE
"M94556_at"	519	-2.44039356527597	403	590	0	38	0	0	FALSE
"M94630_at"	989	-1.11936413192326	808	1253	0	38	0	0	FALSE
"M94633_at"	27	-6.1376889409605	18	47	1	38	0.0263157894736842	0	FALSE
"M94856_at"	474	-2.59705843738518	364	573	0	38	0	0	FALSE
"M95178_at"	2936	3.94514007417977	2899	3013	0	38	0	0	FALSE
"M95549_at"	2474	1.75382835663227	2368	2609	0	38	0	0	FALSE
"M95610_at"	2900	3.62767342101026	2866	3013	0	38	0	0	FALSE
"M95623_cds1_at"	2522	1.8729967273666	2319	2683	0	38	0	0	FALSE
"M95678_at"	3015	5.18340373596525	2998	3022	0	38	0	0	FALSE
"M95712_at"	1514	-0.0869999961088259	1372	1883	0	38	0	6	FALSE
"M95787_at"	2465	1.73943975004255	2309	2626	0	38	0	0	FALSE
"M96326_rna1_at"	3019	5.37503998779511	3006	3036	0	38	0	0	FALSE
"M96803_at"	147	-4.3169080828947	71	183	0	38	0	0	FALSE
"M96859_at"	1889	0.550434926753635	1704	2245	0	38	0	0	FALSE
"M96982_at"	1073	-0.952988068386251	828	1229	0	38	0	0	FALSE
"M97287_at"	1223	-0.629188923099728	971	1455	0	38	0	0	FALSE
"M97815_at"	2293	1.35559755080181	2181	2550	0	38	0	0	FALSE
"M97856_at"	564	-2.27589355890195	461	661	0	38	0	0	FALSE
"M97925_rna1_at"	2136	1.01799240296951	1969	2498	0	38	0	0	FALSE
"M97936_at"	2372	1.51827087369282	2225	2552	0	38	0	0	FALSE
"M98045_at"	375	-2.97456741663451	233	457	0	38	0	0	FALSE
"M98539_at"	2857	3.28479222888957	2786	2926	0	38	0	0	FALSE
"M98776_rna1_at"	1204	-0.667933174200693	1012	1429	0	38	0	0	FALSE
"M98833_at"	96	-4.9019157493307	50	123	0	38	0	0	FALSE
"M99063_at"	1526	-0.0697981330483727	1343	1761	0	38	0	12	FALSE
"M99701_at"	911	-1.30921554406994	732	1103	0	38	0	0	FALSE
"S43646_at"	1618	0.0860490716968428	1478	2234	0	38	0	10	FALSE
"S45630_at"	2720	2.59359023308284	2655	2942	0	38	0	0	FALSE
"S50223_at"	20	-6.37147193324077	10	34	10	38	0.263157894736842	0	TRUE
"S53911_at"	1686	0.182417455059544	1407	1841	0	38	0	3	FALSE
"S58733_at"	1795	0.401379313158923	1572	2034	0	38	0	1	FALSE
"S59049_at"	1577	0.017103425177644	1292	1766	0	38	0	17	FALSE
"S61953_at"	2015	0.783078758091876	1765	2304	0	38	0	0	FALSE
"S63912_at"	1933	0.621390302643928	1730	2161	0	38	0	0	FALSE
"S65583_rna1_at"	2277	1.33202983209759	2153	2499	0	38	0	0	FALSE
"S65738_at"	2321	1.40733376910674	2189	2504	0	38	0	0	FALSE
"S66431_at"	163	-4.18888148629309	85	207	0	38	0	0	FALSE
"S67070_at"	1332	-0.443036286509274	1070	1508	0	38	0	0	FALSE
"S67325_at"	1711	0.240875887027229	1441	2004	0	38	0	3	FALSE
"S68616_at"	2426	1.63362130644659	2254	2624	0	38	0	0	FALSE
"S69115_at"	1071	-0.954006895509331	913	1280	0	38	0	0	FALSE
"S70609_at"	1785	0.38545485797417	1584	2056	0	38	0	1	FALSE
"S71824_at"	1452	-0.198063971261192	1256	1793	0	38	0	3	FALSE
"S72008_at"	177	-4.06297184955365	32	235	0	38	0	0	FALSE
"S72487_at"	2891	3.55363288064502	2860	2987	0	38	0	0	FALSE
"S73591_at"	1410	-0.284852383983864	1162	1824	0	38	0	2	FALSE
"S74017_at"	2042	0.827380223268	1714	2230	0	38	0	0	FALSE
"S74221_at"	551	-2.31959569368134	419	667	0	38	0	0	FALSE
"S74445_at"	1492	-0.130755897163138	1250	1757	0	38	0	5	FALSE
"S75168_rna1_at"	2446	1.68133391545219	2310	2646	0	38	0	0	FALSE
"S75463_at"	969	-1.17434480546797	838	1248	0	38	0	0	FALSE
"S76617_at"	122	-4.56738191289136	106	147	0	38	0	0	FALSE
"S76965_at"	88	-5.00746479357041	67	108	0	38	0	0	FALSE
"S76992_at"	1006	-1.08440897784531	835	1233	0	38	0	0	FALSE
"S77356_at"	2777	2.81688411192621	2704	2851	0	38	0	0	FALSE
"S77576_at"	1683	0.180108422303291	1434	1962	0	38	0	5	FALSE
"S77763_at"	2080	0.929155277999224	1879	2377	0	38	0	0	FALSE
"S77812_at"	1284	-0.520850738505069	1129	1541	0	38	0	0	FALSE
"S78085_at"	1305	-0.492648468107924	1142	1560	0	38	0	0	FALSE
"S78187_at"	507	-2.4675588611653	349	591	0	38	0	0	FALSE
"S78296_at"	1441	-0.234143789920148	1211	1742	0	38	0	2	FALSE
"S79639_at"	1205	-0.667434428868704	1070	1457	0	38	0	0	FALSE
"S80335_at"	2117	0.995857669559317	1849	2300	0	38	0	0	FALSE
"S81003_at"	2217	1.1993893866703	1958	2399	0	38	0	0	FALSE
"S81439_at"	2830	3.10882617521963	2761	2935	0	38	0	0	FALSE
"S81914_at"	2629	2.19582827709264	2500	2677	0	38	0	0	FALSE
"S82470_at"	2951	4.06551941423659	2891	3010	0	38	0	0	FALSE
"S83364_at"	2440	1.66573180737309	2217	2616	0	38	0	0	FALSE
"S85655_at"	395	-2.87515938202817	171	466	0	38	0	0	FALSE
"S87759_at"	1755	0.319607913052656	1493	2081	0	38	0	1	FALSE
"S90469_at"	2305	1.37753285698465	2146	2496	0	38	0	0	FALSE
"U00115_at"	2443	1.66998208652742	2265	2597	0	38	0	0	FALSE
"U00672_at"	2582	2.05002745696541	2444	2712	0	38	0	0	FALSE
"U00921_at"	2290	1.35332942681702	2155	2560	0	38	0	0	FALSE
"U00943_at"	2075	0.918428093784786	1901	2627	0	38	0	0	FALSE
"U00952_at"	837	-1.45635979201957	366	1008	0	38	0	0	FALSE
"U00968_at"	2819	3.05616033357694	2779	2862	0	38	0	0	FALSE
"U01038_at"	2251	1.27967586413182	2089	2616	0	38	0	0	FALSE
"U01147_at"	1408	-0.29117389235216	1184	1987	0	38	0	1	FALSE
"U01212_at"	2394	1.56298529213868	2237	2774	0	38	0	0	FALSE
"U01317_cds6_at"	2502	1.81839121328247	2292	2582	0	38	0	0	FALSE
"U01824_at"	1415	-0.277219379348507	1232	1785	0	38	0	1	FALSE
"U01923_at"	728	-1.79044032732244	489	867	0	38	0	0	FALSE
"U02020_at"	3004	4.87315404219911	2980	3040	0	38	0	0	FALSE
"U02031_at"	948	-1.21637067202974	583	1074	0	38	0	0	FALSE
"U02081_at"	2380	1.52507588580513	2164	2508	0	38	0	0	FALSE
"U02310_at"	1434	-0.248357887269157	1251	1602	0	38	0	5	FALSE
"U02493_at"	84	-5.16344185205149	45	112	0	38	0	0	FALSE
"U02556_at"	771	-1.64929009472255	565	938	0	38	0	0	FALSE
"U02570_at"	1480	-0.143483167466414	1216	1742	0	38	0	5	FALSE
"U02619_at"	1002	-1.094728631891	841	1281	0	38	0	0	FALSE
"U02687_at"	1744	0.301776945236973	1488	1938	0	38	0	2	FALSE
"U03057_at"	2799	2.95394574297965	2745	2870	0	38	0	0	FALSE
"U03090_at"	2538	1.9117458503799	2406	2626	0	38	0	0	FALSE
"U03105_at"	1015	-1.06502430038784	864	1231	0	38	0	0	FALSE
"U03270_at"	2396	1.5660740180592	2285	2562	0	38	0	0	FALSE
"U03272_at"	2339	1.44440023440621	2204	2605	0	38	0	0	FALSE
"U03398_at"	1990	0.735033825972929	1788	2237	0	38	0	0	FALSE
"U03642_at"	1398	-0.310349785708685	1087	1616	0	38	0	2	FALSE
"U03851_at"	1038	-1.00299971738609	868	1317	0	38	0	0	FALSE
"U03891_at"	2189	1.1313269211378	1966	2445	0	38	0	0	FALSE
"U04811_at"	1140	-0.794703544015471	993	1331	0	38	0	0	FALSE
"U04898_at"	912	-1.30877450670435	800	1119	0	38	0	0	FALSE
"U05237_at"	288	-3.39573630164119	213	367	0	38	0	0	FALSE
"U05259_rna1_at"	42	-5.95685457688145	20	58	1	38	0.0263157894736842	0	FALSE
"U05340_at"	672	-1.95513861632895	528	797	0	38	0	0	FALSE
"U05659_at"	2851	3.2355646118962	2794	2939	0	38	0	0	FALSE
"U05875_at"	1655	0.138484739118233	1440	1971	0	38	0	9	FALSE
"U06088_at"	1207	-0.666062074267163	816	1359	0	38	0	0	FALSE
"U06631_at"	778	-1.62527959616775	691	918	0	38	0	0	FALSE
"U06681_at"	2560	1.9759414694936	2421	2759	0	38	0	0	FALSE
"U06863_at"	1418	-0.273292539689191	1093	1696	0	38	0	2	FALSE
"U07132_at"	2979	4.39036748082538	2958	3009	0	38	0	0	FALSE
"U07158_at"	2942	3.99082843325761	2918	2982	0	38	0	0	FALSE
"U07223_at"	1612	0.0735563201343054	1424	1935	0	38	0	13	FALSE
"U07358_at"	834	-1.4656866529761	683	1022	0	38	0	0	FALSE
"U07418_at"	303	-3.33382902083216	214	367	0	38	0	0	FALSE
"U07424_at"	329	-3.19973055095818	258	387	0	38	0	0	FALSE
"U07550_at"	496	-2.51271888470927	234	581	0	38	0	0	FALSE
"U07563_cds1_at"	540	-2.36723430010095	410	615	0	38	0	0	FALSE
"U07664_at"	1370	-0.36866481963201	1196	1670	0	38	0	2	FALSE
"U07681_at"	810	-1.53196019632548	618	936	0	38	0	0	FALSE
"U07695_at"	2009	0.776319232392103	1774	2264	0	38	0	0	FALSE
"U07802_at"	681	-1.9231379400894	440	773	0	38	0	0	FALSE
"U07857_at"	623	-2.09095108631458	524	708	0	38	0	0	FALSE
"U07919_at"	1552	-0.0223678655753333	1371	1776	0	38	0	16	FALSE
"U08316_at"	2630	2.1980882361795	2503	2801	0	38	0	0	FALSE
"U08336_at"	2637	2.21709394680919	2533	2899	0	38	0	0	FALSE
"U08815_at"	696	-1.8774964786155	603	819	0	38	0	0	FALSE
"U08989_at"	1616	0.0839752347364328	1281	1786	0	38	0	6	FALSE
"U09117_at"	2379	1.52487012540379	2238	2924	0	38	0	0	FALSE
"U09196_at"	2188	1.13043865064957	1944	2380	0	38	0	0	FALSE
"U09284_at"	861	-1.41717030479818	735	1043	0	38	0	0	FALSE
"U09303_at"	1886	0.547327513859385	1666	2244	0	38	0	0	FALSE
"U09410_at"	831	-1.47511858916735	653	993	0	38	0	0	FALSE
"U09564_at"	272	-3.49023639515431	195	344	0	38	0	0	FALSE
"U09578_at"	2568	2.01768607791771	2398	2711	0	38	0	0	FALSE
"U09579_at"	1702	0.220327995935984	1497	1966	0	38	0	4	FALSE
"U09607_at"	1866	0.521249745749811	1707	2228	0	38	0	0	FALSE
"U09770_at"	889	-1.36638671014417	676	1041	0	38	0	0	FALSE
"U09825_at"	552	-2.31816123719939	466	654	0	38	0	0	FALSE
"U09848_at"	759	-1.68205141478951	563	898	0	38	0	0	FALSE
"U09850_at"	1661	0.145560163993123	1481	1871	0	38	0	8	FALSE
"U10117_at"	1622	0.0904528803426148	1403	1888	0	38	0	11	FALSE
"U10323_at"	190	-4.01563579566837	114	233	0	38	0	0	FALSE
"U10324_at"	447	-2.68382864442986	292	513	0	38	0	0	FALSE
"U10362_at"	1906	0.577543530312781	1644	2106	0	38	0	0	FALSE
"U10439_at"	1041	-0.997615130538558	800	1309	0	38	0	0	FALSE
"U10485_at"	130	-4.43182023860698	101	168	0	38	0	0	FALSE
"U10492_at"	1817	0.436297521909878	1533	1990	0	38	0	1	FALSE
"U10686_at"	2449	1.70583745875607	2353	2658	0	38	0	0	FALSE
"U10868_at"	2933	3.9166841629781	2884	2977	0	38	0	0	FALSE
"U10991_at"	2192	1.13896758576907	1987	2366	0	38	0	0	FALSE
"U11732_at"	2283	1.34558831745472	2062	2554	0	38	0	0	FALSE
"U11791_at"	1896	0.55785098857799	1575	2246	0	38	0	0	FALSE
"U11870_rna1_at"	1111	-0.859691205551378	504	1269	0	38	0	0	FALSE
"U11872_at"	1690	0.193342576644759	1480	1920	0	38	0	6	FALSE
"U11877_at"	735	-1.7723402783346	646	855	0	38	0	0	FALSE
"U12139_at"	1375	-0.363382811015454	1073	1546	0	38	0	0	FALSE
"U12255_at"	2028	0.806237754535367	1819	2325	0	38	0	0	FALSE
"U12779_at"	2306	1.37954499507311	2140	2506	0	38	0	0	FALSE
"U13395_at"	1997	0.75288865689225	1848	2577	0	38	0	0	FALSE
"U13666_at"	2896	3.58811693958216	2848	2975	0	38	0	0	FALSE
"U13695_at"	424	-2.74859812674045	287	512	0	38	0	0	FALSE
"U13706_at"	881	-1.37292803618035	704	1027	0	38	0	0	FALSE
"U13737_at"	1114	-0.853773261983068	759	1243	0	38	0	0	FALSE
"U13991_at"	1231	-0.608801121128652	966	1574	0	38	0	0	FALSE
"U14193_at"	191	-4.01277024693448	96	230	0	38	0	0	FALSE
"U14391_at"	2319	1.40297753339991	2158	2626	0	38	0	0	FALSE
"U14417_at"	2800	2.96025418916568	2738	2911	0	38	0	0	FALSE
"U14575_at"	693	-1.88111535101952	557	818	0	38	0	0	FALSE
"U14588_at"	2948	4.0307899239942	2903	3004	0	38	0	0	FALSE
"U14603_at"	1020	-1.04107221881194	890	1181	0	38	0	0	FALSE
"U15009_at"	559	-2.2865383809233	466	660	0	38	0	0	FALSE
"U15085_at"	1211	-0.657575770232658	869	1377	0	38	0	0	FALSE
"U15128_at"	1478	-0.15374432368817	1227	1680	0	38	0	7	FALSE
"U15173_at"	1454	-0.195875062176293	1135	1741	0	38	0	3	FALSE
"U15177_at"	2556	1.96096373233542	2428	2756	0	38	0	0	FALSE
"U15552_at"	1689	0.193143955020139	1501	2473	0	38	0	2	FALSE
"U15555_at"	2697	2.49262099997521	2559	2795	0	38	0	0	FALSE
"U15782_at"	421	-2.75559271306824	323	532	0	38	0	0	FALSE
"U15932_at"	2661	2.30850651227018	2564	2810	0	38	0	0	FALSE
"U16031_at"	1345	-0.422990715140978	928	1494	0	38	0	0	FALSE
"U16127_at"	1694	0.197911141053536	1542	2163	0	38	0	4	FALSE
"U16282_at"	2930	3.86790932126724	2892	3000	0	38	0	0	FALSE
"U16306_at"	2714	2.57543513666353	2613	2775	0	38	0	0	FALSE
"U16660_at"	1135	-0.801493347461297	971	1327	0	38	0	0	FALSE
"U16954_at"	105	-4.77232637324757	83	127	0	38	0	0	FALSE
"U17163_at"	1494	-0.12069854317726	1311	1820	0	38	0	9	FALSE
"U17327_at"	2569	2.01908624416047	2435	2670	0	38	0	0	FALSE
"U17418_at"	1698	0.208383565026887	1347	1840	0	38	0	3	FALSE
"U17579_rna1_at"	1875	0.531905903051288	1673	2355	0	38	0	0	FALSE
"U17886_at"	1832	0.464486442463079	1506	2046	0	38	0	1	FALSE
"U17894_at"	1580	0.0210478078138736	1292	1718	0	38	0	14	FALSE
"U18009_at"	846	-1.44787380855716	637	975	0	38	0	0	FALSE
"U18062_at"	217	-3.8504302668488	85	271	0	38	0	0	FALSE
"U18242_at"	938	-1.25218648642639	749	1057	0	38	0	0	FALSE
"U18291_at"	508	-2.46632744570811	416	615	0	38	0	0	FALSE
"U18548_at"	2459	1.72628087712734	2363	2768	0	38	0	0	FALSE
"U19261_at"	1712	0.249081164742714	1477	1928	0	38	0	3	FALSE
"U19796_at"	880	-1.37797748642352	738	1077	0	38	0	0	FALSE
"U19948_at"	2412	1.59755092019027	2252	2760	0	38	0	0	FALSE
"U19977_at"	2159	1.07201074268301	1960	2497	0	38	0	0	FALSE
"U20158_at"	1579	0.0202403783192213	1356	1820	0	38	0	18	FALSE
"U20285_at"	1052	-0.983163170418984	685	1284	0	38	0	0	FALSE
"U20325_at"	1498	-0.113632372246251	1301	1983	0	38	0	5	FALSE
"U20350_at"	1162	-0.750666465639293	1011	1358	0	38	0	0	FALSE
"U20428_at"	2687	2.45454413501959	2628	2795	0	38	0	0	FALSE
"U20582_at"	1373	-0.364960989254418	1159	1619	0	38	0	2	FALSE
"U20647_at"	2479	1.76927413106373	2361	2723	0	38	0	0	FALSE
"U20657_at"	2276	1.33131664468419	2047	2484	0	38	0	0	FALSE
"U20908_at"	892	-1.3554038931009	805	1086	0	38	0	0	FALSE
"U20979_at"	1030	-1.01833300674737	886	1276	0	38	0	0	FALSE
"U20998_at"	45	-5.8667630568086	2	66	1	38	0.0263157894736842	0	FALSE
"U21049_at"	2149	1.05383910324871	1828	2263	0	38	0	0	FALSE
"U21090_at"	416	-2.77300630476775	201	475	0	38	0	0	FALSE
"U21551_at"	1467	-0.168079119975874	1268	1749	0	38	0	5	FALSE
"U21931_at"	1897	0.56032122307813	1603	2338	0	38	0	0	FALSE
"U22055_at"	1507	-0.0943931273090749	1351	1723	0	38	0	10	FALSE
"U22526_at"	903	-1.32669485162181	635	1019	0	38	0	0	FALSE
"U22897_at"	428	-2.73638195867756	292	530	0	38	0	0	FALSE
"U22963_at"	1794	0.400510971288568	1649	2198	0	38	0	0	FALSE
"U23143_at"	1196	-0.681846979257939	867	1481	0	38	0	0	FALSE
"U23803_at"	1445	-0.230175150387632	1212	1639	0	38	0	3	FALSE
"U23946_at"	599	-2.1814633054209	388	716	0	38	0	0	FALSE
"U24105_at"	2367	1.50441913456491	2231	2740	0	38	0	0	FALSE
"U24152_at"	1816	0.435909820635315	1630	2213	0	38	0	0	FALSE
"U24169_at"	581	-2.22669405024607	385	665	0	38	0	0	FALSE
"U24266_at"	895	-1.35079559595291	645	1037	0	38	0	0	FALSE
"U24576_at"	924	-1.28026237961214	494	1083	0	38	0	0	FALSE
"U24704_at"	425	-2.7482102966455	320	537	0	38	0	0	FALSE
"U25029_at"	335	-3.16798458956221	133	382	0	38	0	0	FALSE
"U25165_at"	351	-3.10441071389819	242	411	0	38	0	0	FALSE
"U25182_at"	1004	-1.08857176816432	585	1124	0	38	0	0	FALSE
"U25265_at"	793	-1.57012690070526	534	930	0	38	0	0	FALSE
"U25435_at"	135	-4.36936887601343	75	207	0	38	0	0	FALSE
"U25750_at"	1368	-0.37286079813057	1173	1632	0	38	0	1	FALSE
"U25849_at"	470	-2.61313740374678	283	566	0	38	0	0	FALSE
"U25956_at"	1780	0.367729459754529	1524	2009	0	38	0	1	FALSE
"U26648_at"	1177	-0.722987725457523	1011	1446	0	38	0	0	FALSE
"U26710_at"	262	-3.55555927497799	136	311	0	38	0	0	FALSE
"U27831_at"	2696	2.491515778634	2621	2784	0	38	0	0	FALSE
"U28131_at"	2760	2.72715665432399	2679	2926	0	38	0	0	FALSE
"U28368_at"	1024	-1.03396592239982	915	1417	0	38	0	0	FALSE
"U28386_at"	1197	-0.680318102955823	1014	1388	0	38	0	0	FALSE
"U28686_at"	1171	-0.730703039635036	938	1395	0	38	0	0	FALSE
"U28687_at"	1877	0.534908005464508	1637	2051	0	38	0	0	FALSE
"U28811_at"	1104	-0.881958960910854	919	1295	0	38	0	0	FALSE
"U28831_at"	1523	-0.0730447487320258	1265	1807	0	38	0	9	FALSE
"U29091_at"	2647	2.25285141408529	2471	2682	0	38	0	0	FALSE
"U29171_at"	2827	3.09341414360367	2753	2899	0	38	0	0	FALSE
"U29195_at"	1839	0.477441444499088	1382	2083	0	38	0	1	FALSE
"U29607_at"	497	-2.5105133469525	348	639	0	38	0	0	FALSE
"U29615_at"	1344	-0.423333635627227	958	1489	0	38	0	0	FALSE
"U29680_at"	2844	3.19558938856902	2777	2920	0	38	0	0	FALSE
"U29700_at"	1426	-0.260944544197933	1194	1744	0	38	0	2	FALSE
"U29953_rna1_at"	1069	-0.958073717361935	893	1207	0	38	0	0	FALSE
"U30255_at"	2983	4.43562833313077	2958	2998	0	38	0	0	FALSE
"U30521_at"	174	-4.07764564240867	115	240	0	38	0	0	FALSE
"U30825_at"	566	-2.2732005497709	493	696	0	38	0	0	FALSE
"U30872_at"	702	-1.86981765860193	360	807	0	38	0	0	FALSE
"U30888_at"	2445	1.67596579883651	2271	2612	0	38	0	0	FALSE
"U30999_at"	2577	2.03598759628015	2453	2749	0	38	0	0	FALSE
"U31099_at"	2252	1.28305378588606	2093	2471	0	38	0	0	FALSE
"U31176_at"	1730	0.277397336889743	1576	2090	0	38	0	1	FALSE
"U31382_at"	1614	0.0806797599387819	1382	1842	0	38	0	14	FALSE
"U31383_at"	860	-1.41962707512022	619	971	0	38	0	0	FALSE
"U31384_at"	1168	-0.740037803806867	858	1422	0	38	0	0	FALSE
"U31501_at"	1137	-0.797137880963219	963	1441	0	38	0	0	FALSE
"U31814_at"	112	-4.6786799719162	89	167	0	38	0	0	FALSE
"U31875_at"	1728	0.27051216280099	1563	2544	0	38	0	2	FALSE
"U31930_at"	398	-2.86051504942938	279	473	0	38	0	0	FALSE
"U32519_at"	730	-1.78850139153778	546	850	0	38	0	0	FALSE
"U32645_at"	2116	0.995322052548163	1794	2239	0	38	0	0	FALSE
"U32680_at"	2368	1.50484596397524	2212	2485	0	38	0	0	FALSE
"U32849_at"	1063	-0.965902669477123	897	1253	0	38	0	0	FALSE
"U32944_at"	18	-6.61289695136261	4	34	32	38	0.842105263157895	0	TRUE
"U33053_at"	2461	1.72698428310882	2309	2655	0	38	0	0	FALSE
"U33147_at"	1361	-0.384928102481364	1137	1609	0	38	0	1	FALSE
"U33286_at"	224	-3.81878512679725	103	277	0	38	0	0	FALSE
"U33429_at"	2738	2.67808953810304	2642	2820	0	38	0	0	FALSE
"U33821_at"	2871	3.38704229017343	2825	2937	0	38	0	0	FALSE
"U33822_at"	299	-3.36325365152412	257	351	0	38	0	0	FALSE
"U34252_at"	463	-2.65085426260482	190	559	0	38	0	0	FALSE
"U34605_at"	949	-1.21524981395846	762	1126	0	38	0	0	FALSE
"U34877_at"	2557	1.96183249146446	2471	2701	0	38	0	0	FALSE
"U34880_at"	2000	0.764560771419173	1871	2344	0	38	0	0	FALSE
"U34962_at"	2385	1.53984623908126	2209	2560	0	38	0	0	FALSE
"U35048_at"	1347	-0.421507891285335	958	1530	0	38	0	0	FALSE
"U35113_at"	312	-3.29388633186596	128	357	0	38	0	0	FALSE
"U35451_at"	100	-4.81786473366888	67	138	0	38	0	0	FALSE
"U36221_at"	1861	0.514306611289586	1672	2526	0	38	0	0	FALSE
"U36764_at"	1392	-0.327808619112393	1091	1631	0	38	0	1	FALSE
"U36798_at"	703	-1.86902469389422	450	841	0	38	0	0	FALSE
"U36922_at"	128	-4.48764369200837	108	158	0	38	0	0	FALSE
"U37012_at"	916	-1.29954708513052	672	1107	0	38	0	0	FALSE
"U37022_rna1_at"	656	-1.99905185352774	541	768	0	38	0	0	FALSE
"U37122_at"	705	-1.86233333351623	566	829	0	38	0	0	FALSE
"U37219_at"	2496	1.80786629285161	2364	2692	0	38	0	0	FALSE
"U37248_at"	2016	0.787326966639615	1840	2240	0	38	0	0	FALSE
"U37251_at"	1367	-0.378420681883764	1203	1655	0	38	0	1	FALSE
"U37352_at"	162	-4.19465841859578	121	197	0	38	0	0	FALSE
"U37408_at"	434	-2.71464623582783	361	550	0	38	0	0	FALSE
"U37518_at"	2671	2.38515286129302	2559	2731	0	38	0	0	FALSE
"U37519_at"	2032	0.812851350754522	1843	2441	0	38	0	0	FALSE
"U37547_at"	1263	-0.562365033479935	1034	1459	0	38	0	0	FALSE
"U37689_at"	572	-2.2628217027769	439	714	0	38	0	0	FALSE
"U37707_at"	2001	0.765175637220798	1835	2137	0	38	0	0	FALSE
"U38175_at"	1438	-0.240777644221491	1184	1661	0	38	0	3	FALSE
"U38268_at"	2184	1.12361689835122	1980	2592	0	38	0	0	FALSE
"U38846_at"	56	-5.64931001013641	29	81	0	38	0	0	FALSE
"U38847_at"	718	-1.82275910692639	415	845	0	38	0	0	FALSE
"U38980_at"	2190	1.13311322462698	2028	2403	0	38	0	0	FALSE
"U39317_at"	1342	-0.432408128955125	1152	1553	0	38	0	0	FALSE
"U39400_at"	914	-1.30470930594587	777	1132	0	38	0	0	FALSE
"U39412_at"	2792	2.90267781215238	2719	2896	0	38	0	0	FALSE
"U39573_at"	2218	1.20544660818312	1939	2422	0	38	0	0	FALSE
"U39905_at"	1827	0.458372456423519	1670	2268	0	38	0	0	FALSE
"U40282_at"	2114	0.993068668013273	1901	2250	0	38	0	0	FALSE
"U40343_at"	770	-1.65336786904404	507	927	0	38	0	0	FALSE
"U40369_rna1_at"	2986	4.47845558072858	2959	3012	0	38	0	0	FALSE
"U40391_rna1_at"	2228	1.22722354743758	2085	2507	0	38	0	0	FALSE
"U40434_at"	2460	1.72697701053268	2381	2566	0	38	0	0	FALSE
"U40462_at"	133	-4.39384003086047	54	179	0	38	0	0	FALSE
"U40490_at"	769	-1.65653218791419	544	932	0	38	0	0	FALSE
"U40714_at"	2822	3.07036405216014	2758	2954	0	38	0	0	FALSE
"U40990_at"	1870	0.523944593575184	1712	2167	0	38	0	0	FALSE
"U40998_at"	2462	1.72902960127385	2323	2652	0	38	0	0	FALSE
"U41344_at"	1554	-0.0172837024804245	1082	1669	0	38	0	17	FALSE
"U41387_at"	1892	0.554999098265489	1703	2156	0	38	0	0	FALSE
"U41515_at"	458	-2.65384840301834	333	542	0	38	0	0	FALSE
"U41635_at"	2929	3.86564808062661	2865	3015	0	38	0	0	FALSE
"U41668_at"	381	-2.92834387629702	215	467	0	38	0	0	FALSE
"U41813_at"	2970	4.30260542850899	2944	3006	0	38	0	0	FALSE
"U42031_at"	803	-1.54912899734381	572	952	0	38	0	0	FALSE
"U42408_at"	1924	0.610147040919061	1350	2046	0	38	0	1	FALSE
"U43030_at"	2113	0.993007285204614	1978	2405	0	38	0	0	FALSE
"U43077_at"	2515	1.85195898482066	2346	2698	0	38	0	0	FALSE
"U43083_at"	2993	4.58822802047563	2963	3016	0	38	0	0	FALSE
"U43148_at"	1432	-0.249681451732733	1175	1614	0	38	0	1	FALSE
"U43177_at"	2054	0.859236452239394	1819	2258	0	38	0	0	FALSE
"U43286_at"	807	-1.5392677363538	674	966	0	38	0	0	FALSE
"U43519_at"	1470	-0.16287276983714	981	1615	0	38	0	4	FALSE
"U43522_at"	1913	0.588290736995244	1713	2286	0	38	0	0	FALSE
"U43527_at"	2097	0.95850130374288	1875	2275	0	38	0	0	FALSE
"U43586_at"	2337	1.44206284981968	2122	2520	0	38	0	0	FALSE
"U43899_at"	1912	0.587215173226973	1587	2073	0	38	0	1	FALSE
"U44059_at"	2395	1.56471750050949	2219	2593	0	38	0	0	FALSE
"U44772_at"	2932	3.89239803104842	2879	3004	0	38	0	0	FALSE
"U44839_at"	1720	0.261846776141311	1466	2092	0	38	0	2	FALSE
"U44975_at"	2504	1.82391972447355	2385	2604	0	38	0	0	FALSE
"U45285_at"	2164	1.08913076010735	1969	2372	0	38	0	0	FALSE
"U45955_at"	575	-2.25247357107767	506	648	0	38	0	0	FALSE
"U45976_at"	2907	3.66339789427072	2863	2945	0	38	0	0	FALSE
"U46194_at"	2584	2.06151625488012	2447	2844	0	38	0	0	FALSE
"U46499_at"	3033	6.24236237044855	3023	3048	0	38	0	0	FALSE
"U46569_at"	1522	-0.0744992906284064	1332	1850	0	38	0	11	FALSE
"U46571_at"	2061	0.874684159953011	1848	2287	0	38	0	0	FALSE
"U46692_rna1_at"	1654	0.134938559946091	1375	1967	0	38	0	6	FALSE
"U46751_at"	3011	5.03886535264129	2987	3034	0	38	0	0	FALSE
"U46901_at"	2881	3.49740601299646	2818	3018	0	38	0	0	FALSE
"U47101_at"	1237	-0.599031072062365	1063	1620	0	38	0	1	FALSE
"U47334_at"	2208	1.16832928776704	2086	2539	0	38	0	0	FALSE
"U47414_at"	604	-2.16892090916305	450	709	0	38	0	0	FALSE
"U47621_at"	1487	-0.136957898106247	1116	1676	0	38	0	7	FALSE
"U47634_at"	2045	0.832428720831437	1871	2517	0	38	0	0	FALSE
"U47635_at"	2322	1.40762137627035	2090	2520	0	38	0	0	FALSE
"U47742_at"	539	-2.37182282501235	274	664	0	38	0	0	FALSE
"U47927_at"	553	-2.31763330599051	424	667	0	38	0	0	FALSE
"U47931_at"	2448	1.7044197590399	2345	2694	0	38	0	0	FALSE
"U48251_at"	354	-3.06330356441928	287	431	0	38	0	0	FALSE
"U48296_at"	2564	1.98650610010697	2460	2673	0	38	0	0	FALSE
"U48405_at"	2802	2.97103544302605	2737	2907	0	38	0	0	FALSE
"U48408_at"	1285	-0.520430935185198	1062	1509	0	38	0	0	FALSE
"U48437_at"	1535	-0.0545755010022783	1374	1853	0	38	0	12	FALSE
"U48861_at"	1098	-0.890360719070612	896	1442	0	38	0	0	FALSE
"U48959_at"	956	-1.19868601158203	855	1235	0	38	0	0	FALSE
"U49070_at"	774	-1.64455110965687	586	951	0	38	0	0	FALSE
"U49089_at"	1891	0.554071862747707	1604	2082	0	38	0	0	FALSE
"U49188_at"	869	-1.39512019795565	695	1035	0	38	0	0	FALSE
"U49250_at"	2811	3.02226147927597	2743	2918	0	38	0	0	FALSE
"U49278_at"	2841	3.17540068128816	2778	3002	0	38	0	0	FALSE
"U49352_at"	726	-1.79716441659352	612	847	0	38	0	0	FALSE
"U49395_at"	251	-3.61717148772425	129	322	0	38	0	0	FALSE
"U49436_at"	2614	2.15530467729013	2521	2780	0	38	0	0	FALSE
"U49785_at"	1289	-0.513704451101517	1066	1632	0	38	0	1	FALSE
"U49837_at"	1650	0.133582043270279	1463	1964	0	38	0	7	FALSE
"U49844_at"	58	-5.59207894640907	9	73	1	38	0.0263157894736842	0	FALSE
"U49857_at"	968	-1.17499559218901	816	1142	0	38	0	0	FALSE
"U50078_at"	998	-1.10171077457793	717	1146	0	38	0	0	FALSE
"U50136_rna1_at"	3046	6.97029391331588	3034	3050	0	38	0	0	FALSE
"U50315_at"	2566	1.9997426586843	2385	2869	0	38	0	0	FALSE
"U50523_at"	2570	2.01971383993344	2457	2832	0	38	0	0	FALSE
"U50535_at"	1190	-0.696100219450583	1008	1392	0	38	0	0	FALSE
"U50553_at"	2476	1.76216590079688	2331	2661	0	38	0	0	FALSE
"U50733_at"	183	-4.03700029148201	135	233	0	38	0	0	FALSE
"U50743_at"	959	-1.19607852152723	811	1109	0	38	0	0	FALSE
"U50928_at"	62	-5.51512843979318	40	78	0	38	0	0	FALSE
"U50939_at"	142	-4.33569253789622	110	190	0	38	0	0	FALSE
"U51004_at"	2657	2.29033801604789	2502	2812	0	38	0	0	FALSE
"U51127_at"	2510	1.84249870875854	2393	2746	0	38	0	0	FALSE
"U51166_at"	150	-4.29312017179877	75	174	0	38	0	0	FALSE
"U51240_at"	1538	-0.0514712407339387	1222	1718	0	38	0	16	FALSE
"U51269_at"	1027	-1.02553002531302	895	1266	0	38	0	0	FALSE
"U51334_at"	1967	0.686776777673408	1690	2179	0	38	0	0	FALSE
"U51432_at"	1191	-0.695619222030443	973	1378	0	38	0	0	FALSE
"U51477_at"	1608	0.0681430764579047	1300	1970	0	38	0	10	FALSE
"U51478_at"	1180	-0.716173066364889	755	1354	0	38	0	0	FALSE
"U51586_at"	694	-1.8788084376171	535	798	0	38	0	0	FALSE
"U51587_at"	1014	-1.07185781385866	692	1153	0	38	0	0	FALSE
"U51678_at"	201	-3.92073082717896	46	265	0	38	0	0	FALSE
"U51903_at"	715	-1.8333847904088	533	818	0	38	0	0	FALSE
"U51990_at"	287	-3.40016010374165	110	353	0	38	0	0	FALSE
"U52101_at"	2787	2.88261674784523	2737	2861	0	38	0	0	FALSE
"U52112_rna5_at"	2280	1.3357610813202	2103	2582	0	38	0	0	FALSE
"U52426_at"	1333	-0.442435122444042	1114	1655	0	38	0	1	FALSE
"U52427_rna1_at"	271	-3.49318839525476	202	330	0	38	0	0	FALSE
"U52513_at"	2286	1.34857075663066	2088	2468	0	38	0	0	FALSE
"U52518_at"	1867	0.521519007413939	904	1985	0	38	0	1	FALSE
"U52522_at"	1379	-0.35616889208931	1099	1607	0	38	0	1	FALSE
"U52682_at"	344	-3.12712933215441	312	395	0	38	0	0	FALSE
"U52830_at"	1224	-0.62863501980763	1042	1525	0	38	0	0	FALSE
"U53003_at"	169	-4.10319132506056	127	210	0	38	0	0	FALSE
"U53209_at"	527	-2.4298427101901	389	617	0	38	0	0	FALSE
"U53786_at"	1788	0.388280531103245	1528	1999	0	38	0	1	FALSE
"U53830_at"	1747	0.30756662227943	1343	1914	0	38	0	2	FALSE
"U54778_at"	339	-3.14758170072892	178	426	0	38	0	0	FALSE
"U55258_at"	1805	0.415241058329473	1533	1935	0	38	0	2	FALSE
"U56244_at"	1295	-0.507911118933372	975	1444	0	38	0	0	FALSE
"U56417_at"	2410	1.5950368963546	2250	2724	0	38	0	0	FALSE
"U56418_at"	2735	2.66938143537495	2666	2942	0	38	0	0	FALSE
"U56637_at"	166	-4.13736448220168	103	223	0	38	0	0	FALSE
"U56816_at"	1813	0.429871651034148	1609	2285	0	38	0	0	FALSE
"U56833_at"	218	-3.84858412603821	131	269	0	38	0	0	FALSE
"U56998_at"	2030	0.808181597671445	1756	2202	0	38	0	0	FALSE
"U57094_at"	2923	3.82563312715388	2895	2995	0	38	0	0	FALSE
"U57316_at"	1537	-0.0522260582225853	1304	1863	0	38	0	13	FALSE
"U57342_at"	2690	2.46512291610576	2601	2931	0	38	0	0	FALSE
"U57450_at"	1633	0.114003356097475	1465	1915	0	38	0	9	FALSE
"U57592_at"	2849	3.22070149196295	2798	2971	0	38	0	0	FALSE
"U57650_at"	1736	0.28830063061058	1532	1897	0	38	0	2	FALSE
"U57911_at"	886	-1.36823450431778	766	1076	0	38	0	0	FALSE
"U58048_at"	2206	1.16275442846005	2024	2668	0	38	0	0	FALSE
"U58087_at"	445	-2.68814739782675	342	571	0	38	0	0	FALSE
"U58089_at"	1096	-0.894803459276405	840	1263	0	38	0	0	FALSE
"U58130_at"	1854	0.502079813530681	1642	2053	0	38	0	0	FALSE
"U58681_at"	2656	2.28927456884577	2556	2744	0	38	0	0	FALSE
"U58766_at"	753	-1.6950680076189	594	897	0	38	0	0	FALSE
"U58970_at"	2219	1.20999171281435	2088	2574	0	38	0	0	FALSE
"U59302_at"	1032	-1.01740324706239	907	1331	0	38	0	0	FALSE
"U59309_at"	538	-2.37825689949199	427	644	0	38	0	0	FALSE
"U59321_at"	1141	-0.789367836711507	728	1263	0	38	0	0	FALSE
"U59423_at"	798	-1.55832111614119	636	965	0	38	0	0	FALSE
"U59736_at"	2077	0.927499579713284	1924	2513	0	38	0	0	FALSE
"U59878_at"	2578	2.03714216608897	2465	2773	0	38	0	0	FALSE
"U60115_at"	279	-3.4437874863543	124	366	0	38	0	0	FALSE
"U60269_cds3_at"	2743	2.68618372607001	2682	2866	0	38	0	0	FALSE
"U60325_at"	635	-2.06104648726741	508	727	0	38	0	0	FALSE
"U60644_at"	2862	3.30049282514202	2779	2946	0	38	0	0	FALSE
"U60800_at"	1324	-0.460487638690341	828	1592	0	38	0	1	FALSE
"U60975_at"	2100	0.962148225448492	1851	2356	0	38	0	0	FALSE
"U61145_at"	469	-2.62852172639237	319	569	0	38	0	0	FALSE
"U61166_at"	2705	2.52934704520676	2637	2824	0	38	0	0	FALSE
"U61234_at"	1545	-0.0366997287208578	1286	1826	0	38	0	18	FALSE
"U61263_at"	1843	0.481367250638409	1651	2071	0	38	0	0	FALSE
"U61836_at"	2911	3.68701024434444	2861	2968	0	38	0	0	FALSE
"U62136_at"	16	-6.67509959743064	2	29	32	38	0.842105263157895	0	TRUE
"U62317_rna7_at"	1048	-0.987261590319995	755	1206	0	38	0	0	FALSE
"U62433_at"	2497	1.80881726183145	2363	2694	0	38	0	0	FALSE
"U62962_at"	1039	-0.999935936607596	861	1251	0	38	0	0	FALSE
"U63455_at"	2347	1.45592069087143	2220	2770	0	38	0	0	FALSE
"U63541_at"	2300	1.36509602674558	2113	2738	0	38	0	0	FALSE
"U63743_at"	1213	-0.655066113860236	997	1426	0	38	0	0	FALSE
"U63825_at"	521	-2.43719496971803	373	623	0	38	0	0	FALSE
"U63842_at"	1319	-0.467193954723876	1092	1707	0	38	0	1	FALSE
"U64105_at"	1456	-0.194370129801405	1241	1724	0	38	0	4	FALSE
"U64675_at"	1247	-0.578844120400783	754	1414	0	38	0	0	FALSE
"U64998_at"	2295	1.35861428160157	2029	2392	0	38	0	0	FALSE
"U65093_at"	2731	2.63680203496632	2623	2875	0	38	0	0	FALSE
"U65402_at"	1460	-0.189201208298665	1313	2127	0	38	0	1	FALSE
"U65579_at"	908	-1.31256147657816	647	1032	0	38	0	0	FALSE
"U65581_at"	2488	1.79231508734543	2343	2606	0	38	0	0	FALSE
"U65676_at"	1120	-0.838874515579701	970	1578	0	38	0	1	FALSE
"U65785_at"	1621	0.0885546492378014	1129	1842	0	38	0	8	FALSE
"U65928_at"	64	-5.46166103705333	41	85	0	38	0	0	FALSE
"U65932_at"	438	-2.70836153005815	344	526	0	38	0	0	FALSE
"U66048_at"	1481	-0.143150193010315	1198	1766	0	38	0	4	FALSE
"U66059_cds7_at"	1419	-0.272538950364862	1227	1698	0	38	0	2	FALSE
"U66406_at"	1294	-0.508362482503809	1077	1577	0	38	0	0	FALSE
"U66464_at"	333	-3.18784817194609	225	407	0	38	0	0	FALSE
"U66468_at"	2142	1.03660941786388	1886	2292	0	38	0	0	FALSE
"U66559_at"	1138	-0.796241885385266	918	1323	0	38	0	0	FALSE
"U66615_at"	1637	0.11996577733151	1444	1981	0	38	0	10	FALSE
"U66616_at"	1246	-0.581065541359105	1011	1560	0	38	0	0	FALSE
"U66618_at"	1551	-0.0229219424728196	1251	1726	0	38	0	22	FALSE
"U66838_at"	2806	3.00654504457002	2754	2890	0	38	0	0	FALSE
"U67171_at"	727	-1.79199968213791	618	857	0	38	0	0	FALSE
"U67674_at"	1404	-0.296420227419273	1185	1710	0	38	0	1	FALSE
"U67963_at"	3036	6.4162178354415	3029	3046	0	38	0	0	FALSE
"U68018_at"	629	-2.08367077890193	456	740	0	38	0	0	FALSE
"U68019_at"	2334	1.43507599703543	2095	2453	0	38	0	0	FALSE
"U68063_at"	138	-4.35771097562562	93	203	0	38	0	0	FALSE
"U68142_at"	1155	-0.761182607110895	716	1381	0	38	0	0	FALSE
"U68233_at"	835	-1.46544172231458	541	1008	0	38	0	0	FALSE
"U68485_at"	626	-2.08603265955454	493	755	0	38	0	0	FALSE
"U68494_at"	2726	2.6146216853254	2608	2935	0	38	0	0	FALSE
"U68566_at"	358	-3.0356337367639	262	420	0	38	0	0	FALSE
"U68723_at"	670	-1.95782724457229	445	789	0	38	0	0	FALSE
"U69141_at"	710	-1.84107325918658	430	823	0	38	0	0	FALSE
"U69546_at"	1598	0.0478013001252105	1408	1969	0	38	0	13	FALSE
"U69645_at"	926	-1.27832165526851	783	1165	0	38	0	0	FALSE
"U70063_at"	2870	3.37881146403712	2789	2935	0	38	0	0	FALSE
"U70321_at"	2178	1.11234786383153	1989	2470	0	38	0	0	FALSE
"U70322_at"	464	-2.64878985816131	370	564	0	38	0	0	FALSE
"U70323_at"	1376	-0.361880076778534	1119	1597	0	38	0	0	FALSE
"U70426_at"	945	-1.22897977763155	805	1193	0	38	0	0	FALSE
"U70451_at"	1232	-0.60793897965058	1049	1962	0	38	0	1	FALSE
"U70660_at"	1632	0.110706121167013	1386	2051	0	38	0	7	FALSE
"U70663_at"	2716	2.58494358568845	2619	2793	0	38	0	0	FALSE
"U70671_at"	1496	-0.11874665898572	1266	2118	0	38	0	3	FALSE
"U70732_rna1_at"	1899	0.566238688167142	1428	2064	0	38	0	1	FALSE
"U70735_at"	717	-1.83259137118487	362	776	0	38	0	0	FALSE
"U70867_at"	2751	2.70821829942513	2664	2860	0	38	0	0	FALSE
"U71088_at"	1700	0.211145707114871	1447	1943	0	38	0	4	FALSE
"U71364_at"	1898	0.563359050470839	1478	2124	0	38	0	1	FALSE
"U71598_at"	2386	1.54091164889715	2205	2649	0	38	0	0	FALSE
"U72206_at"	1464	-0.17786812878384	1307	1891	0	38	0	3	FALSE
"U72342_at"	51	-5.77197672147374	17	66	1	38	0.0263157894736842	0	FALSE
"U72507_at"	586	-2.20297548888349	518	685	0	38	0	0	FALSE
"U72508_at"	1331	-0.445382700409127	1180	2163	0	38	0	1	FALSE
"U72511_at"	1568	0.0118706978348035	1251	1899	0	38	0	17	FALSE
"U72515_at"	2424	1.63084140768994	2214	2612	0	38	0	0	FALSE
"U72517_at"	1384	-0.341126220987228	1255	1802	0	38	0	1	FALSE
"U72621_at"	2311	1.38624539708588	2087	2471	0	38	0	0	FALSE
"U72661_at"	2715	2.58229043493428	2614	2773	0	38	0	0	FALSE
"U72761_at"	1677	0.166594886476393	1416	1925	0	38	0	5	FALSE
"U73167_cds5_at"	367	-3.00175185439008	154	436	0	38	0	0	FALSE
"U73328_at"	2791	2.89867137287924	2735	2854	0	38	0	0	FALSE
"U73377_at"	2593	2.07982045079515	2442	2798	0	38	0	0	FALSE
"U73379_at"	1349	-0.41161521728252	1049	1547	0	38	0	0	FALSE
"U73737_at"	25	-6.2025093872774	16	40	3	38	0.0789473684210526	0	FALSE
"U73799_at"	1486	-0.139059080970834	1220	2102	0	38	0	3	FALSE
"U73824_at"	1697	0.204007587749992	1480	1929	0	38	0	5	FALSE
"U73960_at"	2963	4.22538216471052	2927	2988	0	38	0	0	FALSE
"U74667_at"	1852	0.5003166162232	1655	2115	0	38	0	0	FALSE
"U75362_at"	1050	-0.98509454321914	925	1313	0	38	0	0	FALSE
"U75370_at"	423	-2.75200596547809	293	504	0	38	0	0	FALSE
"U75679_at"	641	-2.03981274140198	467	766	0	38	0	0	FALSE
"U75968_at"	893	-1.35518434241413	711	1047	0	38	0	0	FALSE
"U76010_at"	1265	-0.556772668137808	1122	1760	0	38	0	1	FALSE
"U76272_at"	661	-1.97577518099778	438	762	0	38	0	0	FALSE
"U76421_at"	898	-1.34489715227028	825	1077	0	38	0	0	FALSE
"U76638_at"	178	-4.05991329324715	117	220	0	38	0	0	FALSE
"U77396_at"	2997	4.65528899181407	2968	3029	0	38	0	0	FALSE
"U77413_at"	1652	0.134148190942549	1316	1847	0	38	0	3	FALSE
"U77456_at"	541	-2.36586871394284	258	651	0	38	0	0	FALSE
"U77718_at"	1142	-0.78693054057916	1004	1366	0	38	0	0	FALSE
"U77735_at"	1871	0.523948364805495	1541	2036	0	38	0	1	FALSE
"U77948_at"	176	-4.07157853521877	127	229	0	38	0	0	FALSE
"U77968_at"	2180	1.11380419923576	1939	2317	0	38	0	0	FALSE
"U78027_rna4_at"	1236	-0.60003424759662	1102	1480	0	38	0	0	FALSE
"U78095_at"	713	-1.83593925234437	533	869	0	38	0	0	FALSE
"U78190_rna1_at"	292	-3.38013239310729	248	347	0	38	0	0	FALSE
"U78521_at"	422	-2.75234889924197	369	530	0	38	0	0	FALSE
"U78524_at"	1175	-0.724052723515569	885	1343	0	38	0	0	FALSE
"U78525_at"	1994	0.741640322590535	1807	2575	0	38	0	0	FALSE
"U78556_at"	2205	1.16044874769199	2018	2354	0	38	0	0	FALSE
"U78575_at"	2127	1.0092940165479	1939	2241	0	38	0	0	FALSE
"U78798_at"	2509	1.8401112848967	2383	2666	0	38	0	0	FALSE
"U79251_at"	2020	0.795858654543837	1736	2167	0	38	0	0	FALSE
"U79252_at"	1596	0.0414981843257761	1444	2307	0	38	0	12	FALSE
"U79254_at"	239	-3.71926134111385	90	287	0	38	0	0	FALSE
"U79255_at"	1749	0.308293314848964	1322	1890	0	38	0	2	FALSE
"U79259_at"	592	-2.19493726430407	389	703	0	38	0	0	FALSE
"U79260_at"	1310	-0.4850015553527	1016	1656	0	38	0	1	FALSE
"U79262_at"	544	-2.3472040508852	385	669	0	38	0	0	FALSE
"U79265_at"	2847	3.20626388377841	2795	2893	0	38	0	0	FALSE
"U79266_at"	1583	0.0232213657733122	1211	1834	0	38	0	15	FALSE
"U79270_at"	373	-2.97822639536372	214	419	0	38	0	0	FALSE
"U79273_at"	1905	0.577091049081494	1671	2116	0	38	0	0	FALSE
"U79274_at"	69	-5.39796419225617	46	96	0	38	0	0	FALSE
"U79275_at"	2594	2.08702596665951	2496	2857	0	38	0	0	FALSE
"U79285_at"	36	-6.05190577492891	20	50	1	38	0.0263157894736842	0	FALSE
"U79287_at"	587	-2.20078401550403	466	665	0	38	0	0	FALSE
"U79291_at"	73	-5.35587089861979	28	86	0	38	0	0	FALSE
"U79303_at"	1571	0.0136723238960405	1398	1911	0	38	0	16	FALSE
"U79718_at"	783	-1.61181369118289	635	936	0	38	0	0	FALSE
"U79725_at"	1420	-0.270635339242227	1247	1725	0	38	0	2	FALSE
"U80017_rna3_at"	1792	0.395348818697083	1576	2058	0	38	0	0	FALSE
"U80073_at"	2928	3.85060877974716	2895	2984	0	38	0	0	FALSE
"U80457_at"	204	-3.90540823930789	104	244	0	38	0	0	FALSE
"U81001_at"	296	-3.36690065142235	216	379	0	38	0	0	FALSE
"U81006_at"	1308	-0.487203397400037	1133	1572	0	38	0	0	FALSE
"U81375_at"	2401	1.58410464573288	2228	2511	0	38	0	0	FALSE
"U81554_at"	3006	4.91685964017331	2994	3019	0	38	0	0	FALSE
"U81556_at"	95	-4.90752968502101	70	125	0	38	0	0	FALSE
"U81599_at"	2489	1.79290669475231	2378	2614	0	38	0	0	FALSE
"U81600_at"	2284	1.34736976810675	2140	2431	0	38	0	0	FALSE
"U81607_at"	782	-1.61224802072146	277	894	0	38	0	0	FALSE
"U81802_at"	1555	-0.0139904369692074	1333	1803	0	38	0	19	FALSE
"U82010_rna1_at"	584	-2.20716959017475	361	718	0	38	0	0	FALSE
"U82169_at"	2539	1.91306571042263	2394	2816	0	38	0	0	FALSE
"U82275_at"	775	-1.63465101230669	505	880	0	38	0	0	FALSE
"U82303_at"	764	-1.67189870635393	471	877	0	38	0	0	FALSE
"U82311_at"	1977	0.7092320212066	1798	2411	0	38	0	0	FALSE
"U82613_at"	548	-2.33483982464555	240	629	0	38	0	0	FALSE
"U82671_cds2_at"	1740	0.292970621359605	1460	1948	0	38	0	2	FALSE
"U82759_at"	3043	6.82302196005656	3035	3047	0	38	0	0	FALSE
"U83115_at"	1082	-0.925569686536306	756	1220	0	38	0	0	FALSE
"U83192_at"	2240	1.2565691004577	2107	2658	0	38	0	0	FALSE
"U83246_at"	698	-1.87525139952946	494	806	0	38	0	0	FALSE
"U83303_cds2_at"	1202	-0.668176507933904	844	1366	0	38	0	0	FALSE
"U83463_at"	2589	2.06906184132092	2443	2724	0	38	0	0	FALSE
"U83843_at"	211	-3.8703935671054	94	254	0	38	0	0	FALSE
"U84569_at"	2467	1.74150928632843	2295	2828	0	38	0	0	FALSE
"U84720_at"	1277	-0.536865587608935	952	1433	0	38	0	0	FALSE
"U85245_at"	1748	0.308039230344713	1533	2055	0	38	0	3	FALSE
"U85611_at"	2112	0.987992863027224	1956	2340	0	38	0	0	FALSE
"U85767_at"	2996	4.65251344333686	2947	3019	0	38	0	0	FALSE
"U85992_at"	2056	0.861579288776225	1887	2543	0	38	0	0	FALSE
"U86409_at"	1444	-0.230306489731979	1199	1729	0	38	0	2	FALSE
"U86602_at"	509	-2.46606666336355	392	605	0	38	0	0	FALSE
"U87408_at"	1259	-0.56734868633486	1075	1616	0	38	0	1	FALSE
"U87972_at"	993	-1.11232013825907	585	1126	0	38	0	0	FALSE
"U88047_at"	2820	3.06943124941145	2760	2888	0	38	0	0	FALSE
"U88667_at"	2531	1.8913959708284	2382	2671	0	38	0	0	FALSE
"U88964_at"	476	-2.58695945830391	258	569	0	38	0	0	FALSE
"U89278_at"	1703	0.22341791272128	1404	1927	0	38	0	3	FALSE
"U89336_cds1_at"	1183	-0.712134553769904	981	1396	0	38	0	0	FALSE
"U89336_cds3_at"	1256	-0.570934542947524	1118	1618	0	38	0	1	FALSE
"U89336_cds4_at"	971	-1.16845996219609	816	1174	0	38	0	0	FALSE
"U89336_cds6_at"	1850	0.497662244237333	1500	2041	0	38	0	1	FALSE
"U89355_at"	684	-1.91354382750614	486	781	0	38	0	0	FALSE
"U89505_at"	261	-3.56432370279333	150	310	0	38	0	0	FALSE
"U89896_at"	961	-1.19137267335538	821	1182	0	38	0	0	FALSE
"U90306_at"	1984	0.72618938733391	1798	2395	0	38	0	0	FALSE
"U90426_at"	1786	0.385709112617608	1582	2053	0	38	0	0	FALSE
"U90547_at"	891	-1.36258322558208	707	1019	0	38	0	0	FALSE
"U90549_at"	222	-3.83040532628597	111	275	0	38	0	0	FALSE
"U90550_at"	1674	0.164969431996944	1474	1926	0	38	0	5	FALSE
"U90551_at"	651	-2.01035051827333	427	746	0	38	0	0	FALSE
"U90651_at"	360	-3.02459604225951	279	443	0	38	0	0	FALSE
"U90878_at"	1147	-0.778192856264892	918	1282	0	38	0	0	FALSE
"U90904_at"	346	-3.12296040705086	275	429	0	38	0	0	FALSE
"U90907_at"	574	-2.25273069555852	413	672	0	38	0	0	FALSE
"U90909_at"	1681	0.177048154828725	1437	1938	0	38	0	3	FALSE
"U90911_at"	1118	-0.842288342451472	945	1347	0	38	0	0	FALSE
"U90916_at"	1148	-0.77269403552867	803	1297	0	38	0	0	FALSE
"U90918_at"	2708	2.5430143662027	2604	2789	0	38	0	0	FALSE
"U91316_at"	382	-2.92757563202716	284	437	0	38	0	0	FALSE
"U91327_at"	1037	-1.00511800006853	875	1286	0	38	0	0	FALSE
"U91930_at"	743	-1.73963546600343	632	877	0	38	0	0	FALSE
"U91931_at"	1826	0.455621115143682	1624	2266	0	38	0	0	FALSE
"U91932_at"	1245	-0.584135604678813	1008	1493	0	38	0	0	FALSE
"U91985_at"	543	-2.35460286374185	303	627	0	38	0	0	FALSE
"U92014_at"	1645	0.12741405041847	1414	1966	0	38	0	7	FALSE
"U92436_at"	910	-1.30975405543457	644	1035	0	38	0	0	FALSE
"U92971_at"	2003	0.771053480951645	1845	2316	0	38	0	0	FALSE
"U93049_at"	865	-1.40515684583738	567	1000	0	38	0	0	FALSE
"U93205_at"	2411	1.59677685416071	2200	2662	0	38	0	0	FALSE
"U93237_rna2_at"	364	-3.01178183725885	275	419	0	38	0	0	FALSE
"U94319_at"	389	-2.89270068595755	234	462	0	38	0	0	FALSE
"U94586_at"	1421	-0.268946500483626	1087	1639	0	38	0	4	FALSE
"U94592_at"	1693	0.196843539136884	1492	1931	0	38	0	6	FALSE
"U94831_at"	1524	-0.0721288111631335	1316	1761	0	38	0	13	FALSE
"U94855_at"	216	-3.85192877055886	87	275	0	38	0	0	FALSE
"U95006_at"	940	-1.25129665147059	609	1127	0	38	0	0	FALSE
"U95040_at"	853	-1.43945845536029	610	979	0	38	0	0	FALSE
"U95740_rna1_at"	683	-1.91725857096546	375	778	0	38	0	0	FALSE
"U95740_rna2_at"	1181	-0.715169030789419	1049	1700	0	38	0	1	FALSE
"U96094_at"	2616	2.15966070904714	2516	2806	0	38	0	0	FALSE
"U96113_at"	1151	-0.767708284139046	941	1343	0	38	0	0	FALSE
"U96629_rna2_at"	1230	-0.609179274294404	1034	1630	0	38	0	1	FALSE
"U96915_at"	976	-1.14927657770538	798	1167	0	38	0	0	FALSE
"U97105_at"	90	-4.99257836994046	18	129	1	38	0.0263157894736842	0	FALSE
"V00563_at"	642	-2.03928720695814	408	744	0	38	0	0	FALSE
"V00572_at"	1208	-0.666047806469356	1002	1419	0	38	0	0	FALSE
"V01512_rna1_at"	1516	-0.0835360441850002	1334	1890	0	38	0	9	FALSE
"X00274_at"	1837	0.475585318626461	1661	2411	0	38	0	0	FALSE
"X01060_at"	2869	3.36234205556795	2798	2928	0	38	0	0	FALSE
"X01388_at"	1567	0.0105151364219691	1237	1776	0	38	0	18	FALSE
"X01630_at"	904	-1.3255893145654	625	1046	0	38	0	0	FALSE
"X01715_at"	2457	1.72265608226712	2348	2766	0	38	0	0	FALSE
"X02152_at"	906	-1.31583802200641	756	1086	0	38	0	0	FALSE
"X02317_at"	336	-3.15965415542993	242	394	0	38	0	0	FALSE
"X02530_at"	1853	0.501741956028489	1190	2170	0	38	0	1	FALSE
"X02596_at"	786	-1.60849914405215	595	954	0	38	0	0	FALSE
"X02874_at"	432	-2.72025309699368	337	510	0	38	0	0	FALSE
"X02910_at"	1394	-0.317823811937237	607	1580	0	38	0	1	FALSE
"X03072_at"	1737	0.288505018673472	1595	2173	0	38	0	0	FALSE
"X03100_cds2_at"	1764	0.339126442333112	1598	2176	0	38	0	0	FALSE
"X03473_at"	1599	0.0509196730655935	1169	1755	0	38	0	13	FALSE
"X03484_at"	2155	1.06507690851334	1912	2379	0	38	0	0	FALSE
"X03656_rna1_at"	1667	0.152178184831042	1423	1904	0	38	0	7	FALSE
"X03934_at"	220	-3.83402170418382	168	263	0	38	0	0	FALSE
"X04011_at"	1260	-0.565601536424022	1013	1428	0	38	0	0	FALSE
"X04085_rna1_at"	3031	6.09642690419014	3018	3043	0	38	0	0	FALSE
"X04106_at"	2450	1.70817308309284	2266	2708	0	38	0	0	FALSE
"X04145_at"	377	-2.95937662606437	330	443	0	38	0	0	FALSE
"X04201_at"	1264	-0.557784650308013	992	1416	0	38	0	0	FALSE
"X04327_at"	2193	1.13936296656987	1986	2399	0	38	0	0	FALSE
"X04366_at"	1033	-1.01678046258674	886	1281	0	38	0	0	FALSE
"X04391_at"	1888	0.549275571111896	1682	2149	0	38	0	0	FALSE
"X04412_at"	1963	0.680637111520787	1739	2201	0	38	0	0	FALSE
"X04500_at"	2361	1.49798799338208	2175	2483	0	38	0	0	FALSE
"X04828_at"	2266	1.31451852867789	2084	2749	0	38	0	0	FALSE
"X05196_at"	1145	-0.779429755598392	892	1386	0	38	0	0	FALSE
"X05276_at"	842	-1.450704991478	696	1015	0	38	0	0	FALSE
"X05323_at"	170	-4.10200344893888	76	241	0	38	0	0	FALSE
"X05409_at"	2659	2.29409120092901	2519	2705	0	38	0	0	FALSE
"X05908_at"	2917	3.7637347852632	2881	3014	0	38	0	0	FALSE
"X06256_at"	2010	0.77677744812476	1189	2103	0	38	0	1	FALSE
"X06323_at"	472	-2.59833876102806	387	581	0	38	0	0	FALSE
"X06482_at"	2429	1.64162498505463	2157	2497	0	38	0	0	FALSE
"X06614_at"	2785	2.859688297209	2684	2897	0	38	0	0	FALSE
"X06745_at"	205	-3.90069935485183	138	241	0	38	0	0	FALSE
"X06985_at"	3009	4.95299327572206	2985	3027	0	38	0	0	FALSE
"X07109_at"	779	-1.62311749366046	646	949	0	38	0	0	FALSE
"X07290_at"	2200	1.15325356640399	2010	2469	0	38	0	0	FALSE
"X07315_at"	624	-2.08987806498862	512	693	0	38	0	0	FALSE
"X07743_at"	3039	6.7422299860193	3034	3046	0	38	0	0	FALSE
"X07767_at"	972	-1.1665891289	508	1095	0	38	0	0	FALSE
"X07834_at"	2812	3.02393718441218	2741	2862	0	38	0	0	FALSE
"X07979_at"	1109	-0.866874613363143	931	1409	0	38	0	0	FALSE
"X12433_at"	2471	1.74974803273088	2329	2638	0	38	0	0	FALSE
"X12447_at"	2639	2.22110541099979	2516	2837	0	38	0	0	FALSE
"X12451_at"	2908	3.66453003507139	2866	2985	0	38	0	0	FALSE
"X12492_at"	2749	2.70169097789888	2691	2814	0	38	0	0	FALSE
"X12791_at"	620	-2.09514018599689	514	734	0	38	0	0	FALSE
"X13238_at"	320	-3.25902350178257	105	376	0	38	0	0	FALSE
"X13293_at"	1678	0.166797923842649	1412	1883	0	38	0	3	FALSE
"X13334_at"	2126	1.00893503417363	1637	2199	0	38	0	0	FALSE
"X13444_at"	1998	0.754887379596733	1814	2321	0	38	0	0	FALSE
"X13482_at"	680	-1.92388680386824	509	768	0	38	0	0	FALSE
"X13546_rna1_at"	991	-1.1169561885816	795	1220	0	38	0	0	FALSE
"X13794_rna1_at"	567	-2.2697526895781	390	696	0	38	0	0	FALSE
"X13839_at"	2355	1.47811160021674	2140	2460	0	38	0	0	FALSE
"X13956_at"	338	-3.14873837839938	215	391	0	38	0	0	FALSE
"X13967_at"	1602	0.0618080075456045	1444	2042	0	38	0	9	FALSE
"X13973_at"	2920	3.79831081924165	2858	3022	0	38	0	0	FALSE
"X14046_at"	2935	3.93391271205343	2911	2978	0	38	0	0	FALSE
"X14329_at"	1743	0.301714866288657	1604	2680	0	38	0	0	FALSE
"X14448_at"	2530	1.89049579917504	2409	2649	0	38	0	0	FALSE
"X14675_at"	1219	-0.640614551489202	1033	1612	0	38	0	1	FALSE
"X14787_at"	2635	2.21053699175649	2526	2665	0	38	0	0	FALSE
"X14789_at"	2553	1.94437218464419	2435	2698	0	38	0	0	FALSE
"X14813_at"	931	-1.26422100402271	686	1050	0	38	0	0	FALSE
"X14850_at"	223	-3.82598222702093	172	289	0	38	0	0	FALSE
"X14975_at"	456	-2.65748871214518	380	529	0	38	0	0	FALSE
"X15183_at"	230	-3.77723466957693	115	269	0	38	0	0	FALSE
"X15187_at"	2374	1.51939202610248	2178	2643	0	38	0	0	FALSE
"X15357_at"	352	-3.0785074378878	252	438	0	38	0	0	FALSE
"X15393_rna1_at"	2698	2.49400147362197	2618	2813	0	38	0	0	FALSE
"X15414_at"	79	-5.24041995751103	45	105	0	38	0	0	FALSE
"X15573_at"	550	-2.32735122532172	496	638	0	38	0	0	FALSE
"X15822_at"	711	-1.84059883854143	292	805	0	38	0	0	FALSE
"X15875_at"	1642	0.123373372040074	1369	1917	0	38	0	8	FALSE
"X15880_at"	977	-1.14838990878742	769	1108	0	38	0	0	FALSE
"X15882_at"	2608	2.13827576403222	2491	2772	0	38	0	0	FALSE
"X15949_at"	17	-6.61414883993492	8	25	32	38	0.842105263157895	0	TRUE
"X16316_at"	720	-1.81928297285923	535	849	0	38	0	0	FALSE
"X16396_at"	1113	-0.857786368385944	859	1271	0	38	0	0	FALSE
"X16416_at"	1648	0.13155501121218	1449	1892	0	38	0	8	FALSE
"X16560_at"	505	-2.4823984087624	313	585	0	38	0	0	FALSE
"X16663_at"	1858	0.510927003789117	1657	2365	0	38	0	0	FALSE
"X16665_at"	2886	3.5199743144843	2835	2980	0	38	0	0	FALSE
"X16667_at"	2882	3.49960881184562	2839	2935	0	38	0	0	FALSE
"X16706_at"	2775	2.80487586443737	2657	2841	0	38	0	0	FALSE
"X16832_at"	2741	2.68316043924651	2665	2841	0	38	0	0	FALSE
"X16983_at"	452	-2.66684357761047	276	526	0	38	0	0	FALSE
"X17025_at"	502	-2.4982681862206	412	571	0	38	0	0	FALSE
"X17042_at"	3026	5.88829128880565	3019	3042	0	38	0	0	FALSE
"X17094_at"	2914	3.71547498137436	2859	2974	0	38	0	0	FALSE
"X17254_at"	2494	1.80381083473844	2355	2872	0	38	0	0	FALSE
"X17620_at"	724	-1.80090723247102	642	827	0	38	0	0	FALSE
"X17651_at"	2249	1.27685875452082	2078	2438	0	38	0	0	FALSE
"X51521_at"	10	-7.06408474774184	1	23	37	38	0.973684210526316	0	TRUE
"X51757_at"	1077	-0.947151867077035	953	1496	0	38	0	0	FALSE
"X51956_rna1_at"	840	-1.4520522535881	553	968	0	38	0	0	FALSE
"X52056_at"	2946	4.02399442403747	2899	3001	0	38	0	0	FALSE
"X52151_at"	2666	2.34979063877826	2546	2783	0	38	0	0	FALSE
"X52192_at"	2967	4.27543469287871	2947	3000	0	38	0	0	FALSE
"X52425_at"	1427	-0.260182666823842	1206	1839	0	38	0	1	FALSE
"X52479_at"	2409	1.5935484212039	2260	2536	0	38	0	0	FALSE
"X52541_at"	2108	0.98417317198677	1891	2332	0	38	0	0	FALSE
"X52638_at"	2082	0.930742028054774	1813	2220	0	38	0	0	FALSE
"X52773_at"	1851	0.499604396509418	1393	1993	0	38	0	1	FALSE
"X52882_at"	692	-1.88231733146869	393	788	0	38	0	0	FALSE
"X52943_at"	2473	1.75376669109992	2309	2721	0	38	0	0	FALSE
"X52947_at"	1623	0.0912084395346683	1100	2096	0	38	0	3	FALSE
"X53331_at"	2746	2.69146097790946	2683	2831	0	38	0	0	FALSE
"X53416_at"	2855	3.25953557847027	2805	2947	0	38	0	0	FALSE
"X53586_rna1_at"	602	-2.17263087186929	402	685	0	38	0	0	FALSE
"X53793_at"	350	-3.10640963846204	254	423	0	38	0	0	FALSE
"X53795_at"	1844	0.484578260965322	1602	2121	0	38	0	0	FALSE
"X53961_at"	2109	0.984916977689677	1648	2181	0	38	0	0	FALSE
"X54232_at"	1558	-0.00916598128010928	1393	1965	0	38	0	16	FALSE
"X54304_at"	582	-2.22016366209195	430	648	0	38	0	0	FALSE
"X54326_at"	103	-4.7933864677337	84	140	0	38	0	0	FALSE
"X54870_at"	353	-3.07104399559745	283	407	0	38	0	0	FALSE
"X54938_at"	1908	0.581262541291317	1724	2394	0	38	0	0	FALSE
"X54941_at"	662	-1.9714184074769	551	797	0	38	0	0	FALSE
"X54942_at"	596	-2.18460812464711	433	718	0	38	0	0	FALSE
"X55079_rna1_at"	2548	1.93801618465749	2373	2827	0	38	0	0	FALSE
"X55666_at"	2357	1.49386878808261	2212	2795	0	38	0	0	FALSE
"X55668_at"	2653	2.27352284378072	2487	2687	0	38	0	0	FALSE
"X55733_at"	897	-1.34927994102066	751	1083	0	38	0	0	FALSE
"X55740_at"	524	-2.43199613068361	463	609	0	38	0	0	FALSE
"X55885_at"	654	-2.00266053824142	491	764	0	38	0	0	FALSE
"X56199_at"	2285	1.34851816808761	2121	2493	0	38	0	0	FALSE
"X56253_rna1_at"	2514	1.84915927708167	2303	2690	0	38	0	0	FALSE
"X56468_at"	53	-5.76416924522957	21	66	0	38	0	0	FALSE
"X56494_at"	1557	-0.0130007977683298	1362	2125	0	38	0	13	FALSE
"X56667_at"	1255	-0.571712735909788	1043	1521	0	38	0	0	FALSE
"X57129_at"	1835	0.467309479432666	1308	1996	0	38	0	1	FALSE
"X57206_at"	236	-3.73267089705966	199	270	0	38	0	0	FALSE
"X57346_at"	850	-1.44266081306261	711	984	0	38	0	0	FALSE
"X57398_at"	2081	0.929986992397219	1894	2362	0	38	0	0	FALSE
"X57522_at"	605	-2.16728577423786	408	689	0	38	0	0	FALSE
"X57766_at"	1590	0.0341572711581355	1418	1988	0	38	0	14	FALSE
"X58255_at"	2418	1.619529588253	2245	2696	0	38	0	0	FALSE
"X58288_at"	862	-1.41641858426976	772	1059	0	38	0	0	FALSE
"X58521_at"	737	-1.7655633458603	606	879	0	38	0	0	FALSE
"X58529_at"	372	-2.98228134779339	180	466	0	38	0	0	FALSE
"X59350_at"	29	-6.08499554255932	2	57	6	38	0.157894736842105	0	FALSE
"X59417_at"	78	-5.27376697416137	12	105	1	38	0.0263157894736842	0	FALSE
"X59434_at"	2783	2.84745262694378	2718	2942	0	38	0	0	FALSE
"X59834_at"	1999	0.75867993522521	1702	2180	0	38	0	0	FALSE
"X59841_at"	1777	0.362223545906315	1460	1998	0	38	0	2	FALSE
"X59871_at"	123	-4.56650075159922	100	152	0	38	0	0	FALSE
"X59892_at"	2894	3.5740400380103	2857	2936	0	38	0	0	FALSE
"X60188_at"	2366	1.50350677231565	2194	2538	0	38	0	0	FALSE
"X60221_at"	643	-2.03804538561868	416	768	0	38	0	0	FALSE
"X60483_at"	1348	-0.413162878057324	1017	1510	0	38	0	0	FALSE
"X60486_at"	1542	-0.0452157605162468	1223	1800	0	38	0	13	FALSE
"X60592_at"	2419	1.62018571423401	2263	2567	0	38	0	0	FALSE
"X60673_rna1_at"	2693	2.47612406926858	2588	2809	0	38	0	0	FALSE
"X60708_at"	1092	-0.900663532898268	959	1534	0	38	0	0	FALSE
"X60957_at"	1901	0.571338270522346	1625	2153	0	38	0	0	FALSE
"X60992_at"	678	-1.93231582074666	504	774	0	38	0	0	FALSE
"X61072_at"	987	-1.12388749316022	777	1226	0	38	0	0	FALSE
"X61118_rna1_at"	2525	1.87727857816567	2392	2732	0	38	0	0	FALSE
"X61123_at"	709	-1.84118073824213	606	859	0	38	0	0	FALSE
"X61587_at"	3023	5.65887019002834	3016	3032	0	38	0	0	FALSE
"X61615_at"	2115	0.99527956544814	1931	2348	0	38	0	0	FALSE
"X61970_at"	129	-4.47064280733923	89	165	0	38	0	0	FALSE
"X62025_rna1_at"	2181	1.11481632317222	2011	2560	0	38	0	0	FALSE
"X62055_at"	1601	0.0539631048632506	1403	1920	0	38	0	13	FALSE
"X62078_at"	2612	2.15091408836166	2456	2733	0	38	0	0	FALSE
"X62320_at"	3020	5.53511263485702	3008	3029	0	38	0	0	FALSE
"X62466_at"	646	-2.02620303370689	364	775	0	38	0	0	FALSE
"X62535_at"	31	-6.06975434697812	7	50	2	38	0.0526315789473684	0	FALSE
"X62573_at"	2940	3.98437549202267	2916	2969	0	38	0	0	FALSE
"X62654_rna1_at"	3040	6.76000429842915	3037	3046	0	38	0	0	FALSE
"X62744_at"	2281	1.33882997684449	2173	2692	0	38	0	0	FALSE
"X63359_at"	2485	1.78347727562007	2295	2662	0	38	0	0	FALSE
"X63417_at"	2782	2.84301461921526	2693	2869	0	38	0	0	FALSE
"X63422_at"	2151	1.05741565732658	1924	2391	0	38	0	0	FALSE
"X63469_at"	40	-5.98169996022887	11	58	1	38	0.0263157894736842	0	FALSE
"X63563_at"	772	-1.64821454000939	620	921	0	38	0	0	FALSE
"X63679_at"	2382	1.53278460352714	2226	2612	0	38	0	0	FALSE
"X63692_at"	588	-2.19995261036517	496	683	0	38	0	0	FALSE
"X63753_at"	32	-6.05996911139381	12	56	2	38	0.0526315789473684	0	FALSE
"X63755_at"	610	-2.12794837505684	452	688	0	38	0	0	FALSE
"X64037_at"	2404	1.58851900022684	2253	2523	0	38	0	0	FALSE
"X64044_at"	2220	1.21106811447766	2063	2478	0	38	0	0	FALSE
"X64229_at"	2405	1.58952259321572	2188	2634	0	38	0	0	FALSE
"X64269_at"	1941	0.64306804175671	1762	2402	0	38	0	0	FALSE
"X64330_at"	310	-3.29579732822545	231	374	0	38	0	0	FALSE
"X64364_at"	2984	4.44155607349123	2963	2996	0	38	0	0	FALSE
"X64594_at"	2628	2.19085497117929	2444	2673	0	38	0	0	FALSE
"X64838_at"	746	-1.7266057727151	533	866	0	38	0	0	FALSE
"X65614_at"	2398	1.57367852007394	2216	2542	0	38	0	0	FALSE
"X65867_at"	754	-1.69351020621108	576	844	0	38	0	0	FALSE
"X65873_at"	513	-2.45471718690779	397	650	0	38	0	0	FALSE
"X65977_at"	2139	1.02814094271405	1715	2193	0	38	0	0	FALSE
"X66079_at"	274	-3.48618075540789	197	338	0	38	0	0	FALSE
"X66363_at"	2375	1.51948571666985	2215	2644	0	38	0	0	FALSE
"X66364_at"	1530	-0.0658503021919548	1289	1708	0	38	0	15	FALSE
"X66365_at"	1134	-0.803607275879987	996	1371	0	38	0	0	FALSE
"X66397_at"	362	-3.01618777750468	251	446	0	38	0	0	FALSE
"X66401_cds1_at"	72	-5.36932951691591	20	84	1	38	0.0263157894736842	0	FALSE
"X66403_at"	2294	1.35660646723916	2200	2857	0	38	0	0	FALSE
"X66417_at"	2335	1.43528807560826	2178	2691	0	38	0	0	FALSE
"X66436_at"	1822	0.44661146864692	1626	2078	0	38	0	0	FALSE
"X66503_at"	228	-3.78053548056116	149	260	0	38	0	0	FALSE
"X66533_at"	304	-3.32993482167802	255	348	0	38	0	0	FALSE
"X66534_at"	485	-2.56633476781569	325	561	0	38	0	0	FALSE
"X66839_at"	1587	0.0286457692881325	1197	1768	0	38	0	18	FALSE
"X66867_cds1_at"	242	-3.68712570880791	173	313	0	38	0	0	FALSE
"X66899_at"	167	-4.12774990656425	127	235	0	38	0	0	FALSE
"X66945_at"	401	-2.85392167132244	243	469	0	38	0	0	FALSE
"X67098_at"	2035	0.818361643447387	1818	2271	0	38	0	0	FALSE
"X67155_at"	780	-1.62138766090542	617	917	0	38	0	0	FALSE
"X67325_at"	855	-1.43789339008638	806	1042	0	38	0	0	FALSE
"X67594_at"	1531	-0.0657293524289699	1143	1723	0	38	0	9	FALSE
"X67698_at"	2927	3.84958484137616	2888	2986	0	38	0	0	FALSE
"X67951_at"	259	-3.58216146303506	111	332	0	38	0	0	FALSE
"X68194_at"	1173	-0.725232836783608	699	1335	0	38	0	0	FALSE
"X68277_at"	1199	-0.672591352159237	1005	1521	0	38	0	0	FALSE
"X68487_at"	1466	-0.174537945417099	1233	1673	0	38	0	6	FALSE
"X68560_at"	55	-5.73375071549537	13	71	1	38	0.0263157894736842	0	FALSE
"X68733_rna1_at"	1779	0.366959792349241	1568	1956	0	38	0	1	FALSE
"X68836_at"	944	-1.23163212020054	601	1072	0	38	0	0	FALSE
"X69111_at"	245	-3.65294750106866	126	299	0	38	0	0	FALSE
"X69141_at"	171	-4.09607217615736	115	220	0	38	0	0	FALSE
"X69398_at"	841	-1.45130258355499	717	993	0	38	0	0	FALSE
"X69433_at"	1209	-0.664774104936754	923	1428	0	38	0	0	FALSE
"X69550_at"	2831	3.11523769875357	2785	2909	0	38	0	0	FALSE
"X69699_at"	2532	1.89360347871716	2411	2737	0	38	0	0	FALSE
"X69819_at"	2770	2.76736501470876	2682	2908	0	38	0	0	FALSE
"X69838_at"	392	-2.888286193798	253	491	0	38	0	0	FALSE
"X69878_at"	2481	1.77574158880871	2310	2787	0	38	0	0	FALSE
"X69908_rna1_at"	946	-1.22454288252105	566	1112	0	38	0	0	FALSE
"X69910_at"	1176	-0.723046698413542	943	1400	0	38	0	0	FALSE
"X69978_at"	794	-1.56795605506092	241	951	0	38	0	0	FALSE
"X70040_at"	2868	3.35390101696293	2808	2909	0	38	0	0	FALSE
"X70070_at"	2925	3.83593716143861	2890	2996	0	38	0	0	FALSE
"X70218_at"	1820	0.440130262891956	1510	2285	0	38	0	1	FALSE
"X70297_at"	3010	4.96306400699581	2966	3040	0	38	0	0	FALSE
"X70394_at"	68	-5.40038926760683	18	108	1	38	0.0263157894736842	0	FALSE
"X70476_at"	316	-3.28250215262766	171	372	0	38	0	0	FALSE
"X70649_at"	289	-3.38976494105165	195	341	0	38	0	0	FALSE
"X70683_at"	363	-3.01386313956153	260	452	0	38	0	0	FALSE
"X70991_at"	1829	0.459724842798533	1548	2015	0	38	0	1	FALSE
"X71129_at"	1561	-0.00267724548868828	1297	1806	0	38	0	21	FALSE
"X71428_at"	1189	-0.697505164997183	977	1454	0	38	0	0	FALSE
"X71490_at"	313	-3.28734815396366	114	383	0	38	0	0	FALSE
"X71874_cds1_at"	731	-1.77967857280109	614	861	0	38	0	0	FALSE
"X71973_at"	2626	2.18178043065106	2537	2713	0	38	0	0	FALSE
"X72012_at"	1450	-0.202867247261272	946	1683	0	38	0	4	FALSE
"X72308_at"	2104	0.97452502216805	1900	2342	0	38	0	0	FALSE
"X72755_at"	1848	0.49313045270973	1659	2057	0	38	0	0	FALSE
"X72790_at"	369	-2.99453527819116	174	434	0	38	0	0	FALSE
"X72841_at"	802	-1.55348717251807	663	939	0	38	0	0	FALSE
"X74008_at"	193	-3.99693190614615	137	245	0	38	0	0	FALSE
"X74104_at"	1416	-0.275124045943313	1204	1658	0	38	0	3	FALSE
"X74262_at"	2	-7.41592877904187	1	11	38	38	1	0	TRUE
"X74295_at"	1742	0.294928697206703	1500	2070	0	38	0	2	FALSE
"X74328_rna1_at"	1301	-0.500697499944759	1032	1484	0	38	0	0	FALSE
"X74570_at"	2945	4.0035332120173	2898	3033	0	38	0	0	FALSE
"X74764_at"	1200	-0.669463507130402	1038	1548	0	38	0	0	FALSE
"X74794_at"	922	-1.28686977170754	694	1090	0	38	0	0	FALSE
"X74795_at"	964	-1.18030359191732	781	1165	0	38	0	0	FALSE
"X74801_at"	11	-6.9541272865567	1	15	38	38	1	0	TRUE
"X74837_at"	1774	0.359378841533332	1320	2231	0	38	0	1	FALSE
"X75042_at"	2968	4.27612559680834	2940	3008	0	38	0	0	FALSE
"X75208_at"	966	-1.17881099880732	788	1223	0	38	0	0	FALSE
"X75252_at"	812	-1.52719017337325	713	981	0	38	0	0	FALSE
"X75304_at"	1249	-0.576030303353212	1020	1509	0	38	0	0	FALSE
"X75315_at"	1680	0.176026550740227	1447	1864	0	38	0	5	FALSE
"X75342_at"	1501	-0.106058292117523	1333	1852	0	38	0	8	FALSE
"X75593_at"	2717	2.58780090881761	2663	2814	0	38	0	0	FALSE
"X75861_at"	2725	2.6145494647972	2626	2871	0	38	0	0	FALSE
"X75962_at"	627	-2.08543028458998	476	743	0	38	0	0	FALSE
"X76013_at"	1387	-0.334833506203521	1125	1741	0	38	0	1	FALSE
"X76040_at"	1212	-0.656039068933073	954	1395	0	38	0	0	FALSE
"X76059_at"	1578	0.01773814657846	1190	1791	0	38	0	22	FALSE
"X76104_at"	1584	0.0251497607170751	1348	1790	0	38	0	14	FALSE
"X76105_at"	1440	-0.236135248422155	818	1575	0	38	0	0	FALSE
"X76302_at"	750	-1.70633242071956	586	864	0	38	0	0	FALSE
"X76538_at"	603	-2.16988530892075	345	737	0	38	0	0	FALSE
"X76648_at"	61	-5.51998180098127	22	87	0	38	0	0	FALSE
"X76717_at"	1581	0.0226445481965352	1458	2028	0	38	0	20	FALSE
"X76732_at"	1944	0.648190689589062	1711	2148	0	38	0	0	FALSE
"X77094_at"	1242	-0.589293023983742	1117	1458	0	38	0	0	FALSE
"X77548_at"	2559	1.97074454631927	2381	2679	0	38	0	0	FALSE
"X77584_at"	2248	1.27650278608362	2079	2502	0	38	0	0	FALSE
"X77737_at"	2804	2.99514891193823	2712	2892	0	38	0	0	FALSE
"X77794_at"	934	-1.25756691542652	752	1090	0	38	0	0	FALSE
"X77909_at"	2320	1.40690436303759	2149	2520	0	38	0	0	FALSE
"X78031_at"	1322	-0.463484129769342	795	1509	0	38	0	0	FALSE
"X78136_at"	1825	0.45559243744525	1502	2002	0	38	0	1	FALSE
"X78549_at"	2187	1.12861779047556	2024	2455	0	38	0	0	FALSE
"X78627_at"	270	-3.49619294194116	208	330	0	38	0	0	FALSE
"X78706_at"	1982	0.723444625066606	1573	2100	0	38	0	0	FALSE
"X78817_at"	1713	0.250905324058102	1385	1947	0	38	0	3	FALSE
"X78924_at"	1824	0.452087672798505	1667	2199	0	38	0	0	FALSE
"X78925_at"	2856	3.27786551174306	2793	2970	0	38	0	0	FALSE
"X78992_at"	2537	1.90815872247539	2410	2694	0	38	0	0	FALSE
"X79066_at"	2324	1.41378777232814	2191	2550	0	38	0	0	FALSE
"X79067_at"	619	-2.10004125729054	407	733	0	38	0	0	FALSE
"X79353_at"	734	-1.7724846041617	544	882	0	38	0	0	FALSE
"X79439_at"	1617	0.0853126232839111	1401	1864	0	38	0	10	FALSE
"X79536_at"	1108	-0.872777669950692	844	1283	0	38	0	0	FALSE
"X79780_at"	2512	1.84698027429707	2366	2656	0	38	0	0	FALSE
"X79781_at"	1198	-0.677688328439672	1026	1660	0	38	0	1	FALSE
"X79865_at"	839	-1.45238059537171	656	1011	0	38	0	0	FALSE
"X79882_at"	1969	0.694327658644402	1565	2104	0	38	0	0	FALSE
"X79981_at"	2315	1.39125554046096	2154	2585	0	38	0	0	FALSE
"X80026_at"	2755	2.71764340338183	2695	2866	0	38	0	0	FALSE
"X80198_at"	1647	0.130490759012723	1429	1931	0	38	0	5	FALSE
"X80199_at"	791	-1.57517583080693	282	919	0	38	0	0	FALSE
"X80200_at"	1217	-0.645203533461145	1045	1425	0	38	0	0	FALSE
"X80230_at"	155	-4.23525885939701	99	199	0	38	0	0	FALSE
"X80497_at"	2551	1.94019401482687	2428	2689	0	38	0	0	FALSE
"X80692_at"	1765	0.341525351460492	1570	2405	0	38	0	0	FALSE
"X80695_at"	2238	1.25360629241178	2039	2442	0	38	0	0	FALSE
"X80907_at"	2754	2.71696383820235	2673	2979	0	38	0	0	FALSE
"X80910_at"	1529	-0.0673909375060479	1226	1776	0	38	0	13	FALSE
"X80915_rna1_at"	2106	0.980442799648285	1950	2545	0	38	0	0	FALSE
"X80923_at"	1695	0.201865638850116	1521	2135	0	38	0	4	FALSE
"X81003_at"	1282	-0.529084874639137	1080	1469	0	38	0	0	FALSE
"X81198_at"	337	-3.1503216669507	182	416	0	38	0	0	FALSE
"X81817_at"	2068	0.900762744986756	1820	2332	0	38	0	0	FALSE
"X82200_at"	554	-2.31421426081597	386	677	0	38	0	0	FALSE
"X82207_at"	2580	2.04408542362252	2458	2781	0	38	0	0	FALSE
"X82240_rna1_at"	33	-6.05635013626686	21	56	0	38	0	0	FALSE
"X82434_at"	2291	1.35379543834663	2130	2728	0	38	0	0	FALSE
"X82456_at"	758	-1.68232316161162	643	879	0	38	0	0	FALSE
"X82494_at"	745	-1.72908579206637	671	887	0	38	0	0	FALSE
"X82554_rna1_at"	549	-2.33214611175185	391	643	0	38	0	0	FALSE
"X82895_at"	1821	0.446030470675353	1693	2324	0	38	0	0	FALSE
"X83127_at"	1833	0.46475025541561	1550	2026	0	38	0	1	FALSE
"X83218_at"	547	-2.34070124707394	384	628	0	38	0	0	FALSE
"X83441_at"	462	-2.65131009639447	401	532	0	38	0	0	FALSE
"X83573_at"	2677	2.40699362012905	2587	2919	0	38	0	0	FALSE
"X83928_at"	1258	-0.568483867463929	858	1424	0	38	0	0	FALSE
"X84373_at"	608	-2.14006592940052	308	685	0	38	0	0	FALSE
"X84709_at"	400	-2.8568197275147	326	455	0	38	0	0	FALSE
"X85106_at"	1956	0.668724360568851	1624	2098	0	38	0	0	FALSE
"X85372_at"	197	-3.96424899333951	90	246	0	38	0	0	FALSE
"X85373_at"	444	-2.6885861631103	177	552	0	38	0	0	FALSE
"X85785_rna1_at"	2644	2.24659058160769	2542	2813	0	38	0	0	FALSE
"X85786_at"	1374	-0.363507207712901	1149	1652	0	38	0	1	FALSE
"X86012_at"	913	-1.30474371523033	701	1040	0	38	0	0	FALSE
"X86018_at"	1563	-0.00183807114200477	1391	1936	0	38	0	20	FALSE
"X86570_at"	1955	0.667165655027163	1763	2624	0	38	0	0	FALSE
"X86681_at"	1600	0.052199215006744	1355	1834	0	38	0	14	FALSE
"X86691_at"	165	-4.15528709796902	111	232	0	38	0	0	FALSE
"X86779_at"	1097	-0.891376300736459	940	1353	0	38	0	0	FALSE
"X86809_at"	1279	-0.534133388928541	1028	1480	0	38	0	0	FALSE
"X87212_at"	2356	1.48453567357436	2125	2520	0	38	0	0	FALSE
"X87237_at"	1357	-0.394553340095853	1088	1589	0	38	0	0	FALSE
"X87241_at"	341	-3.13589359829376	298	396	0	38	0	0	FALSE
"X87838_at"	2495	1.80398474319135	2337	2720	0	38	0	0	FALSE
"X87904_at"	950	-1.21439055842153	767	1077	0	38	0	0	FALSE
"X89267_at"	2036	0.820607947916392	1777	2231	0	38	0	0	FALSE
"X89398_cds2_at"	298	-3.36604150163989	184	364	0	38	0	0	FALSE
"X89576_at"	712	-1.84058778721569	604	794	0	38	0	0	FALSE
"X89750_at"	1413	-0.278309247220273	1141	1594	0	38	0	2	FALSE
"X89960_at"	2021	0.79798663044557	1846	2331	0	38	0	0	FALSE
"X89985_at"	2699	2.49488129490703	2610	2857	0	38	0	0	FALSE
"X90858_at"	3005	4.90448784042316	2986	3014	0	38	0	0	FALSE
"X90872_at"	2854	3.25898552785691	2796	2954	0	38	0	0	FALSE
"X91247_at"	1018	-1.04809664646746	687	1258	0	38	0	0	FALSE
"X91249_at"	676	-1.93484655804436	547	768	0	38	0	0	FALSE
"X91257_at"	196	-3.98586477140186	106	258	0	38	0	0	FALSE
"X91504_at"	1084	-0.914948626443952	859	1308	0	38	0	0	FALSE
"X91788_at"	1055	-0.97625321485554	872	1255	0	38	0	0	FALSE
"X91809_at"	744	-1.7338114756474	671	862	0	38	0	0	FALSE
"X92098_at"	1910	0.582712139493935	1596	2192	0	38	0	0	FALSE
"X92106_at"	249	-3.62217286724184	172	336	0	38	0	0	FALSE
"X92396_at"	1862	0.516481789537386	1545	2234	0	38	0	0	FALSE
"X92720_at"	1549	-0.0239909910306417	1414	2144	0	38	0	15	FALSE
"X92744_at"	2603	2.11934215933462	2464	2717	0	38	0	0	FALSE
"X92762_at"	1218	-0.640795225344888	991	1450	0	38	0	0	FALSE
"X92896_at"	1879	0.542545876050619	1692	2053	0	38	0	0	FALSE
"X92972_at"	1662	0.146781051154817	1297	1840	0	38	0	3	FALSE
"X93499_at"	2562	1.97838819925667	2399	2760	0	38	0	0	FALSE
"X93512_at"	323	-3.24047967548709	281	364	0	38	0	0	FALSE
"X93920_at"	2939	3.98094005173042	2910	2974	0	38	0	0	FALSE
"X93921_at"	2166	1.09030608342373	1945	2497	0	38	0	0	FALSE
"X93996_rna1_at"	1388	-0.33440758410987	1185	1639	0	38	0	3	FALSE
"X94232_at"	92	-4.98073843242809	64	126	0	38	0	0	FALSE
"X94910_at"	1789	0.389849424757247	1605	2045	0	38	0	0	FALSE
"X95735_at"	3051	10.5777480888816	3050	3051	0	38	0	0	FALSE
"X96381_rna1_at"	1939	0.642293214568754	1812	2277	0	38	0	0	FALSE
"X96401_at"	1436	-0.245325990440096	1229	1845	0	38	0	1	FALSE
"X96484_at"	2403	1.58786368079131	2275	2543	0	38	0	0	FALSE
"X96584_at"	2044	0.832257590519942	1327	2132	0	38	0	1	FALSE
"X96586_at"	1299	-0.501371150503404	1093	1499	0	38	0	0	FALSE
"X96698_at"	1326	-0.454682529297157	1072	1512	0	38	0	0	FALSE
"X96719_at"	1953	0.662140995636109	1479	2087	0	38	0	1	FALSE
"X96752_at"	198	-3.94696292203028	150	268	0	38	0	0	FALSE
"X96849_at"	1395	-0.314336166804912	1061	1591	0	38	0	0	FALSE
"X96924_rna1_at"	1525	-0.0698679752829348	1359	1874	0	38	0	9	FALSE
"X96969_at"	2130	1.01202664096907	1954	2367	0	38	0	0	FALSE
"X97074_at"	2296	1.36070297893914	2070	2551	0	38	0	0	FALSE
"X97160_rna1_at"	2427	1.63421775855851	2303	2572	0	38	0	0	FALSE
"X97302_at"	2416	1.61513032933731	2242	2558	0	38	0	0	FALSE
"X97324_at"	2029	0.806550710787753	1744	2236	0	38	0	0	FALSE
"X97544_at"	1044	-0.993660402087351	690	1224	0	38	0	0	FALSE
"X98085_at"	1714	0.251282687882996	1191	1865	0	38	0	1	FALSE
"X98172_at"	1865	0.520028509171155	1674	2099	0	38	0	0	FALSE
"X98248_rna1_at"	649	-2.01498914846323	460	760	0	38	0	0	FALSE
"X98260_at"	2500	1.814946360266	2346	2780	0	38	0	0	FALSE
"X98261_at"	2302	1.36984114507173	2172	2792	0	38	0	0	FALSE
"X98263_at"	503	-2.4877602848066	286	601	0	38	0	0	FALSE
"X98411_at"	2972	4.33791289197358	2936	3004	0	38	0	0	FALSE
"X98507_at"	1947	0.652553902512834	1698	2253	0	38	0	0	FALSE
"X98743_at"	427	-2.74453150943522	330	542	0	38	0	0	FALSE
"X98801_at"	952	-1.20919538494323	676	1151	0	38	0	0	FALSE
"X99076_rna1_at"	2128	1.0101394688956	1648	2211	0	38	0	0	FALSE
"X99140_at"	1880	0.542607509737038	1705	2216	0	38	0	0	FALSE
"X99141_at"	2167	1.09035580301812	1997	2323	0	38	0	0	FALSE
"X99142_at"	2005	0.772229730136271	1850	2495	0	38	0	0	FALSE
"X99209_at"	874	-1.38701853593447	640	1043	0	38	0	0	FALSE
"X99325_at"	585	-2.20670434699666	457	717	0	38	0	0	FALSE
"X99459_at"	1489	-0.134590729447616	1265	1676	0	38	0	7	FALSE
"X99584_at"	2739	2.67853895606552	2662	2896	0	38	0	0	FALSE
"X99664_at"	2455	1.71597949321209	2338	2773	0	38	0	0	FALSE
"X99688_at"	1047	-0.987831150918615	857	1405	0	38	0	0	FALSE
"X99699_at"	1539	-0.0512169061217541	1195	1764	0	38	0	12	FALSE
"X99720_rna1_at"	854	-1.43858860294174	609	1016	0	38	0	0	FALSE
"X99728_at"	1857	0.509896427415364	1577	2307	0	38	0	0	FALSE
"X99920_at"	334	-3.1749892152286	307	399	0	38	0	0	FALSE
"Y00062_at"	1900	0.567941661658641	1714	2130	0	38	0	0	FALSE
"Y00281_at"	1883	0.544838233055339	1460	2130	0	38	0	1	FALSE
"Y00282_at"	2742	2.68435445907437	2642	2880	0	38	0	0	FALSE
"Y00433_at"	2960	4.1972739715769	2932	3013	0	38	0	0	FALSE
"Y00486_rna1_at"	1034	-1.01004725506912	748	1154	0	38	0	0	FALSE
"Y00636_at"	440	-2.70285395151551	340	509	0	38	0	0	FALSE
"Y00796_at"	2088	0.941977143177143	1907	2340	0	38	0	0	FALSE
"Y07604_at"	2998	4.66829352893399	2968	3010	0	38	0	0	FALSE
"Y07829_xpt4_at"	2236	1.24009831477947	2092	2580	0	38	0	0	FALSE
"Y07847_at"	2642	2.23953274878943	2564	2827	0	38	0	0	FALSE
"Y08134_at"	2055	0.859323569914564	1899	2669	0	38	0	0	FALSE
"Y08263_at"	1812	0.429538379360059	1646	2185	0	38	0	0	FALSE
"Y08302_at"	1131	-0.812513416087513	895	1495	0	38	0	0	FALSE
"Y08409_at"	1802	0.41063590601281	1634	2396	0	38	0	0	FALSE
"Y08612_at"	37	-6.03539217514133	15	52	3	38	0.0789473684210526	0	FALSE
"Y08614_at"	192	-4.00328055566957	31	266	0	38	0	0	FALSE
"Y08836_at"	1946	0.651567211249077	1734	2211	0	38	0	0	FALSE
"Y08915_at"	526	-2.43013575130089	337	593	0	38	0	0	FALSE
"Y09022_at"	677	-1.93302976333852	247	775	0	38	0	0	FALSE
"Y09216_at"	1313	-0.476798446113605	997	1498	0	38	0	0	FALSE
"Y09443_at"	890	-1.36339607946395	758	1035	0	38	0	0	FALSE
"Y10032_at"	2148	1.05366330170141	1858	2329	0	38	0	0	FALSE
"Y10055_at"	2260	1.29799338414248	2115	2547	0	38	0	0	FALSE
"Y10207_at"	595	-2.18499748981328	286	694	0	38	0	0	FALSE
"Y10209_at"	2174	1.09490497082366	2043	2411	0	38	0	0	FALSE
"Y10260_at"	825	-1.50425862583404	494	961	0	38	0	0	FALSE
"Y10376_at"	2829	3.10232482303794	2788	2903	0	38	0	0	FALSE
"Y10871_at"	2691	2.47265290474106	2623	2783	0	38	0	0	FALSE
"Y10936_at"	980	-1.14602320864717	726	1149	0	38	0	0	FALSE
"Y11215_at"	1471	-0.162477566262619	1261	1765	0	38	0	7	FALSE
"Y11306_rna1_at"	2299	1.36353257996662	2148	2519	0	38	0	0	FALSE
"Y11681_at"	992	-1.11513020446182	824	1234	0	38	0	0	FALSE
"Y11710_rna1_at"	2747	2.69808783483086	2657	2944	0	38	0	0	FALSE
"Y12670_at"	3045	6.96131024907752	3038	3048	0	38	0	0	FALSE
"Y12856_at"	1860	0.511595169276654	1721	2366	0	38	0	0	FALSE
"Y13115_at"	1534	-0.0563261368311178	1355	1868	0	38	0	12	FALSE
"Y13247_at"	1170	-0.734433259551043	1018	1456	0	38	0	0	FALSE
"Y13620_at"	397	-2.8669248305455	260	474	0	38	0	0	FALSE
"Y14140_at"	2185	1.12477680012453	2046	2414	0	38	0	0	FALSE
"Z11697_at"	2771	2.7800764706485	2684	2862	0	38	0	0	FALSE
"Z12830_at"	2301	1.36831457302976	2083	2493	0	38	0	0	FALSE
"Z14000_at"	1603	0.0639955833083216	1444	1941	0	38	0	12	FALSE
"Z14244_at"	797	-1.56078978203484	545	985	0	38	0	0	FALSE
"Z14982_rna1_at"	199	-3.92340437521053	118	257	0	38	0	0	FALSE
"Z15108_at"	655	-2.00189227025344	613	752	0	38	0	0	FALSE
"Z17227_at"	481	-2.57052325936986	297	570	0	38	0	0	FALSE
"Z19002_at"	1355	-0.397367483485631	1088	2099	0	38	0	1	FALSE
"Z21488_at"	1309	-0.486952740671948	1035	1462	0	38	0	0	FALSE
"Z21507_at"	294	-3.37102969734319	223	361	0	38	0	0	FALSE
"Z22536_at"	1751	0.316197783691982	1581	2078	0	38	0	1	FALSE
"Z22548_at"	2478	1.76523487009355	2236	2579	0	38	0	0	FALSE
"Z22551_at"	179	-4.05532566375427	123	237	0	38	0	0	FALSE
"Z22555_at"	930	-1.26451727014818	769	1100	0	38	0	0	FALSE
"Z23090_at"	723	-1.80330728301123	523	867	0	38	0	0	FALSE
"Z23115_at"	2070	0.903997964476159	1787	2231	0	38	0	0	FALSE
"Z24680_at"	2451	1.71142271223495	2286	2697	0	38	0	0	FALSE
"Z25535_at"	1907	0.578877575421785	1751	2144	0	38	0	0	FALSE
"Z25884_at"	1878	0.542269044183107	1727	2349	0	38	0	0	FALSE
"Z27113_at"	665	-1.96437190028475	523	775	0	38	0	0	FALSE
"Z29064_at"	755	-1.69000671720106	659	884	0	38	0	0	FALSE
"Z29090_at"	385	-2.9038789365773	265	462	0	38	0	0	FALSE
"Z29481_at"	2863	3.30271810277878	2815	2912	0	38	0	0	FALSE
"Z29505_at"	1377	-0.358535825357265	1073	1648	0	38	0	1	FALSE
"Z29574_at"	789	-1.59293551098476	583	948	0	38	0	0	FALSE
"Z29678_at"	2327	1.42371486085083	2199	2783	0	38	0	0	FALSE
"Z30425_at"	1527	-0.0684012555175352	1321	1838	0	38	0	10	FALSE
"Z30426_at"	511	-2.46120896898783	365	604	0	38	0	0	FALSE
"Z31357_at"	1750	0.310390177865037	1471	1931	0	38	0	1	FALSE
"Z32765_at"	2961	4.20313073785039	2908	2999	0	38	0	0	FALSE
"Z35093_at"	785	-1.61030876261173	609	965	0	38	0	0	FALSE
"Z35102_at"	141	-4.34467062489939	56	211	0	38	0	0	FALSE
"Z35227_at"	283	-3.42221118597509	134	360	0	38	0	0	FALSE
"Z35278_at"	2649	2.25845416926046	2489	2748	0	38	0	0	FALSE
"Z35307_at"	1705	0.227088951181721	1244	1913	0	38	0	2	FALSE
"Z35491_at"	1874	0.531470917499693	1619	2202	0	38	0	0	FALSE
"Z36714_at"	844	-1.4502816472688	755	1025	0	38	0	0	FALSE
"Z36715_at"	790	-1.59198057612818	554	921	0	38	0	0	FALSE
"Z37166_at"	984	-1.13377004699949	705	1178	0	38	0	0	FALSE
"Z46376_rna1_at"	818	-1.51563081914377	685	989	0	38	0	0	FALSE
"Z46973_at"	225	-3.81221516222953	171	256	0	38	0	0	FALSE
"Z48042_at"	409	-2.81524361138949	229	500	0	38	0	0	FALSE
"Z48054_at"	1488	-0.134894432598291	1266	1678	0	38	0	9	FALSE
"Z48199_at"	2051	0.85745683325476	1882	2580	0	38	0	0	FALSE
"Z48481_at"	1338	-0.437169628714487	1152	1589	0	38	0	1	FALSE
"Z48512_at"	1360	-0.38529195859117	1201	1642	0	38	0	1	FALSE
"Z48579_at"	666	-1.96428919390298	538	747	0	38	0	0	FALSE
"Z48633_at"	449	-2.68122188235713	270	577	0	38	0	0	FALSE
"Z48950_at"	2330	1.42796216419834	2184	2495	0	38	0	0	FALSE
"Z49099_at"	937	-1.25368171764459	608	1058	0	38	0	0	FALSE
"Z49194_at"	137	-4.36042981451717	122	175	0	38	0	0	FALSE
"Z49254_at"	1164	-0.746006146220447	934	1388	0	38	0	0	FALSE
"Z49269_at"	2270	1.32319476375845	2088	2373	0	38	0	0	FALSE
"Z49878_at"	1318	-0.46754945919002	1083	1558	0	38	0	1	FALSE
"Z50022_at"	1706	0.227180680555596	1543	2560	0	38	0	1	FALSE
"Z50749_at"	499	-2.50472324284529	359	600	0	38	0	0	FALSE
"Z50781_at"	1520	-0.0770440487867873	1183	1744	0	38	0	11	FALSE
"Z50853_at"	430	-2.73174840269483	363	496	0	38	0	0	FALSE
"Z56281_at"	282	-3.43330542738279	163	374	0	38	0	0	FALSE
"Z67743_at"	2640	2.22136571312921	2550	2770	0	38	0	0	FALSE
"Z68129_cds1_at"	1251	-0.574912972653567	1011	1486	0	38	0	0	FALSE
"Z68747_at"	80	-5.22259105578518	60	94	0	38	0	0	FALSE
"Z69881_at"	35	-6.05311779952694	15	56	3	38	0.0789473684210526	0	FALSE
"Z69915_at"	765	-1.66794892219528	610	923	0	38	0	0	FALSE
"Z70219_at"	1406	-0.292139996123077	1161	1572	0	38	0	2	FALSE
"Z70220_at"	1574	0.0158034634847369	1241	1781	0	38	0	19	FALSE
"Z71460_at"	2221	1.21306835833594	2069	2448	0	38	0	0	FALSE
"Z72499_at"	1327	-0.45268524062431	1089	1541	0	38	0	0	FALSE
"Z81326_at"	1143	-0.785718435234694	1013	1722	0	38	0	1	FALSE
"Z83821_cds2_at"	2668	2.36719926106165	2523	2754	0	38	0	0	FALSE
"Z84721_cds1_at"	2768	2.75341675752339	2645	2905	0	38	0	0	FALSE
"Z84721_cds2_at"	2544	1.93256541367326	2412	2652	0	38	0	0	FALSE
"Z93784_at"	206	-3.89612579784007	98	278	0	38	0	0	FALSE
"Z97054_xpt2_at"	2073	0.911228870323341	1871	2421	0	38	0	0	FALSE
"AB006782_at"	1923	0.609639707695834	1679	2081	0	38	0	0	FALSE
"D00860_at"	475	-2.58758635716365	350	541	0	38	0	0	FALSE
"D10040_at"	2756	2.71772385741313	2653	2846	0	38	0	0	FALSE
"D16105_at"	2660	2.30049575841641	2549	2862	0	38	0	0	FALSE
"D16480_at"	1831	0.463381092027552	1507	2094	0	38	0	1	FALSE
"D16481_at"	2129	1.01041680577174	1824	2274	0	38	0	0	FALSE
"D21235_at"	1307	-0.487646699176789	857	1515	0	38	0	0	FALSE
"D25304_at"	486	-2.56307805722011	158	564	0	38	0	0	FALSE
"D26070_at"	1107	-0.872912408218078	708	1246	0	38	0	0	FALSE
"D29805_at"	1594	0.0396412957691567	1409	1844	0	38	0	17	FALSE
"D31889_at"	1546	-0.035308281443879	1366	1723	0	38	0	17	FALSE
"D38073_at"	41	-5.96270062613512	3	64	2	38	0.0526315789473684	0	FALSE
"D38081_at"	374	-2.97655633047168	317	437	0	38	0	0	FALSE
"D43968_at"	787	-1.60376500308629	568	919	0	38	0	0	FALSE
"D45132_at"	1080	-0.943737494626596	850	1256	0	38	0	0	FALSE
"D50405_at"	345	-3.12436137152934	169	422	0	38	0	0	FALSE
"D80000_at"	255	-3.60953435205561	199	316	0	38	0	0	FALSE
"D86550_at"	1091	-0.905674309029295	910	1320	0	38	0	0	FALSE
"D86988_at"	1592	0.0371244342294298	1377	1919	0	38	0	14	FALSE
"HG2846-HT2983_at"	148	-4.30158866315229	105	185	0	38	0	0	FALSE
"HG3543-HT3739_at"	2153	1.0612396846841	2003	2414	0	38	0	0	FALSE
"HG651-HT4201_at"	739	-1.76418832276296	601	849	0	38	0	0	FALSE
"J02783_at"	2776	2.81606366028953	2680	2969	0	38	0	0	FALSE
"J04182_at"	2773	2.7992189995622	2695	2863	0	38	0	0	FALSE
"L00058_at"	132	-4.40335223239367	116	160	0	38	0	0	FALSE
"L04282_at"	557	-2.28749433764928	394	686	0	38	0	0	FALSE
"L04731_at"	2505	1.82603477344684	2399	2672	0	38	0	0	FALSE
"L07648_at"	2919	3.77913473807169	2879	2959	0	38	0	0	FALSE
"L08895_at"	202	-3.92014025089732	48	242	0	38	0	0	FALSE
"L10413_at"	74	-5.32737980281485	48	85	0	38	0	0	FALSE
"L11066_at"	1257	-0.568946192954419	956	1608	0	38	0	1	FALSE
"L11284_at"	1214	-0.654741882139788	1066	1526	0	38	0	0	FALSE
"L13773_at"	1062	-0.966753938591381	817	1306	0	38	0	0	FALSE
"L21998_at"	1972	0.698843087907085	1782	2657	0	38	0	0	FALSE
"L22454_at"	1035	-1.00859794191421	874	1311	0	38	0	0	FALSE
"L33075_at"	194	-3.99458115772727	143	284	0	38	0	0	FALSE
"L35263_at"	1221	-0.630521989312954	925	1408	0	38	0	0	FALSE
"L40397_at"	2542	1.92809467098921	2363	2703	0	38	0	0	FALSE
"L49380_at"	1591	0.0359775422304493	1368	1904	0	38	0	16	FALSE
"L76517_at"	1463	-0.18464307801992	1088	1646	0	38	0	4	FALSE
"M14745_at"	252	-3.61375674607241	145	331	0	38	0	0	FALSE
"M16276_at"	477	-2.58223800656462	353	555	0	38	0	0	FALSE
"M16342_at"	805	-1.54622571331312	457	930	0	38	0	0	FALSE
"M24283_at"	2834	3.13283350904431	2766	2907	0	38	0	0	FALSE
"M24900_at"	2938	3.97153548946901	2895	3004	0	38	0	0	FALSE
"M31724_at"	2573	2.02724954817899	2423	2834	0	38	0	0	FALSE
"M58026_at"	2397	1.56751981946276	2211	2595	0	38	0	0	FALSE
"M64231_rna1_at"	2002	0.768789765581456	1798	2198	0	38	0	0	FALSE
"M69013_at"	1328	-0.452120617858766	1124	1689	0	38	0	1	FALSE
"M69181_at"	479	-2.57505846040974	309	542	0	38	0	0	FALSE
"M83664_at"	1468	-0.165309505021212	1105	1681	0	38	0	6	FALSE
"M91463_rna1_at"	2821	3.06956097403973	2755	3001	0	38	0	0	FALSE
"M93651_at"	275	-3.47638432990063	206	349	0	38	0	0	FALSE
"M94046_at"	857	-1.4325655680283	728	1008	0	38	0	0	FALSE
"M96843_at"	1521	-0.0769725817201899	1289	1700	0	38	0	13	FALSE
"M97676_at"	1067	-0.964402524713901	870	1323	0	38	0	0	FALSE
"S68805_at"	900	-1.34058874579419	757	1102	0	38	0	0	FALSE
"S76638_at"	2797	2.94143443087128	2723	2883	0	38	0	0	FALSE
"U04636_rna1_at"	2744	2.68740152886129	2650	2778	0	38	0	0	FALSE
"U07139_at"	565	-2.27581853995383	480	658	0	38	0	0	FALSE
"U12767_at"	2442	1.66943009039414	2289	2590	0	38	0	0	FALSE
"U13022_at"	1763	0.332989220394428	1584	2137	0	38	0	1	FALSE
"U16307_at"	2550	1.9397424467795	2383	2761	0	38	0	0	FALSE
"U17838_at"	967	-1.17818545099473	743	1110	0	38	0	0	FALSE
"U17969_at"	2402	1.58656826153474	2272	2562	0	38	0	0	FALSE
"U18259_at"	106	-4.74841710572267	89	130	0	38	0	0	FALSE
"U18422_at"	784	-1.61122696453244	525	921	0	38	0	0	FALSE
"U20938_at"	293	-3.37538954979682	124	344	0	38	0	0	FALSE
"U25988_at"	2027	0.804608441270866	1825	2328	0	38	0	0	FALSE
"U31556_at"	59	-5.59140882658863	33	79	0	38	0	0	FALSE
"U33841_at"	235	-3.74338078853955	123	275	0	38	0	0	FALSE
"U34587_at"	902	-1.32895300192727	680	1020	0	38	0	0	FALSE
"U36341_rna1_at"	2805	3.0056302144781	2722	2889	0	38	0	0	FALSE
"U37146_at"	2017	0.788790413330755	1802	2187	0	38	0	0	FALSE
"U37426_at"	342	-3.13310423230412	238	387	0	38	0	0	FALSE
"U38276_at"	1957	0.669389804122387	1726	2268	0	38	0	0	FALSE
"U41518_at"	2826	3.08798877993939	2752	2902	0	38	0	0	FALSE
"U41654_at"	308	-3.29856562143885	157	376	0	38	0	0	FALSE
"U47077_at"	46	-5.84173012163887	22	60	0	38	0	0	FALSE
"U53204_at"	1252	-0.574104450543568	1004	1559	0	38	0	0	FALSE
"U58675_cds2_at"	1054	-0.97681413949803	849	1266	0	38	0	0	FALSE
"U60061_at"	636	-2.05737090608888	381	719	0	38	0	0	FALSE
"U72649_at"	1396	-0.313677996752985	1120	1615	0	38	0	1	FALSE
"U83171_at"	1959	0.672014803302024	1791	2622	0	38	0	0	FALSE
"U94832_at"	1061	-0.968321031266421	846	1191	0	38	0	0	FALSE
"U96131_at"	1321	-0.463847243213649	1157	1534	0	38	0	1	FALSE
"X02160_at"	168	-4.1269306534966	142	220	0	38	0	0	FALSE
"X04526_at"	248	-3.63773051634145	153	310	0	38	0	0	FALSE
"X05610_at"	2124	1.00409858415641	1979	2405	0	38	0	0	FALSE
"X07203_at"	578	-2.24525772124424	533	676	0	38	0	0	FALSE
"X12671_rna1_at"	811	-1.5274281303356	588	963	0	38	0	0	FALSE
"X16323_at"	953	-1.20899103710165	815	1203	0	38	0	0	FALSE
"X55990_rna1_at"	2700	2.4960757420218	2622	2807	0	38	0	0	FALSE
"X56841_at"	1093	-0.899423352029484	893	1298	0	38	0	0	FALSE
"X57985_rna2_at"	2048	0.852329455376538	1846	2315	0	38	0	0	FALSE
"X58072_at"	311	-3.29453564425117	275	368	0	38	0	0	FALSE
"X59739_at"	215	-3.85215639824986	150	250	0	38	0	0	FALSE
"X65463_at"	2675	2.39444757796291	2582	2808	0	38	0	0	FALSE
"X65488_at"	535	-2.39182130542758	363	622	0	38	0	0	FALSE
"X72727_at"	1001	-1.09573378023059	832	1168	0	38	0	0	FALSE
"X72889_at"	885	-1.36914836755855	729	1025	0	38	0	0	FALSE
"X73478_at"	1215	-0.653936119931034	1019	1593	0	38	0	1	FALSE
"X75918_at"	2216	1.18829330875327	1981	2435	0	38	0	0	FALSE
"X78338_at"	2363	1.5012207075465	2195	2621	0	38	0	0	FALSE
"X81625_at"	2588	2.06801933258158	2489	2745	0	38	0	0	FALSE
"X82209_at"	1586	0.0273497997719033	955	1917	0	38	0	14	FALSE
"Y00264_at"	1129	-0.817110102816246	865	1304	0	38	0	0	FALSE
"Y07909_at"	2223	1.21815472047046	1922	2396	0	38	0	0	FALSE
"Z15115_at"	3	-7.3481379428185	1	14	38	38	1	0	TRUE
"Z74615_at"	1547	-0.030098933823655	1422	1829	0	38	0	15	FALSE
"X95808_s_at"	795	-1.5673429738677	504	927	0	38	0	0	FALSE
"Z49107_s_at"	1664	0.149298008832484	1374	2080	0	38	0	5	FALSE
"AC002045_xpt2_s_at"	1031	-1.01753856693255	758	1217	0	38	0	0	FALSE
"D00408_s_at"	1311	-0.481898220192434	1051	1472	0	38	0	0	FALSE
"X83416_s_at"	1609	0.0694085063358944	1371	1854	0	38	0	13	FALSE
"M23178_s_at"	2848	3.21314864233382	2797	2914	0	38	0	0	FALSE
"M18700_s_at"	1631	0.109568887213271	1345	1886	0	38	0	9	FALSE
"Y00097_s_at"	622	-2.09373462329894	485	723	0	38	0	0	FALSE
"M37271_s_at"	1298	-0.502250204452523	1071	1455	0	38	0	0	FALSE
"D00749_s_at"	305	-3.30871728222017	210	356	0	38	0	0	FALSE
"X15331_s_at"	1532	-0.0607305499427324	1398	1874	0	38	0	13	FALSE
"L09229_s_at"	2850	3.22186435503154	2788	2932	0	38	0	0	FALSE
"L32832_s_at"	1088	-0.909017258861094	703	1243	0	38	0	0	FALSE
"D10537_s_at"	2572	2.02317487354468	2484	2779	0	38	0	0	FALSE
"L06797_s_at"	118	-4.61015422049814	66	158	0	38	0	0	FALSE
"D11327_s_at"	2648	2.25519651500989	2578	2791	0	38	0	0	FALSE
"D12775_s_at"	2107	0.98122896832338	1954	2303	0	38	0	0	FALSE
"M15465_s_at"	1864	0.519311877005615	1622	2346	0	38	0	0	FALSE
"D79206_s_at"	2602	2.10799711008524	2460	2758	0	38	0	0	FALSE
"HG1686-HT4572_s_at"	2493	1.7974404432322	2350	2604	0	38	0	0	FALSE
"D13631_s_at"	733	-1.77676481348562	503	867	0	38	0	0	FALSE
"D13705_s_at"	2606	2.1315357483334	2530	2707	0	38	0	0	FALSE
"HG1400-HT1400_s_at"	104	-4.77548005289902	79	135	0	38	0	0	FALSE
"HG2348-HT2444_s_at"	1986	0.7292275059522	1724	2113	0	38	0	0	FALSE
"D14826_s_at"	2275	1.33053531580816	2155	2355	0	38	0	0	FALSE
"S68271_s_at"	2034	0.817666179339707	1511	2129	0	38	0	1	FALSE
"X52213_s_at"	2121	0.999518100631041	1706	2242	0	38	0	0	FALSE
"Z49835_s_at"	2913	3.69544500090716	2880	2956	0	38	0	0	FALSE
"HG4541-HT4946_s_at"	2918	3.77228840709154	2882	2964	0	38	0	0	FALSE
"U00802_s_at"	673	-1.9545609073955	600	764	0	38	0	0	FALSE
"D26156_s_at"	52	-5.76417565511824	31	71	0	38	0	0	FALSE
"D87716_s_at"	393	-2.88369181485087	296	455	0	38	0	0	FALSE
"L15326_s_at"	2779	2.8253741765816	2697	2814	0	38	0	0	FALSE
"D28235_s_at"	2766	2.74509205966692	2670	2789	0	38	0	0	FALSE
"D28473_s_at"	187	-4.02303269854748	136	232	0	38	0	0	FALSE
"X59842_rna1_s_at"	1726	0.270031683873048	1516	1942	0	38	0	2	FALSE
"D29640_s_at"	618	-2.10137156889182	331	741	0	38	0	0	FALSE
"D29675_s_at"	2182	1.1203872992655	2066	2622	0	38	0	0	FALSE
"U34380_rna1_s_at"	2134	1.01469541564446	1970	2525	0	38	0	0	FALSE
"X68688_rna1_s_at"	2710	2.55466733496245	2607	2952	0	38	0	0	FALSE
"D31840_s_at"	2387	1.54672340019459	2246	2800	0	38	0	0	FALSE
"HG4312-HT4582_s_at"	429	-2.73243962397931	322	543	0	38	0	0	FALSE
"X62153_s_at"	182	-4.03978680283061	92	253	0	38	0	0	FALSE
"U27325_s_at"	1353	-0.400674769794376	1214	2064	0	38	0	1	FALSE
"D38251_s_at"	691	-1.88265893845579	529	829	0	38	0	0	FALSE
"U38964_s_at"	606	-2.16600087224416	410	724	0	38	0	0	FALSE
"D42040_s_at"	1453	-0.197985393555551	1207	1737	0	38	0	2	FALSE
"Z84497_s_at"	2549	1.9384586152855	2436	2791	0	38	0	0	FALSE
"D43682_s_at"	2989	4.49068520955137	2938	3023	0	38	0	0	FALSE
"X89109_s_at"	1184	-0.705492939888944	1044	1460	0	38	0	0	FALSE
"M19311_s_at"	117	-4.61154219289088	5	159	1	38	0.0263157894736842	0	FALSE
"D49487_s_at"	1630	0.107148399890491	1452	2138	0	38	0	7	FALSE
"D49824_s_at"	1775	0.359817050188822	1511	1950	0	38	0	3	FALSE
"L38593_s_at"	2683	2.4436789847119	2583	2804	0	38	0	0	FALSE
"U50079_s_at"	878	-1.38251876281421	735	1105	0	38	0	0	FALSE
"U58046_s_at"	391	-2.88829245827004	298	479	0	38	0	0	FALSE
"D63479_s_at"	349	-3.10799622299222	270	401	0	38	0	0	FALSE
"S82447_s_at"	1760	0.325296765266129	1496	2043	0	38	0	2	FALSE
"M96954_s_at"	1722	0.2641113942473	1495	2016	0	38	0	3	FALSE
"Y10807_s_at"	533	-2.39519899273278	333	619	0	38	0	0	FALSE
"D78132_s_at"	2099	0.961823887669682	1920	2341	0	38	0	0	FALSE
"D78577_s_at"	281	-3.43853413755937	211	338	0	38	0	0	FALSE
"D79984_s_at"	2253	1.28321699848258	2072	2694	0	38	0	0	FALSE
"S78271_s_at"	697	-1.87603011827303	558	815	0	38	0	0	FALSE
"D83260_s_at"	1275	-0.538925641586945	1013	1480	0	38	0	0	FALSE
"D85131_s_at"	1412	-0.280184237954163	1209	1691	0	38	0	2	FALSE
"D86043_s_at"	1446	-0.215895312962092	1070	1699	0	38	0	2	FALSE
"Y10375_s_at"	2552	1.94034387408471	2415	2725	0	38	0	0	FALSE
"U19713_s_at"	2947	4.02582023092738	2900	3010	0	38	0	0	FALSE
"Z35085_s_at"	1687	0.183631872712061	1485	2049	0	38	0	5	FALSE
"U52191_s_at"	767	-1.66500019136904	456	877	0	38	0	0	FALSE
"L33930_s_at"	67	-5.41770543336912	56	87	0	38	0	0	FALSE
"D90070_s_at"	963	-1.18280893269217	693	1089	0	38	0	0	FALSE
"J03260_s_at"	1613	0.0787400116635559	1351	1875	0	38	0	9	FALSE
"HG1728-HT1734_s_at"	2261	1.30015871795427	2138	2428	0	38	0	0	FALSE
"X55448_cds1_s_at"	2268	1.31674997332286	2119	2470	0	38	0	0	FALSE
"HG110-HT110_s_at"	708	-1.84720410761256	479	846	0	38	0	0	FALSE
"HG1140-HT4817_s_at"	2585	2.06389761481455	2478	2811	0	38	0	0	FALSE
"HG1322-HT5143_s_at"	87	-5.10606873713647	21	119	0	38	0	0	FALSE
"M25079_s_at"	1122	-0.833089847177581	989	1391	0	38	0	0	FALSE
"HG1428-HT1428_s_at"	2331	1.42797505966063	2114	2435	0	38	0	0	FALSE
"HG1471-HT3923_s_at"	2533	1.896820020749	2404	2930	0	38	0	0	FALSE
"HG1496-HT1496_s_at"	2103	0.974282247441437	1543	2187	0	38	0	1	FALSE
"X57351_at"	1187	-0.700852867744208	1038	1544	0	38	0	0	FALSE
"X57351_s_at"	1042	-0.995806217552726	855	1193	0	38	0	0	FALSE
"HG1595-HT4788_s_at"	1286	-0.514552216005103	989	1477	0	38	0	0	FALSE
"HG1751-HT1768_at"	1914	0.590316387615831	1668	2169	0	38	0	0	FALSE
"U19247_rna1_s_at"	2778	2.82108128089084	2674	2880	0	38	0	0	FALSE
"HG1763-HT1780_s_at"	1045	-0.992732206139163	870	1210	0	38	0	0	FALSE
"J03915_s_at"	2353	1.46701512124942	2207	2635	0	38	0	0	FALSE
"U43901_rna1_s_at"	1315	-0.472789466795366	874	1462	0	38	0	0	FALSE
"HG1827-HT1856_s_at"	1741	0.293056247110127	1513	2227	0	38	0	1	FALSE
"U24183_s_at"	823	-1.50758324197347	499	975	0	38	0	0	FALSE
"Z26248_s_at"	1830	0.463145871440332	1131	2147	0	38	0	1	FALSE
"HG2238-HT2321_s_at"	1008	-1.08430284745894	615	1115	0	38	0	0	FALSE
"HG4069-HT4339_s_at"	2838	3.16513512729996	2781	2875	0	38	0	0	FALSE
"HG2259-HT2348_s_at"	935	-1.25685773888339	671	1124	0	38	0	0	FALSE
"L14778_s_at"	1267	-0.554204489917475	1101	1428	0	38	0	0	FALSE
"HG2479-HT2575_s_at"	872	-1.39045712757464	568	1065	0	38	0	0	FALSE
"L08835_rna2_s_at"	806	-1.54153923746591	685	974	0	38	0	0	FALSE
"X06182_s_at"	2571	2.02230857603941	2379	2705	0	38	0	0	FALSE
"U22376_cds2_s_at"	5	-7.27676441013278	1	14	38	38	1	0	TRUE
"HG2639-HT2735_s_at"	2943	3.99448879616887	2913	2990	0	38	0	0	FALSE
"HG2705-HT2801_s_at"	1528	-0.0674177766065214	1236	1771	0	38	0	13	FALSE
"HG274-HT274_s_at"	2597	2.09393720190699	2473	2811	0	38	0	0	FALSE
"HG2797-HT2906_s_at"	1836	0.470095343552459	1488	2049	0	38	0	1	FALSE
"M13452_s_at"	2990	4.49554880761202	2960	3006	0	38	0	0	FALSE
"HG2809-HT2920_s_at"	1782	0.37252652766666	1615	2084	0	38	0	0	FALSE
"X04654_s_at"	378	-2.95315663609835	289	493	0	38	0	0	FALSE
"HG2815-HT2931_at"	597	-2.18373465089561	445	676	0	38	0	0	FALSE
"HG2815-HT2931_s_at"	814	-1.52061109524394	482	988	0	38	0	0	FALSE
"HG2981-HT3127_s_at"	2975	4.3703479214974	2938	3014	0	38	0	0	FALSE
"HG2981-HT3125_s_at"	2941	3.98558794398668	2918	3003	0	38	0	0	FALSE
"HG2994-HT4850_s_at"	1718	0.258905973987549	1434	2013	0	38	0	1	FALSE
"U77846_rna1_at"	2170	1.09326090558657	2020	2430	0	38	0	0	FALSE
"U77846_rna1_s_at"	2463	1.72913918557767	2340	2667	0	38	0	0	FALSE
"L07807_s_at"	2623	2.17589521278075	2498	2735	0	38	0	0	FALSE
"HG3076-HT3238_s_at"	1049	-0.986772418419172	884	1232	0	38	0	0	FALSE
"X75755_rna1_s_at"	173	-4.0780320155785	113	236	0	38	0	0	FALSE
"HG3107-HT3283_s_at"	1985	0.727586755801389	1811	2576	0	38	0	0	FALSE
"HG3148-HT3324_s_at"	1269	-0.551887371083452	1028	1466	0	38	0	0	FALSE
"M31520_rna1_at"	1290	-0.511639481673513	839	1483	0	38	0	0	FALSE
"U05572_s_at"	2815	3.03084927906066	2717	2880	0	38	0	0	FALSE
"HG3342-HT3519_s_at"	2012	0.782383878564519	1777	2350	0	38	0	0	FALSE
"HG3395-HT3573_s_at"	510	-2.46407928611093	263	597	0	38	0	0	FALSE
"HG3417-HT3600_s_at"	2360	1.49643782008594	2168	2531	0	38	0	0	FALSE
"HG3437-HT3628_s_at"	1270	-0.547605890545516	1078	1553	0	38	0	0	FALSE
"HG3484-HT3678_s_at"	1169	-0.739572718610283	956	1372	0	38	0	0	FALSE
"HG3523-HT4899_s_at"	1003	-1.09008221932557	629	1152	0	38	0	0	FALSE
"M13929_s_at"	465	-2.64602696730782	316	536	0	38	0	0	FALSE
"J03242_s_at"	1819	0.439583499877608	1452	2036	0	38	0	1	FALSE
"HG3638-HT3849_s_at"	1513	-0.0870289251937966	1191	1719	0	38	0	12	FALSE
"HG371-HT26388_s_at"	2428	1.63785466354753	2265	2828	0	38	0	0	FALSE
"HG3725-HT3981_s_at"	2916	3.75930024918835	2872	2986	0	38	0	0	FALSE
"HG3730-HT4000_s_at"	2041	0.826478579773576	1780	2226	0	38	0	0	FALSE
"S80267_s_at"	2161	1.08248536932614	1934	2378	0	38	0	0	FALSE
"HG3920-HT4521_s_at"	2655	2.28596180364587	2554	2785	0	38	0	0	FALSE
"HG3925-HT4195_s_at"	1673	0.163356134239812	1394	1830	0	38	0	4	FALSE
"X77588_s_at"	617	-2.10167737499217	551	752	0	38	0	0	FALSE
"HG4011-HT4804_s_at"	1051	-0.984243541893599	886	1288	0	38	0	0	FALSE
"M74509_s_at"	2484	1.78143430564456	2331	2641	0	38	0	0	FALSE
"HG4113-HT4383_s_at"	1261	-0.565148579350103	1117	1621	0	38	0	1	FALSE
"HG417-HT417_s_at"	2873	3.38952137148161	2820	2948	0	38	0	0	FALSE
"U09937_rna1_s_at"	2662	2.32151112605	2556	2961	0	38	0	0	FALSE
"M20867_s_at"	573	-2.26095729873584	419	700	0	38	0	0	FALSE
"HG4264-HT4534_s_at"	2579	2.04218050721718	2435	2725	0	38	0	0	FALSE
"HG4318-HT4588_s_at"	2014	0.78300433226777	1818	2248	0	38	0	0	FALSE
"HG4334-HT4604_s_at"	2263	1.3051628896585	2035	2522	0	38	0	0	FALSE
"HG4535-HT4940_s_at"	2922	3.81393731103728	2873	3012	0	38	0	0	FALSE
"HG4668-HT5083_s_at"	2633	2.20697255567964	2531	2813	0	38	0	0	FALSE
"HG4755-HT5203_s_at"	406	-2.82241541120023	129	487	0	38	0	0	FALSE
"HG4757-HT5207_s_at"	2370	1.5097732547302	2187	2480	0	38	0	0	FALSE
"M79463_s_at"	2436	1.65236275309299	2279	2671	0	38	0	0	FALSE
"HG627-HT5097_s_at"	2897	3.59386058396234	2836	2949	0	38	0	0	FALSE
"HG627-HT5098_s_at"	2681	2.43518656338726	2542	2813	0	38	0	0	FALSE
"HG651-HT5209_s_at"	663	-1.96580379809692	378	737	0	38	0	0	FALSE
"HG721-HT4828_s_at"	1710	0.2329160812699	1402	1995	0	38	0	3	FALSE
"HG880-HT880_at"	1973	0.699220112239219	1681	2093	0	38	0	0	FALSE
"L08096_s_at"	1156	-0.759584968124463	700	1404	0	38	0	0	FALSE
"S76942_s_at"	2581	2.04898436648042	2485	2752	0	38	0	0	FALSE
"HG982-HT982_s_at"	2540	1.91770387618065	2419	2805	0	38	0	0	FALSE
"HG998-HT998_s_at"	1424	-0.264402205038196	1254	1683	0	38	0	4	FALSE
"M97935_s_at"	1451	-0.20236410375278	1033	1747	0	38	0	3	FALSE
"L00022_s_at"	1089	-0.907386546612226	1001	1646	0	38	0	1	FALSE
"S71043_rna1_s_at"	2877	3.43321211902414	2828	2936	0	38	0	0	FALSE
"M87789_s_at"	3001	4.84049337957125	2986	3016	0	38	0	0	FALSE
"J00268_s_at"	664	-1.96559916839142	474	775	0	38	0	0	FALSE
"V00594_at"	2176	1.09850143229673	1870	2318	0	38	0	0	FALSE
"V00594_s_at"	2444	1.67395780295603	2295	2627	0	38	0	0	FALSE
"J02621_s_at"	286	-3.40703965420289	245	347	0	38	0	0	FALSE
"J02683_s_at"	512	-2.45582774568008	403	593	0	38	0	0	FALSE
"X05130_s_at"	2921	3.81061223098804	2885	2988	0	38	0	0	FALSE
"M29610_s_at"	2793	2.90516170990934	2687	2851	0	38	0	0	FALSE
"U05255_s_at"	2689	2.45924975628183	2548	2756	0	38	0	0	FALSE
"Y00339_s_at"	2852	3.2394173411025	2762	2900	0	38	0	0	FALSE
"U50327_s_at"	2477	1.76398438380893	2251	2807	0	38	0	0	FALSE
"J03077_s_at"	2813	3.02613714877598	2762	2865	0	38	0	0	FALSE
"U07806_s_at"	1302	-0.497284212375022	1108	1757	0	38	0	1	FALSE
"J03263_s_at"	2832	3.11580719897578	2764	2977	0	38	0	0	FALSE
"Y00285_s_at"	907	-1.31324926220136	620	1078	0	38	0	0	FALSE
"M26004_s_at"	517	-2.44192108788253	454	607	0	38	0	0	FALSE
"M31551_s_at"	2632	2.20646450794828	2519	2670	0	38	0	0	FALSE
"X57579_s_at"	2654	2.28227884559921	2586	2760	0	38	0	0	FALSE
"U01691_s_at"	1723	0.26576869641041	1416	2007	0	38	0	2	FALSE
"M21119_s_at"	2867	3.34721996142236	2797	2952	0	38	0	0	FALSE
"J03805_s_at"	394	-2.88325223744306	138	486	0	38	0	0	FALSE
"M96233_s_at"	2610	2.14380595458392	2502	2845	0	38	0	0	FALSE
"J05253_s_at"	990	-1.11930405749686	814	1204	0	38	0	0	FALSE
"J04029_s_at"	291	-3.38241454521418	206	373	0	38	0	0	FALSE
"J04046_s_at"	1974	0.699671272379905	1766	2419	0	38	0	0	FALSE
"M69203_s_at"	2535	1.90523965764686	2394	2636	0	38	0	0	FALSE
"J04130_s_at"	2430	1.64325980696132	2235	2558	0	38	0	0	FALSE
"M61827_rna1_s_at"	2452	1.71231220785208	2256	2613	0	38	0	0	FALSE
"X14684_s_at"	518	-2.44051021815783	351	609	0	38	0	0	FALSE
"J04430_s_at"	740	-1.76241922451317	426	845	0	38	0	0	FALSE
"U75272_s_at"	1485	-0.140981027708645	1221	1821	0	38	0	4	FALSE
"X52979_rna1_s_at"	1123	-0.8271771960432	727	1285	0	38	0	0	FALSE
"S40719_s_at"	2019	0.7936872982384	1821	2424	0	38	0	0	FALSE
"X03689_s_at"	1672	0.163173153490863	1002	1792	0	38	0	3	FALSE
"J05016_rna1_s_at"	2138	1.02745083439848	1811	2305	0	38	0	0	FALSE
"J05036_s_at"	2272	1.32555319764713	2050	2401	0	38	0	0	FALSE
"M32304_s_at"	3007	4.93849639531162	2989	3031	0	38	0	0	FALSE
"M34996_s_at"	883	-1.37205605990673	711	1052	0	38	0	0	FALSE
"K01160_s_at"	1391	-0.330244552005595	827	1724	0	38	0	1	FALSE
"K02777_s_at"	276	-3.46867774352539	183	327	0	38	0	0	FALSE
"L00634_s_at"	109	-4.71877778492968	37	133	0	38	0	0	FALSE
"L03411_s_at"	348	-3.11586620668272	216	389	0	38	0	0	FALSE
"U09851_s_at"	532	-2.39940459379345	303	624	0	38	0	0	FALSE
"L05072_s_at"	1807	0.415992916399664	1578	2196	0	38	0	0	FALSE
"M26665_s_at"	2110	0.985701000357512	1958	2465	0	38	0	0	FALSE
"L05624_s_at"	2433	1.64620070306258	2272	2639	0	38	0	0	FALSE
"S57212_s_at"	537	-2.3788031488241	337	633	0	38	0	0	FALSE
"L09209_s_at"	3047	7.96552791357062	3043	3049	0	38	0	0	FALSE
"X70940_s_at"	1167	-0.741080383316686	972	1387	0	38	0	0	FALSE
"U89922_s_at"	159	-4.21278299956106	62	198	0	38	0	0	FALSE
"L12711_s_at"	2197	1.1403722173339	1992	2413	0	38	0	0	FALSE
"L13939_s_at"	1615	0.0829344018578583	1461	1923	0	38	0	9	FALSE
"X67235_s_at"	1940	0.642317034094701	1664	2122	0	38	0	0	FALSE
"U33838_s_at"	2709	2.55382354083054	2632	2928	0	38	0	0	FALSE
"Z22951_rna1_s_at"	2262	1.30105728302349	2122	2474	0	38	0	0	FALSE
"L19493_s_at"	986	-1.12938871941681	770	1116	0	38	0	0	FALSE
"U11875_s_at"	2145	1.04212301281366	1983	2382	0	38	0	0	FALSE
"X64624_s_at"	858	-1.424478133226	267	976	0	38	0	0	FALSE
"U59632_s_at"	2807	3.01283554639685	2746	2896	0	38	0	0	FALSE
"L23333_s_at"	2526	1.87807950064325	2409	2685	0	38	0	0	FALSE
"M27394_s_at"	609	-2.13993710774569	571	707	0	38	0	0	FALSE
"M60974_s_at"	2567	2.00209742032792	2459	2682	0	38	0	0	FALSE
"L24774_s_at"	2288	1.35096759681456	2155	2675	0	38	0	0	FALSE
"L25931_s_at"	60	-5.57608416017664	28	84	0	38	0	0	FALSE
"S69265_s_at"	1922	0.608728260929865	1749	2261	0	38	0	0	FALSE
"M96995_s_at"	2279	1.33351096151575	2049	2734	0	38	0	0	FALSE
"S77893_s_at"	2652	2.2689228216692	2484	2712	0	38	0	0	FALSE
"L32831_s_at"	2605	2.12868208391625	2460	2721	0	38	0	0	FALSE
"S75578_s_at"	1639	0.121246394811309	1484	1932	0	38	0	10	FALSE
"U80226_s_at"	2627	2.18595532528469	2531	2757	0	38	0	0	FALSE
"L35249_s_at"	2563	1.98242353266624	2424	2720	0	38	0	0	FALSE
"L46720_s_at"	1620	0.0873167788155383	1349	1968	0	38	0	11	FALSE
"X95097_rna1_s_at"	845	-1.45007152327007	521	996	0	38	0	0	FALSE
"L37360_s_at"	1116	-0.847138724573641	894	1298	0	38	0	0	FALSE
"M34458_rna1_s_at"	110	-4.71003186327424	70	145	0	38	0	0	FALSE
"L38490_s_at"	1676	0.16568607031351	1538	2476	0	38	0	4	FALSE
"U32986_s_at"	808	-1.5369913128556	670	965	0	38	0	0	FALSE
"L40386_s_at"	1707	0.228018496377474	1369	1891	0	38	0	2	FALSE
"U61734_s_at"	2858	3.28526051032533	2812	2977	0	38	0	0	FALSE
"U43185_s_at"	2227	1.22481236131789	2017	2526	0	38	0	0	FALSE
"M97347_s_at"	1100	-0.8883316232643	807	1331	0	38	0	0	FALSE
"L42374_s_at"	2065	0.89821470329759	1880	2259	0	38	0	0	FALSE
"L43575_s_at"	2247	1.2734007283343	2061	2743	0	38	0	0	FALSE
"L43579_s_at"	2958	4.14721007295	2914	3032	0	38	0	0	FALSE
"L44140_cds4_s_at"	2435	1.65220098552572	2280	2530	0	38	0	0	FALSE
"L47276_s_at"	560	-2.28071327657248	414	677	0	38	0	0	FALSE
"Y08765_s_at"	2596	2.09279628014926	2490	2785	0	38	0	0	FALSE
"Y08766_s_at"	2255	1.28664128326737	2099	2546	0	38	0	0	FALSE
"X62891_s_at"	1059	-0.96884261774539	982	1535	0	38	0	0	FALSE
"X05855_s_at"	250	-3.61818315044381	170	311	0	38	0	0	FALSE
"X07438_s_at"	2884	3.5103025980828	2838	2957	0	38	0	0	FALSE
"X02875_s_at"	1512	-0.087038598075355	1177	1764	0	38	0	8	FALSE
"M12959_s_at"	14	-6.76008537752755	4	26	35	38	0.921052631578947	0	TRUE
"M13560_s_at"	2207	1.16329457516313	2038	2667	0	38	0	0	FALSE
"M13690_s_at"	2980	4.40916110769465	2939	3003	0	38	0	0	FALSE
"M13829_s_at"	2049	0.852439979614601	1763	2189	0	38	0	0	FALSE
"M34353_s_at"	1604	0.06473575693489	1315	1881	0	38	0	11	FALSE
"M13994_s_at"	2257	1.29183187225383	2080	2466	0	38	0	0	FALSE
"M60891_s_at"	2468	1.74418360162101	2219	2549	0	38	0	0	FALSE
"M14328_s_at"	2472	1.75255405437845	2346	2821	0	38	0	0	FALSE
"M16336_s_at"	186	-4.02776292169128	152	234	0	38	0	0	FALSE
"X04602_s_at"	2518	1.8582732339308	2358	2579	0	38	0	0	FALSE
"Y00081_s_at"	2541	1.91786054581853	2400	2590	0	38	0	0	FALSE
"X64072_s_at"	3003	4.85883458983939	2984	3047	0	38	0	0	FALSE
"M36429_s_at"	1029	-1.01920523064912	793	1314	0	38	0	0	FALSE
"M16591_s_at"	2232	1.23334908167545	1987	2364	0	38	0	0	FALSE
"M16652_at"	2383	1.53429638140083	2221	2566	0	38	0	0	FALSE
"M16707_rna1_s_at"	1163	-0.748050946051846	642	1318	0	38	0	0	FALSE
"M16750_s_at"	2892	3.56428206736292	2840	3010	0	38	0	0	FALSE
"M16938_s_at"	1936	0.633098099608075	1802	2445	0	38	0	0	FALSE
"M28130_rna1_s_at"	3035	6.32170283696108	3020	3049	0	38	0	0	FALSE
"Y00787_s_at"	3044	6.86557886432735	3031	3050	0	38	0	0	FALSE
"M17236_at"	1882	0.544231358516198	1471	2064	0	38	0	1	FALSE
"M17254_s_at"	988	-1.11984085187721	468	1151	0	38	0	0	FALSE
"Y00414_s_at"	2864	3.31622389150967	2806	2927	0	38	0	0	FALSE
"M18255_cds2_s_at"	407	-2.81980506283636	219	534	0	38	0	0	FALSE
"M19508_xpt3_s_at"	2875	3.41323103948485	2804	2969	0	38	0	0	FALSE
"M27783_s_at"	3018	5.32661967823202	3002	3030	0	38	0	0	FALSE
"M20203_s_at"	2872	3.38729123698725	2814	2917	0	38	0	0	FALSE
"M26311_s_at"	2711	2.55519797452224	2616	2830	0	38	0	0	FALSE
"M84371_rna1_s_at"	77	-5.27719586600331	48	98	0	38	0	0	FALSE
"M26692_s_at"	522	-2.43566552350075	459	608	0	38	0	0	FALSE
"M26730_s_at"	1386	-0.335209843583257	1067	1657	0	38	0	2	FALSE
"M22348_s_at"	1570	0.0134744468653996	1419	1928	0	38	0	19	FALSE
"M23323_s_at"	747	-1.71708538211207	630	850	0	38	0	0	FALSE
"Z68228_s_at"	1276	-0.538104074271421	1057	1404	0	38	0	0	FALSE
"X95325_s_at"	1769	0.34837337850991	1580	2013	0	38	0	1	FALSE
"M24485_s_at"	2631	2.20099171690369	2468	2853	0	38	0	0	FALSE
"M54915_s_at"	2839	3.16849772542317	2769	3018	0	38	0	0	FALSE
"U16799_s_at"	1262	-0.562459209721	769	1527	0	38	0	0	FALSE
"M31776_s_at"	594	-2.18580567195503	439	684	0	38	0	0	FALSE
"M26041_s_at"	1987	0.730498117987945	1745	2351	0	38	0	0	FALSE
"Z80345_rna1_s_at"	1371	-0.366725703262179	551	1508	0	38	0	0	FALSE
"M27504_s_at"	140	-4.34697243830176	66	175	0	38	0	0	FALSE
"X60003_s_at"	983	-1.14168393713061	790	1194	0	38	0	0	FALSE
"S72493_s_at"	2278	1.33270198720296	2123	2742	0	38	0	0	FALSE
"M29277_at"	2388	1.54747995656909	2267	2718	0	38	0	0	FALSE
"M29277_s_at"	1095	-0.898603593133994	611	1256	0	38	0	0	FALSE
"M28882_s_at"	1476	-0.155861069513998	1187	1677	0	38	0	5	FALSE
"U20734_s_at"	2736	2.67245369275967	2661	2924	0	38	0	0	FALSE
"Z47055_s_at"	238	-3.72039172930407	183	278	0	38	0	0	FALSE
"M29932_s_at"	2517	1.85719822572147	2384	2681	0	38	0	0	FALSE
"M29994_s_at"	2297	1.36176825699924	2144	2749	0	38	0	0	FALSE
"M33493_s_at"	2641	2.22316469680033	2470	2717	0	38	0	0	FALSE
"M30448_s_at"	1624	0.0947555205473901	1373	1890	0	38	0	12	FALSE
"M30703_s_at"	2809	3.01898247338267	2723	2858	0	38	0	0	FALSE
"M74587_rna1_s_at"	1442	-0.230830036016004	1227	1667	0	38	0	3	FALSE
"X97748_s_at"	2898	3.60597257630026	2851	2931	0	38	0	0	FALSE
"M31169_s_at"	2201	1.15498916598331	2018	2609	0	38	0	0	FALSE
"M31211_s_at"	15	-6.70712240805833	6	30	32	38	0.842105263157895	0	TRUE
"U05681_s_at"	2959	4.17994030910599	2940	3001	0	38	0	0	FALSE
"M32879_at"	871	-1.39248914261987	273	972	0	38	0	0	FALSE
"M32879_s_at"	1329	-0.44695560260976	1014	1527	0	38	0	0	FALSE
"M58286_s_at"	650	-2.01127674357205	589	743	0	38	0	0	FALSE
"M34338_s_at"	1504	-0.0984214913988539	1318	1876	0	38	0	9	FALSE
"S37730_s_at"	1060	-0.968717017671756	388	1187	0	38	0	0	FALSE
"U50648_s_at"	2022	0.800548714933631	1781	2210	0	38	0	0	FALSE
"X13955_s_at"	2287	1.35017459544321	1976	2367	0	38	0	0	FALSE
"M36284_s_at"	2209	1.16967615622306	1984	2492	0	38	0	0	FALSE
"M36542_s_at"	2521	1.87222022123876	2414	2702	0	38	0	0	FALSE
"X13810_s_at"	2712	2.56581594538652	2631	2825	0	38	0	0	FALSE
"M57731_s_at"	2973	4.34485773488965	2938	3000	0	38	0	0	FALSE
"X53800_s_at"	2685	2.44669135541137	2594	2731	0	38	0	0	FALSE
"M37238_s_at"	928	-1.2684942034041	738	1106	0	38	0	0	FALSE
"M37457_at"	962	-1.1863008417846	821	1183	0	38	0	0	FALSE
"M38449_s_at"	2728	2.62825008988603	2650	2960	0	38	0	0	FALSE
"M86933_s_at"	1536	-0.0534095896237259	1138	1694	0	38	0	15	FALSE
"M55513_s_at"	638	-2.05557715842401	522	735	0	38	0	0	FALSE
"M57466_s_at"	1793	0.396393180402278	1634	2088	0	38	0	0	FALSE
"U16720_rna1_s_at"	1952	0.660879865509657	1703	2238	0	38	0	0	FALSE
"X13461_s_at"	2039	0.825315173339562	1906	2689	0	38	0	0	FALSE
"M58525_s_at"	1799	0.40718276225664	1637	2340	0	38	0	0	FALSE
"X52282_s_at"	2169	1.09246807666787	1835	2330	0	38	0	0	FALSE
"M60284_s_at"	1588	0.0292298546200377	1368	1781	0	38	0	14	FALSE
"M60483_rna1_s_at"	593	-2.18939396774267	440	708	0	38	0	0	FALSE
"X69950_s_at"	1304	-0.493549830037779	1073	1447	0	38	0	0	FALSE
"M60784_s_at"	555	-2.29698758663568	457	661	0	38	0	0	FALSE
"M61826_s_at"	2470	1.74814531540631	2285	2603	0	38	0	0	FALSE
"M61832_s_at"	1797	0.403741213495877	1595	2248	0	38	0	0	FALSE
"M62403_s_at"	875	-1.38670830729921	661	1026	0	38	0	0	FALSE
"M62628_s_at"	1172	-0.729162372353074	987	1350	0	38	0	0	FALSE
"M63438_s_at"	3017	5.26903580481583	3007	3029	0	38	0	0	FALSE
"M92843_s_at"	2377	1.52350573132287	2178	2715	0	38	0	0	FALSE
"M63838_s_at"	99	-4.85172836055759	21	155	0	38	0	0	FALSE
"Z26491_s_at"	1337	-0.438165989270973	1135	1712	0	38	0	1	FALSE
"M72885_rna1_s_at"	2672	2.38681341294985	2561	2727	0	38	0	0	FALSE
"X63131_s_at"	2233	1.23624088587538	1933	2347	0	38	0	0	FALSE
"M74715_s_at"	2795	2.91256002751008	2745	2866	0	38	0	0	FALSE
"U04285_s_at"	1787	0.386974643149307	1483	2027	0	38	0	1	FALSE
"Z31690_s_at"	2150	1.05732431409489	1844	2351	0	38	0	0	FALSE
"M75715_s_at"	2966	4.23849825095432	2930	3015	0	38	0	0	FALSE
"M77348_rna1_s_at"	1715	0.252455154528554	1458	1892	0	38	0	2	FALSE
"X90824_s_at"	1925	0.6105477223294	1761	2465	0	38	0	0	FALSE
"M80397_s_at"	1499	-0.108734043290947	1177	1696	0	38	0	6	FALSE
"X62083_s_at"	777	-1.62591443617626	626	979	0	38	0	0	FALSE
"M81181_s_at"	1828	0.458442695157078	1535	2008	0	38	0	1	FALSE
"M81695_s_at"	3027	5.89257670021485	3014	3043	0	38	0	0	FALSE
"M83652_s_at"	3013	5.1280418021766	2992	3039	0	38	0	0	FALSE
"X62534_s_at"	932	-1.26031882480313	710	1094	0	38	0	0	FALSE
"M83667_rna1_s_at"	2974	4.34813180971044	2933	3011	0	38	0	0	FALSE
"S54005_s_at"	172	-4.09436878704381	111	228	0	38	0	0	FALSE
"S57132_s_at"	1801	0.41043626206993	1560	2007	0	38	0	1	FALSE
"X75091_s_at"	800	-1.55783890888892	561	962	0	38	0	0	FALSE
"M94172_s_at"	2120	0.99854875972581	1950	2358	0	38	0	0	FALSE
"Y10141_s_at"	1268	-0.553860113744945	1048	1448	0	38	0	0	FALSE
"X68985_s_at"	2076	0.92159021397532	1946	2252	0	38	0	0	FALSE
"M97796_s_at"	2050	0.854085892775835	1877	2449	0	38	0	0	FALSE
"X59303_s_at"	1216	-0.647785026664717	987	1468	0	38	0	0	FALSE
"M98399_s_at"	2977	4.38649928075588	2925	3018	0	38	0	0	FALSE
"X66142_s_at"	1126	-0.819098016423337	1014	1605	0	38	0	1	FALSE
"X57809_s_at"	2622	2.17132987082216	2520	2757	0	38	0	0	FALSE
"X65784_s_at"	958	-1.19731503780179	803	1114	0	38	0	0	FALSE
"S56151_s_at"	2369	1.50946452253995	2237	2612	0	38	0	0	FALSE
"S69272_s_at"	2618	2.16433019150161	2508	2813	0	38	0	0	FALSE
"X51362_s_at"	1746	0.307172265951042	1518	2022	0	38	0	2	FALSE
"S72024_s_at"	2555	1.95669921465603	2382	2692	0	38	0	0	FALSE
"S72503_s_at"	1885	0.546936295963779	1690	2562	0	38	0	0	FALSE
"S73885_s_at"	420	-2.75570301384966	250	565	0	38	0	0	FALSE
"U31929_s_at"	1734	0.281878572008762	1510	2145	0	38	0	2	FALSE
"U33052_s_at"	2163	1.0859296204919	1865	2400	0	38	0	0	FALSE
"S77154_s_at"	2798	2.94964258570958	2747	2881	0	38	0	0	FALSE
"S79219_s_at"	1106	-0.87505191955665	882	1276	0	38	0	0	FALSE
"S79873_s_at"	2095	0.95654003763831	1857	2339	0	38	0	0	FALSE
"S80437_s_at"	657	-1.99820025083639	481	783	0	38	0	0	FALSE
"X58199_s_at"	2480	1.77152399887404	2337	2815	0	38	0	0	FALSE
"S81243_s_at"	2772	2.79528231064128	2696	2963	0	38	0	0	FALSE
"S81264_s_at"	1895	0.557085090371815	1628	2258	0	38	0	0	FALSE
"S82597_rna1_s_at"	1920	0.604605467187156	1615	2098	0	38	0	0	FALSE
"S83362_s_at"	2084	0.936411797389777	1901	2337	0	38	0	0	FALSE
"U04806_s_at"	1950	0.656290043596369	1696	2211	0	38	0	0	FALSE
"X73358_s_at"	634	-2.06175308188189	417	734	0	38	0	0	FALSE
"U06155_s_at"	917	-1.29818129541421	840	1055	0	38	0	0	FALSE
"U51010_s_at"	614	-2.11278687848328	378	714	0	38	0	0	FALSE
"U18271_cds3_s_at"	86	-5.10889794961286	56	98	0	38	0	0	FALSE
"U09178_s_at"	266	-3.54267664569411	183	307	0	38	0	0	FALSE
"U09510_s_at"	1814	0.432300293327192	1492	1973	0	38	0	1	FALSE
"U09716_s_at"	1083	-0.919645395882035	862	1256	0	38	0	0	FALSE
"U09820_s_at"	498	-2.50849323601173	356	641	0	38	0	0	FALSE
"X75346_s_at"	2786	2.86018453626594	2707	2894	0	38	0	0	FALSE
"X91911_s_at"	2903	3.64013261797748	2843	2976	0	38	0	0	FALSE
"X84213_s_at"	1625	0.100770070722824	1487	1930	0	38	0	10	FALSE
"X74301_s_at"	108	-4.72889950724517	87	134	0	38	0	0	FALSE
"U19252_s_at"	2273	1.32897049146405	2123	2483	0	38	0	0	FALSE
"U22431_s_at"	2024	0.80221360142079	1856	2310	0	38	0	0	FALSE
"U22970_rna1_s_at"	1058	-0.970003811976004	858	1298	0	38	0	0	FALSE
"U23852_s_at"	185	-4.03423382042583	144	233	0	38	0	0	FALSE
"U25034_s_at"	2258	1.29297529885816	2110	2413	0	38	0	0	FALSE
"U26173_s_at"	2988	4.48909539601244	2961	3030	0	38	0	0	FALSE
"U26266_s_at"	13	-6.84787530995967	1	25	37	38	0.973684210526316	0	TRUE
"U26312_s_at"	431	-2.73013396174978	156	538	0	38	0	0	FALSE
"U75276_s_at"	210	-3.8716386264141	83	248	0	38	0	0	FALSE
"Z50115_s_at"	402	-2.85111557015608	339	496	0	38	0	0	FALSE
"U30827_s_at"	1210	-0.661839452519059	1034	1491	0	38	0	0	FALSE
"U45328_s_at"	1201	-0.668924000656825	1013	1466	0	38	0	0	FALSE
"U31903_s_at"	1271	-0.547130893063632	1076	1714	0	38	0	1	FALSE
"U41068_cds2_s_at"	2067	0.898713811905174	1867	2253	0	38	0	0	FALSE
"U32674_s_at"	1699	0.210573052107595	1377	1884	0	38	0	3	FALSE
"U43203_s_at"	1954	0.666824838404586	1501	2198	0	38	0	1	FALSE
"X82850_s_at"	2198	1.14594250046458	1952	2366	0	38	0	0	FALSE
"U67092_s_at"	2359	1.49496157436897	2265	2732	0	38	0	0	FALSE
"X85116_rna1_s_at"	3029	5.98730080843087	3016	3044	0	38	0	0	FALSE
"U33936_s_at"	1425	-0.261750170890075	1082	1638	0	38	0	1	FALSE
"U35835_s_at"	331	-3.19740953917984	202	377	0	38	0	0	FALSE
"U36759_s_at"	1811	0.426502453596014	1598	2136	0	38	0	0	FALSE
"Z69030_s_at"	451	-2.67067002042357	303	534	0	38	0	0	FALSE
"X85137_s_at"	719	-1.82091530304583	558	813	0	38	0	0	FALSE
"U76366_s_at"	1280	-0.53376822828392	991	1422	0	38	0	0	FALSE
"U41315_rna1_s_at"	2617	2.1628258317282	2440	2709	0	38	0	0	FALSE
"U41767_s_at"	3000	4.77456414851051	2974	3019	0	38	0	0	FALSE
"X96506_s_at"	2466	1.74078882880017	2351	2595	0	38	0	0	FALSE
"U51333_s_at"	2229	1.22918873452875	2055	2570	0	38	0	0	FALSE
"U43189_s_at"	2338	1.44247478624777	2163	2536	0	38	0	0	FALSE
"U43916_s_at"	2595	2.08708185700992	2443	2655	0	38	0	0	FALSE
"U44799_s_at"	1383	-0.346366448073998	1027	1587	0	38	0	1	FALSE
"U45448_s_at"	1772	0.35483336342388	1613	2522	0	38	0	0	FALSE
"U47686_s_at"	607	-2.16241012963768	343	685	0	38	0	0	FALSE
"U49020_cds2_s_at"	23	-6.27568949815418	18	34	4	38	0.105263157894737	0	FALSE
"Z49148_s_at"	1716	0.253911506231559	1298	1888	0	38	0	3	FALSE
"U49835_s_at"	679	-1.92830289712514	551	767	0	38	0	0	FALSE
"U52077_s_at"	1675	0.165362258881496	1425	1972	0	38	0	5	FALSE
"U52696_s_at"	896	-1.35003820477587	662	1061	0	38	0	0	FALSE
"Z54367_s_at"	2762	2.73312832959397	2672	2975	0	38	0	0	FALSE
"U54644_s_at"	2105	0.976884411471962	1926	2413	0	38	0	0	FALSE
"U66711_rna1_s_at"	2230	1.2300366107698	2065	2480	0	38	0	0	FALSE
"U57971_s_at"	2833	3.1211232978082	2790	2896	0	38	0	0	FALSE
"U59831_rna1_s_at"	2025	0.802540611799018	1859	2440	0	38	0	0	FALSE
"U69140_s_at"	1449	-0.208103288784132	1047	1819	0	38	0	3	FALSE
"U61276_s_at"	2590	2.07314556581967	2477	2691	0	38	0	0	FALSE
"U67122_s_at"	1085	-0.91085339158998	872	1308	0	38	0	0	FALSE
"U61397_s_at"	317	-3.28081725447756	198	374	0	38	0	0	FALSE
"U79261_s_at"	2156	1.06813704331288	1832	2298	0	38	0	0	FALSE
"X56687_s_at"	370	-2.99124397583572	94	456	0	38	0	0	FALSE
"X00437_s_at"	632	-2.06982509339715	336	716	0	38	0	0	FALSE
"U70064_s_at"	1144	-0.785080261238597	970	1415	0	38	0	0	FALSE
"Z48501_s_at"	2953	4.09085622680755	2926	2986	0	38	0	0	FALSE
"U69126_s_at"	2333	1.43167029953055	2183	2782	0	38	0	0	FALSE
"U70439_s_at"	1778	0.362263581974691	1464	1955	0	38	0	1	FALSE
"U72509_s_at"	2060	0.872959576276501	1884	2391	0	38	0	0	FALSE
"U72936_s_at"	9	-7.07476270834987	3	20	38	38	1	0	TRUE
"U73477_s_at"	2191	1.13480656649276	2005	2690	0	38	0	0	FALSE
"Y09392_s_at"	1475	-0.15601801986651	1243	1705	0	38	0	8	FALSE
"U79528_s_at"	1040	-0.999164242213542	891	1270	0	38	0	0	FALSE
"U76764_s_at"	1845	0.487012180833964	1680	2152	0	38	0	0	FALSE
"U82108_s_at"	2889	3.54518271966659	2856	2945	0	38	0	0	FALSE
"U83598_at"	1846	0.488292749134046	1644	2040	0	38	0	0	FALSE
"U86759_s_at"	2173	1.09452248625844	1982	2323	0	38	0	0	FALSE
"U90543_s_at"	2310	1.38569718820467	2071	2569	0	38	0	0	FALSE
"U90552_s_at"	101	-4.81446747249655	59	149	0	38	0	0	FALSE
"X12530_s_at"	487	-2.55604113489445	443	562	0	38	0	0	FALSE
"X65965_s_at"	2750	2.70696790317131	2654	2812	0	38	0	0	FALSE
"X15729_s_at"	687	-1.89963040689818	448	799	0	38	0	0	FALSE
"X70944_s_at"	1397	-0.310522252595595	1202	1816	0	38	0	2	FALSE
"X53296_s_at"	2890	3.54564749149028	2843	2948	0	38	0	0	FALSE
"X61755_rna1_s_at"	1745	0.305777951604854	955	1940	0	38	0	1	FALSE
"X53390_s_at"	809	-1.53351638232017	616	942	0	38	0	0	FALSE
"X55037_s_at"	1227	-0.618564375569917	1087	1405	0	38	0	0	FALSE
"Y00451_s_at"	2828	3.09383366556114	2762	2879	0	38	0	0	FALSE
"X58431_rna2_s_at"	2981	4.41427617831265	2948	3011	0	38	0	0	FALSE
"X59932_s_at"	792	-1.57251674048578	543	919	0	38	0	0	FALSE
"X74874_rna1_s_at"	2157	1.06992003231383	1938	2364	0	38	0	0	FALSE
"X83492_at"	2237	1.25337676411021	2090	2600	0	38	0	0	FALSE
"X89101_s_at"	2909	3.68039310021031	2840	3023	0	38	0	0	FALSE
"X66276_s_at"	2390	1.55171127848037	2253	2627	0	38	0	0	FALSE
"Z25521_s_at"	648	-2.01851111713069	410	756	0	38	0	0	FALSE
"X76223_s_at"	387	-2.89798279322441	357	467	0	38	0	0	FALSE
"X79200_at"	1709	0.230061669337478	1534	2159	0	38	0	2	FALSE
"X97267_rna1_s_at"	131	-4.42064296673846	92	183	0	38	0	0	FALSE
"X82206_s_at"	2438	1.66134706392322	2298	2569	0	38	0	0	FALSE
"Z49825_s_at"	2224	1.21821316357533	2064	2595	0	38	0	0	FALSE
"Z69043_s_at"	1400	-0.306429384661083	1106	1605	0	38	0	3	FALSE
"X90846_at"	2079	0.92832030855913	1918	2474	0	38	0	0	FALSE
"X98534_s_at"	2600	2.10663638560659	2485	2733	0	38	0	0	FALSE
"Z11899_s_at"	1691	0.193731532160294	1482	1990	0	38	0	4	FALSE
"Z35402_rna1_s_at"	1638	0.120200940956114	1314	1782	0	38	0	8	FALSE
"AF000424_s_at"	2349	1.46016532969963	2178	2634	0	38	0	0	FALSE
"U46006_s_at"	247	-3.64187967209656	219	296	0	38	0	0	FALSE
"HG3546-HT3744_s_at"	119	-4.60575308841767	55	146	0	38	0	0	FALSE
"K02882_cds1_s_at"	925	-1.27839793606548	680	1098	0	38	0	0	FALSE
"M36430_s_at"	1354	-0.400479757756831	1150	1702	0	38	0	1	FALSE
"M95936_s_at"	1543	-0.0399371852254994	1319	2045	0	38	0	10	FALSE
"S82297_at"	1366	-0.382625645671277	1044	1532	0	38	0	0	FALSE
"X89399_s_at"	707	-1.85032744085586	489	833	0	38	0	0	FALSE
"M21305_at"	1132	-0.807874640975109	823	1281	0	38	0	0	FALSE
"HG2147-HT2217_r_at"	1928	0.612792919312685	1588	2067	0	38	0	1	FALSE
"HG2239-HT2324_r_at"	2271	1.32327201386806	2100	2415	0	38	0	0	FALSE
"HG3033-HT3194_r_at"	1838	0.476098949200351	1665	2374	0	38	0	0	FALSE
"HG3565-HT3768_r_at"	2393	1.56235191339424	2223	2623	0	38	0	0	FALSE
"HG4557-HT4962_at"	919	-1.29152178474383	721	1053	0	38	0	0	FALSE
"HG4557-HT4962_r_at"	1422	-0.26757858874964	1240	1666	0	38	0	4	FALSE
"L11672_at"	415	-2.77908426839761	205	559	0	38	0	0	FALSE
"L11672_r_at"	258	-3.58616190097101	165	345	0	38	0	0	FALSE
"M21388_r_at"	2905	3.66294619173485	2876	2972	0	38	0	0	FALSE
"M55422_at"	2212	1.171298376394	2062	2521	0	38	0	0	FALSE
"U57341_at"	2763	2.73773041179039	2656	2846	0	38	0	0	FALSE
"U90546_at"	227	-3.78243717380498	189	271	0	38	0	0	FALSE
"X87344_cds10_at"	1808	0.424115551659519	1539	2049	0	38	0	1	FALSE
"X87344_cds10_r_at"	1306	-0.487943835617849	1100	1515	0	38	0	0	FALSE
"X94563_xpt2_r_at"	1961	0.673696586594151	1620	2222	0	38	0	0	FALSE
"Z46632_r_at"	2132	1.01289794443535	1649	2195	0	38	0	0	FALSE
"AF001359_f_at"	1291	-0.511095237788941	893	1435	0	38	0	0	FALSE
"HG2148-HT2218_f_at"	1225	-0.628060755809501	1003	1404	0	38	0	0	FALSE
"HG3236-HT3413_f_at"	2083	0.935834345373908	1928	2349	0	38	0	0	FALSE
"HG3576-HT3779_f_at"	2400	1.58385779791141	2301	2849	0	38	0	0	FALSE
"HG3597-HT3800_f_at"	2118	0.996677835794361	1875	2326	0	38	0	0	FALSE
"HG3921-HT4191_f_at"	2663	2.34355462179145	2527	2761	0	38	0	0	FALSE
"HG688-HT688_f_at"	2794	2.90648600021261	2739	2883	0	38	0	0	FALSE
"J02982_f_at"	2765	2.74326782024842	2643	2905	0	38	0	0	FALSE
"J03801_f_at"	3028	5.91723870828527	3023	3039	0	38	0	0	FALSE
"M19045_f_at"	3034	6.25138994997569	3029	3040	0	38	0	0	FALSE
"X14008_rna1_f_at"	3022	5.61803473941415	3014	3032	0	38	0	0	FALSE
"X59244_f_at"	1244	-0.584413976357947	1093	1655	0	38	0	1	FALSE
"D17793_at"	2713	2.57290980688885	2586	2805	0	38	0	0	FALSE
"D38024_at"	615	-2.10926827919092	287	724	0	38	0	0	FALSE
"D49728_at"	2464	1.7310652975796	2328	2699	0	38	0	0	FALSE
"HG1980-HT2023_at"	2621	2.17041358633678	2528	2755	0	38	0	0	FALSE
"HG3636-HT3846_at"	2613	2.1531525271758	2529	2720	0	38	0	0	FALSE
"HG4322-HT4592_at"	2346	1.45540463039277	2091	2481	0	38	0	0	FALSE
"HG4593-HT4998_at"	1791	0.395258198345341	1568	1981	0	38	0	0	FALSE
"HG881-HT881_at"	2651	2.26881331982909	2555	2842	0	38	0	0	FALSE
"L05187_at"	1929	0.615982275458357	1685	2099	0	38	0	0	FALSE
"L08010_at"	1904	0.574052676924561	1344	2009	0	38	0	1	FALSE
"L13740_at"	1585	0.0257794528886995	1087	1760	0	38	0	20	FALSE
"M10942_at"	1435	-0.246475423699663	1232	1610	0	38	0	5	FALSE
"M12125_at"	851	-1.44132863013777	744	1011	0	38	0	0	FALSE
"M13485_at"	3012	5.04954364444691	2997	3022	0	38	0	0	FALSE
"M30838_at"	1431	-0.250617002290027	1181	1680	0	38	0	3	FALSE
"M31523_at"	1	-7.54834779503368	1	9	38	38	1	0	TRUE
"M31932_at"	2274	1.32958597556337	2114	2507	0	38	0	0	FALSE
"M32578_at"	2790	2.89729587149961	2717	2873	0	38	0	0	FALSE
"M60746_at"	2092	0.951434288487007	1958	2432	0	38	0	0	FALSE
"M99439_at"	1798	0.403812899491993	1632	2059	0	38	0	0	FALSE
"S72043_rna1_at"	2096	0.958127686510137	1934	2273	0	38	0	0	FALSE
"U01317_cds4_at"	2845	3.19794763714494	2764	2937	0	38	0	0	FALSE
"U03858_at"	1688	0.188965684796302	1387	1993	0	38	0	2	FALSE
"U19765_at"	529	-2.41542433601982	358	621	0	38	0	0	FALSE
"U24685_at"	927	-1.26986858429179	735	1091	0	38	0	0	FALSE
"U25975_at"	1433	-0.249411348496506	1122	1657	0	38	0	2	FALSE
"U27460_at"	38	-6.02879467302044	20	49	1	38	0.0263157894736842	0	FALSE
"U28014_at"	2111	0.986144137237393	1935	2325	0	38	0	0	FALSE
"U40279_at"	2874	3.39939014012473	2809	3007	0	38	0	0	FALSE
"U66061_cds3_at"	2586	2.06711748032043	2453	2690	0	38	0	0	FALSE
"U76388_at"	2624	2.17863655926217	2521	2781	0	38	0	0	FALSE
"U84388_at"	98	-4.86278630070039	81	120	0	38	0	0	FALSE
"U92027_at"	1254	-0.57177822784464	1060	1538	0	38	0	0	FALSE
"X01703_at"	947	-1.22232604225841	745	1119	0	38	0	0	FALSE
"X16546_at"	3002	4.8454485944913	2980	3023	0	38	0	0	FALSE
"X17093_at"	405	-2.82553593286609	306	501	0	38	0	0	FALSE
"X55989_rna1_at"	2033	0.813807928906407	1770	2191	0	38	0	0	FALSE
"X58399_at"	482	-2.57031641629606	348	546	0	38	0	0	FALSE
"X69115_at"	1989	0.733261463788436	1722	2283	0	38	0	0	FALSE
"X69654_at"	1341	-0.433808056916512	999	1552	0	38	0	0	FALSE
"X72475_at"	2796	2.92134814840475	2733	2893	0	38	0	0	FALSE
"X87211_at"	2345	1.45528248200999	2127	2496	0	38	0	0	FALSE
"X90530_at"	2591	2.07427939179792	2494	2700	0	38	0	0	FALSE
"X98296_at"	1668	0.154143851187198	1424	2046	0	38	0	8	FALSE
"Z30643_at"	2678	2.40731793862765	2607	2817	0	38	0	0	FALSE
"Z30644_at"	2950	4.05514400045571	2909	2978	0	38	0	0	FALSE
"Z49105_at"	1330	-0.446246465710311	1157	1630	0	38	0	2	FALSE
"Z80783_at"	2265	1.31090243683005	2147	2529	0	38	0	0	FALSE
"Z80787_at"	2362	1.49883706405405	2222	2563	0	38	0	0	FALSE
"J00314_at"	741	-1.75767463876278	604	866	0	38	0	0	FALSE
"L08904_at"	2194	1.13978453119994	2030	2559	0	38	0	0	FALSE
"L35594_at"	2152	1.05786037871857	1795	2251	0	38	0	0	FALSE
"L37112_at"	1868	0.523192999442574	1693	2366	0	38	0	0	FALSE
"M15395_at"	2885	3.51265291192587	2836	3012	0	38	0	0	FALSE
"M24069_at"	1293	-0.508614219651143	1143	1612	0	38	0	1	FALSE
"M25296_at"	1281	-0.532687218250948	1004	1461	0	38	0	0	FALSE
"M25667_at"	1966	0.686730400736153	1780	2332	0	38	0	0	FALSE
"U01337_at"	2052	0.858228321912573	1868	2566	0	38	0	0	FALSE
"U03494_at"	796	-1.56668374867562	687	937	0	38	0	0	FALSE
"U04241_at"	494	-2.52101656250452	312	587	0	38	0	0	FALSE
"U09587_at"	612	-2.11828446082818	506	737	0	38	0	0	FALSE
"U20499_at"	241	-3.69501609347675	121	335	0	38	0	0	FALSE
"U35234_at"	2069	0.903938486802139	1866	2299	0	38	0	0	FALSE
"U47677_at"	957	-1.19767669082411	797	1170	0	38	0	0	FALSE
"X06318_at"	383	-2.92614683376867	124	462	0	38	0	0	FALSE
"X07730_at"	2926	3.83704784774786	2883	2973	0	38	0	0	FALSE
"X12953_at"	2434	1.64679091625638	2265	2722	0	38	0	0	FALSE
"X14767_at"	2516	1.85421255190282	2333	2621	0	38	0	0	FALSE
"X16105_at"	1958	0.671078798317525	1818	2194	0	38	0	0	FALSE
"X51345_at"	2615	2.15542947891414	2521	2867	0	38	0	0	FALSE
"X52889_at"	1995	0.746379972572578	1769	2228	0	38	0	0	FALSE
"X53683_at"	2043	0.829105325183771	1799	2196	0	38	0	0	FALSE
"X80878_at"	1336	-0.439781335618567	1070	1505	0	38	0	0	FALSE
"X95876_at"	888	-1.36716689727742	653	1021	0	38	0	0	FALSE
"Y00477_at"	1965	0.683081570797036	1607	2204	0	38	0	0	FALSE
"Z14978_at"	2226	1.22371143048631	2094	2610	0	38	0	0	FALSE
"M27749_at"	639	-2.04162880599825	527	743	0	38	0	0	FALSE
"M27749_r_at"	500	-2.50183894982057	436	575	0	38	0	0	FALSE
"M34516_at"	2376	1.52181737650172	2228	2698	0	38	0	0	FALSE
"M34516_r_at"	2340	1.44624266023993	2174	2526	0	38	0	0	FALSE
"U88898_r_at"	2490	1.79299162808968	2339	2671	0	38	0	0	FALSE
"D32129_f_at"	2013	0.78262784640215	1713	2185	0	38	0	0	FALSE
"D38437_f_at"	923	-1.28134780579197	412	1052	0	38	0	0	FALSE
"D38498_f_at"	1917	0.596980702604307	1671	2342	0	38	0	0	FALSE
"HG2915-HT3059_f_at"	2528	1.88203804760163	2377	2638	0	38	0	0	FALSE
"HG2917-HT3061_f_at"	2417	1.61541091664068	2286	2679	0	38	0	0	FALSE
"HG3527-HT3721_f_at"	1541	-0.0487109654888492	1215	1708	0	38	0	14	FALSE
"HG4490-HT4876_f_at"	2634	2.20752290621307	2553	2773	0	38	0	0	FALSE
"J00212_f_at"	1979	0.72154972954725	1827	2552	0	38	0	0	FALSE
"K02405_f_at"	2513	1.8476579039443	2386	2685	0	38	0	0	FALSE
"K03183_f_at"	1649	0.132657208765688	1359	1830	0	38	0	3	FALSE
"K03189_f_at"	2865	3.3252660652473	2810	2940	0	38	0	0	FALSE
"K03207_f_at"	1502	-0.104745015216235	1273	1712	0	38	0	10	FALSE
"L00389_f_at"	1657	0.141605661156477	1503	1990	0	38	0	8	FALSE
"L02326_f_at"	1185	-0.704360849640853	963	1412	0	38	0	0	FALSE
"L42601_f_at"	2619	2.16637807836561	2510	2801	0	38	0	0	FALSE
"L42611_f_at"	2318	1.39948488708791	2128	2527	0	38	0	0	FALSE
"L76568_xpt3_f_at"	1627	0.101388864104598	1312	1949	0	38	0	10	FALSE
"M22612_f_at"	2137	1.02507534665004	1728	2196	0	38	0	0	FALSE
"M33600_f_at"	2172	1.09431642726329	2041	2737	0	38	0	0	FALSE
"M60750_f_at"	817	-1.51808308970438	640	964	0	38	0	0	FALSE
"M90356_f_at"	1316	-0.471831725441431	1040	1568	0	38	0	1	FALSE
"U10690_f_at"	1389	-0.333365348822897	1097	1727	0	38	0	2	FALSE
"X13930_f_at"	1605	0.0665668862537	1451	2185	0	38	0	12	FALSE
"X64177_f_at"	1382	-0.353688383114759	737	1585	0	38	0	1	FALSE
"X67491_f_at"	1918	0.599728987612539	1614	2134	0	38	0	0	FALSE
"X71345_f_at"	2026	0.803690806109408	1494	2151	0	38	0	1	FALSE
"X97444_f_at"	2895	3.58160403442563	2867	2946	0	38	0	0	FALSE
"Z80780_f_at"	1931	0.618934721980593	1692	2255	0	38	0	0	FALSE
"X00351_f_at"	1128	-0.817869947269481	554	1243	0	38	0	0	FALSE
"X01677_f_at"	1378	-0.357829220686799	1120	1544	0	38	0	0	FALSE
"M31667_f_at"	2245	1.26645140151408	2109	2467	0	38	0	0	FALSE
"L41268_f_at"	1229	-0.609776467938268	1051	1483	0	38	0	0	FALSE
"X99479_f_at"	674	-1.94677247357622	375	765	0	38	0	0	FALSE
"HG658-HT658_f_at"	1682	0.178572674616531	1434	1860	0	38	0	6	FALSE
"M94880_f_at"	2314	1.39125548905062	2112	2432	0	38	0	0	FALSE
"S80905_f_at"	965	-1.17951371248312	733	1148	0	38	0	0	FALSE
"X03068_f_at"	2091	0.943385112863895	1953	2455	0	38	0	0	FALSE
"U88902_cds1_f_at"	1519	-0.0772693794898138	1356	1797	0	38	0	10	FALSE
"D64015_at"	2246	1.27223642120057	2091	2466	0	38	0	0	FALSE
"L78833_cds4_at"	1437	-0.24226443524513	1183	1643	0	38	0	3	FALSE
"M93143_at"	1193	-0.688394212535832	1027	1390	0	38	0	0	FALSE
"U29175_at"	22	-6.293615607855	17	39	4	38	0.105263157894737	0	FALSE
"U58516_at"	1595	0.0413624128368185	1337	1849	0	38	0	12	FALSE
"X06956_at"	1752	0.316234473524573	1602	2031	0	38	0	0	FALSE
"X83863_at"	2511	1.84252929388244	2404	2734	0	38	0	0	FALSE
"Z17240_at"	1628	0.10468791201024	1395	1859	0	38	0	11	FALSE
"M71243_f_at"	2859	3.29258254947086	2774	2932	0	38	0	0	FALSE
