"feature_id"	"baseline_rank"	"baseline_t"	"best_observed_rank"	"worst_observed_rank"	"loo_selected_count"	"loo_scenarios"	"loo_selection_fraction"	"loo_sign_changes"	"baseline_topk"
"AFFX-HUMISGF3A/M97935_MA_at"	577	1.75919522154538	471	743	0	38	0	0	FALSE
"AFFX-HUMISGF3A/M97935_MB_at"	981	0.90985764479167	845	1309	0	38	0	0	FALSE
"AFFX-HUMISGF3A/M97935_3_at"	1546	-0.0980259202508952	1374	2074	0	38	0	9	FALSE
"AFFX-HUMRGE/M10098_5_at"	1667	-0.338962861923537	1439	1908	0	38	0	1	FALSE
"AFFX-HUMRGE/M10098_M_at"	2168	-1.3701649292409	2044	2330	0	38	0	0	FALSE
"AFFX-HUMRGE/M10098_3_at"	2123	-1.26505225398894	1988	2265	0	38	0	0	FALSE
"AFFX-HUMGAPDH/M33197_5_at"	1072	0.722154543316479	951	1554	0	38	0	1	FALSE
"AFFX-HUMGAPDH/M33197_M_at"	1176	0.533557665131957	1057	1695	0	38	0	1	FALSE
"AFFX-HSAC07/X00351_5_at"	1477	0.0167086537308892	1359	2094	0	38	0	14	FALSE
"AFFX-HSAC07/X00351_M_at"	1399	0.134915220696101	1298	2245	0	38	0	3	FALSE
"AFFX-HUMTFRR/M11507_5_at"	97	4.12987562089931	42	146	0	38	0	0	FALSE
"AFFX-HUMTFRR/M11507_M_at"	268	2.8478839492034	213	380	0	38	0	0	FALSE
"AFFX-HUMTFRR/M11507_3_at"	118	3.9224417189115	81	161	0	38	0	0	FALSE
"AFFX-M27830_5_at"	1718	-0.441941800886783	1540	1898	0	38	0	0	FALSE
"AFFX-M27830_M_at"	1593	-0.190501278673777	1399	1788	0	38	0	7	FALSE
"AFFX-M27830_3_at"	1282	0.349015059219006	1062	1469	0	38	0	1	FALSE
"AFFX-HSAC07/X00351_3_st"	2346	-1.85732709827022	2219	2618	0	38	0	0	FALSE
"AFFX-HUMGAPDH/M33197_M_st"	330	2.60868560072705	198	392	0	38	0	0	FALSE
"AFFX-HUMGAPDH/M33197_3_st"	1256	0.4029255759662	945	1442	0	38	0	0	FALSE
"AFFX-HSAC07/X00351_M_st"	414	2.21966276027611	252	507	0	38	0	0	FALSE
"A28102_at"	710	1.45077705831757	398	880	0	38	0	0	FALSE
"AB000115_at"	1229	0.45076059130016	992	1547	0	38	0	1	FALSE
"AB000449_at"	2926	-4.50756377345015	2895	2974	0	38	0	0	FALSE
"AB000464_at"	1860	-0.688447272417347	1518	2004	0	38	0	0	FALSE
"AB000468_at"	2462	-2.19798129733265	2350	2598	0	38	0	0	FALSE
"AB000584_at"	724	1.42535146439855	640	947	0	38	0	0	FALSE
"AB001106_at"	1690	-0.383206761510589	1478	2060	0	38	0	1	FALSE
"AB001325_at"	1512	-0.0511499396832643	1106	1682	0	38	0	10	FALSE
"AB002315_at"	793	1.29464465202263	610	1040	0	38	0	0	FALSE
"AB002318_at"	1717	-0.441047821786265	1044	1847	0	38	0	1	FALSE
"AB002382_at"	1561	-0.131435920199286	1231	1748	0	38	0	5	FALSE
"AB002559_at"	146	3.66320439267849	91	179	0	38	0	0	FALSE
"AB003177_at"	1635	-0.274271259617611	1131	1807	0	38	0	1	FALSE
"AC000061_cds2_at"	2070	-1.14307181822722	1899	2263	0	38	0	0	FALSE
"AC000064_cds1_at"	295	2.71786991685453	186	355	0	38	0	0	FALSE
"AC002073_cds1_at"	350	2.51797384524259	249	417	0	38	0	0	FALSE
"AC002115_cds1_at"	2043	-1.08249331863846	1786	2228	0	38	0	0	FALSE
"AC002115_rna2_at"	1262	0.392139355534629	774	1508	0	38	0	0	FALSE
"AF000231_at"	2720	-3.18850923607246	2682	2773	0	38	0	0	FALSE
"AF000560_at"	638	1.60942092342787	372	817	0	38	0	0	FALSE
"AF000562_at"	620	1.64464537434378	384	791	0	38	0	0	FALSE
"AF002224_at"	869	1.12252681632937	571	986	0	38	0	0	FALSE
"AF002700_at"	325	2.62160636637895	220	380	0	38	0	0	FALSE
"AF003743_at"	1996	-0.975570245206563	1845	2255	0	38	0	0	FALSE
"AF006041_at"	988	0.895623183174088	864	1178	0	38	0	0	FALSE
"AF006084_at"	905	1.05359128244376	323	1122	0	38	0	0	FALSE
"AF006087_at"	2219	-1.46704879109865	2003	2390	0	38	0	0	FALSE
"AF007875_at"	2304	-1.7153654188326	2139	2437	0	38	0	0	FALSE
"AF008445_at"	848	1.16005351648614	691	1112	0	38	0	0	FALSE
"AF008937_at"	206	3.20074883391342	114	255	0	38	0	0	FALSE
"AF009301_at"	2606	-2.68810594607605	2543	2828	0	38	0	0	FALSE
"AF010193_at"	1811	-0.589813122072707	1573	1971	0	38	0	0	FALSE
"AF014958_at"	688	1.50204758316809	437	828	0	38	0	0	FALSE
"AF015910_at"	1922	-0.812649517525363	1672	2117	0	38	0	0	FALSE
"AF015913_at"	2877	-4.07336967462861	2846	2968	0	38	0	0	FALSE
"AJ000480_at"	83	4.2933503853616	51	106	0	38	0	0	FALSE
"AJ001421_at"	1114	0.636589691062118	949	1369	0	38	0	0	FALSE
"D00017_at"	1504	-0.0240201516553075	1115	1710	0	38	0	16	FALSE
"D00596_at"	2353	-1.87469929893128	2214	2514	0	38	0	0	FALSE
"D00632_at"	368	2.44537294304496	258	441	0	38	0	0	FALSE
"D00723_at"	2279	-1.64741374985733	2144	2389	0	38	0	0	FALSE
"D00726_at"	192	3.29298364542922	140	263	0	38	0	0	FALSE
"D00760_at"	2352	-1.87466158545148	2211	2445	0	38	0	0	FALSE
"D00761_at"	866	1.12861331370141	626	1163	0	38	0	0	FALSE
"D00762_at"	1947	-0.877554209428963	1783	2198	0	38	0	0	FALSE
"D00763_at"	2939	-4.6740420950344	2900	2975	0	38	0	0	FALSE
"D10202_at"	525	1.88126179975611	449	706	0	38	0	0	FALSE
"D10495_at"	38	5.17946074919084	32	52	0	38	0	0	FALSE
"D10511_at"	1976	-0.949437155030391	1796	2195	0	38	0	0	FALSE
"D10522_at"	1133	0.603272806935264	995	1477	0	38	0	0	FALSE
"D10523_at"	1779	-0.543724487179512	1420	1953	0	38	0	1	FALSE
"D10923_at"	808	1.26164046850078	696	1076	0	38	0	0	FALSE
"D10995_at"	637	1.61499496702146	245	767	0	38	0	0	FALSE
"D11086_at"	2640	-2.79470520078773	2533	2782	0	38	0	0	FALSE
"D11094_at"	2110	-1.24447961234353	2000	2440	0	38	0	0	FALSE
"D11428_at"	1328	0.268290835337308	732	1532	0	38	0	2	FALSE
"D13315_at"	2393	-1.98271783584612	2262	2608	0	38	0	0	FALSE
"D13370_at"	2653	-2.85941986791911	2549	2749	0	38	0	0	FALSE
"D13435_at"	2537	-2.44848588013019	2443	2677	0	38	0	0	FALSE
"D13626_at"	2092	-1.19386349175172	1850	2216	0	38	0	0	FALSE
"D13627_at"	2768	-3.41976999944394	2692	2864	0	38	0	0	FALSE
"D13628_at"	406	2.24848998063273	256	534	0	38	0	0	FALSE
"D13630_at"	2224	-1.49454143867614	2046	2423	0	38	0	0	FALSE
"D13636_at"	2798	-3.61031646563089	2753	2885	0	38	0	0	FALSE
"D13639_at"	1141	0.584406485047397	854	1297	0	38	0	0	FALSE
"D13640_at"	1445	0.0669541536546374	1016	1677	0	38	0	12	FALSE
"D13641_at"	1496	-0.0132321561682626	1255	1717	0	38	0	18	FALSE
"D13643_at"	1953	-0.890004589114816	1561	2118	0	38	0	0	FALSE
"D13645_at"	2415	-2.05715970114019	2333	2533	0	38	0	0	FALSE
"D13748_at"	760	1.35505651581402	359	946	0	38	0	0	FALSE
"D13897_rna2_at"	1416	0.117913141432845	950	1634	0	38	0	7	FALSE
"D13900_at"	1870	-0.713568257324639	1655	2106	0	38	0	0	FALSE
"D13988_at"	1893	-0.755367655366094	1717	2103	0	38	0	0	FALSE
"D14043_at"	1933	-0.841541074875432	1730	2294	0	38	0	0	FALSE
"D14657_at"	1764	-0.514128418482565	1283	1944	0	38	0	1	FALSE
"D14658_at"	3008	-5.8730738964676	2984	3048	0	38	0	0	FALSE
"D14661_at"	1077	0.707041460705467	863	1328	0	38	0	0	FALSE
"D14662_at"	2040	-1.08060939082518	1897	2256	0	38	0	0	FALSE
"D14663_at"	1409	0.125826225159563	1045	1737	0	38	0	7	FALSE
"D14686_at"	570	1.77648408195094	333	690	0	38	0	0	FALSE
"D14689_at"	448	2.12373860601465	353	543	0	38	0	0	FALSE
"D14694_at"	2639	-2.78061768876906	2563	2779	0	38	0	0	FALSE
"D14695_at"	1480	0.0147579164972136	1258	1749	0	38	0	20	FALSE
"D14710_at"	2626	-2.74526944679819	2529	2671	0	38	0	0	FALSE
"D14811_at"	174	3.45914782835618	109	233	0	38	0	0	FALSE
"D14812_at"	2521	-2.40451055040408	2409	2670	0	38	0	0	FALSE
"D14838_at"	2200	-1.44016778651257	2029	2279	0	38	0	0	FALSE
"D14874_at"	20	6.23412443951394	9	28	23	38	0.605263157894737	0	TRUE
"D14878_at"	2041	-1.08072934468077	1834	2244	0	38	0	0	FALSE
"D14889_at"	300	2.70954127724006	232	359	0	38	0	0	FALSE
"D15050_at"	1689	-0.382942126974983	1538	2241	0	38	0	0	FALSE
"D15057_at"	2548	-2.48723690455218	2462	2634	0	38	0	0	FALSE
"D16217_at"	364	2.45659034600499	225	449	0	38	0	0	FALSE
"D16294_at"	2055	-1.10265416462089	1847	2232	0	38	0	0	FALSE
"D16469_at"	87	4.23758052157589	44	132	0	38	0	0	FALSE
"D16532_at"	2291	-1.67838922252446	2150	2364	0	38	0	0	FALSE
"D16562_at"	2593	-2.65303132610169	2509	2738	0	38	0	0	FALSE
"D16593_at"	1348	0.226029241339053	1133	1555	0	38	0	4	FALSE
"D17525_at"	1700	-0.404813679725208	1430	1869	0	38	0	1	FALSE
"D17716_at"	2079	-1.15719718650596	1810	2304	0	38	0	0	FALSE
"D21063_at"	2656	-2.86901909956825	2552	2731	0	38	0	0	FALSE
"D21090_at"	2292	-1.68130068595053	2179	2429	0	38	0	0	FALSE
"D21255_at"	2320	-1.77924762265021	2200	2397	0	38	0	0	FALSE
"D21260_at"	2286	-1.66611111611192	2165	2441	0	38	0	0	FALSE
"D21261_at"	236	3.03663399915843	146	290	0	38	0	0	FALSE
"D21262_at"	2959	-4.93289641157166	2936	3004	0	38	0	0	FALSE
"D21852_at"	2812	-3.69532184522639	2742	2895	0	38	0	0	FALSE
"D23662_at"	2431	-2.0947368827484	2321	2583	0	38	0	0	FALSE
"D25216_at"	1205	0.490586681680614	870	1384	0	38	0	0	FALSE
"D25217_at"	506	1.93623550018505	134	635	0	38	0	0	FALSE
"D25218_at"	1203	0.495667369513474	998	1422	0	38	0	0	FALSE
"D25248_at"	1071	0.722809109157859	857	1230	0	38	0	0	FALSE
"D25274_at"	1622	-0.251697047673976	1293	1817	0	38	0	3	FALSE
"D25278_at"	1892	-0.755243151843947	1692	2204	0	38	0	0	FALSE
"D25328_at"	2809	-3.68155018760455	2761	2923	0	38	0	0	FALSE
"D25538_at"	2027	-1.02870218966529	1858	2196	0	38	0	0	FALSE
"D25547_at"	631	1.62217441576027	311	794	0	38	0	0	FALSE
"D26069_at"	2697	-3.0585707959534	2645	2770	0	38	0	0	FALSE
"D26129_at"	645	1.59232227899674	528	856	0	38	0	0	FALSE
"D26308_at"	81	4.31360086949556	61	141	0	38	0	0	FALSE
"D26579_at"	98	4.10066480526336	75	136	0	38	0	0	FALSE
"D26599_at"	2557	-2.51730170721937	2455	2772	0	38	0	0	FALSE
"D28114_at"	1115	0.635393451631278	544	1275	0	38	0	0	FALSE
"D28118_at"	1547	-0.0984054416427203	1225	1750	0	38	0	8	FALSE
"D28137_at"	660	1.55747279417108	204	805	0	38	0	0	FALSE
"D28364_at"	1389	0.149249197603597	1215	1789	0	38	0	3	FALSE
"D28383_at"	1809	-0.58599168300565	1599	2075	0	38	0	0	FALSE
"D28423_at"	2264	-1.59565130594056	2078	2532	0	38	0	0	FALSE
"D28476_at"	2296	-1.68690240880437	2140	2449	0	38	0	0	FALSE
"D28588_at"	1486	0.00640189344626898	1184	1629	0	38	0	17	FALSE
"D28589_at"	2412	-2.04002568619352	2314	2570	0	38	0	0	FALSE
"D28915_at"	432	2.16918683843926	348	549	0	38	0	0	FALSE
"D29641_at"	2784	-3.52475401039651	2731	2844	0	38	0	0	FALSE
"D29642_at"	2351	-1.87070733644428	2246	2530	0	38	0	0	FALSE
"D29643_at"	272	2.8346224570375	158	362	0	38	0	0	FALSE
"D29677_at"	2463	-2.19952854638908	2390	2697	0	38	0	0	FALSE
"D30036_at"	518	1.89878420752204	363	657	0	38	0	0	FALSE
"D30655_at"	2831	-3.8305146968348	2771	2960	0	38	0	0	FALSE
"D30742_at"	2189	-1.41395988622226	2051	2391	0	38	0	0	FALSE
"D30755_at"	1059	0.73988380018698	857	1273	0	38	0	0	FALSE
"D30758_at"	1988	-0.965585158617564	1777	2191	0	38	0	0	FALSE
"D31716_at"	1103	0.655999848033908	900	1401	0	38	0	0	FALSE
"D31764_at"	2731	-3.25668857255099	2690	2765	0	38	0	0	FALSE
"D31766_at"	1643	-0.285929260666796	1291	1819	0	38	0	1	FALSE
"D31767_at"	911	1.03404117467503	620	1190	0	38	0	0	FALSE
"D31797_at"	1732	-0.46652064550936	1521	1900	0	38	0	1	FALSE
"D31883_at"	2316	-1.77158150068295	2209	2593	0	38	0	0	FALSE
"D31884_at"	165	3.52879515917849	115	190	0	38	0	0	FALSE
"D31885_at"	1159	0.554999994762658	894	1498	0	38	0	0	FALSE
"D31888_at"	1575	-0.154771659653756	1256	1757	0	38	0	5	FALSE
"D31890_at"	2507	-2.34278521275511	2401	2687	0	38	0	0	FALSE
"D31891_at"	2849	-3.90746491620511	2795	2943	0	38	0	0	FALSE
"D32001_at"	783	1.32123897596217	481	919	0	38	0	0	FALSE
"D32050_at"	2819	-3.7470813700143	2751	2925	0	38	0	0	FALSE
"D38037_at"	1150	0.572102438984897	1011	1470	0	38	0	0	FALSE
"D38047_at"	2029	-1.03541568672764	1824	2293	0	38	0	0	FALSE
"D38048_at"	2687	-3.00887585433438	2611	2753	0	38	0	0	FALSE
"D38076_at"	2585	-2.64054828858368	2490	2726	0	38	0	0	FALSE
"D38145_at"	1958	-0.89919235850223	1722	2235	0	38	0	0	FALSE
"D38305_at"	1974	-0.94434064330236	1829	2272	0	38	0	0	FALSE
"D38521_at"	186	3.34042074228148	151	249	0	38	0	0	FALSE
"D38524_at"	2963	-5.00517357279062	2928	3034	0	38	0	0	FALSE
"D38535_at"	1317	0.28339965359882	947	1485	0	38	0	1	FALSE
"D38548_at"	2823	-3.77903543320654	2753	2915	0	38	0	0	FALSE
"D38549_at"	2074	-1.14800330007648	1874	2279	0	38	0	0	FALSE
"D38550_at"	1659	-0.319582663274022	1294	1878	0	38	0	1	FALSE
"D38551_at"	2789	-3.55503079941894	2745	2852	0	38	0	0	FALSE
"D38552_at"	2737	-3.28520103497573	2684	2883	0	38	0	0	FALSE
"D38555_at"	2491	-2.27699928700812	2379	2748	0	38	0	0	FALSE
"D38583_at"	613	1.66314522999179	482	814	0	38	0	0	FALSE
"D42041_at"	596	1.71781822156742	399	746	0	38	0	0	FALSE
"D42043_at"	2913	-4.35089033147047	2873	2943	0	38	0	0	FALSE
"D42053_at"	2546	-2.47695241571375	2456	2686	0	38	0	0	FALSE
"D42054_at"	2482	-2.26629162500871	2382	2698	0	38	0	0	FALSE
"D42084_at"	2693	-3.03383434157873	2607	2796	0	38	0	0	FALSE
"D42085_at"	978	0.91841989331216	725	1177	0	38	0	0	FALSE
"D42087_at"	1490	-0.00206016610671704	1258	1770	0	38	0	16	FALSE
"D43636_at"	1846	-0.667287278431814	1686	2232	0	38	0	0	FALSE
"D43642_at"	1895	-0.757785419960878	1662	2079	0	38	0	0	FALSE
"D43767_at"	1849	-0.667983616655231	1500	1981	0	38	0	0	FALSE
"D43947_at"	2056	-1.10299386276734	1927	2392	0	38	0	0	FALSE
"D43948_at"	2950	-4.80904366422381	2912	2979	0	38	0	0	FALSE
"D43949_at"	1986	-0.964703091378994	1653	2137	0	38	0	0	FALSE
"D43950_at"	2906	-4.31870306664405	2847	2941	0	38	0	0	FALSE
"D43951_at"	2681	-2.98516389814767	2602	2799	0	38	0	0	FALSE
"D44466_at"	2616	-2.71160042469504	2531	2762	0	38	0	0	FALSE
"D45248_at"	2635	-2.77282167639866	2533	2758	0	38	0	0	FALSE
"D45370_at"	1866	-0.703152831968034	1694	2093	0	38	0	0	FALSE
"D45371_at"	594	1.72304008742934	452	734	0	38	0	0	FALSE
"D49396_at"	2289	-1.67605481625716	2174	2464	0	38	0	0	FALSE
"D49410_at"	993	0.870460664061997	780	1185	0	38	0	0	FALSE
"D49489_at"	2231	-1.50889291694516	2044	2384	0	38	0	0	FALSE
"D49490_at"	1900	-0.767094715091454	1688	2081	0	38	0	0	FALSE
"D49738_at"	2441	-2.12730571752639	2322	2561	0	38	0	0	FALSE
"D49817_at"	153	3.62269054397403	50	208	0	38	0	0	FALSE
"D49818_at"	951	0.967071469728944	774	1155	0	38	0	0	FALSE
"D50495_at"	1688	-0.382919404316244	1427	2019	0	38	0	1	FALSE
"D50525_at"	2366	-1.90743947764853	2236	2469	0	38	0	0	FALSE
"D50663_at"	1313	0.292364659540565	1007	1652	0	38	0	1	FALSE
"D50683_at"	2779	-3.4898349619901	2729	2885	0	38	0	0	FALSE
"D50692_at"	1786	-0.556014454417622	1611	2113	0	38	0	0	FALSE
"D50840_at"	1651	-0.304728538722636	1453	1927	0	38	0	1	FALSE
"D50857_at"	1131	0.60484782921238	794	1343	0	38	0	0	FALSE
"D50863_at"	2173	-1.3800731146427	2069	2687	0	38	0	0	FALSE
"D50911_at"	2303	-1.70697369978889	2162	2499	0	38	0	0	FALSE
"D50912_at"	2726	-3.22781967845721	2639	2796	0	38	0	0	FALSE
"D50913_at"	2276	-1.63340250502541	2148	2521	0	38	0	0	FALSE
"D50914_at"	2733	-3.27087879254585	2679	2920	0	38	0	0	FALSE
"D50915_at"	621	1.64454048617636	493	796	0	38	0	0	FALSE
"D50916_at"	2772	-3.44296434499991	2729	2916	0	38	0	0	FALSE
"D50917_at"	727	1.41406041790051	330	921	0	38	0	0	FALSE
"D50918_at"	2840	-3.86481270407579	2761	2964	0	38	0	0	FALSE
"D50920_at"	2035	-1.05553144720415	1809	2230	0	38	0	0	FALSE
"D50926_at"	1249	0.41440730224507	941	1533	0	38	0	1	FALSE
"D50927_at"	2527	-2.43107381648012	2445	2669	0	38	0	0	FALSE
"D50928_at"	1246	0.415789366825313	1025	1481	0	38	0	0	FALSE
"D50930_at"	2745	-3.30181330491966	2691	2846	0	38	0	0	FALSE
"D55640_at"	1641	-0.281624013772356	1316	1838	0	38	0	2	FALSE
"D55654_at"	2662	-2.89153151079519	2597	2792	0	38	0	0	FALSE
"D55716_at"	2228	-1.50532706835309	2064	2479	0	38	0	0	FALSE
"D61380_at"	2186	-1.4013298356287	2009	2276	0	38	0	0	FALSE
"D61391_at"	2560	-2.53514464597676	2472	2628	0	38	0	0	FALSE
"D63160_at"	632	1.62078550058008	399	787	0	38	0	0	FALSE
"D63391_at"	2928	-4.55145459765196	2897	2952	0	38	0	0	FALSE
"D63475_at"	1149	0.572593681771438	833	1439	0	38	0	0	FALSE
"D63476_at"	2955	-4.88058151388881	2927	2983	0	38	0	0	FALSE
"D63481_at"	1580	-0.160009652570837	1306	1770	0	38	0	3	FALSE
"D63486_at"	2762	-3.38665733597939	2671	2847	0	38	0	0	FALSE
"D63487_at"	2033	-1.04426950570369	1824	2232	0	38	0	0	FALSE
"D63506_at"	2422	-2.0822369216535	2322	2535	0	38	0	0	FALSE
"D63813_at"	1295	0.321744676766686	872	1496	0	38	0	1	FALSE
"D63851_at"	1107	0.648302048667171	916	1356	0	38	0	0	FALSE
"D63874_at"	2918	-4.38762743822974	2868	2957	0	38	0	0	FALSE
"D63875_at"	2604	-2.68238164634567	2541	2675	0	38	0	0	FALSE
"D63876_at"	1738	-0.476680623592434	1572	2012	0	38	0	0	FALSE
"D63877_at"	1061	0.736967684260393	944	1369	0	38	0	0	FALSE
"D63878_at"	1597	-0.195854027927817	1314	1774	0	38	0	4	FALSE
"D63879_at"	2757	-3.37064311761767	2697	2842	0	38	0	0	FALSE
"D63880_at"	2967	-5.16158984747632	2950	2994	0	38	0	0	FALSE
"D63881_at"	1965	-0.9097785392739	1799	2232	0	38	0	0	FALSE
"D63998_at"	498	1.94728681751162	307	630	0	38	0	0	FALSE
"D64109_at"	1802	-0.575473447238121	1548	2186	0	38	0	0	FALSE
"D64110_at"	639	1.60009000328555	235	746	0	38	0	0	FALSE
"D64142_at"	630	1.62906643208299	340	765	0	38	0	0	FALSE
"D64158_at"	2158	-1.35171288682151	2004	2357	0	38	0	0	FALSE
"D67029_at"	1604	-0.209133352365747	1407	2042	0	38	0	5	FALSE
"D78012_at"	986	0.898660836304499	783	1161	0	38	0	0	FALSE
"D78129_at"	1587	-0.1771302314539	1217	1787	0	38	0	3	FALSE
"D78134_at"	545	1.83253329690407	414	751	0	38	0	0	FALSE
"D78275_at"	2725	-3.21577263103026	2657	2841	0	38	0	0	FALSE
"D78335_at"	2796	-3.59576293427683	2747	2860	0	38	0	0	FALSE
"D78361_at"	1314	0.289200802562972	899	1614	0	38	0	2	FALSE
"D78586_at"	2119	-1.2595683153937	1990	2329	0	38	0	0	FALSE
"D78611_at"	739	1.390835094089	558	921	0	38	0	0	FALSE
"D79986_at"	1492	-0.00274627026341236	1239	1662	0	38	0	19	FALSE
"D79990_at"	1680	-0.365947846220798	1513	1907	0	38	0	0	FALSE
"D79992_at"	2143	-1.31173824328624	1921	2326	0	38	0	0	FALSE
"D79993_at"	1082	0.694356677352015	720	1366	0	38	0	0	FALSE
"D79994_at"	2151	-1.33586033321187	1997	2289	0	38	0	0	FALSE
"D79996_at"	890	1.08498107602695	678	1100	0	38	0	0	FALSE
"D79999_at"	1335	0.257323746772033	944	1584	0	38	0	2	FALSE
"D80001_at"	2852	-3.92310642204295	2808	2884	0	38	0	0	FALSE
"D80003_at"	2728	-3.2399124040117	2673	3016	0	38	0	0	FALSE
"D80004_at"	1470	0.0232076582137246	1213	1713	0	38	0	16	FALSE
"D80005_at"	2579	-2.59731995801189	2480	2669	0	38	0	0	FALSE
"D80006_at"	2895	-4.22494293790667	2849	2925	0	38	0	0	FALSE
"D80007_at"	1074	0.719422571512572	890	1325	0	38	0	0	FALSE
"D80008_at"	2806	-3.64327862294428	2740	2903	0	38	0	0	FALSE
"D80009_at"	2367	-1.91136717287483	2271	2744	0	38	0	0	FALSE
"D80010_at"	2595	-2.65445258942701	2533	2852	0	38	0	0	FALSE
"D80012_at"	2469	-2.20828234961825	2354	2559	0	38	0	0	FALSE
"D82061_at"	1568	-0.141012132187236	1187	1907	0	38	0	5	FALSE
"D82070_at"	561	1.7941553317499	392	676	0	38	0	0	FALSE
"D82345_at"	2419	-2.06625589276515	2323	2529	0	38	0	0	FALSE
"D82348_at"	2300	-1.70109904079201	2167	2391	0	38	0	0	FALSE
"D83004_at"	2024	-1.02449652088796	1747	2189	0	38	0	0	FALSE
"D83032_at"	2903	-4.29810152838282	2852	2999	0	38	0	0	FALSE
"D83243_at"	2599	-2.66655547921514	2515	2725	0	38	0	0	FALSE
"D83542_at"	1543	-0.0934482888618756	1179	1701	0	38	0	5	FALSE
"D83597_at"	1344	0.228418175407896	1065	1673	0	38	0	2	FALSE
"D83657_at"	849	1.15904897145261	786	1104	0	38	0	0	FALSE
"D83703_at"	1493	-0.00673773900316986	1241	1706	0	38	0	19	FALSE
"D83735_at"	407	2.24841470234843	253	553	0	38	0	0	FALSE
"D83776_at"	2785	-3.52813905636176	2710	2977	0	38	0	0	FALSE
"D83777_at"	1044	0.776048510090164	732	1390	0	38	0	0	FALSE
"D83780_at"	1864	-0.697778058090626	1694	2224	0	38	0	0	FALSE
"D83783_at"	2857	-3.98698374440085	2803	3015	0	38	0	0	FALSE
"D83784_at"	875	1.10040203729161	607	1067	0	38	0	0	FALSE
"D83785_at"	2871	-4.05078200413619	2823	2942	0	38	0	0	FALSE
"D83920_at"	443	2.14365747014189	350	569	0	38	0	0	FALSE
"D84110_at"	1218	0.46494475957995	883	1446	0	38	0	0	FALSE
"D84239_at"	2598	-2.66500401744958	2515	2671	0	38	0	0	FALSE
"D84276_at"	2937	-4.62751374058466	2910	2964	0	38	0	0	FALSE
"D84294_at"	2843	-3.88376032115667	2793	2907	0	38	0	0	FALSE
"D84307_at"	1271	0.367784657991225	871	1441	0	38	0	0	FALSE
"D84557_at"	2743	-3.29718060282457	2675	2786	0	38	0	0	FALSE
"D85245_at"	1015	0.821497327581181	613	1166	0	38	0	0	FALSE
"D85429_at"	2363	-1.89107544654205	2248	2650	0	38	0	0	FALSE
"D85527_at"	1211	0.480326373914635	723	1396	0	38	0	0	FALSE
"D85758_at"	2838	-3.85487443844694	2790	2926	0	38	0	0	FALSE
"D85815_at"	754	1.36306185203319	524	941	0	38	0	0	FALSE
"D85939_at"	674	1.52423876357398	546	850	0	38	0	0	FALSE
"D86479_at"	2971	-5.21931996016104	2957	3032	0	38	0	0	FALSE
"D86549_at"	2222	-1.47883163250723	2069	2358	0	38	0	0	FALSE
"D86956_at"	2489	-2.27653767671267	2411	2904	0	38	0	0	FALSE
"D86961_at"	2179	-1.38945056782882	1990	2301	0	38	0	0	FALSE
"D86962_at"	2205	-1.44761150671067	2057	2496	0	38	0	0	FALSE
"D86964_at"	2314	-1.76556284594068	2174	2564	0	38	0	0	FALSE
"D86967_at"	2998	-5.74772889165424	2980	3032	0	38	0	0	FALSE
"D86970_at"	2820	-3.7490085140702	2762	2940	0	38	0	0	FALSE
"D86971_at"	2454	-2.1817102610814	2381	2698	0	38	0	0	FALSE
"D86972_at"	1977	-0.950451188292758	1830	2256	0	38	0	0	FALSE
"D86973_at"	1971	-0.932272260264274	1801	2175	0	38	0	0	FALSE
"D86976_at"	2518	-2.39512083808626	2413	2679	0	38	0	0	FALSE
"D86978_at"	2864	-4.02140956938877	2821	2908	0	38	0	0	FALSE
"D86979_at"	2568	-2.56848491057395	2492	2672	0	38	0	0	FALSE
"D86983_at"	2815	-3.73259712876674	2767	2895	0	38	0	0	FALSE
"D86985_at"	1925	-0.818087232473316	1782	2156	0	38	0	0	FALSE
"D87023_cds2_at"	990	0.878378457870164	667	1182	0	38	0	0	FALSE
"D87071_at"	1368	0.180321768959394	1173	1638	0	38	0	3	FALSE
"D87073_at"	1712	-0.434397917001972	1329	1904	0	38	0	1	FALSE
"D87074_at"	2750	-3.34033375523648	2691	2802	0	38	0	0	FALSE
"D87075_at"	2016	-1.00685490458751	1851	2234	0	38	0	0	FALSE
"D87076_at"	2908	-4.32818866683594	2849	2985	0	38	0	0	FALSE
"D87078_at"	3002	-5.78409041709918	2984	3049	0	38	0	0	FALSE
"D87116_at"	304	2.69835808374566	129	416	0	38	0	0	FALSE
"D87119_at"	2564	-2.54623010984895	2482	2662	0	38	0	0	FALSE
"D87120_at"	2330	-1.80342956437973	2223	2386	0	38	0	0	FALSE
"D87292_at"	1899	-0.764853596733322	1680	2090	0	38	0	0	FALSE
"D87433_at"	318	2.65791561693025	210	411	0	38	0	0	FALSE
"D87434_at"	441	2.14896649384026	338	548	0	38	0	0	FALSE
"D87435_at"	1296	0.32037784717386	904	1428	0	38	0	0	FALSE
"D87436_at"	1982	-0.9546236525273	1819	2258	0	38	0	0	FALSE
"D87438_at"	1830	-0.629763844381247	1433	2007	0	38	0	1	FALSE
"D87442_at"	565	1.79129286606241	326	706	0	38	0	0	FALSE
"D87445_at"	1048	0.771141560827421	822	1223	0	38	0	0	FALSE
"D87446_at"	2927	-4.54781544050808	2899	2950	0	38	0	0	FALSE
"D87447_at"	1966	-0.910218130108705	1747	2237	0	38	0	0	FALSE
"D87448_at"	2818	-3.74484565710122	2789	2861	0	38	0	0	FALSE
"D87450_at"	2506	-2.34222159849931	2407	2665	0	38	0	0	FALSE
"D87451_at"	615	1.65398493619262	435	778	0	38	0	0	FALSE
"D87452_at"	2193	-1.42172760175327	2029	2483	0	38	0	0	FALSE
"D87453_at"	2610	-2.69420526810485	2520	2693	0	38	0	0	FALSE
"D87455_at"	2516	-2.38866261835967	2435	2709	0	38	0	0	FALSE
"D87459_at"	2638	-2.7797534971189	2571	2709	0	38	0	0	FALSE
"D87460_at"	2153	-1.34412121280398	1956	2313	0	38	0	0	FALSE
"D87462_at"	1006	0.841274508242479	803	1257	0	38	0	0	FALSE
"D87464_at"	2327	-1.8007108866233	2221	2561	0	38	0	0	FALSE
"D87465_at"	2641	-2.80134985673559	2577	2813	0	38	0	0	FALSE
"D87466_at"	2384	-1.96013944689872	2265	2651	0	38	0	0	FALSE
"D87469_at"	1826	-0.620918721005601	1579	2222	0	38	0	0	FALSE
"D87673_at"	962	0.94300419002639	865	1200	0	38	0	0	FALSE
"D87684_at"	2175	-1.38588942438542	2022	2388	0	38	0	0	FALSE
"D87937_at"	1210	0.481272816909477	1021	1454	0	38	0	0	FALSE
"D87953_at"	348	2.52750479323723	122	425	0	38	0	0	FALSE
"D87969_at"	2945	-4.73149675083631	2924	2982	0	38	0	0	FALSE
"D88270_at"	3005	-5.82602899960621	2985	3024	0	38	0	0	FALSE
"D88422_at"	14	6.4520349204053	6	28	34	38	0.894736842105263	0	TRUE
"D88613_at"	1165	0.548597731148606	690	1332	0	38	0	0	FALSE
"D89016_at"	1126	0.611840742949172	874	1397	0	38	0	0	FALSE
"D89052_at"	278	2.80094565771007	122	334	0	38	0	0	FALSE
"D89077_at"	546	1.83215335946501	348	647	0	38	0	0	FALSE
"D89667_at"	566	1.78521442663157	374	776	0	38	0	0	FALSE
"D90084_at"	1104	0.653951320483346	650	1379	0	38	0	0	FALSE
"D90086_at"	2672	-2.94075163443925	2571	2840	0	38	0	0	FALSE
"D90209_at"	1029	0.800572683923491	675	1192	0	38	0	0	FALSE
"D90224_at"	2338	-1.83557276907124	2227	2420	0	38	0	0	FALSE
"D90276_at"	921	1.01241594170061	617	1068	0	38	0	0	FALSE
"HG1078-HT1078_at"	2538	-2.45023082536932	2450	2666	0	38	0	0	FALSE
"HG1102-HT1102_at"	103	4.04599773236436	55	137	0	38	0	0	FALSE
"HG1112-HT1112_at"	2898	-4.24962176817762	2856	2957	0	38	0	0	FALSE
"HG1153-HT1153_at"	1857	-0.684987251906301	1653	2038	0	38	0	0	FALSE
"HG1205-HT1205_at"	1573	-0.152867459603433	1302	1812	0	38	0	3	FALSE
"HG1612-HT1612_at"	3046	-7.10734939860159	3031	3048	0	38	0	0	FALSE
"HG1614-HT1614_at"	2633	-2.75850026896067	2535	2721	0	38	0	0	FALSE
"HG1649-HT1652_at"	1508	-0.039334807272525	1259	1745	0	38	0	18	FALSE
"HG1804-HT1829_at"	716	1.44011049958085	309	873	0	38	0	0	FALSE
"HG1862-HT1897_at"	2774	-3.44550220897503	2700	2889	0	38	0	0	FALSE
"HG1869-HT1904_at"	2775	-3.46370812013312	2689	2826	0	38	0	0	FALSE
"HG1872-HT1907_at"	319	2.6521705377025	236	391	0	38	0	0	FALSE
"HG1879-HT1919_at"	53	4.73252041109104	40	87	0	38	0	0	FALSE
"HG2036-HT2090_at"	2562	-2.53709004314929	2495	2712	0	38	0	0	FALSE
"HG2059-HT2114_at"	842	1.1701009593504	573	1042	0	38	0	0	FALSE
"HG2167-HT2237_at"	708	1.45246718684228	289	878	0	38	0	0	FALSE
"HG2247-HT2332_at"	813	1.2553309642797	497	933	0	38	0	0	FALSE
"HG2264-HT2360_at"	837	1.18465269192839	488	1018	0	38	0	0	FALSE
"HG2274-HT2370_at"	2532	-2.4389241278046	2430	2613	0	38	0	0	FALSE
"HG2279-HT2375_at"	1583	-0.163185834702298	1224	1771	0	38	0	5	FALSE
"HG2290-HT2386_at"	1183	0.523935659568224	914	1404	0	38	0	0	FALSE
"HG2320-HT2416_at"	1590	-0.184983884252538	1089	1729	0	38	0	1	FALSE
"HG2325-HT2421_at"	1647	-0.29602775938307	1378	1939	0	38	0	2	FALSE
"HG2415-HT2511_at"	1281	0.349612800547864	833	1435	0	38	0	0	FALSE
"HG2463-HT2559_at"	451	2.10681777375834	276	585	0	38	0	0	FALSE
"HG2480-HT2576_at"	1729	-0.461036281298158	1333	1898	0	38	0	1	FALSE
"HG2525-HT2621_at"	681	1.51171657829073	280	844	0	38	0	0	FALSE
"HG2602-HT2698_at"	1069	0.724830879657326	857	1278	0	38	0	0	FALSE
"HG2715-HT2811_at"	743	1.3855730823317	422	874	0	38	0	0	FALSE
"HG2724-HT2820_at"	228	3.07708533459755	159	298	0	38	0	0	FALSE
"HG2788-HT2896_at"	142	3.68635165260154	67	188	0	38	0	0	FALSE
"HG2810-HT2921_at"	238	3.03063025367135	148	300	0	38	0	0	FALSE
"HG2825-HT2949_at"	2295	-1.68339086949969	2192	2592	0	38	0	0	FALSE
"HG2855-HT2995_at"	2989	-5.49763658116099	2959	3051	0	38	0	0	FALSE
"HG2874-HT3018_at"	2399	-2.00499014826565	2295	2554	0	38	0	0	FALSE
"HG2992-HT5186_at"	1653	-0.309483472497394	1408	1839	0	38	0	2	FALSE
"HG3039-HT3200_at"	1541	-0.0922729888123688	636	1710	0	38	0	1	FALSE
"HG3088-HT3263_at"	2787	-3.54425294068534	2740	2882	0	38	0	0	FALSE
"HG3162-HT3339_at"	349	2.52197043017575	220	430	0	38	0	0	FALSE
"HG3175-HT3352_at"	1760	-0.50925067885426	1536	1930	0	38	0	0	FALSE
"HG3227-HT3404_at"	2165	-1.36777396872372	2028	2373	0	38	0	0	FALSE
"HG3231-HT3408_at"	554	1.812921197902	428	696	0	38	0	0	FALSE
"HG3286-HT3463_at"	1056	0.748505384751553	827	1300	0	38	0	0	FALSE
"HG3344-HT3521_at"	711	1.44870094239654	519	872	0	38	0	0	FALSE
"HG3355-HT3532_at"	1433	0.0864091885628472	1153	1594	0	38	0	9	FALSE
"HG3454-HT3647_at"	416	2.21576050292533	176	533	0	38	0	0	FALSE
"HG3492-HT3686_at"	2461	-2.19552865871067	2321	2581	0	38	0	0	FALSE
"HG3494-HT3688_at"	140	3.68807670080776	54	197	0	38	0	0	FALSE
"HG3495-HT3689_at"	810	1.25908618994976	700	1052	0	38	0	0	FALSE
"HG3514-HT3708_at"	919	1.01428856345381	514	1139	0	38	0	0	FALSE
"HG3521-HT3715_at"	1196	0.509845613780644	801	1437	0	38	0	0	FALSE
"HG3548-HT3749_at"	2052	-1.09611973548007	1920	2261	0	38	0	0	FALSE
"HG3578-HT3781_at"	2225	-1.49878721582046	2072	2387	0	38	0	0	FALSE
"HG3627-HT3836_at"	1360	0.196023581126899	1133	1571	0	38	0	4	FALSE
"HG363-HT363_at"	748	1.37500851930144	208	859	0	38	0	0	FALSE
"HG3740-HT4010_at"	1197	0.502094571612635	848	1378	0	38	0	0	FALSE
"HG3748-HT4018_at"	2561	-2.53548331796595	2498	2759	0	38	0	0	FALSE
"HG3934-HT4204_at"	2331	-1.80354891260257	2227	2575	0	38	0	0	FALSE
"HG3936-HT4206_at"	2310	-1.7507450755619	2178	2535	0	38	0	0	FALSE
"HG3987-HT4257_at"	1727	-0.459064805795659	1574	2012	0	38	0	0	FALSE
"HG3995-HT4265_at"	2226	-1.50076753255545	2046	2318	0	38	0	0	FALSE
"HG4018-HT4288_at"	176	3.4148549168918	116	229	0	38	0	0	FALSE
"HG4036-HT4306_at"	1824	-0.613361648297833	1504	2073	0	38	0	1	FALSE
"HG4068-HT4338_at"	2232	-1.51398120582398	2102	2489	0	38	0	0	FALSE
"HG4073-HT4343_at"	2788	-3.5480726499121	2734	2893	0	38	0	0	FALSE
"HG4074-HT4344_at"	2510	-2.36347071406865	2399	2621	0	38	0	0	FALSE
"HG4126-HT4396_at"	2734	-3.27547548399991	2693	2804	0	38	0	0	FALSE
"HG4167-HT4437_at"	841	1.17036397170505	333	1010	0	38	0	0	FALSE
"HG4178-HT4448_at"	1276	0.362137971272643	1065	1767	0	38	0	1	FALSE
"HG4243-HT4513_at"	1559	-0.123705353309814	1297	1758	0	38	0	6	FALSE
"HG4263-HT4533_at"	1987	-0.964746903962422	1522	2076	0	38	0	0	FALSE
"HG4297-HT4567_at"	2253	-1.55824733118759	2052	2498	0	38	0	0	FALSE
"HG4460-HT4729_at"	2137	-1.30416429983438	1949	2314	0	38	0	0	FALSE
"HG4582-HT4987_at"	2969	-5.16980137299101	2953	2983	0	38	0	0	FALSE
"HG4606-HT5011_at"	1014	0.824883651206284	737	1228	0	38	0	0	FALSE
"HG4638-HT5050_at"	2067	-1.13121135026323	1929	2637	0	38	0	0	FALSE
"HG4660-HT5073_at"	1595	-0.194268933834833	1247	1791	0	38	0	2	FALSE
"HG4662-HT5075_at"	1502	-0.023237975911917	1328	2224	0	38	0	15	FALSE
"HG4716-HT5158_at"	1683	-0.371859868221926	1417	1934	0	38	0	1	FALSE
"HG4749-HT5197_at"	2592	-2.65249234601511	2517	2678	0	38	0	0	FALSE
"HG511-HT511_at"	2116	-1.25369847034369	1927	2278	0	38	0	0	FALSE
"HG620-HT620_at"	216	3.14679380607696	161	262	0	38	0	0	FALSE
"HG830-HT830_at"	385	2.36446945141038	248	479	0	38	0	0	FALSE
"HG846-HT846_at"	2057	-1.10381607551037	1802	2222	0	38	0	0	FALSE
"HG908-HT908_at"	729	1.40991465862528	498	874	0	38	0	0	FALSE
"HG919-HT919_at"	627	1.63124409642235	491	754	0	38	0	0	FALSE
"HG987-HT987_at"	234	3.05432188316743	58	293	0	38	0	0	FALSE
"J00073_at"	736	1.39567119081719	506	951	0	38	0	0	FALSE
"J00306_at"	387	2.34751171157412	199	458	0	38	0	0	FALSE
"J02645_at"	2821	-3.77412097492521	2775	2909	0	38	0	0	FALSE
"J02902_at"	2569	-2.56904767827954	2491	2895	0	38	0	0	FALSE
"J02906_at"	427	2.17900422219986	357	529	0	38	0	0	FALSE
"J02923_at"	687	1.50267904996105	411	840	0	38	0	0	FALSE
"J02973_rna1_at"	744	1.38550747867135	670	908	0	38	0	0	FALSE
"J03040_at"	505	1.93760900196993	451	652	0	38	0	0	FALSE
"J03069_rna1_at"	1928	-0.824257599756387	1639	2214	0	38	0	0	FALSE
"J03161_at"	1578	-0.157854621706873	1182	1801	0	38	0	3	FALSE
"J03191_at"	2077	-1.1528449949587	1870	2246	0	38	0	0	FALSE
"J03278_at"	1034	0.791134598968931	826	1268	0	38	0	0	FALSE
"J03459_at"	1613	-0.236579238510483	1476	1892	0	38	0	2	FALSE
"J03473_at"	2901	-4.27446417706128	2863	2962	0	38	0	0	FALSE
"J03589_at"	2872	-4.0525952578117	2831	2975	0	38	0	0	FALSE
"J03600_at"	2098	-1.20448107715023	1922	2241	0	38	0	0	FALSE
"J03764_at"	2132	-1.28999690594549	1931	2345	0	38	0	0	FALSE
"J03779_at"	2472	-2.23984699109848	2385	2596	0	38	0	0	FALSE
"J03798_at"	2938	-4.66877753479919	2900	2972	0	38	0	0	FALSE
"J03890_rna1_at"	1285	0.344744745271338	1122	1555	0	38	0	1	FALSE
"J03909_at"	293	2.72629311782235	134	393	0	38	0	0	FALSE
"J03925_at"	533	1.86190854997839	423	717	0	38	0	0	FALSE
"J04027_at"	88	4.22855286846246	50	125	0	38	0	0	FALSE
"J04058_at"	1662	-0.332805300094296	1441	1913	0	38	0	3	FALSE
"J04088_at"	2383	-1.95966805868293	2263	2534	0	38	0	0	FALSE
"J04101_at"	1393	0.144579849748478	1228	1840	0	38	0	3	FALSE
"J04102_at"	857	1.13979519429221	545	987	0	38	0	0	FALSE
"J04111_at"	1894	-0.756821976435685	1677	2177	0	38	0	0	FALSE
"J04132_at"	2746	-3.30181723677753	2693	2825	0	38	0	0	FALSE
"J04162_at"	1671	-0.35546014286648	1521	1999	0	38	0	0	FALSE
"J04164_at"	2030	-1.03833016585901	1861	2167	0	38	0	0	FALSE
"J04173_at"	1749	-0.493733080509207	1375	1987	0	38	0	1	FALSE
"J04444_at"	1886	-0.74538654259983	1738	2174	0	38	0	0	FALSE
"J04456_at"	263	2.8945230810072	170	341	0	38	0	0	FALSE
"J04501_at"	1814	-0.593786322084792	1622	2083	0	38	0	0	FALSE
"J04543_at"	235	3.05037778962666	136	302	0	38	0	0	FALSE
"J04599_at"	329	2.61251795737331	225	398	0	38	0	0	FALSE
"J04605_at"	1298	0.316372261403105	1028	1560	0	38	0	2	FALSE
"J04611_at"	2176	-1.38628406326388	1989	2333	0	38	0	0	FALSE
"J04615_at"	2976	-5.30089107126109	2934	3046	0	38	0	0	FALSE
"J04794_at"	2392	-1.97871398480573	2265	2519	0	38	0	0	FALSE
"J04809_rna1_at"	1118	0.62711812293288	913	1336	0	38	0	0	FALSE
"J04823_rna1_at"	629	1.62967710176614	450	853	0	38	0	0	FALSE
"J04948_at"	653	1.58121288663623	378	763	0	38	0	0	FALSE
"J04973_at"	2394	-1.99079574082003	2286	2579	0	38	0	0	FALSE
"J04990_at"	148	3.64852440168119	109	203	0	38	0	0	FALSE
"J05032_at"	2931	-4.57193690614763	2893	2992	0	38	0	0	FALSE
"J05243_at"	3040	-6.85980326998192	3028	3051	0	38	0	0	FALSE
"J05257_at"	2036	-1.06087740069427	1908	2266	0	38	0	0	FALSE
"J05272_at"	1650	-0.29786453247765	726	1782	0	38	0	1	FALSE
"J05500_at"	151	3.63161812908636	53	206	0	38	0	0	FALSE
"J05614_at"	2182	-1.39480291359128	1984	2340	0	38	0	0	FALSE
"K01396_at"	285	2.75113930131143	122	382	0	38	0	0	FALSE
"K01911_at"	2833	-3.84710227237587	2789	2862	0	38	0	0	FALSE
"K02545_cds2_at"	2006	-0.989189245180057	1743	2246	0	38	0	0	FALSE
"K02574_at"	465	2.06726331108664	276	567	0	38	0	0	FALSE
"K03195_at"	251	2.96565999247562	163	349	0	38	0	0	FALSE
"K03430_at"	2109	-1.24351577222165	1847	2247	0	38	0	0	FALSE
"K03460_at"	723	1.42770977815728	327	972	0	38	0	0	FALSE
"K03515_at"	818	1.2374984972297	524	999	0	38	0	0	FALSE
"L00352_at"	796	1.28821414710625	550	1036	0	38	0	0	FALSE
"L00635_at"	1418	0.114003396935652	1190	1637	0	38	0	9	FALSE
"L01087_at"	2722	-3.19863858955912	2672	2755	0	38	0	0	FALSE
"L01664_at"	560	1.79688730064212	462	806	0	38	0	0	FALSE
"L02867_at"	453	2.10512559488243	375	590	0	38	0	0	FALSE
"L02950_at"	2101	-1.20983733862427	1852	2291	0	38	0	0	FALSE
"L03532_at"	2730	-3.25605908034676	2681	2849	0	38	0	0	FALSE
"L04490_at"	2301	-1.70554278407073	2195	2559	0	38	0	0	FALSE
"L04733_at"	2476	-2.25043422482644	2373	2631	0	38	0	0	FALSE
"L04953_at"	1542	-0.0930518984993468	1182	1726	0	38	0	10	FALSE
"L05148_at"	3003	-5.80566941170324	2986	3037	0	38	0	0	FALSE
"L05424_cds2_at"	366	2.45084689763209	300	456	0	38	0	0	FALSE
"L05425_at"	2009	-0.994024004468151	1823	2177	0	38	0	0	FALSE
"L05512_at"	1180	0.526395163062248	993	1368	0	38	0	0	FALSE
"L05779_at"	1092	0.672632148423335	770	1251	0	38	0	0	FALSE
"L06132_at"	2727	-3.22843288660819	2668	2790	0	38	0	0	FALSE
"L06175_at"	2362	-1.88935090466367	2258	2512	0	38	0	0	FALSE
"L06419_at"	917	1.01750603742552	811	1358	0	38	0	0	FALSE
"L06633_at"	1064	0.732623228674053	905	1433	0	38	0	0	FALSE
"L06845_at"	2427	-2.08967304793539	2327	2706	0	38	0	0	FALSE
"L07044_at"	1406	0.128254351592765	1229	1784	0	38	0	3	FALSE
"L07493_at"	2522	-2.40626752611452	2424	2837	0	38	0	0	FALSE
"L07548_at"	798	1.28599102085021	437	934	0	38	0	0	FALSE
"L07597_at"	2581	-2.60343078361037	2514	2888	0	38	0	0	FALSE
"L07633_at"	2932	-4.5745713491448	2892	2987	0	38	0	0	FALSE
"L07758_at"	3033	-6.57709811862587	3008	3050	0	38	0	0	FALSE
"L07765_at"	599	1.71359508810398	439	772	0	38	0	0	FALSE
"L07956_at"	2958	-4.92592125919067	2937	3006	0	38	0	0	FALSE
"L08069_at"	2251	-1.55688366589001	2105	2598	0	38	0	0	FALSE
"L08187_at"	1638	-0.27793985267447	1359	1793	0	38	0	3	FALSE
"L08246_at"	15	6.41827226223376	7	21	37	38	0.973684210526316	0	TRUE
"L09260_at"	2436	-2.10518190980759	2337	2617	0	38	0	0	FALSE
"L09604_at"	244	3.01703621999379	148	304	0	38	0	0	FALSE
"L09708_at"	357	2.48931541297132	245	456	0	38	0	0	FALSE
"L10284_at"	1819	-0.603943490212299	1542	1967	0	38	0	0	FALSE
"L10373_at"	2941	-4.67943827270892	2914	2977	0	38	0	0	FALSE
"L10378_at"	1735	-0.470039090366396	1511	1976	0	38	0	0	FALSE
"L10838_at"	2381	-1.95661449287852	2264	2518	0	38	0	0	FALSE
"L10910_at"	1999	-0.977152805704139	1826	2197	0	38	0	0	FALSE
"L11239_at"	644	1.59256286711509	546	838	0	38	0	0	FALSE
"L11285_at"	966	0.93962845848589	394	1131	0	38	0	0	FALSE
"L11329_at"	1060	0.73811154614167	920	1698	0	38	0	1	FALSE
"L11370_at"	1817	-0.600381546466452	1557	1945	0	38	0	0	FALSE
"L11373_at"	2408	-2.03114882825561	2313	2544	0	38	0	0	FALSE
"L11669_at"	76	4.38488546947291	41	106	0	38	0	0	FALSE
"L12535_at"	331	2.5979691263937	249	387	0	38	0	0	FALSE
"L13203_at"	1570	-0.142763689780148	1288	1735	0	38	0	4	FALSE
"L13210_at"	663	1.54755990302238	433	866	0	38	0	0	FALSE
"L13391_at"	1088	0.682289633464163	950	1343	0	38	0	0	FALSE
"L13434_at"	745	1.38513430925921	559	890	0	38	0	0	FALSE
"L13436_at"	2031	-1.03847156813602	1859	2347	0	38	0	0	FALSE
"L13689_at"	1694	-0.389460993691047	1467	1900	0	38	0	1	FALSE
"L13738_at"	379	2.38685896450813	274	452	0	38	0	0	FALSE
"L13761_rna1_at"	909	1.04160940824584	714	1151	0	38	0	0	FALSE
"L13800_at"	2899	-4.24973138415474	2866	2966	0	38	0	0	FALSE
"L13848_at"	2078	-1.15552727700635	1948	2346	0	38	0	0	FALSE
"L13852_at"	1916	-0.798911584989764	1718	2120	0	38	0	0	FALSE
"L13923_at"	821	1.23254805996362	427	976	0	38	0	0	FALSE
"L13972_at"	382	2.36861187148505	199	464	0	38	0	0	FALSE
"L14076_at"	1919	-0.807675521216079	1740	2118	0	38	0	0	FALSE
"L14565_at"	1878	-0.724573022437615	1728	2225	0	38	0	0	FALSE
"L14754_at"	1045	0.775286012763171	765	1243	0	38	0	0	FALSE
"L14837_at"	1122	0.618663078282757	752	1363	0	38	0	0	FALSE
"L15409_at"	2111	-1.24881598742905	1919	2251	0	38	0	0	FALSE
"L15702_at"	402	2.26426681833447	313	494	0	38	0	0	FALSE
"L16464_at"	671	1.53026559174749	530	870	0	38	0	0	FALSE
"L16842_at"	1552	-0.108695584716745	1029	1765	0	38	0	4	FALSE
"L16862_at"	1799	-0.572751570868621	1608	1995	0	38	0	0	FALSE
"L16896_at"	1327	0.269314841101023	1153	1733	0	38	0	2	FALSE
"L16991_at"	2529	-2.43565603807543	2453	2759	0	38	0	0	FALSE
"L17131_rna1_at"	360	2.47277993776635	194	478	0	38	0	0	FALSE
"L17327_at"	1701	-0.40835236106154	1535	1935	0	38	0	0	FALSE
"L19067_at"	333	2.59276515502988	198	401	0	38	0	0	FALSE
"L19161_at"	1980	-0.953848994803612	1801	2192	0	38	0	0	FALSE
"L19183_at"	2617	-2.71363156900916	2532	2789	0	38	0	0	FALSE
"L19267_at"	2483	-2.26818735420313	2366	2560	0	38	0	0	FALSE
"L19314_at"	1269	0.373857716458821	776	1472	0	38	0	1	FALSE
"L19437_at"	199	3.2419271389624	50	257	0	38	0	0	FALSE
"L19605_at"	1702	-0.409078314217789	1359	1873	0	38	0	2	FALSE
"L19686_rna1_at"	2184	-1.39835500094316	2005	2314	0	38	0	0	FALSE
"L19711_at"	1387	0.149456999609841	1153	1656	0	38	0	3	FALSE
"L19779_at"	212	3.17443930604697	72	271	0	38	0	0	FALSE
"L19871_at"	726	1.41486262375993	596	954	0	38	0	0	FALSE
"L19872_at"	383	2.36739636310481	278	479	0	38	0	0	FALSE
"L20010_at"	2767	-3.41528732181255	2693	2890	0	38	0	0	FALSE
"L20298_at"	2987	-5.44837122404009	2963	3033	0	38	0	0	FALSE
"L20316_at"	288	2.74244534663554	170	355	0	38	0	0	FALSE
"L20815_at"	873	1.11268317511527	424	1036	0	38	0	0	FALSE
"L20941_at"	209	3.1902290372712	92	285	0	38	0	0	FALSE
"L20971_at"	1483	0.0129654478928237	1309	1714	0	38	0	20	FALSE
"L21893_at"	700	1.46340135114729	537	861	0	38	0	0	FALSE
"L21936_at"	2799	-3.61162143195907	2757	2869	0	38	0	0	FALSE
"L21954_at"	249	2.97787473340198	122	338	0	38	0	0	FALSE
"L22075_at"	217	3.13423826915754	132	295	0	38	0	0	FALSE
"L22214_at"	965	0.941498400815445	610	1171	0	38	0	0	FALSE
"L22342_at"	1973	-0.944320862263093	1666	2176	0	38	0	0	FALSE
"L24559_at"	1442	0.0712511828989681	1230	1664	0	38	0	8	FALSE
"L24564_at"	954	0.959618538728819	867	1538	0	38	0	1	FALSE
"L24783_at"	2705	-3.11634531571037	2624	2766	0	38	0	0	FALSE
"L24804_at"	1696	-0.395136788054646	1460	2045	0	38	0	1	FALSE
"L25081_at"	1645	-0.291478684387625	1342	1817	0	38	0	2	FALSE
"L25085_at"	999	0.85867378302959	716	1184	0	38	0	0	FALSE
"L25270_at"	1459	0.0385223756614657	1238	2092	0	38	0	12	FALSE
"L25444_at"	1891	-0.751509429670593	1735	2104	0	38	0	0	FALSE
"L25851_at"	2405	-2.02034645420293	2320	2559	0	38	0	0	FALSE
"L25876_at"	1649	-0.296944598389583	1364	1893	0	38	0	1	FALSE
"L26247_at"	294	2.7186359748647	224	366	0	38	0	0	FALSE
"L26494_at"	950	0.973478021450097	707	1123	0	38	0	0	FALSE
"L27560_at"	1441	0.0716476667116609	1065	2040	0	38	0	5	FALSE
"L27706_at"	2691	-3.01664990233138	2612	2835	0	38	0	0	FALSE
"L27841_at"	1252	0.409317895669667	1048	1434	0	38	0	0	FALSE
"L27943_at"	553	1.81375718781095	324	659	0	38	0	0	FALSE
"L28010_at"	2995	-5.62500278724554	2975	3030	0	38	0	0	FALSE
"L28175_at"	1394	0.14344664072346	1209	1836	0	38	0	2	FALSE
"L28821_at"	271	2.83788585767701	189	374	0	38	0	0	FALSE
"L29008_at"	2216	-1.45874959367099	2025	2398	0	38	0	0	FALSE
"L29218_at"	1913	-0.795255225359601	1756	2095	0	38	0	0	FALSE
"L29277_at"	96	4.13002608524745	53	127	0	38	0	0	FALSE
"L31584_at"	1812	-0.589911471028536	1515	1961	0	38	0	0	FALSE
"L31801_at"	2073	-1.1473996411787	1798	2234	0	38	0	0	FALSE
"L32866_at"	1162	0.552147738794641	1046	2017	0	38	0	1	FALSE
"L32976_at"	1549	-0.102136665485181	1243	1681	0	38	0	9	FALSE
"L32977_at"	1858	-0.685689040028387	1548	2168	0	38	0	0	FALSE
"L33243_at"	1902	-0.770727935331511	1766	2252	0	38	0	0	FALSE
"L33842_rna1_at"	2097	-1.20157991363571	1912	2293	0	38	0	0	FALSE
"L34059_at"	2131	-1.28746197787975	1968	2280	0	38	0	0	FALSE
"L34060_at"	646	1.59203295245853	405	782	0	38	0	0	FALSE
"L34587_at"	2039	-1.0745864790467	1807	2219	0	38	0	0	FALSE
"L34657_at"	817	1.23836698877415	649	1015	0	38	0	0	FALSE
"L35035_at"	989	0.888458319028332	703	1204	0	38	0	0	FALSE
"L35240_at"	299	2.71507824499459	178	387	0	38	0	0	FALSE
"L35269_at"	1321	0.278536957502945	1108	1622	0	38	0	2	FALSE
"L35475_at"	1168	0.544868205612771	1038	1537	0	38	0	1	FALSE
"L36463_at"	551	1.8152932771194	295	708	0	38	0	0	FALSE
"L36531_at"	1136	0.591971156940296	748	1301	0	38	0	0	FALSE
"L36645_at"	2609	-2.69290593552108	2516	2697	0	38	0	0	FALSE
"L36720_at"	1874	-0.717704637933379	1724	2248	0	38	0	0	FALSE
"L36818_at"	1455	0.042224060166461	1104	1617	0	38	0	15	FALSE
"L36922_at"	1519	-0.0592022212584092	1204	1695	0	38	0	10	FALSE
"L36983_at"	2892	-4.21256833973327	2853	2923	0	38	0	0	FALSE
"L37033_at"	605	1.69015732156752	399	803	0	38	0	0	FALSE
"L37042_at"	611	1.66662392532605	217	773	0	38	0	0	FALSE
"L37043_at"	2284	-1.66197398512786	2169	2494	0	38	0	0	FALSE
"L37127_at"	2248	-1.54744667684014	2086	2353	0	38	0	0	FALSE
"L37792_at"	1367	0.181162752300808	783	1519	0	38	0	3	FALSE
"L37936_at"	1832	-0.635361076271451	1596	2150	0	38	0	0	FALSE
"L38486_at"	1143	0.582520826084656	536	1339	0	38	0	0	FALSE
"L38487_at"	1605	-0.214155194598303	1455	1946	0	38	0	2	FALSE
"L38616_at"	1243	0.424581396266782	720	1465	0	38	0	0	FALSE
"L38696_at"	2536	-2.44286772309879	2452	2793	0	38	0	0	FALSE
"L38810_at"	2452	-2.17335170560706	2375	2615	0	38	0	0	FALSE
"L38935_at"	1499	-0.0220299199052878	1209	1711	0	38	0	17	FALSE
"L38951_at"	2896	-4.23156293420981	2845	2939	0	38	0	0	FALSE
"L38961_at"	2597	-2.65950941200108	2522	2828	0	38	0	0	FALSE
"L39059_at"	1778	-0.539964024527418	1581	2018	0	38	0	0	FALSE
"L39874_at"	1818	-0.600414764418325	1540	2033	0	38	0	0	FALSE
"L40027_at"	1935	-0.845905730763244	1738	2322	0	38	0	0	FALSE
"L40357_at"	2230	-1.50764474826843	2080	2415	0	38	0	0	FALSE
"L40387_at"	963	0.942009680361265	729	1206	0	38	0	0	FALSE
"L40391_at"	2845	-3.89159863906252	2772	2921	0	38	0	0	FALSE
"L40392_at"	2584	-2.63827899803903	2482	2753	0	38	0	0	FALSE
"L40395_at"	2185	-1.40113102278949	1955	2314	0	38	0	0	FALSE
"L40410_at"	2792	-3.57026762413204	2727	2922	0	38	0	0	FALSE
"L40586_at"	334	2.58803907396411	196	410	0	38	0	0	FALSE
"L40904_at"	788	1.30586231192498	620	986	0	38	0	0	FALSE
"L41067_at"	2783	-3.52421771556466	2698	2862	0	38	0	0	FALSE
"L41690_at"	1887	-0.745804804290272	1619	2190	0	38	0	0	FALSE
"L41870_at"	3044	-7.0789459662	3038	3049	0	38	0	0	FALSE
"L41887_rna1_at"	2977	-5.31402873311612	2945	3009	0	38	0	0	FALSE
"L41919_rna1_at"	388	2.34400596215331	240	489	0	38	0	0	FALSE
"L42324_at"	1090	0.675661071193521	920	1306	0	38	0	0	FALSE
"L42354_at"	1624	-0.260049163924723	1435	1853	0	38	0	3	FALSE
"L42373_at"	2236	-1.51822055303633	2046	2378	0	38	0	0	FALSE
"L42379_at"	121	3.86824960422721	62	164	0	38	0	0	FALSE
"L42451_at"	2209	-1.45066992637007	2034	2338	0	38	0	0	FALSE
"L42542_at"	2696	-3.05751302587764	2652	2793	0	38	0	0	FALSE
"L42563_at"	1171	0.542642431878764	831	1339	0	38	0	0	FALSE
"L42572_at"	2986	-5.42490711274601	2970	3014	0	38	0	0	FALSE
"L42621_at"	1774	-0.536786543778427	1472	1972	0	38	0	1	FALSE
"L43631_at"	2684	-2.99656814372108	2605	2938	0	38	0	0	FALSE
"L47345_at"	958	0.955158007510658	676	1179	0	38	0	0	FALSE
"L47738_at"	3048	-7.31331655448025	3033	3051	0	38	0	0	FALSE
"L48546_at"	2323	-1.79041923409965	2185	2430	0	38	0	0	FALSE
"L49169_at"	445	2.13300864583561	355	545	0	38	0	0	FALSE
"L76159_at"	2676	-2.96153178608144	2599	2878	0	38	0	0	FALSE
"L76200_at"	1629	-0.266138168145894	1236	1881	0	38	0	1	FALSE
"L76224_at"	1417	0.114101146200607	1067	1577	0	38	0	9	FALSE
"L76380_at"	661	1.55534635767208	402	785	0	38	0	0	FALSE
"L76465_at"	2053	-1.09714533014447	1772	2282	0	38	0	0	FALSE
"L76702_at"	2936	-4.62555981962882	2907	2985	0	38	0	0	FALSE
"L76703_at"	2724	-3.21112843381721	2658	2826	0	38	0	0	FALSE
"L77213_at"	1426	0.101249738340176	1198	1663	0	38	0	11	FALSE
"L77561_at"	529	1.87548683108615	159	654	0	38	0	0	FALSE
"L77701_at"	906	1.05292132094908	848	1281	0	38	0	0	FALSE
"L77886_at"	2648	-2.82988608880378	2576	2729	0	38	0	0	FALSE
"L78440_at"	1234	0.4370278336446	933	1481	0	38	0	0	FALSE
"M10612_at"	370	2.44135508029005	251	474	0	38	0	0	FALSE
"M10901_at"	2751	-3.34515064297172	2687	2853	0	38	0	0	FALSE
"M11119_at"	2071	-1.14309581210886	1922	2250	0	38	0	0	FALSE
"M11147_at"	36	5.22877024796242	19	46	1	38	0.0263157894736842	0	FALSE
"M11186_at"	1041	0.782250676876754	941	1347	0	38	0	0	FALSE
"M11717_rna1_at"	1569	-0.141835220021969	1377	2038	0	38	0	7	FALSE
"M11722_at"	3022	-6.0829962317847	2999	3038	0	38	0	0	FALSE
"M11726_at"	507	1.93487317654391	266	604	0	38	0	0	FALSE
"M12174_at"	1411	0.12216223486141	1252	1594	0	38	0	9	FALSE
"M12759_at"	1765	-0.514294397689533	1572	2022	0	38	0	0	FALSE
"M12886_at"	2559	-2.5278752196205	2466	2757	0	38	0	0	FALSE
"M13194_at"	1906	-0.778751781023873	1613	2026	0	38	0	0	FALSE
"M13241_at"	569	1.77847031613957	464	720	0	38	0	0	FALSE
"M13755_at"	1537	-0.083860481556374	1298	1894	0	38	0	8	FALSE
"M13792_at"	3004	-5.81632147672704	2981	3031	0	38	0	0	FALSE
"M13903_at"	1242	0.426270551371528	994	1407	0	38	0	0	FALSE
"M13934_cds2_at"	1706	-0.421941704639487	1562	1929	0	38	0	0	FALSE
"M13955_at"	763	1.35242737887059	446	906	0	38	0	0	FALSE
"M14016_at"	229	3.07230764073557	157	322	0	38	0	0	FALSE
"M14058_at"	1117	0.630769755562899	955	1324	0	38	0	0	FALSE
"M14158_cds4_at"	1463	0.0311810235666342	1185	1638	0	38	0	13	FALSE
"M14200_rna1_at"	2524	-2.41930675398462	2431	2717	0	38	0	0	FALSE
"M14219_at"	1927	-0.822634024248673	1731	2274	0	38	0	0	FALSE
"M14539_at"	1081	0.69832861646296	936	1472	0	38	0	0	FALSE
"M14636_at"	283	2.75507611922691	167	377	0	38	0	0	FALSE
"M14660_at"	476	2.0326136179967	419	613	0	38	0	0	FALSE
"M14676_at"	2563	-2.54177081733492	2462	2717	0	38	0	0	FALSE
"M15059_at"	494	1.96955229399294	192	633	0	38	0	0	FALSE
"M15182_at"	701	1.46293706850191	367	922	0	38	0	0	FALSE
"M15205_at"	351	2.50902500726935	208	461	0	38	0	0	FALSE
"M15661_at"	839	1.17587905987541	663	1134	0	38	0	0	FALSE
"M15796_at"	2844	-3.88401901536332	2788	2936	0	38	0	0	FALSE
"M15841_at"	2826	-3.81109983357994	2779	2894	0	38	0	0	FALSE
"M15990_at"	1189	0.519174188237696	953	1519	0	38	0	1	FALSE
"M16038_at"	4	7.98325956844796	3	6	38	38	1	0	TRUE
"M16279_at"	1476	0.0169558815418511	1339	1698	0	38	0	16	FALSE
"M16405_at"	694	1.49467746204381	487	838	0	38	0	0	FALSE
"M16424_at"	544	1.83850867245107	421	766	0	38	0	0	FALSE
"M18737_rna1_at"	2223	-1.49365211033006	2061	2361	0	38	0	0	FALSE
"M19159_at"	2113	-1.25209950382424	1866	2266	0	38	0	0	FALSE
"M19483_at"	2370	-1.91892480116262	2230	2532	0	38	0	0	FALSE
"M19507_at"	60	4.5776213104079	39	97	0	38	0	0	FALSE
"M19645_at"	373	2.42270008189036	275	463	0	38	0	0	FALSE
"M19722_at"	394	2.29158795997454	268	511	0	38	0	0	FALSE
"M19961_at"	2188	-1.41102966355498	2023	2469	0	38	0	0	FALSE
"M19989_cds2_at"	2611	-2.69936329991579	2533	2765	0	38	0	0	FALSE
"M20471_at"	1756	-0.507130748303463	1505	1916	0	38	0	0	FALSE
"M20681_at"	372	2.42507685957755	219	450	0	38	0	0	FALSE
"M20902_at"	322	2.6336215286667	236	449	0	38	0	0	FALSE
"M21005_at"	328	2.61321667804031	193	417	0	38	0	0	FALSE
"M21121_at"	320	2.65162206823833	242	441	0	38	0	0	FALSE
"M21154_at"	409	2.24415615261249	270	523	0	38	0	0	FALSE
"M21186_at"	959	0.951917789573854	498	1131	0	38	0	0	FALSE
"M21259_at"	2863	-4.01882855662018	2803	2964	0	38	0	0	FALSE
"M21551_rna1_at"	22	5.98855614830553	16	32	6	38	0.157894736842105	0	FALSE
"M21574_at"	1412	0.121767208083008	978	1703	0	38	0	4	FALSE
"M21624_at"	2490	-2.27673813180485	2392	2549	0	38	0	0	FALSE
"M21904_at"	172	3.46686274471173	56	220	0	38	0	0	FALSE
"M21984_at"	1672	-0.355470295603588	1462	2283	0	38	0	1	FALSE
"M21985_at"	1137	0.591815935505642	875	1328	0	38	0	0	FALSE
"M22324_at"	57	4.61427311908288	24	107	0	38	0	0	FALSE
"M22382_at"	2613	-2.70548775678048	2499	2811	0	38	0	0	FALSE
"M22430_at"	1286	0.342453559153571	933	1443	0	38	0	0	FALSE
"M22489_at"	2424	-2.08450096136934	2318	2473	0	38	0	0	FALSE
"M22538_at"	1356	0.203514023924373	1088	1649	0	38	0	3	FALSE
"M22632_at"	2900	-4.26074468729366	2861	2928	0	38	0	0	FALSE
"M22638_at"	1193	0.511070678551245	974	1516	0	38	0	0	FALSE
"M22760_at"	2134	-1.29765525538913	1955	2255	0	38	0	0	FALSE
"M22877_at"	2574	-2.57724564389986	2477	2827	0	38	0	0	FALSE
"M22898_at"	2961	-4.99088114841748	2918	2993	0	38	0	0	FALSE
"M22919_rna2_at"	827	1.21941832928093	463	979	0	38	0	0	FALSE
"M22960_at"	28	5.76531111068152	13	41	2	38	0.0526315789473684	0	FALSE
"M22976_at"	2214	-1.4559659791153	2053	2347	0	38	0	0	FALSE
"M22995_at"	1333	0.25909413371478	949	1604	0	38	0	1	FALSE
"M23114_at"	1237	0.435121398533157	932	1477	0	38	0	0	FALSE
"M23161_at"	2894	-4.21319183675451	2843	2951	0	38	0	0	FALSE
"M23197_at"	10	6.78781948087932	6	20	38	38	1	0	TRUE
"M23254_at"	191	3.29913614552557	130	243	0	38	0	0	FALSE
"M23294_at"	1535	-0.0825249020583628	1351	1851	0	38	0	11	FALSE
"M23379_at"	2909	-4.33240704293218	2876	2959	0	38	0	0	FALSE
"M24248_at"	974	0.927903325117011	511	1155	0	38	0	0	FALSE
"M24398_at"	1995	-0.972275455502875	1789	2482	0	38	0	0	FALSE
"M24439_at"	912	1.03155461460244	536	1087	0	38	0	0	FALSE
"M24470_at"	487	1.98904823054421	346	622	0	38	0	0	FALSE
"M24594_at"	720	1.43077865464297	585	949	0	38	0	0	FALSE
"M24899_at"	2204	-1.44720752116354	2026	2337	0	38	0	0	FALSE
"M25077_at"	740	1.3876542469498	634	1018	0	38	0	0	FALSE
"M25269_at"	898	1.06239666754975	635	1038	0	38	0	0	FALSE
"M25280_at"	1279	0.358497138404238	1046	1570	0	38	0	1	FALSE
"M25809_at"	264	2.88675297488649	119	338	0	38	0	0	FALSE
"M25897_at"	516	1.90780332729313	446	626	0	38	0	0	FALSE
"M26576_cds2_at"	838	1.17715132824252	595	1006	0	38	0	0	FALSE
"M26602_at"	469	2.05992717137263	410	663	0	38	0	0	FALSE
"M26880_at"	1962	-0.907301930183772	1764	2124	0	38	0	0	FALSE
"M27161_at"	1487	0.000204145459916889	1311	1864	0	38	0	17	FALSE
"M27819_at"	358	2.47888321844285	289	486	0	38	0	0	FALSE
"M27826_at"	2686	-3.00659187340663	2618	2716	0	38	0	0	FALSE
"M27891_at"	2	9.77584665725552	1	4	38	38	1	0	TRUE
"M28209_at"	128	3.83008998912587	16	166	1	38	0.0263157894736842	0	FALSE
"M28713_at"	215	3.15730126216693	88	273	0	38	0	0	FALSE
"M28825_at"	1373	0.17475182002307	1114	1532	0	38	0	5	FALSE
"M28826_at"	2572	-2.57224275150955	2492	2617	0	38	0	0	FALSE
"M28827_at"	1937	-0.847845126874423	1477	2085	0	38	0	1	FALSE
"M29064_at"	2916	-4.36840969245233	2882	2989	0	38	0	0	FALSE
"M29273_at"	995	0.866559471280481	697	1175	0	38	0	0	FALSE
"M29474_at"	2642	-2.81381461462206	2570	2672	0	38	0	0	FALSE
"M29536_at"	3013	-6.00989544718536	3003	3032	0	38	0	0	FALSE
"M29696_at"	3026	-6.16850252503288	3003	3048	0	38	0	0	FALSE
"M29877_at"	1931	-0.834651316457754	1724	2079	0	38	0	0	FALSE
"M29927_at"	164	3.53190898804864	68	218	0	38	0	0	FALSE
"M29971_at"	2752	-3.34670426594571	2703	2892	0	38	0	0	FALSE
"M30185_at"	1488	-0.000286130441379478	1167	1753	0	38	0	17	FALSE
"M30818_at"	980	0.910245936415621	813	1247	0	38	0	0	FALSE
"M30894_at"	376	2.40690380353607	253	487	0	38	0	0	FALSE
"M30938_at"	2839	-3.85751328598507	2778	2899	0	38	0	0	FALSE
"M31013_at"	1591	-0.1855071542868	1194	1748	0	38	0	4	FALSE
"M31166_at"	90	4.21727235750153	59	121	0	38	0	0	FALSE
"M31303_rna1_at"	2970	-5.1883695822803	2938	3028	0	38	0	0	FALSE
"M31328_at"	1557	-0.120300538475486	1185	1836	0	38	0	4	FALSE
"M31627_at"	1873	-0.717210566414324	1702	2069	0	38	0	0	FALSE
"M31642_at"	2615	-2.71035338804326	2554	2736	0	38	0	0	FALSE
"M31994_at"	159	3.56752277000772	96	198	0	38	0	0	FALSE
"M32011_at"	853	1.15293251084317	646	1111	0	38	0	0	FALSE
"M32053_at"	856	1.14000887927399	446	1047	0	38	0	0	FALSE
"M32313_at"	2233	-1.51501639822917	2055	2356	0	38	0	0	FALSE
"M32315_at"	378	2.39046515235835	253	479	0	38	0	0	FALSE
"M32334_at"	2668	-2.92231383952982	2566	2786	0	38	0	0	FALSE
"M32886_at"	1408	0.127101610856058	1096	1655	0	38	0	10	FALSE
"M33195_at"	58	4.61011427463882	25	88	0	38	0	0	FALSE
"M33308_at"	307	2.69065372217786	176	397	0	38	0	0	FALSE
"M33336_at"	2925	-4.49369719491457	2871	2949	0	38	0	0	FALSE
"M33518_at"	1325	0.2700527576673	1016	1545	0	38	0	4	FALSE
"M33521_at"	2649	-2.84470456664586	2553	2767	0	38	0	0	FALSE
"M33552_at"	509	1.9316594559357	353	632	0	38	0	0	FALSE
"M33680_at"	2982	-5.38599274199564	2961	3020	0	38	0	0	FALSE
"M33764_at"	2196	-1.43600406581525	2051	2575	0	38	0	0	FALSE
"M33882_at"	929	1.00230736312704	739	1191	0	38	0	0	FALSE
"M34041_at"	291	2.73249338503618	102	370	0	38	0	0	FALSE
"M34175_at"	523	1.88758392236688	409	649	0	38	0	0	FALSE
"M34181_at"	2239	-1.52271315423268	2116	2551	0	38	0	0	FALSE
"M34344_at"	930	1.00095735726447	755	1226	0	38	0	0	FALSE
"M34423_at"	802	1.27738542946115	519	963	0	38	0	0	FALSE
"M34455_at"	1076	0.708195276772157	643	1280	0	38	0	0	FALSE
"M34539_at"	2026	-1.02765079069999	1796	2160	0	38	0	0	FALSE
"M34667_at"	1012	0.825663640987544	873	1272	0	38	0	0	FALSE
"M34668_at"	2755	-3.36635144992037	2699	2901	0	38	0	0	FALSE
"M34677_at"	1319	0.281533362889094	1030	1490	0	38	0	2	FALSE
"M35128_at"	1687	-0.382917244080999	1441	1853	0	38	0	1	FALSE
"M35531_at"	809	1.26131453862338	432	952	0	38	0	0	FALSE
"M35878_at"	1109	0.648128690944541	917	1300	0	38	0	0	FALSE
"M36067_at"	2082	-1.1719902849538	1926	2191	0	38	0	0	FALSE
"M36089_at"	668	1.53708105514075	502	825	0	38	0	0	FALSE
"M36341_at"	887	1.09001362070795	609	1159	0	38	0	0	FALSE
"M37033_at"	2709	-3.12713475335574	2648	2795	0	38	0	0	FALSE
"M37104_at"	2475	-2.24685627887227	2406	2615	0	38	0	0	FALSE
"M37245_at"	927	1.00612690917838	542	1111	0	38	0	0	FALSE
"M37435_at"	67	4.47377078836522	49	100	0	38	0	0	FALSE
"M37583_at"	2451	-2.17333868585133	2354	2558	0	38	0	0	FALSE
"M37766_at"	2551	-2.4992914048488	2481	2714	0	38	0	0	FALSE
"M38591_at"	892	1.08021938261826	679	1152	0	38	0	0	FALSE
"M38690_at"	2644	-2.81916805707776	2571	2820	0	38	0	0	FALSE
"M54992_at"	2795	-3.59144448150968	2744	2832	0	38	0	0	FALSE
"M54995_at"	100	4.07849954292575	59	155	0	38	0	0	FALSE
"M55067_at"	1294	0.324056770101686	1123	1633	0	38	0	2	FALSE
"M55150_at"	3	8.0329392125638	3	8	38	38	1	0	TRUE
"M55265_at"	1101	0.65913733576187	651	1319	0	38	0	0	FALSE
"M55268_at"	1903	-0.770940589133062	1671	2128	0	38	0	0	FALSE
"M55531_at"	704	1.45764207243724	544	912	0	38	0	0	FALSE
"M55593_at"	583	1.746636813147	380	704	0	38	0	0	FALSE
"M55671_at"	1978	-0.952840645816916	1733	2136	0	38	0	0	FALSE
"M57567_at"	1021	0.810053462819416	815	1257	0	38	0	0	FALSE
"M57609_at"	1949	-0.88227558484716	1773	2222	0	38	0	0	FALSE
"M57710_at"	108	3.99965668811379	55	150	0	38	0	0	FALSE
"M57763_at"	532	1.86430609198892	285	698	0	38	0	0	FALSE
"M58028_at"	2473	-2.24345068226693	2332	2761	0	38	0	0	FALSE
"M58285_at"	884	1.09146627300024	669	1081	0	38	0	0	FALSE
"M58378_cds1_at"	967	0.938800555809417	672	1172	0	38	0	0	FALSE
"M58459_at"	2364	-1.89171946525366	2251	2517	0	38	0	0	FALSE
"M58603_at"	115	3.97011566660413	63	148	0	38	0	0	FALSE
"M59465_at"	1813	-0.593453061920693	1587	2066	0	38	0	0	FALSE
"M59807_at"	2400	-2.00629227086177	2299	2524	0	38	0	0	FALSE
"M59815_at"	1392	0.144846628539419	875	1583	0	38	0	5	FALSE
"M59820_at"	454	2.09954020839402	345	629	0	38	0	0	FALSE
"M59829_at"	1713	-0.436661597342391	1544	2105	0	38	0	0	FALSE
"M59830_at"	1423	0.104923819745102	1075	1824	0	38	0	4	FALSE
"M59911_at"	1479	0.0155958132573124	1249	1727	0	38	0	20	FALSE
"M60091_at"	2045	-1.08435856983229	1785	2240	0	38	0	0	FALSE
"M60165_cds1_at"	877	1.09556464275923	653	1005	0	38	0	0	FALSE
"M60278_at"	1940	-0.859237825943921	1814	2460	0	38	0	0	FALSE
"M60298_at"	345	2.54172997980748	276	480	0	38	0	0	FALSE
"M60527_at"	3009	-5.94486950780901	2998	3034	0	38	0	0	FALSE
"M60721_at"	1291	0.325697599349004	1114	1585	0	38	0	1	FALSE
"M60752_at"	2237	-1.51886546439289	2115	2487	0	38	0	0	FALSE
"M60830_at"	1386	0.151425473505135	1211	1734	0	38	0	4	FALSE
"M60922_at"	994	0.870146690081457	738	1191	0	38	0	0	FALSE
"M61199_at"	491	1.97717344519618	385	655	0	38	0	0	FALSE
"M61764_at"	679	1.51848027966906	597	956	0	38	0	0	FALSE
"M61906_at"	1290	0.329072708288061	1061	1629	0	38	0	1	FALSE
"M62302_at"	598	1.71519595397408	429	731	0	38	0	0	FALSE
"M62324_at"	1110	0.643117791628411	835	1296	0	38	0	0	FALSE
"M62762_at"	27	5.8382574764751	9	37	4	38	0.105263157894737	0	FALSE
"M62783_at"	894	1.07110531967815	682	1053	0	38	0	0	FALSE
"M62810_at"	2421	-2.07453459545705	2332	2504	0	38	0	0	FALSE
"M62831_at"	1755	-0.502796149883499	1434	2078	0	38	0	1	FALSE
"M62994_at"	2357	-1.87861814609716	2231	2476	0	38	0	0	FALSE
"M63138_at"	11	6.77110198185867	4	19	38	38	1	0	TRUE
"M63167_at"	70	4.43221319918278	50	91	0	38	0	0	FALSE
"M63175_at"	477	2.03238572080262	261	580	0	38	0	0	FALSE
"M63180_at"	2602	-2.67263745114551	2523	2706	0	38	0	0	FALSE
"M63262_at"	1299	0.316290049794631	1048	1599	0	38	0	2	FALSE
"M63379_at"	173	3.46517059530707	115	228	0	38	0	0	FALSE
"M63573_at"	1780	-0.5469541877272	1637	2087	0	38	0	0	FALSE
"M63582_at"	1284	0.346696924940369	1093	1528	0	38	0	2	FALSE
"M63589_at"	460	2.0798025904776	379	649	0	38	0	0	FALSE
"M63904_at"	1396	0.139424609471315	836	1576	0	38	0	8	FALSE
"M63928_at"	2203	-1.44463671291595	2074	2512	0	38	0	0	FALSE
"M63959_at"	242	3.02030381602161	193	326	0	38	0	0	FALSE
"M64098_at"	2058	-1.10627999389265	1822	2216	0	38	0	0	FALSE
"M64108_at"	346	2.53577894583419	200	434	0	38	0	0	FALSE
"M64174_at"	1555	-0.117649785181242	1367	1964	0	38	0	9	FALSE
"M64590_at"	2666	-2.90245524913372	2593	2769	0	38	0	0	FALSE
"M64595_at"	1383	0.157777531098452	964	1542	0	38	0	9	FALSE
"M64673_at"	1984	-0.961288097008537	1780	2280	0	38	0	0	FALSE
"M64925_at"	850	1.15897054546647	681	1052	0	38	0	0	FALSE
"M64929_at"	1401	0.133957568004643	1153	1579	0	38	0	9	FALSE
"M64934_at"	698	1.47116824324374	381	892	0	38	0	0	FALSE
"M64992_at"	1951	-0.888152239652241	1765	2376	0	38	0	0	FALSE
"M65066_at"	1446	0.0666687631149853	1274	1681	0	38	0	18	FALSE
"M65085_at"	1942	-0.861074995082301	1795	2298	0	38	0	0	FALSE
"M65217_at"	1323	0.275470725332104	998	1503	0	38	0	1	FALSE
"M68520_at"	2336	-1.83326735851817	2202	2520	0	38	0	0	FALSE
"M68864_at"	2888	-4.16390707801279	2826	2955	0	38	0	0	FALSE
"M68891_at"	227	3.08175797240661	59	310	0	38	0	0	FALSE
"M68941_at"	2591	-2.65236538199627	2499	2766	0	38	0	0	FALSE
"M69023_at"	2634	-2.76316991387326	2542	2764	0	38	0	0	FALSE
"M69039_at"	2481	-2.26321548568297	2389	2600	0	38	0	0	FALSE
"M69043_at"	31	5.55067148246667	7	41	3	38	0.0789473684210526	0	FALSE
"M69066_at"	1005	0.851218033260469	606	1207	0	38	0	0	FALSE
"M73047_at"	2494	-2.28691924583137	2410	2725	0	38	0	0	FALSE
"M73547_at"	2891	-4.19672425128661	2843	2948	0	38	0	0	FALSE
"M73720_at"	549	1.81952527805787	278	756	0	38	0	0	FALSE
"M74002_at"	1609	-0.230474746641729	1394	1943	0	38	0	2	FALSE
"M74089_at"	2664	-2.89693492105598	2603	2742	0	38	0	0	FALSE
"M74099_at"	1331	0.261913685322831	1135	1662	0	38	0	1	FALSE
"M74491_at"	1084	0.687500167153436	634	1325	0	38	0	0	FALSE
"M74524_at"	2712	-3.14262585703657	2653	2840	0	38	0	0	FALSE
"M74719_at"	2348	-1.86603830296516	2258	2451	0	38	0	0	FALSE
"M75099_at"	1898	-0.763630968027487	1568	2059	0	38	0	0	FALSE
"M75126_at"	908	1.0419524794187	566	1133	0	38	0	0	FALSE
"M76378_at"	210	3.18714481546205	102	256	0	38	0	0	FALSE
"M76424_at"	1320	0.281383542547723	1093	1607	0	38	0	1	FALSE
"M76766_at"	1293	0.324301006950216	913	1664	0	38	0	1	FALSE
"M77142_at"	3018	-6.05532439492717	3003	3029	0	38	0	0	FALSE
"M77698_at"	2496	-2.29588029973523	2381	2584	0	38	0	0	FALSE
"M77836_at"	881	1.09420543808684	701	1060	0	38	0	0	FALSE
"M80244_at"	933	0.997037196145077	551	1106	0	38	0	0	FALSE
"M80254_at"	74	4.38818150898964	37	113	0	38	0	0	FALSE
"M80333_at"	1594	-0.192153024163153	1400	1954	0	38	0	4	FALSE
"M80335_at"	2439	-2.1160168491907	2318	2545	0	38	0	0	FALSE
"M80359_at"	1544	-0.0937383085399985	1367	1832	0	38	0	12	FALSE
"M80563_at"	323	2.6324786888507	158	420	0	38	0	0	FALSE
"M80629_at"	1212	0.479546983236828	1004	1464	0	38	0	0	FALSE
"M80647_at"	785	1.31582312338825	632	1021	0	38	0	0	FALSE
"M80899_at"	169	3.50418826803135	37	225	0	38	0	0	FALSE
"M81057_at"	709	1.45194279042911	280	879	0	38	0	0	FALSE
"M81601_at"	2695	-3.04458804442768	2619	2818	0	38	0	0	FALSE
"M81758_at"	95	4.14388997938632	48	125	0	38	0	0	FALSE
"M81780_cds5_at"	1268	0.382601652613828	854	1563	0	38	0	1	FALSE
"M81830_at"	528	1.87683428974713	297	655	0	38	0	0	FALSE
"M82809_at"	702	1.46050816776009	446	853	0	38	0	0	FALSE
"M82882_at"	1752	-0.501092297586269	1256	1929	0	38	0	1	FALSE
"M83088_at"	2220	-1.46825687123452	2036	2451	0	38	0	0	FALSE
"M83181_at"	1709	-0.426638925518436	1520	1915	0	38	0	0	FALSE
"M83221_at"	61	4.57300902164967	29	83	0	38	0	0	FALSE
"M83233_at"	3024	-6.09373274331049	3003	3034	0	38	0	0	FALSE
"M83751_at"	2290	-1.6778785257479	2164	2496	0	38	0	0	FALSE
"M84349_at"	478	2.03082317897223	373	652	0	38	0	0	FALSE
"M84526_at"	44	4.94476017991272	27	73	0	38	0	0	FALSE
"M84739_at"	315	2.67346008115042	204	381	0	38	0	0	FALSE
"M85169_at"	2808	-3.6683051196744	2731	2892	0	38	0	0	FALSE
"M85247_at"	1579	-0.159138736815203	1080	1739	0	38	0	2	FALSE
"M85276_at"	1950	-0.88781996166871	1755	2152	0	38	0	0	FALSE
"M86400_at"	2868	-4.03609550433685	2806	2958	0	38	0	0	FALSE
"M86546_at"	2147	-1.32170171250288	1937	2269	0	38	0	0	FALSE
"M86667_at"	2673	-2.94158271323423	2617	2838	0	38	0	0	FALSE
"M86707_at"	1804	-0.577162663790209	1551	2050	0	38	0	0	FALSE
"M86737_at"	2385	-1.96281839215141	2275	2485	0	38	0	0	FALSE
"M86752_at"	2907	-4.3265228404574	2846	2972	0	38	0	0	FALSE
"M86852_at"	2407	-2.02719386004205	2328	2539	0	38	0	0	FALSE
"M87339_at"	2484	-2.26899838357447	2382	2634	0	38	0	0	FALSE
"M87434_at"	1534	-0.0772996253347317	1085	1765	0	38	0	8	FALSE
"M87503_at"	749	1.37259478341325	530	945	0	38	0	0	FALSE
"M87860_at"	735	1.39592436350578	639	957	0	38	0	0	FALSE
"M88108_at"	2738	-3.28602344527052	2670	2880	0	38	0	0	FALSE
"M88279_at"	1740	-0.478309375800665	1503	2010	0	38	0	1	FALSE
"M88282_at"	2377	-1.94363302196526	2292	2719	0	38	0	0	FALSE
"M88458_at"	1562	-0.13404286421522	1385	1969	0	38	0	8	FALSE
"M88468_at"	1382	0.158510010967131	1231	1595	0	38	0	6	FALSE
"M89957_at"	3028	-6.25663621134073	3004	3035	0	38	0	0	FALSE
"M90299_at"	1046	0.773492907934511	346	1199	0	38	0	0	FALSE
"M90656_at"	1158	0.556673844717945	810	1458	0	38	0	0	FALSE
"M91029_cds2_at"	2047	-1.08453743852568	1718	2249	0	38	0	0	FALSE
"M91036_rna1_at"	150	3.63289906147053	98	207	0	38	0	0	FALSE
"M91083_at"	1381	0.16017126093845	1215	1746	0	38	0	6	FALSE
"M91196_at"	811	1.25682398914485	629	1055	0	38	0	0	FALSE
"M91432_at"	3045	-7.08153562999937	3028	3049	0	38	0	0	FALSE
"M91438_at"	137	3.7382030295839	40	190	0	38	0	0	FALSE
"M91585_at"	1623	-0.252853276067429	1367	1907	0	38	0	3	FALSE
"M91592_at"	2271	-1.61970612626742	2112	2537	0	38	0	0	FALSE
"M91670_at"	830	1.21622349974747	499	994	0	38	0	0	FALSE
"M92287_at"	3031	-6.31859374710027	3006	3049	0	38	0	0	FALSE
"M92303_at"	1120	0.619835643378548	978	1315	0	38	0	0	FALSE
"M92357_at"	312	2.67902500414534	239	394	0	38	0	0	FALSE
"M92439_at"	2981	-5.38005930868055	2957	3014	0	38	0	0	FALSE
"M92449_at"	1769	-0.523761771679347	1533	1935	0	38	0	0	FALSE
"M92934_at"	2586	-2.64153346400385	2508	2678	0	38	0	0	FALSE
"M93056_at"	65	4.48712692706629	26	96	0	38	0	0	FALSE
"M93107_at"	1693	-0.385900685652273	1470	1960	0	38	0	1	FALSE
"M93221_at"	1179	0.526735247315097	1047	2194	0	38	0	1	FALSE
"M93283_at"	770	1.34303141463899	343	912	0	38	0	0	FALSE
"M93405_at"	1248	0.414416057883997	943	1460	0	38	0	0	FALSE
"M93426_at"	2170	-1.37255126817302	1984	2310	0	38	0	0	FALSE
"M93718_at"	1351	0.211983144662489	974	1495	0	38	0	5	FALSE
"M94250_at"	2042	-1.08237151024958	1920	2233	0	38	0	0	FALSE
"M94345_at"	1125	0.611913033483462	602	1305	0	38	0	0	FALSE
"M94362_at"	2619	-2.71529121355647	2533	2708	0	38	0	0	FALSE
"M94556_at"	2533	-2.44039356527597	2462	2649	0	38	0	0	FALSE
"M94630_at"	2063	-1.11936413192326	1799	2244	0	38	0	0	FALSE
"M94633_at"	3025	-6.1376889409605	3005	3034	0	38	0	0	FALSE
"M94856_at"	2578	-2.59705843738518	2479	2688	0	38	0	0	FALSE
"M95178_at"	116	3.94514007417977	39	153	0	38	0	0	FALSE
"M95549_at"	578	1.75382835663227	443	684	0	38	0	0	FALSE
"M95610_at"	152	3.62767342101026	39	186	0	38	0	0	FALSE
"M95623_cds1_at"	530	1.8729967273666	369	733	0	38	0	0	FALSE
"M95678_at"	37	5.18340373596525	30	54	0	38	0	0	FALSE
"M95712_at"	1538	-0.0869999961088259	1169	1680	0	38	0	6	FALSE
"M95787_at"	587	1.73943975004255	426	743	0	38	0	0	FALSE
"M96326_rna1_at"	33	5.37503998779511	16	46	1	38	0.0263157894736842	0	FALSE
"M96803_at"	2905	-4.3169080828947	2869	2981	0	38	0	0	FALSE
"M96859_at"	1163	0.550434926753635	807	1348	0	38	0	0	FALSE
"M96982_at"	1979	-0.952988068386251	1823	2224	0	38	0	0	FALSE
"M97287_at"	1829	-0.629188923099728	1597	2081	0	38	0	0	FALSE
"M97815_at"	759	1.35559755080181	502	871	0	38	0	0	FALSE
"M97856_at"	2488	-2.27589355890195	2391	2591	0	38	0	0	FALSE
"M97925_rna1_at"	916	1.01799240296951	554	1083	0	38	0	0	FALSE
"M97936_at"	680	1.51827087369282	500	827	0	38	0	0	FALSE
"M98045_at"	2677	-2.97456741663451	2595	2819	0	38	0	0	FALSE
"M98539_at"	195	3.28479222888957	126	266	0	38	0	0	FALSE
"M98776_rna1_at"	1848	-0.667933174200693	1623	2040	0	38	0	0	FALSE
"M98833_at"	2956	-4.9019157493307	2929	3002	0	38	0	0	FALSE
"M99063_at"	1526	-0.0697981330483727	1291	1709	0	38	0	12	FALSE
"M99701_at"	2141	-1.30921554406994	1949	2320	0	38	0	0	FALSE
"S43646_at"	1434	0.0860490716968428	818	1574	0	38	0	10	FALSE
"S45630_at"	332	2.59359023308284	110	397	0	38	0	0	FALSE
"S50223_at"	3032	-6.37147193324077	3018	3042	0	38	0	0	FALSE
"S53911_at"	1366	0.182417455059544	1211	1645	0	38	0	3	FALSE
"S58733_at"	1257	0.401379313158923	1018	1480	0	38	0	1	FALSE
"S59049_at"	1475	0.017103425177644	1286	1760	0	38	0	17	FALSE
"S61953_at"	1037	0.783078758091876	748	1287	0	38	0	0	FALSE
"S63912_at"	1119	0.621390302643928	891	1322	0	38	0	0	FALSE
"S65583_rna1_at"	775	1.33202983209759	553	899	0	38	0	0	FALSE
"S65738_at"	731	1.40733376910674	548	863	0	38	0	0	FALSE
"S66431_at"	2889	-4.18888148629309	2845	2967	0	38	0	0	FALSE
"S67070_at"	1720	-0.443036286509274	1544	1982	0	38	0	0	FALSE
"S67325_at"	1341	0.240875887027229	1048	1611	0	38	0	3	FALSE
"S68616_at"	626	1.63362130644659	428	798	0	38	0	0	FALSE
"S69115_at"	1981	-0.954006895509331	1772	2139	0	38	0	0	FALSE
"S70609_at"	1267	0.38545485797417	996	1468	0	38	0	1	FALSE
"S71824_at"	1600	-0.198063971261192	1259	1796	0	38	0	3	FALSE
"S72008_at"	2875	-4.06297184955365	2817	3020	0	38	0	0	FALSE
"S72487_at"	161	3.55363288064502	65	192	0	38	0	0	FALSE
"S73591_at"	1642	-0.284852383983864	1228	1890	0	38	0	2	FALSE
"S74017_at"	1010	0.827380223268	822	1338	0	38	0	0	FALSE
"S74221_at"	2501	-2.31959569368134	2385	2633	0	38	0	0	FALSE
"S74445_at"	1560	-0.130755897163138	1295	1802	0	38	0	5	FALSE
"S75168_rna1_at"	606	1.68133391545219	406	742	0	38	0	0	FALSE
"S75463_at"	2083	-1.17434480546797	1804	2214	0	38	0	0	FALSE
"S76617_at"	2930	-4.56738191289136	2905	2946	0	38	0	0	FALSE
"S76965_at"	2964	-5.00746479357041	2944	2985	0	38	0	0	FALSE
"S76992_at"	2046	-1.08440897784531	1819	2217	0	38	0	0	FALSE
"S77356_at"	275	2.81688411192621	201	348	0	38	0	0	FALSE
"S77576_at"	1369	0.180108422303291	1090	1618	0	38	0	5	FALSE
"S77763_at"	972	0.929155277999224	675	1173	0	38	0	0	FALSE
"S77812_at"	1768	-0.520850738505069	1511	1923	0	38	0	0	FALSE
"S78085_at"	1747	-0.492648468107924	1492	1910	0	38	0	0	FALSE
"S78187_at"	2545	-2.4675588611653	2461	2703	0	38	0	0	FALSE
"S78296_at"	1611	-0.234143789920148	1310	1841	0	38	0	2	FALSE
"S79639_at"	1847	-0.667434428868704	1595	1982	0	38	0	0	FALSE
"S80335_at"	935	0.995857669559317	752	1203	0	38	0	0	FALSE
"S81003_at"	835	1.1993893866703	653	1094	0	38	0	0	FALSE
"S81439_at"	222	3.10882617521963	117	291	0	38	0	0	FALSE
"S81914_at"	423	2.19582827709264	375	552	0	38	0	0	FALSE
"S82470_at"	101	4.06551941423659	42	161	0	38	0	0	FALSE
"S83364_at"	612	1.66573180737309	436	835	0	38	0	0	FALSE
"S85655_at"	2657	-2.87515938202817	2586	2881	0	38	0	0	FALSE
"S87759_at"	1297	0.319607913052656	971	1559	0	38	0	1	FALSE
"S90469_at"	747	1.37753285698465	556	906	0	38	0	0	FALSE
"U00115_at"	609	1.66998208652742	455	787	0	38	0	0	FALSE
"U00672_at"	470	2.05002745696541	340	608	0	38	0	0	FALSE
"U00921_at"	762	1.35332942681702	492	897	0	38	0	0	FALSE
"U00943_at"	977	0.918428093784786	425	1151	0	38	0	0	FALSE
"U00952_at"	2215	-1.45635979201957	2044	2686	0	38	0	0	FALSE
"U00968_at"	233	3.05616033357694	190	273	0	38	0	0	FALSE
"U01038_at"	801	1.27967586413182	436	963	0	38	0	0	FALSE
"U01147_at"	1644	-0.29117389235216	1065	1868	0	38	0	1	FALSE
"U01212_at"	658	1.56298529213868	278	815	0	38	0	0	FALSE
"U01317_cds6_at"	550	1.81839121328247	470	760	0	38	0	0	FALSE
"U01824_at"	1637	-0.277219379348507	1267	1820	0	38	0	1	FALSE
"U01923_at"	2324	-1.79044032732244	2185	2563	0	38	0	0	FALSE
"U02020_at"	48	4.87315404219911	12	72	1	38	0.0263157894736842	0	FALSE
"U02031_at"	2104	-1.21637067202974	1978	2469	0	38	0	0	FALSE
"U02081_at"	672	1.52507588580513	544	888	0	38	0	0	FALSE
"U02310_at"	1618	-0.248357887269157	1450	1801	0	38	0	5	FALSE
"U02493_at"	2968	-5.16344185205149	2940	3007	0	38	0	0	FALSE
"U02556_at"	2281	-1.64929009472255	2114	2487	0	38	0	0	FALSE
"U02570_at"	1572	-0.143483167466414	1310	1836	0	38	0	5	FALSE
"U02619_at"	2050	-1.094728631891	1771	2211	0	38	0	0	FALSE
"U02687_at"	1308	0.301776945236973	1114	1564	0	38	0	2	FALSE
"U03057_at"	253	2.95394574297965	182	307	0	38	0	0	FALSE
"U03090_at"	514	1.9117458503799	426	646	0	38	0	0	FALSE
"U03105_at"	2037	-1.06502430038784	1821	2188	0	38	0	0	FALSE
"U03270_at"	656	1.5660740180592	490	767	0	38	0	0	FALSE
"U03272_at"	713	1.44440023440621	447	848	0	38	0	0	FALSE
"U03398_at"	1062	0.735033825972929	815	1264	0	38	0	0	FALSE
"U03642_at"	1654	-0.310349785708685	1436	1965	0	38	0	2	FALSE
"U03851_at"	2014	-1.00299971738609	1735	2184	0	38	0	0	FALSE
"U03891_at"	863	1.1313269211378	607	1086	0	38	0	0	FALSE
"U04811_at"	1912	-0.794703544015471	1721	2059	0	38	0	0	FALSE
"U04898_at"	2140	-1.30877450670435	1933	2252	0	38	0	0	FALSE
"U05237_at"	2764	-3.39573630164119	2685	2839	0	38	0	0	FALSE
"U05259_rna1_at"	3010	-5.95685457688145	2994	3032	0	38	0	0	FALSE
"U05340_at"	2380	-1.95513861632895	2255	2524	0	38	0	0	FALSE
"U05659_at"	201	3.2355646118962	113	258	0	38	0	0	FALSE
"U05875_at"	1397	0.138484739118233	1081	1612	0	38	0	9	FALSE
"U06088_at"	1845	-0.666062074267163	1693	2236	0	38	0	0	FALSE
"U06631_at"	2274	-1.62527959616775	2134	2361	0	38	0	0	FALSE
"U06681_at"	492	1.9759414694936	293	631	0	38	0	0	FALSE
"U06863_at"	1634	-0.273292539689191	1356	1959	0	38	0	2	FALSE
"U07132_at"	73	4.39036748082538	43	94	0	38	0	0	FALSE
"U07158_at"	110	3.99082843325761	70	134	0	38	0	0	FALSE
"U07223_at"	1440	0.0735563201343054	1117	1628	0	38	0	13	FALSE
"U07358_at"	2218	-1.4656866529761	2030	2369	0	38	0	0	FALSE
"U07418_at"	2749	-3.33382902083216	2685	2838	0	38	0	0	FALSE
"U07424_at"	2723	-3.19973055095818	2665	2794	0	38	0	0	FALSE
"U07550_at"	2556	-2.51271888470927	2471	2818	0	38	0	0	FALSE
"U07563_cds1_at"	2512	-2.36723430010095	2437	2642	0	38	0	0	FALSE
"U07664_at"	1682	-0.36866481963201	1382	1856	0	38	0	2	FALSE
"U07681_at"	2242	-1.53196019632548	2116	2434	0	38	0	0	FALSE
"U07695_at"	1043	0.776319232392103	788	1278	0	38	0	0	FALSE
"U07802_at"	2371	-1.9231379400894	2279	2612	0	38	0	0	FALSE
"U07857_at"	2429	-2.09095108631458	2344	2528	0	38	0	0	FALSE
"U07919_at"	1500	-0.0223678655753333	1276	1681	0	38	0	16	FALSE
"U08316_at"	422	2.1980882361795	251	549	0	38	0	0	FALSE
"U08336_at"	415	2.21709394680919	153	519	0	38	0	0	FALSE
"U08815_at"	2356	-1.8774964786155	2233	2449	0	38	0	0	FALSE
"U08989_at"	1436	0.0839752347364328	1266	1771	0	38	0	6	FALSE
"U09117_at"	673	1.52487012540379	128	814	0	38	0	0	FALSE
"U09196_at"	864	1.13043865064957	672	1108	0	38	0	0	FALSE
"U09284_at"	2191	-1.41717030479818	2009	2317	0	38	0	0	FALSE
"U09303_at"	1166	0.547327513859385	808	1386	0	38	0	0	FALSE
"U09410_at"	2221	-1.47511858916735	2059	2399	0	38	0	0	FALSE
"U09564_at"	2780	-3.49023639515431	2708	2857	0	38	0	0	FALSE
"U09578_at"	484	2.01768607791771	341	654	0	38	0	0	FALSE
"U09579_at"	1350	0.220327995935984	1086	1555	0	38	0	4	FALSE
"U09607_at"	1186	0.521249745749811	824	1345	0	38	0	0	FALSE
"U09770_at"	2163	-1.36638671014417	2011	2376	0	38	0	0	FALSE
"U09825_at"	2500	-2.31816123719939	2398	2586	0	38	0	0	FALSE
"U09848_at"	2293	-1.68205141478951	2154	2489	0	38	0	0	FALSE
"U09850_at"	1391	0.145560163993123	1181	1571	0	38	0	8	FALSE
"U10117_at"	1430	0.0904528803426148	1164	1649	0	38	0	11	FALSE
"U10323_at"	2862	-4.01563579566837	2819	2938	0	38	0	0	FALSE
"U10324_at"	2605	-2.68382864442986	2539	2760	0	38	0	0	FALSE
"U10362_at"	1146	0.577543530312781	946	1408	0	38	0	0	FALSE
"U10439_at"	2011	-0.997615130538558	1743	2252	0	38	0	0	FALSE
"U10485_at"	2922	-4.43182023860698	2884	2951	0	38	0	0	FALSE
"U10492_at"	1235	0.436297521909878	1062	1519	0	38	0	1	FALSE
"U10686_at"	603	1.70583745875607	394	699	0	38	0	0	FALSE
"U10868_at"	119	3.9166841629781	75	168	0	38	0	0	FALSE
"U10991_at"	860	1.13896758576907	686	1065	0	38	0	0	FALSE
"U11732_at"	769	1.34558831745472	498	990	0	38	0	0	FALSE
"U11791_at"	1156	0.55785098857799	806	1477	0	38	0	0	FALSE
"U11870_rna1_at"	1941	-0.859691205551378	1783	2548	0	38	0	0	FALSE
"U11872_at"	1362	0.193342576644759	1132	1572	0	38	0	6	FALSE
"U11877_at"	2317	-1.7723402783346	2197	2406	0	38	0	0	FALSE
"U12139_at"	1677	-0.363382811015454	1506	1979	0	38	0	0	FALSE
"U12255_at"	1024	0.806237754535367	727	1233	0	38	0	0	FALSE
"U12779_at"	746	1.37954499507311	546	912	0	38	0	0	FALSE
"U13395_at"	1055	0.75288865689225	475	1204	0	38	0	0	FALSE
"U13666_at"	156	3.58811693958216	77	204	0	38	0	0	FALSE
"U13695_at"	2628	-2.74859812674045	2540	2765	0	38	0	0	FALSE
"U13706_at"	2171	-1.37292803618035	2025	2348	0	38	0	0	FALSE
"U13737_at"	1938	-0.853773261983068	1809	2293	0	38	0	0	FALSE
"U13991_at"	1821	-0.608801121128652	1478	2086	0	38	0	0	FALSE
"U14193_at"	2861	-4.01277024693448	2822	2956	0	38	0	0	FALSE
"U14391_at"	733	1.40297753339991	426	894	0	38	0	0	FALSE
"U14417_at"	252	2.96025418916568	141	314	0	38	0	0	FALSE
"U14575_at"	2359	-1.88111535101952	2234	2495	0	38	0	0	FALSE
"U14588_at"	104	4.0307899239942	48	149	0	38	0	0	FALSE
"U14603_at"	2032	-1.04107221881194	1871	2162	0	38	0	0	FALSE
"U15009_at"	2493	-2.2865383809233	2392	2586	0	38	0	0	FALSE
"U15085_at"	1841	-0.657575770232658	1675	2183	0	38	0	0	FALSE
"U15128_at"	1574	-0.15374432368817	1372	1825	0	38	0	7	FALSE
"U15173_at"	1598	-0.195875062176293	1311	1917	0	38	0	3	FALSE
"U15177_at"	496	1.96096373233542	296	624	0	38	0	0	FALSE
"U15552_at"	1363	0.193143955020139	579	1551	0	38	0	2	FALSE
"U15555_at"	355	2.49262099997521	257	493	0	38	0	0	FALSE
"U15782_at"	2631	-2.75559271306824	2520	2729	0	38	0	0	FALSE
"U15932_at"	391	2.30850651227018	242	488	0	38	0	0	FALSE
"U16031_at"	1707	-0.422990715140978	1558	2124	0	38	0	0	FALSE
"U16127_at"	1358	0.197911141053536	889	1510	0	38	0	4	FALSE
"U16282_at"	122	3.86790932126724	52	160	0	38	0	0	FALSE
"U16306_at"	338	2.57543513666353	277	439	0	38	0	0	FALSE
"U16660_at"	1917	-0.801493347461297	1725	2081	0	38	0	0	FALSE
"U16954_at"	2947	-4.77232637324757	2925	2969	0	38	0	0	FALSE
"U17163_at"	1558	-0.12069854317726	1232	1741	0	38	0	9	FALSE
"U17327_at"	483	2.01908624416047	382	617	0	38	0	0	FALSE
"U17418_at"	1354	0.208383565026887	1212	1705	0	38	0	3	FALSE
"U17579_rna1_at"	1177	0.531905903051288	697	1379	0	38	0	0	FALSE
"U17886_at"	1220	0.464486442463079	1006	1546	0	38	0	1	FALSE
"U17894_at"	1472	0.0210478078138736	1334	1760	0	38	0	14	FALSE
"U18009_at"	2206	-1.44787380855716	2077	2415	0	38	0	0	FALSE
"U18062_at"	2835	-3.8504302668488	2781	2967	0	38	0	0	FALSE
"U18242_at"	2114	-1.25218648642639	1995	2303	0	38	0	0	FALSE
"U18291_at"	2544	-2.46632744570811	2437	2636	0	38	0	0	FALSE
"U18548_at"	593	1.72628087712734	284	689	0	38	0	0	FALSE
"U19261_at"	1340	0.249081164742714	1124	1575	0	38	0	3	FALSE
"U19796_at"	2172	-1.37797748642352	1975	2314	0	38	0	0	FALSE
"U19948_at"	640	1.59755092019027	292	800	0	38	0	0	FALSE
"U19977_at"	893	1.07201074268301	555	1092	0	38	0	0	FALSE
"U20158_at"	1473	0.0202403783192213	1232	1696	0	38	0	18	FALSE
"U20285_at"	2000	-0.983163170418984	1768	2367	0	38	0	0	FALSE
"U20325_at"	1554	-0.113632372246251	1069	1751	0	38	0	5	FALSE
"U20350_at"	1890	-0.750666465639293	1694	2041	0	38	0	0	FALSE
"U20428_at"	365	2.45454413501959	257	424	0	38	0	0	FALSE
"U20582_at"	1679	-0.364960989254418	1433	1893	0	38	0	2	FALSE
"U20647_at"	573	1.76927413106373	329	691	0	38	0	0	FALSE
"U20657_at"	776	1.33131664468419	568	1005	0	38	0	0	FALSE
"U20908_at"	2160	-1.3554038931009	1966	2247	0	38	0	0	FALSE
"U20979_at"	2022	-1.01833300674737	1776	2166	0	38	0	0	FALSE
"U20998_at"	3007	-5.8667630568086	2986	3050	0	38	0	0	FALSE
"U21049_at"	903	1.05383910324871	789	1224	0	38	0	0	FALSE
"U21090_at"	2636	-2.77300630476775	2577	2851	0	38	0	0	FALSE
"U21551_at"	1585	-0.168079119975874	1303	1784	0	38	0	5	FALSE
"U21931_at"	1155	0.56032122307813	714	1449	0	38	0	0	FALSE
"U22055_at"	1545	-0.0943931273090749	1329	1701	0	38	0	10	FALSE
"U22526_at"	2149	-1.32669485162181	2033	2417	0	38	0	0	FALSE
"U22897_at"	2624	-2.73638195867756	2522	2760	0	38	0	0	FALSE
"U22963_at"	1258	0.400510971288568	854	1403	0	38	0	0	FALSE
"U23143_at"	1856	-0.681846979257939	1571	2185	0	38	0	0	FALSE
"U23803_at"	1607	-0.230175150387632	1413	1840	0	38	0	3	FALSE
"U23946_at"	2453	-2.1814633054209	2336	2664	0	38	0	0	FALSE
"U24105_at"	685	1.50441913456491	312	821	0	38	0	0	FALSE
"U24152_at"	1236	0.435909820635315	839	1422	0	38	0	0	FALSE
"U24169_at"	2471	-2.22669405024607	2387	2667	0	38	0	0	FALSE
"U24266_at"	2157	-1.35079559595291	2015	2407	0	38	0	0	FALSE
"U24576_at"	2128	-1.28026237961214	1969	2558	0	38	0	0	FALSE
"U24704_at"	2627	-2.7482102966455	2515	2732	0	38	0	0	FALSE
"U25029_at"	2717	-3.16798458956221	2670	2919	0	38	0	0	FALSE
"U25165_at"	2701	-3.10441071389819	2641	2810	0	38	0	0	FALSE
"U25182_at"	2048	-1.08857176816432	1928	2467	0	38	0	0	FALSE
"U25265_at"	2259	-1.57012690070526	2122	2518	0	38	0	0	FALSE
"U25435_at"	2917	-4.36936887601343	2845	2977	0	38	0	0	FALSE
"U25750_at"	1684	-0.37286079813057	1420	1879	0	38	0	1	FALSE
"U25849_at"	2582	-2.61313740374678	2486	2769	0	38	0	0	FALSE
"U25956_at"	1272	0.367729459754529	1043	1528	0	38	0	1	FALSE
"U26648_at"	1875	-0.722987725457523	1606	2041	0	38	0	0	FALSE
"U26710_at"	2790	-3.55555927497799	2741	2916	0	38	0	0	FALSE
"U27831_at"	356	2.491515778634	268	431	0	38	0	0	FALSE
"U28131_at"	292	2.72715665432399	126	373	0	38	0	0	FALSE
"U28368_at"	2028	-1.03396592239982	1635	2137	0	38	0	0	FALSE
"U28386_at"	1855	-0.680318102955823	1664	2038	0	38	0	0	FALSE
"U28686_at"	1881	-0.730703039635036	1657	2114	0	38	0	0	FALSE
"U28687_at"	1175	0.534908005464508	1001	1415	0	38	0	0	FALSE
"U28811_at"	1948	-0.881958960910854	1757	2133	0	38	0	0	FALSE
"U28831_at"	1529	-0.0730447487320258	1245	1787	0	38	0	9	FALSE
"U29091_at"	405	2.25285141408529	370	581	0	38	0	0	FALSE
"U29171_at"	225	3.09341414360367	153	299	0	38	0	0	FALSE
"U29195_at"	1213	0.477441444499088	969	1670	0	38	0	1	FALSE
"U29607_at"	2555	-2.5105133469525	2413	2704	0	38	0	0	FALSE
"U29615_at"	1708	-0.423333635627227	1563	2094	0	38	0	0	FALSE
"U29680_at"	208	3.19558938856902	132	275	0	38	0	0	FALSE
"U29700_at"	1626	-0.260944544197933	1308	1858	0	38	0	2	FALSE
"U29953_rna1_at"	1983	-0.958073717361935	1845	2159	0	38	0	0	FALSE
"U30255_at"	69	4.43562833313077	54	94	0	38	0	0	FALSE
"U30521_at"	2878	-4.07764564240867	2812	2937	0	38	0	0	FALSE
"U30825_at"	2486	-2.2732005497709	2356	2559	0	38	0	0	FALSE
"U30872_at"	2350	-1.86981765860193	2245	2692	0	38	0	0	FALSE
"U30888_at"	607	1.67596579883651	440	781	0	38	0	0	FALSE
"U30999_at"	475	2.03598759628015	303	599	0	38	0	0	FALSE
"U31099_at"	800	1.28305378588606	581	959	0	38	0	0	FALSE
"U31176_at"	1322	0.277397336889743	962	1476	0	38	0	1	FALSE
"U31382_at"	1438	0.0806797599387819	1210	1670	0	38	0	14	FALSE
"U31383_at"	2192	-1.41962707512022	2081	2433	0	38	0	0	FALSE
"U31384_at"	1884	-0.740037803806867	1630	2194	0	38	0	0	FALSE
"U31501_at"	1915	-0.797137880963219	1611	2089	0	38	0	0	FALSE
"U31814_at"	2940	-4.6786799719162	2885	2963	0	38	0	0	FALSE
"U31875_at"	1324	0.27051216280099	508	1489	0	38	0	2	FALSE
"U31930_at"	2654	-2.86051504942938	2579	2773	0	38	0	0	FALSE
"U32519_at"	2322	-1.78850139153778	2202	2506	0	38	0	0	FALSE
"U32645_at"	936	0.995322052548163	813	1258	0	38	0	0	FALSE
"U32680_at"	684	1.50484596397524	567	840	0	38	0	0	FALSE
"U32849_at"	1989	-0.965902669477123	1799	2155	0	38	0	0	FALSE
"U32944_at"	3034	-6.61289695136261	3018	3048	0	38	0	0	FALSE
"U33053_at"	591	1.72698428310882	397	743	0	38	0	0	FALSE
"U33147_at"	1691	-0.384928102481364	1443	1915	0	38	0	1	FALSE
"U33286_at"	2828	-3.81878512679725	2775	2949	0	38	0	0	FALSE
"U33429_at"	314	2.67808953810304	232	410	0	38	0	0	FALSE
"U33821_at"	181	3.38704229017343	115	227	0	38	0	0	FALSE
"U33822_at"	2753	-3.36325365152412	2701	2795	0	38	0	0	FALSE
"U34252_at"	2589	-2.65085426260482	2493	2862	0	38	0	0	FALSE
"U34605_at"	2103	-1.21524981395846	1926	2290	0	38	0	0	FALSE
"U34877_at"	495	1.96183249146446	351	581	0	38	0	0	FALSE
"U34880_at"	1052	0.764560771419173	708	1181	0	38	0	0	FALSE
"U34962_at"	667	1.53984623908126	492	843	0	38	0	0	FALSE
"U35048_at"	1705	-0.421507891285335	1522	2094	0	38	0	0	FALSE
"U35113_at"	2740	-3.29388633186596	2695	2924	0	38	0	0	FALSE
"U35451_at"	2952	-4.81786473366888	2914	2985	0	38	0	0	FALSE
"U36221_at"	1191	0.514306611289586	526	1380	0	38	0	0	FALSE
"U36764_at"	1660	-0.327808619112393	1421	1961	0	38	0	1	FALSE
"U36798_at"	2349	-1.86902469389422	2211	2602	0	38	0	0	FALSE
"U36922_at"	2924	-4.48764369200837	2894	2944	0	38	0	0	FALSE
"U37012_at"	2136	-1.29954708513052	1945	2380	0	38	0	0	FALSE
"U37022_rna1_at"	2396	-1.99905185352774	2284	2511	0	38	0	0	FALSE
"U37122_at"	2347	-1.86233333351623	2223	2486	0	38	0	0	FALSE
"U37219_at"	556	1.80786629285161	360	688	0	38	0	0	FALSE
"U37248_at"	1036	0.787326966639615	812	1212	0	38	0	0	FALSE
"U37251_at"	1685	-0.378420681883764	1397	1849	0	38	0	1	FALSE
"U37352_at"	2890	-4.19465841859578	2855	2931	0	38	0	0	FALSE
"U37408_at"	2618	-2.71464623582783	2502	2691	0	38	0	0	FALSE
"U37518_at"	381	2.38515286129302	321	493	0	38	0	0	FALSE
"U37519_at"	1020	0.812851350754522	611	1209	0	38	0	0	FALSE
"U37547_at"	1789	-0.562365033479935	1593	2018	0	38	0	0	FALSE
"U37689_at"	2480	-2.2628217027769	2338	2613	0	38	0	0	FALSE
"U37707_at"	1051	0.765175637220798	915	1217	0	38	0	0	FALSE
"U38175_at"	1614	-0.240777644221491	1391	1868	0	38	0	3	FALSE
"U38268_at"	868	1.12361689835122	460	1072	0	38	0	0	FALSE
"U38846_at"	2996	-5.64931001013641	2971	3023	0	38	0	0	FALSE
"U38847_at"	2334	-1.82275910692639	2207	2637	0	38	0	0	FALSE
"U38980_at"	862	1.13311322462698	649	1024	0	38	0	0	FALSE
"U39317_at"	1710	-0.432408128955125	1499	1900	0	38	0	0	FALSE
"U39400_at"	2138	-1.30470930594587	1920	2275	0	38	0	0	FALSE
"U39412_at"	260	2.90267781215238	156	333	0	38	0	0	FALSE
"U39573_at"	834	1.20544660818312	630	1113	0	38	0	0	FALSE
"U39905_at"	1225	0.458372456423519	784	1382	0	38	0	0	FALSE
"U40282_at"	938	0.993068668013273	802	1151	0	38	0	0	FALSE
"U40343_at"	2282	-1.65336786904404	2125	2545	0	38	0	0	FALSE
"U40369_rna1_at"	66	4.47845558072858	40	93	0	38	0	0	FALSE
"U40391_rna1_at"	824	1.22722354743758	545	967	0	38	0	0	FALSE
"U40434_at"	592	1.72697701053268	486	671	0	38	0	0	FALSE
"U40462_at"	2919	-4.39384003086047	2873	2998	0	38	0	0	FALSE
"U40490_at"	2283	-1.65653218791419	2120	2508	0	38	0	0	FALSE
"U40714_at"	230	3.07036405216014	98	294	0	38	0	0	FALSE
"U40990_at"	1182	0.523944593575184	885	1340	0	38	0	0	FALSE
"U40998_at"	590	1.72902960127385	400	729	0	38	0	0	FALSE
"U41344_at"	1498	-0.0172837024804245	1383	1970	0	38	0	17	FALSE
"U41387_at"	1160	0.554999098265489	896	1349	0	38	0	0	FALSE
"U41515_at"	2594	-2.65384840301834	2510	2719	0	38	0	0	FALSE
"U41635_at"	123	3.86564808062661	37	187	0	38	0	0	FALSE
"U41668_at"	2671	-2.92834387629702	2585	2837	0	38	0	0	FALSE
"U41813_at"	82	4.30260542850899	46	108	0	38	0	0	FALSE
"U42031_at"	2249	-1.54912899734381	2100	2480	0	38	0	0	FALSE
"U42408_at"	1128	0.610147040919061	1006	1702	0	38	0	1	FALSE
"U43030_at"	939	0.993007285204614	647	1074	0	38	0	0	FALSE
"U43077_at"	537	1.85195898482066	354	706	0	38	0	0	FALSE
"U43083_at"	59	4.58822802047563	36	89	0	38	0	0	FALSE
"U43148_at"	1620	-0.249681451732733	1438	1877	0	38	0	1	FALSE
"U43177_at"	998	0.859236452239394	794	1233	0	38	0	0	FALSE
"U43286_at"	2245	-1.5392677363538	2086	2378	0	38	0	0	FALSE
"U43519_at"	1582	-0.16287276983714	1437	2071	0	38	0	4	FALSE
"U43522_at"	1139	0.588290736995244	766	1339	0	38	0	0	FALSE
"U43527_at"	955	0.95850130374288	777	1177	0	38	0	0	FALSE
"U43586_at"	715	1.44206284981968	532	930	0	38	0	0	FALSE
"U43899_at"	1140	0.587215173226973	979	1465	0	38	0	1	FALSE
"U44059_at"	657	1.56471750050949	459	833	0	38	0	0	FALSE
"U44772_at"	120	3.89239803104842	48	173	0	38	0	0	FALSE
"U44839_at"	1332	0.261846776141311	960	1586	0	38	0	2	FALSE
"U44975_at"	548	1.82391972447355	448	667	0	38	0	0	FALSE
"U45285_at"	888	1.08913076010735	680	1083	0	38	0	0	FALSE
"U45955_at"	2477	-2.25247357107767	2404	2546	0	38	0	0	FALSE
"U45976_at"	145	3.66339789427072	107	189	0	38	0	0	FALSE
"U46194_at"	468	2.06151625488012	208	605	0	38	0	0	FALSE
"U46499_at"	19	6.24236237044855	4	29	27	38	0.710526315789474	0	TRUE
"U46569_at"	1530	-0.0744992906284064	1202	1720	0	38	0	11	FALSE
"U46571_at"	991	0.874684159953011	765	1204	0	38	0	0	FALSE
"U46692_rna1_at"	1398	0.134938559946091	1085	1677	0	38	0	6	FALSE
"U46751_at"	41	5.03886535264129	18	65	1	38	0.0263157894736842	0	FALSE
"U46901_at"	171	3.49740601299646	34	234	0	38	0	0	FALSE
"U47101_at"	1815	-0.599031072062365	1432	1989	0	38	0	1	FALSE
"U47334_at"	844	1.16832928776704	513	966	0	38	0	0	FALSE
"U47414_at"	2448	-2.16892090916305	2343	2602	0	38	0	0	FALSE
"U47621_at"	1565	-0.136957898106247	1376	1936	0	38	0	7	FALSE
"U47634_at"	1007	0.832428720831437	535	1181	0	38	0	0	FALSE
"U47635_at"	730	1.40762137627035	532	962	0	38	0	0	FALSE
"U47742_at"	2513	-2.37182282501235	2388	2778	0	38	0	0	FALSE
"U47927_at"	2499	-2.31763330599051	2385	2628	0	38	0	0	FALSE
"U47931_at"	604	1.7044197590399	358	707	0	38	0	0	FALSE
"U48251_at"	2698	-3.06330356441928	2621	2765	0	38	0	0	FALSE
"U48296_at"	488	1.98650610010697	379	592	0	38	0	0	FALSE
"U48405_at"	250	2.97103544302605	145	315	0	38	0	0	FALSE
"U48408_at"	1767	-0.520430935185198	1543	1990	0	38	0	0	FALSE
"U48437_at"	1517	-0.0545755010022783	1199	1678	0	38	0	12	FALSE
"U48861_at"	1954	-0.890360719070612	1610	2156	0	38	0	0	FALSE
"U48959_at"	2096	-1.19868601158203	1817	2197	0	38	0	0	FALSE
"U49070_at"	2278	-1.64455110965687	2101	2466	0	38	0	0	FALSE
"U49089_at"	1161	0.554071862747707	970	1448	0	38	0	0	FALSE
"U49188_at"	2183	-1.39512019795565	2017	2357	0	38	0	0	FALSE
"U49250_at"	241	3.02226147927597	134	309	0	38	0	0	FALSE
"U49278_at"	211	3.17540068128816	50	274	0	38	0	0	FALSE
"U49352_at"	2326	-1.79716441659352	2205	2440	0	38	0	0	FALSE
"U49395_at"	2801	-3.61717148772425	2730	2923	0	38	0	0	FALSE
"U49436_at"	438	2.15530467729013	272	531	0	38	0	0	FALSE
"U49785_at"	1763	-0.513704451101517	1420	1986	0	38	0	1	FALSE
"U49837_at"	1402	0.133582043270279	1088	1589	0	38	0	7	FALSE
"U49844_at"	2994	-5.59207894640907	2979	3043	0	38	0	0	FALSE
"U49857_at"	2084	-1.17499559218901	1910	2236	0	38	0	0	FALSE
"U50078_at"	2054	-1.10171077457793	1906	2335	0	38	0	0	FALSE
"U50136_rna1_at"	6	6.97029391331588	2	18	38	38	1	0	TRUE
"U50315_at"	486	1.9997426586843	183	667	0	38	0	0	FALSE
"U50523_at"	482	2.01971383993344	220	595	0	38	0	0	FALSE
"U50535_at"	1862	-0.696100219450583	1660	2044	0	38	0	0	FALSE
"U50553_at"	576	1.76216590079688	391	721	0	38	0	0	FALSE
"U50733_at"	2869	-4.03700029148201	2819	2917	0	38	0	0	FALSE
"U50743_at"	2093	-1.19607852152723	1943	2241	0	38	0	0	FALSE
"U50928_at"	2990	-5.51512843979318	2974	3012	0	38	0	0	FALSE
"U50939_at"	2910	-4.33569253789622	2862	2942	0	38	0	0	FALSE
"U51004_at"	395	2.29033801604789	240	550	0	38	0	0	FALSE
"U51127_at"	542	1.84249870875854	306	659	0	38	0	0	FALSE
"U51166_at"	2902	-4.29312017179877	2878	2977	0	38	0	0	FALSE
"U51240_at"	1514	-0.0514712407339387	1334	1830	0	38	0	16	FALSE
"U51269_at"	2025	-1.02553002531302	1786	2157	0	38	0	0	FALSE
"U51334_at"	1085	0.686776777673408	873	1362	0	38	0	0	FALSE
"U51432_at"	1861	-0.695619222030443	1674	2079	0	38	0	0	FALSE
"U51477_at"	1444	0.0681430764579047	1082	1752	0	38	0	10	FALSE
"U51478_at"	1872	-0.716173066364889	1698	2297	0	38	0	0	FALSE
"U51586_at"	2358	-1.8788084376171	2254	2517	0	38	0	0	FALSE
"U51587_at"	2038	-1.07185781385866	1899	2360	0	38	0	0	FALSE
"U51678_at"	2851	-3.92073082717896	2787	3006	0	38	0	0	FALSE
"U51903_at"	2337	-1.8333847904088	2234	2519	0	38	0	0	FALSE
"U51990_at"	2765	-3.40016010374165	2699	2942	0	38	0	0	FALSE
"U52101_at"	265	2.88261674784523	191	315	0	38	0	0	FALSE
"U52112_rna5_at"	772	1.3357610813202	470	949	0	38	0	0	FALSE
"U52426_at"	1719	-0.442435122444042	1397	1938	0	38	0	1	FALSE
"U52427_rna1_at"	2781	-3.49318839525476	2722	2850	0	38	0	0	FALSE
"U52513_at"	766	1.34857075663066	584	964	0	38	0	0	FALSE
"U52518_at"	1185	0.521519007413939	1067	2148	0	38	0	1	FALSE
"U52522_at"	1673	-0.35616889208931	1445	1953	0	38	0	1	FALSE
"U52682_at"	2708	-3.12712933215441	2657	2740	0	38	0	0	FALSE
"U52830_at"	1828	-0.62863501980763	1527	2010	0	38	0	0	FALSE
"U53003_at"	2883	-4.10319132506056	2842	2925	0	38	0	0	FALSE
"U53209_at"	2525	-2.4298427101901	2435	2663	0	38	0	0	FALSE
"U53786_at"	1264	0.388280531103245	1053	1524	0	38	0	1	FALSE
"U53830_at"	1305	0.30756662227943	1138	1709	0	38	0	2	FALSE
"U54778_at"	2713	-3.14758170072892	2626	2874	0	38	0	0	FALSE
"U55258_at"	1247	0.415241058329473	1117	1519	0	38	0	2	FALSE
"U56244_at"	1757	-0.507911118933372	1608	2077	0	38	0	0	FALSE
"U56417_at"	642	1.5950368963546	328	802	0	38	0	0	FALSE
"U56418_at"	317	2.66938143537495	110	386	0	38	0	0	FALSE
"U56637_at"	2886	-4.13736448220168	2829	2949	0	38	0	0	FALSE
"U56816_at"	1239	0.429871651034148	767	1443	0	38	0	0	FALSE
"U56833_at"	2834	-3.84858412603821	2783	2921	0	38	0	0	FALSE
"U56998_at"	1022	0.808181597671445	850	1296	0	38	0	0	FALSE
"U57094_at"	129	3.82563312715388	57	157	0	38	0	0	FALSE
"U57316_at"	1515	-0.0522260582225853	1189	1748	0	38	0	13	FALSE
"U57342_at"	362	2.46512291610576	121	451	0	38	0	0	FALSE
"U57450_at"	1419	0.114003356097475	1137	1587	0	38	0	9	FALSE
"U57592_at"	203	3.22070149196295	81	254	0	38	0	0	FALSE
"U57650_at"	1316	0.28830063061058	1155	1520	0	38	0	2	FALSE
"U57911_at"	2166	-1.36823450431778	1976	2286	0	38	0	0	FALSE
"U58048_at"	846	1.16275442846005	384	1028	0	38	0	0	FALSE
"U58087_at"	2607	-2.68814739782675	2481	2710	0	38	0	0	FALSE
"U58089_at"	1956	-0.894803459276405	1789	2212	0	38	0	0	FALSE
"U58130_at"	1198	0.502079813530681	999	1410	0	38	0	0	FALSE
"U58681_at"	396	2.28927456884577	308	496	0	38	0	0	FALSE
"U58766_at"	2299	-1.6950680076189	2155	2458	0	38	0	0	FALSE
"U58970_at"	833	1.20999171281435	478	964	0	38	0	0	FALSE
"U59302_at"	2020	-1.01740324706239	1721	2145	0	38	0	0	FALSE
"U59309_at"	2514	-2.37825689949199	2408	2625	0	38	0	0	FALSE
"U59321_at"	1911	-0.789367836711507	1789	2324	0	38	0	0	FALSE
"U59423_at"	2254	-1.55832111614119	2087	2416	0	38	0	0	FALSE
"U59736_at"	975	0.927499579713284	539	1128	0	38	0	0	FALSE
"U59878_at"	474	2.03714216608897	279	587	0	38	0	0	FALSE
"U60115_at"	2773	-3.4437874863543	2686	2928	0	38	0	0	FALSE
"U60269_cds3_at"	309	2.68618372607001	186	370	0	38	0	0	FALSE
"U60325_at"	2417	-2.06104648726741	2325	2544	0	38	0	0	FALSE
"U60644_at"	190	3.30049282514202	106	273	0	38	0	0	FALSE
"U60800_at"	1728	-0.460487638690341	1460	2224	0	38	0	1	FALSE
"U60975_at"	952	0.962148225448492	696	1201	0	38	0	0	FALSE
"U61145_at"	2583	-2.62852172639237	2483	2733	0	38	0	0	FALSE
"U61166_at"	347	2.52934704520676	228	415	0	38	0	0	FALSE
"U61234_at"	1507	-0.0366997287208578	1226	1766	0	38	0	18	FALSE
"U61263_at"	1209	0.481367250638409	981	1401	0	38	0	0	FALSE
"U61836_at"	141	3.68701024434444	84	191	0	38	0	0	FALSE
"U62136_at"	3036	-6.67509959743064	3023	3050	0	38	0	0	FALSE
"U62317_rna7_at"	2004	-0.987261590319995	1846	2297	0	38	0	0	FALSE
"U62433_at"	555	1.80881726183145	358	689	0	38	0	0	FALSE
"U62962_at"	2013	-0.999935936607596	1801	2191	0	38	0	0	FALSE
"U63455_at"	705	1.45592069087143	282	832	0	38	0	0	FALSE
"U63541_at"	752	1.36509602674558	314	939	0	38	0	0	FALSE
"U63743_at"	1839	-0.655066113860236	1626	2055	0	38	0	0	FALSE
"U63825_at"	2531	-2.43719496971803	2429	2679	0	38	0	0	FALSE
"U63842_at"	1733	-0.467193954723876	1345	1960	0	38	0	1	FALSE
"U64105_at"	1596	-0.194370129801405	1328	1811	0	38	0	4	FALSE
"U64675_at"	1805	-0.578844120400783	1638	2298	0	38	0	0	FALSE
"U64998_at"	757	1.35861428160157	660	1023	0	38	0	0	FALSE
"U65093_at"	321	2.63680203496632	177	429	0	38	0	0	FALSE
"U65402_at"	1592	-0.189201208298665	925	1739	0	38	0	1	FALSE
"U65579_at"	2144	-1.31256147657816	2020	2405	0	38	0	0	FALSE
"U65581_at"	564	1.79231508734543	446	709	0	38	0	0	FALSE
"U65676_at"	1932	-0.838874515579701	1474	2082	0	38	0	1	FALSE
"U65785_at"	1431	0.0885546492378014	1210	1923	0	38	0	8	FALSE
"U65928_at"	2988	-5.46166103705333	2967	3011	0	38	0	0	FALSE
"U65932_at"	2614	-2.70836153005815	2526	2708	0	38	0	0	FALSE
"U66048_at"	1571	-0.143150193010315	1286	1854	0	38	0	4	FALSE
"U66059_cds7_at"	1633	-0.272538950364862	1354	1825	0	38	0	2	FALSE
"U66406_at"	1758	-0.508362482503809	1475	1975	0	38	0	0	FALSE
"U66464_at"	2719	-3.18784817194609	2645	2827	0	38	0	0	FALSE
"U66468_at"	910	1.03660941786388	760	1166	0	38	0	0	FALSE
"U66559_at"	1914	-0.796241885385266	1729	2134	0	38	0	0	FALSE
"U66615_at"	1415	0.11996577733151	1071	1608	0	38	0	10	FALSE
"U66616_at"	1806	-0.581065541359105	1492	2041	0	38	0	0	FALSE
"U66618_at"	1501	-0.0229219424728196	1326	1801	0	38	0	22	FALSE
"U66838_at"	246	3.00654504457002	162	298	0	38	0	0	FALSE
"U67171_at"	2325	-1.79199968213791	2195	2434	0	38	0	0	FALSE
"U67674_at"	1648	-0.296420227419273	1342	1867	0	38	0	1	FALSE
"U67963_at"	16	6.4162178354415	6	23	35	38	0.921052631578947	0	TRUE
"U68018_at"	2423	-2.08367077890193	2312	2596	0	38	0	0	FALSE
"U68019_at"	718	1.43507599703543	599	957	0	38	0	0	FALSE
"U68063_at"	2914	-4.35771097562562	2849	2959	0	38	0	0	FALSE
"U68142_at"	1897	-0.761182607110895	1671	2336	0	38	0	0	FALSE
"U68233_at"	2217	-1.46544172231458	2044	2511	0	38	0	0	FALSE
"U68485_at"	2426	-2.08603265955454	2297	2559	0	38	0	0	FALSE
"U68494_at"	326	2.6146216853254	117	444	0	38	0	0	FALSE
"U68566_at"	2694	-3.0356337367639	2632	2790	0	38	0	0	FALSE
"U68723_at"	2382	-1.95782724457229	2263	2607	0	38	0	0	FALSE
"U69141_at"	2342	-1.84107325918658	2229	2622	0	38	0	0	FALSE
"U69546_at"	1454	0.0478013001252105	1083	1644	0	38	0	13	FALSE
"U69645_at"	2126	-1.27832165526851	1887	2269	0	38	0	0	FALSE
"U70063_at"	182	3.37881146403712	117	263	0	38	0	0	FALSE
"U70321_at"	874	1.11234786383153	582	1063	0	38	0	0	FALSE
"U70322_at"	2588	-2.64878985816131	2488	2682	0	38	0	0	FALSE
"U70323_at"	1676	-0.361880076778534	1455	1933	0	38	0	0	FALSE
"U70426_at"	2107	-1.22897977763155	1859	2247	0	38	0	0	FALSE
"U70451_at"	1820	-0.60793897965058	1090	2003	0	38	0	1	FALSE
"U70660_at"	1420	0.110706121167013	1001	1666	0	38	0	7	FALSE
"U70663_at"	336	2.58494358568845	259	433	0	38	0	0	FALSE
"U70671_at"	1556	-0.11874665898572	934	1786	0	38	0	3	FALSE
"U70732_rna1_at"	1153	0.566238688167142	988	1624	0	38	0	1	FALSE
"U70735_at"	2335	-1.83259137118487	2276	2690	0	38	0	0	FALSE
"U70867_at"	301	2.70821829942513	192	388	0	38	0	0	FALSE
"U71088_at"	1352	0.211145707114871	1109	1605	0	38	0	4	FALSE
"U71364_at"	1154	0.563359050470839	928	1574	0	38	0	1	FALSE
"U71598_at"	666	1.54091164889715	403	847	0	38	0	0	FALSE
"U72206_at"	1588	-0.17786812878384	1161	1745	0	38	0	3	FALSE
"U72342_at"	3001	-5.77197672147374	2986	3035	0	38	0	0	FALSE
"U72507_at"	2466	-2.20297548888349	2367	2534	0	38	0	0	FALSE
"U72508_at"	1721	-0.445382700409127	889	1872	0	38	0	1	FALSE
"U72511_at"	1484	0.0118706978348035	1153	1801	0	38	0	17	FALSE
"U72515_at"	628	1.63084140768994	440	838	0	38	0	0	FALSE
"U72517_at"	1668	-0.341126220987228	1250	1797	0	38	0	1	FALSE
"U72621_at"	741	1.38624539708588	581	965	0	38	0	0	FALSE
"U72661_at"	337	2.58229043493428	279	438	0	38	0	0	FALSE
"U72761_at"	1375	0.166594886476393	1127	1636	0	38	0	5	FALSE
"U73167_cds5_at"	2685	-3.00175185439008	2616	2898	0	38	0	0	FALSE
"U73328_at"	261	2.89867137287924	198	317	0	38	0	0	FALSE
"U73377_at"	459	2.07982045079515	254	610	0	38	0	0	FALSE
"U73379_at"	1703	-0.41161521728252	1505	2003	0	38	0	0	FALSE
"U73737_at"	3027	-6.2025093872774	3012	3036	0	38	0	0	FALSE
"U73799_at"	1566	-0.139059080970834	950	1832	0	38	0	3	FALSE
"U73824_at"	1355	0.204007587749992	1123	1572	0	38	0	5	FALSE
"U73960_at"	89	4.22538216471052	64	125	0	38	0	0	FALSE
"U74667_at"	1200	0.5003166162232	937	1397	0	38	0	0	FALSE
"U75362_at"	2002	-0.98509454321914	1739	2127	0	38	0	0	FALSE
"U75370_at"	2629	-2.75200596547809	2548	2759	0	38	0	0	FALSE
"U75679_at"	2411	-2.03981274140198	2286	2585	0	38	0	0	FALSE
"U75968_at"	2159	-1.35518434241413	2005	2341	0	38	0	0	FALSE
"U76010_at"	1787	-0.556772668137808	1292	1930	0	38	0	1	FALSE
"U76272_at"	2391	-1.97577518099778	2290	2614	0	38	0	0	FALSE
"U76421_at"	2154	-1.34489715227028	1975	2227	0	38	0	0	FALSE
"U76638_at"	2874	-4.05991329324715	2832	2935	0	38	0	0	FALSE
"U77396_at"	55	4.65528899181407	23	84	0	38	0	0	FALSE
"U77413_at"	1400	0.134148190942549	1205	1736	0	38	0	3	FALSE
"U77456_at"	2511	-2.36586871394284	2401	2794	0	38	0	0	FALSE
"U77718_at"	1910	-0.78693054057916	1686	2048	0	38	0	0	FALSE
"U77735_at"	1181	0.523948364805495	1016	1511	0	38	0	1	FALSE
"U77948_at"	2876	-4.07157853521877	2823	2925	0	38	0	0	FALSE
"U77968_at"	872	1.11380419923576	735	1113	0	38	0	0	FALSE
"U78027_rna4_at"	1816	-0.60003424759662	1572	1950	0	38	0	0	FALSE
"U78095_at"	2339	-1.83593925234437	2183	2519	0	38	0	0	FALSE
"U78190_rna1_at"	2760	-3.38013239310729	2705	2804	0	38	0	0	FALSE
"U78521_at"	2630	-2.75234889924197	2522	2683	0	38	0	0	FALSE
"U78524_at"	1877	-0.724052723515569	1709	2167	0	38	0	0	FALSE
"U78525_at"	1058	0.741640322590535	477	1245	0	38	0	0	FALSE
"U78556_at"	847	1.16044874769199	698	1034	0	38	0	0	FALSE
"U78575_at"	925	1.0092940165479	811	1113	0	38	0	0	FALSE
"U78798_at"	543	1.8401112848967	386	669	0	38	0	0	FALSE
"U79251_at"	1032	0.795858654543837	885	1316	0	38	0	0	FALSE
"U79252_at"	1456	0.0414981843257761	745	1608	0	38	0	12	FALSE
"U79254_at"	2813	-3.71926134111385	2765	2962	0	38	0	0	FALSE
"U79255_at"	1303	0.308293314848964	1162	1730	0	38	0	2	FALSE
"U79259_at"	2460	-2.19493726430407	2349	2663	0	38	0	0	FALSE
"U79260_at"	1742	-0.4850015553527	1396	2036	0	38	0	1	FALSE
"U79262_at"	2508	-2.3472040508852	2383	2667	0	38	0	0	FALSE
"U79265_at"	205	3.20626388377841	159	257	0	38	0	0	FALSE
"U79266_at"	1469	0.0232213657733122	1218	1841	0	38	0	15	FALSE
"U79270_at"	2679	-2.97822639536372	2633	2838	0	38	0	0	FALSE
"U79273_at"	1147	0.577091049081494	936	1381	0	38	0	0	FALSE
"U79274_at"	2983	-5.39796419225617	2956	3006	0	38	0	0	FALSE
"U79275_at"	458	2.08702596665951	195	556	0	38	0	0	FALSE
"U79285_at"	3016	-6.05190577492891	3002	3032	0	38	0	0	FALSE
"U79287_at"	2465	-2.20078401550403	2387	2586	0	38	0	0	FALSE
"U79291_at"	2979	-5.35587089861979	2966	3024	0	38	0	0	FALSE
"U79303_at"	1481	0.0136723238960405	1141	1654	0	38	0	16	FALSE
"U79718_at"	2269	-1.61181369118289	2116	2417	0	38	0	0	FALSE
"U79725_at"	1632	-0.270635339242227	1327	1805	0	38	0	2	FALSE
"U80017_rna3_at"	1260	0.395348818697083	994	1476	0	38	0	0	FALSE
"U80073_at"	124	3.85060877974716	68	157	0	38	0	0	FALSE
"U80457_at"	2848	-3.90540823930789	2808	2948	0	38	0	0	FALSE
"U81001_at"	2756	-3.36690065142235	2673	2836	0	38	0	0	FALSE
"U81006_at"	1744	-0.487203397400037	1480	1919	0	38	0	0	FALSE
"U81375_at"	651	1.58410464573288	541	824	0	38	0	0	FALSE
"U81554_at"	46	4.91685964017331	33	58	0	38	0	0	FALSE
"U81556_at"	2957	-4.90752968502101	2927	2982	0	38	0	0	FALSE
"U81599_at"	563	1.79290669475231	438	674	0	38	0	0	FALSE
"U81600_at"	768	1.34736976810675	621	912	0	38	0	0	FALSE
"U81607_at"	2270	-1.61224802072146	2158	2775	0	38	0	0	FALSE
"U81802_at"	1497	-0.0139904369692074	1249	1719	0	38	0	19	FALSE
"U82010_rna1_at"	2468	-2.20716959017475	2334	2691	0	38	0	0	FALSE
"U82169_at"	513	1.91306571042263	236	658	0	38	0	0	FALSE
"U82275_at"	2277	-1.63465101230669	2172	2547	0	38	0	0	FALSE
"U82303_at"	2288	-1.67189870635393	2175	2581	0	38	0	0	FALSE
"U82311_at"	1075	0.7092320212066	641	1254	0	38	0	0	FALSE
"U82613_at"	2504	-2.33483982464555	2423	2812	0	38	0	0	FALSE
"U82671_cds2_at"	1312	0.292970621359605	1104	1592	0	38	0	2	FALSE
"U82759_at"	9	6.82302196005656	5	17	38	38	1	0	TRUE
"U83115_at"	1970	-0.925569686536306	1832	2296	0	38	0	0	FALSE
"U83192_at"	812	1.2565691004577	394	945	0	38	0	0	FALSE
"U83246_at"	2354	-1.87525139952946	2246	2558	0	38	0	0	FALSE
"U83303_cds2_at"	1850	-0.668176507933904	1686	2208	0	38	0	0	FALSE
"U83463_at"	463	2.06906184132092	328	609	0	38	0	0	FALSE
"U83843_at"	2841	-3.8703935671054	2798	2958	0	38	0	0	FALSE
"U84569_at"	585	1.74150928632843	224	757	0	38	0	0	FALSE
"U84720_at"	1775	-0.536865587608935	1619	2100	0	38	0	0	FALSE
"U85245_at"	1304	0.308039230344713	997	1519	0	38	0	3	FALSE
"U85611_at"	940	0.987992863027224	712	1096	0	38	0	0	FALSE
"U85767_at"	56	4.65251344333686	33	105	0	38	0	0	FALSE
"U85992_at"	996	0.861579288776225	509	1165	0	38	0	0	FALSE
"U86409_at"	1608	-0.230306489731979	1323	1853	0	38	0	2	FALSE
"U86602_at"	2543	-2.46606666336355	2447	2660	0	38	0	0	FALSE
"U87408_at"	1793	-0.56734868633486	1436	1977	0	38	0	1	FALSE
"U87972_at"	2059	-1.11232013825907	1926	2467	0	38	0	0	FALSE
"U88047_at"	232	3.06943124941145	164	292	0	38	0	0	FALSE
"U88667_at"	521	1.8913959708284	381	670	0	38	0	0	FALSE
"U88964_at"	2576	-2.58695945830391	2483	2794	0	38	0	0	FALSE
"U89278_at"	1349	0.22341791272128	1125	1648	0	38	0	3	FALSE
"U89336_cds1_at"	1869	-0.712134553769904	1656	2071	0	38	0	0	FALSE
"U89336_cds3_at"	1796	-0.570934542947524	1434	1934	0	38	0	1	FALSE
"U89336_cds4_at"	2081	-1.16845996219609	1878	2236	0	38	0	0	FALSE
"U89336_cds6_at"	1202	0.497662244237333	1011	1552	0	38	0	1	FALSE
"U89355_at"	2368	-1.91354382750614	2271	2566	0	38	0	0	FALSE
"U89505_at"	2791	-3.56432370279333	2742	2902	0	38	0	0	FALSE
"U89896_at"	2091	-1.19137267335538	1870	2231	0	38	0	0	FALSE
"U90306_at"	1068	0.72618938733391	657	1254	0	38	0	0	FALSE
"U90426_at"	1266	0.385709112617608	999	1470	0	38	0	0	FALSE
"U90547_at"	2161	-1.36258322558208	2033	2345	0	38	0	0	FALSE
"U90549_at"	2830	-3.83040532628597	2777	2941	0	38	0	0	FALSE
"U90550_at"	1378	0.164969431996944	1126	1578	0	38	0	5	FALSE
"U90551_at"	2401	-2.01035051827333	2306	2625	0	38	0	0	FALSE
"U90651_at"	2692	-3.02459604225951	2609	2773	0	38	0	0	FALSE
"U90878_at"	1905	-0.778192856264892	1770	2134	0	38	0	0	FALSE
"U90904_at"	2706	-3.12296040705086	2623	2777	0	38	0	0	FALSE
"U90907_at"	2478	-2.25273069555852	2380	2639	0	38	0	0	FALSE
"U90909_at"	1371	0.177048154828725	1114	1615	0	38	0	3	FALSE
"U90911_at"	1934	-0.842288342451472	1705	2107	0	38	0	0	FALSE
"U90916_at"	1904	-0.77269403552867	1755	2249	0	38	0	0	FALSE
"U90918_at"	344	2.5430143662027	263	448	0	38	0	0	FALSE
"U91316_at"	2670	-2.92757563202716	2615	2768	0	38	0	0	FALSE
"U91327_at"	2015	-1.00511800006853	1766	2177	0	38	0	0	FALSE
"U91930_at"	2309	-1.73963546600343	2175	2420	0	38	0	0	FALSE
"U91931_at"	1226	0.455621115143682	786	1428	0	38	0	0	FALSE
"U91932_at"	1807	-0.584135604678813	1559	2044	0	38	0	0	FALSE
"U91985_at"	2509	-2.35460286374185	2425	2749	0	38	0	0	FALSE
"U92014_at"	1407	0.12741405041847	1086	1638	0	38	0	7	FALSE
"U92436_at"	2142	-1.30975405543457	2017	2408	0	38	0	0	FALSE
"U92971_at"	1049	0.771053480951645	736	1207	0	38	0	0	FALSE
"U93049_at"	2187	-1.40515684583738	2052	2485	0	38	0	0	FALSE
"U93205_at"	641	1.59677685416071	390	852	0	38	0	0	FALSE
"U93237_rna2_at"	2688	-3.01178183725885	2633	2777	0	38	0	0	FALSE
"U94319_at"	2663	-2.89270068595755	2590	2818	0	38	0	0	FALSE
"U94586_at"	1631	-0.268946500483626	1413	1965	0	38	0	4	FALSE
"U94592_at"	1359	0.196843539136884	1121	1560	0	38	0	6	FALSE
"U94831_at"	1528	-0.0721288111631335	1291	1736	0	38	0	13	FALSE
"U94855_at"	2836	-3.85192877055886	2777	2965	0	38	0	0	FALSE
"U95006_at"	2112	-1.25129665147059	1925	2443	0	38	0	0	FALSE
"U95040_at"	2199	-1.43945845536029	2073	2442	0	38	0	0	FALSE
"U95740_rna1_at"	2369	-1.91725857096546	2274	2677	0	38	0	0	FALSE
"U95740_rna2_at"	1871	-0.715169030789419	1352	2003	0	38	0	1	FALSE
"U96094_at"	436	2.15966070904714	246	536	0	38	0	0	FALSE
"U96113_at"	1901	-0.767708284139046	1709	2111	0	38	0	0	FALSE
"U96629_rna2_at"	1822	-0.609179274294404	1422	2018	0	38	0	1	FALSE
"U96915_at"	2076	-1.14927657770538	1885	2254	0	38	0	0	FALSE
"U97105_at"	2962	-4.99257836994046	2923	3034	0	38	0	0	FALSE
"V00563_at"	2410	-2.03928720695814	2308	2644	0	38	0	0	FALSE
"V00572_at"	1844	-0.666047806469356	1633	2050	0	38	0	0	FALSE
"V01512_rna1_at"	1536	-0.0835360441850002	1162	1718	0	38	0	9	FALSE
"X00274_at"	1215	0.475585318626461	641	1391	0	38	0	0	FALSE
"X01060_at"	183	3.36234205556795	124	254	0	38	0	0	FALSE
"X01388_at"	1485	0.0105151364219691	1276	1815	0	38	0	18	FALSE
"X01630_at"	2148	-1.3255893145654	2006	2427	0	38	0	0	FALSE
"X01715_at"	595	1.72265608226712	286	704	0	38	0	0	FALSE
"X02152_at"	2146	-1.31583802200641	1966	2296	0	38	0	0	FALSE
"X02317_at"	2716	-3.15965415542993	2658	2810	0	38	0	0	FALSE
"X02530_at"	1199	0.501741956028489	882	1862	0	38	0	1	FALSE
"X02596_at"	2266	-1.60849914405215	2098	2457	0	38	0	0	FALSE
"X02874_at"	2620	-2.72025309699368	2542	2715	0	38	0	0	FALSE
"X02910_at"	1658	-0.317823811937237	1472	2445	0	38	0	1	FALSE
"X03072_at"	1315	0.288505018673472	879	1457	0	38	0	0	FALSE
"X03100_cds2_at"	1288	0.339126442333112	876	1454	0	38	0	0	FALSE
"X03473_at"	1453	0.0509196730655935	1297	1883	0	38	0	13	FALSE
"X03484_at"	897	1.06507690851334	673	1140	0	38	0	0	FALSE
"X03656_rna1_at"	1385	0.152178184831042	1148	1629	0	38	0	7	FALSE
"X03934_at"	2832	-3.83402170418382	2789	2884	0	38	0	0	FALSE
"X04011_at"	1792	-0.565601536424022	1624	2039	0	38	0	0	FALSE
"X04085_rna1_at"	21	6.09642690419014	9	34	11	38	0.289473684210526	0	FALSE
"X04106_at"	602	1.70817308309284	344	786	0	38	0	0	FALSE
"X04145_at"	2675	-2.95937662606437	2609	2722	0	38	0	0	FALSE
"X04201_at"	1788	-0.557784650308013	1636	2060	0	38	0	0	FALSE
"X04327_at"	859	1.13936296656987	653	1066	0	38	0	0	FALSE
"X04366_at"	2019	-1.01678046258674	1771	2166	0	38	0	0	FALSE
"X04391_at"	1164	0.549275571111896	903	1370	0	38	0	0	FALSE
"X04412_at"	1089	0.680637111520787	851	1313	0	38	0	0	FALSE
"X04500_at"	691	1.49798799338208	569	877	0	38	0	0	FALSE
"X04828_at"	786	1.31451852867789	303	968	0	38	0	0	FALSE
"X05196_at"	1907	-0.779429755598392	1666	2160	0	38	0	0	FALSE
"X05276_at"	2210	-1.450704991478	2037	2356	0	38	0	0	FALSE
"X05323_at"	2882	-4.10200344893888	2811	2976	0	38	0	0	FALSE
"X05409_at"	393	2.29409120092901	347	533	0	38	0	0	FALSE
"X05908_at"	135	3.7637347852632	38	171	0	38	0	0	FALSE
"X06256_at"	1042	0.77677744812476	949	1863	0	38	0	1	FALSE
"X06323_at"	2580	-2.59833876102806	2471	2665	0	38	0	0	FALSE
"X06482_at"	623	1.64162498505463	555	895	0	38	0	0	FALSE
"X06614_at"	267	2.859688297209	155	368	0	38	0	0	FALSE
"X06745_at"	2847	-3.90069935485183	2811	2914	0	38	0	0	FALSE
"X06985_at"	43	4.95299327572206	25	67	0	38	0	0	FALSE
"X07109_at"	2273	-1.62311749366046	2103	2406	0	38	0	0	FALSE
"X07290_at"	852	1.15325356640399	583	1042	0	38	0	0	FALSE
"X07315_at"	2428	-2.08987806498862	2359	2540	0	38	0	0	FALSE
"X07743_at"	13	6.7422299860193	6	18	38	38	1	0	TRUE
"X07767_at"	2080	-1.1665891289	1957	2544	0	38	0	0	FALSE
"X07834_at"	240	3.02393718441218	190	311	0	38	0	0	FALSE
"X07979_at"	1943	-0.866874613363143	1643	2121	0	38	0	0	FALSE
"X12433_at"	581	1.74974803273088	414	723	0	38	0	0	FALSE
"X12447_at"	413	2.22110541099979	215	536	0	38	0	0	FALSE
"X12451_at"	144	3.66453003507139	67	186	0	38	0	0	FALSE
"X12492_at"	303	2.70169097789888	238	361	0	38	0	0	FALSE
"X12791_at"	2432	-2.09514018599689	2318	2538	0	38	0	0	FALSE
"X13238_at"	2732	-3.25902350178257	2676	2947	0	38	0	0	FALSE
"X13293_at"	1374	0.166797923842649	1169	1640	0	38	0	3	FALSE
"X13334_at"	926	1.00893503417363	853	1415	0	38	0	0	FALSE
"X13444_at"	1054	0.754887379596733	731	1238	0	38	0	0	FALSE
"X13482_at"	2372	-1.92388680386824	2284	2543	0	38	0	0	FALSE
"X13546_rna1_at"	2061	-1.1169561885816	1832	2257	0	38	0	0	FALSE
"X13794_rna1_at"	2485	-2.2697526895781	2356	2662	0	38	0	0	FALSE
"X13839_at"	697	1.47811160021674	592	912	0	38	0	0	FALSE
"X13956_at"	2714	-3.14873837839938	2661	2837	0	38	0	0	FALSE
"X13967_at"	1450	0.0618080075456045	1010	1608	0	38	0	9	FALSE
"X13973_at"	132	3.79831081924165	30	194	0	38	0	0	FALSE
"X14046_at"	117	3.93391271205343	74	141	0	38	0	0	FALSE
"X14329_at"	1309	0.301714866288657	372	1448	0	38	0	0	FALSE
"X14448_at"	522	1.89049579917504	403	643	0	38	0	0	FALSE
"X14675_at"	1833	-0.640614551489202	1440	2019	0	38	0	1	FALSE
"X14787_at"	417	2.21053699175649	387	526	0	38	0	0	FALSE
"X14789_at"	499	1.94437218464419	354	617	0	38	0	0	FALSE
"X14813_at"	2121	-1.26422100402271	2002	2366	0	38	0	0	FALSE
"X14850_at"	2829	-3.82598222702093	2763	2880	0	38	0	0	FALSE
"X14975_at"	2596	-2.65748871214518	2523	2672	0	38	0	0	FALSE
"X15183_at"	2822	-3.77723466957693	2783	2937	0	38	0	0	FALSE
"X15187_at"	678	1.51939202610248	409	874	0	38	0	0	FALSE
"X15357_at"	2700	-3.0785074378878	2614	2800	0	38	0	0	FALSE
"X15393_rna1_at"	354	2.49400147362197	239	434	0	38	0	0	FALSE
"X15414_at"	2973	-5.24041995751103	2947	3007	0	38	0	0	FALSE
"X15573_at"	2502	-2.32735122532172	2414	2556	0	38	0	0	FALSE
"X15822_at"	2341	-1.84059883854143	2247	2760	0	38	0	0	FALSE
"X15875_at"	1410	0.123373372040074	1135	1683	0	38	0	8	FALSE
"X15880_at"	2075	-1.14838990878742	1944	2283	0	38	0	0	FALSE
"X15882_at"	444	2.13827576403222	280	561	0	38	0	0	FALSE
"X15949_at"	3035	-6.61414883993492	3027	3044	0	38	0	0	FALSE
"X16316_at"	2332	-1.81928297285923	2203	2517	0	38	0	0	FALSE
"X16396_at"	1939	-0.857786368385944	1781	2193	0	38	0	0	FALSE
"X16416_at"	1404	0.13155501121218	1160	1603	0	38	0	8	FALSE
"X16560_at"	2547	-2.4823984087624	2467	2739	0	38	0	0	FALSE
"X16663_at"	1194	0.510927003789117	687	1395	0	38	0	0	FALSE
"X16665_at"	166	3.5199743144843	72	217	0	38	0	0	FALSE
"X16667_at"	170	3.49960881184562	117	213	0	38	0	0	FALSE
"X16706_at"	277	2.80487586443737	211	395	0	38	0	0	FALSE
"X16832_at"	311	2.68316043924651	211	387	0	38	0	0	FALSE
"X16983_at"	2600	-2.66684357761047	2526	2776	0	38	0	0	FALSE
"X17025_at"	2550	-2.4982681862206	2481	2640	0	38	0	0	FALSE
"X17042_at"	26	5.88829128880565	10	33	4	38	0.105263157894737	0	FALSE
"X17094_at"	138	3.71547498137436	78	193	0	38	0	0	FALSE
"X17254_at"	558	1.80381083473844	180	697	0	38	0	0	FALSE
"X17620_at"	2328	-1.80090723247102	2225	2410	0	38	0	0	FALSE
"X17651_at"	803	1.27685875452082	614	974	0	38	0	0	FALSE
"X51521_at"	3042	-7.06408474774184	3029	3051	0	38	0	0	FALSE
"X51757_at"	1975	-0.947151867077035	1556	2099	0	38	0	0	FALSE
"X51956_rna1_at"	2212	-1.4520522535881	2084	2499	0	38	0	0	FALSE
"X52056_at"	106	4.02399442403747	51	153	0	38	0	0	FALSE
"X52151_at"	386	2.34979063877826	269	506	0	38	0	0	FALSE
"X52192_at"	85	4.27543469287871	52	105	0	38	0	0	FALSE
"X52425_at"	1625	-0.260182666823842	1213	1846	0	38	0	1	FALSE
"X52479_at"	643	1.5935484212039	516	792	0	38	0	0	FALSE
"X52541_at"	944	0.98417317198677	720	1161	0	38	0	0	FALSE
"X52638_at"	970	0.930742028054774	832	1239	0	38	0	0	FALSE
"X52773_at"	1201	0.499604396509418	1059	1659	0	38	0	1	FALSE
"X52882_at"	2360	-1.88231733146869	2264	2659	0	38	0	0	FALSE
"X52943_at"	579	1.75376669109992	331	743	0	38	0	0	FALSE
"X52947_at"	1429	0.0912084395346683	956	1952	0	38	0	3	FALSE
"X53331_at"	306	2.69146097790946	221	369	0	38	0	0	FALSE
"X53416_at"	197	3.25953557847027	105	247	0	38	0	0	FALSE
"X53586_rna1_at"	2450	-2.17263087186929	2367	2650	0	38	0	0	FALSE
"X53793_at"	2702	-3.10640963846204	2629	2798	0	38	0	0	FALSE
"X53795_at"	1208	0.484578260965322	931	1450	0	38	0	0	FALSE
"X53961_at"	943	0.984916977689677	871	1404	0	38	0	0	FALSE
"X54232_at"	1494	-0.00916598128010928	1087	1659	0	38	0	16	FALSE
"X54304_at"	2470	-2.22016366209195	2404	2622	0	38	0	0	FALSE
"X54326_at"	2949	-4.7933864677337	2912	2968	0	38	0	0	FALSE
"X54870_at"	2699	-3.07104399559745	2645	2769	0	38	0	0	FALSE
"X54938_at"	1144	0.581262541291317	658	1328	0	38	0	0	FALSE
"X54941_at"	2390	-1.9714184074769	2255	2501	0	38	0	0	FALSE
"X54942_at"	2456	-2.18460812464711	2334	2619	0	38	0	0	FALSE
"X55079_rna1_at"	504	1.93801618465749	225	679	0	38	0	0	FALSE
"X55666_at"	695	1.49386878808261	257	840	0	38	0	0	FALSE
"X55668_at"	399	2.27352284378072	365	565	0	38	0	0	FALSE
"X55733_at"	2155	-1.34927994102066	1969	2301	0	38	0	0	FALSE
"X55740_at"	2528	-2.43199613068361	2443	2589	0	38	0	0	FALSE
"X55885_at"	2398	-2.00266053824142	2288	2561	0	38	0	0	FALSE
"X56199_at"	767	1.34851816808761	559	931	0	38	0	0	FALSE
"X56253_rna1_at"	538	1.84915927708167	362	749	0	38	0	0	FALSE
"X56468_at"	2999	-5.76416924522957	2986	3031	0	38	0	0	FALSE
"X56494_at"	1495	-0.0130007977683298	927	1690	0	38	0	13	FALSE
"X56667_at"	1797	-0.571712735909788	1531	2009	0	38	0	0	FALSE
"X57129_at"	1217	0.467309479432666	1056	1744	0	38	0	1	FALSE
"X57206_at"	2816	-3.73267089705966	2782	2853	0	38	0	0	FALSE
"X57346_at"	2202	-1.44266081306261	2068	2341	0	38	0	0	FALSE
"X57398_at"	971	0.929986992397219	690	1158	0	38	0	0	FALSE
"X57522_at"	2447	-2.16728577423786	2363	2644	0	38	0	0	FALSE
"X57766_at"	1462	0.0341572711581355	1064	1634	0	38	0	14	FALSE
"X58255_at"	634	1.619529588253	356	807	0	38	0	0	FALSE
"X58288_at"	2190	-1.41641858426976	1993	2280	0	38	0	0	FALSE
"X58521_at"	2315	-1.7655633458603	2173	2446	0	38	0	0	FALSE
"X58529_at"	2680	-2.98228134779339	2586	2872	0	38	0	0	FALSE
"X59350_at"	3023	-6.08499554255932	2995	3050	0	38	0	0	FALSE
"X59417_at"	2974	-5.27376697416137	2947	3040	0	38	0	0	FALSE
"X59434_at"	269	2.84745262694378	110	334	0	38	0	0	FALSE
"X59834_at"	1053	0.75867993522521	872	1350	0	38	0	0	FALSE
"X59841_at"	1275	0.362223545906315	1054	1592	0	38	0	2	FALSE
"X59871_at"	2929	-4.56650075159922	2900	2952	0	38	0	0	FALSE
"X59892_at"	158	3.5740400380103	116	195	0	38	0	0	FALSE
"X60188_at"	686	1.50350677231565	514	858	0	38	0	0	FALSE
"X60221_at"	2409	-2.03804538561868	2284	2636	0	38	0	0	FALSE
"X60483_at"	1704	-0.413162878057324	1542	2035	0	38	0	0	FALSE
"X60486_at"	1510	-0.0452157605162468	1252	1829	0	38	0	13	FALSE
"X60592_at"	633	1.62018571423401	485	789	0	38	0	0	FALSE
"X60673_rna1_at"	359	2.47612406926858	243	464	0	38	0	0	FALSE
"X60708_at"	1960	-0.900663532898268	1517	2093	0	38	0	0	FALSE
"X60957_at"	1151	0.571338270522346	899	1427	0	38	0	0	FALSE
"X60992_at"	2374	-1.93231582074666	2278	2548	0	38	0	0	FALSE
"X61072_at"	2065	-1.12388749316022	1826	2275	0	38	0	0	FALSE
"X61118_rna1_at"	527	1.87727857816567	320	660	0	38	0	0	FALSE
"X61123_at"	2343	-1.84118073824213	2193	2446	0	38	0	0	FALSE
"X61587_at"	29	5.65887019002834	20	36	1	38	0.0263157894736842	0	FALSE
"X61615_at"	937	0.99527956544814	704	1121	0	38	0	0	FALSE
"X61970_at"	2923	-4.47064280733923	2887	2963	0	38	0	0	FALSE
"X62025_rna1_at"	871	1.11481632317222	492	1041	0	38	0	0	FALSE
"X62055_at"	1451	0.0539631048632506	1132	1649	0	38	0	13	FALSE
"X62078_at"	440	2.15091408836166	319	596	0	38	0	0	FALSE
"X62320_at"	32	5.53511263485702	23	44	0	38	0	0	FALSE
"X62466_at"	2406	-2.02620303370689	2277	2688	0	38	0	0	FALSE
"X62535_at"	3021	-6.06975434697812	3002	3045	0	38	0	0	FALSE
"X62573_at"	112	3.98437549202267	83	136	0	38	0	0	FALSE
"X62654_rna1_at"	12	6.76000429842915	6	15	38	38	1	0	TRUE
"X62744_at"	771	1.33882997684449	360	879	0	38	0	0	FALSE
"X63359_at"	567	1.78347727562007	390	757	0	38	0	0	FALSE
"X63417_at"	270	2.84301461921526	183	359	0	38	0	0	FALSE
"X63422_at"	901	1.05741565732658	661	1128	0	38	0	0	FALSE
"X63469_at"	3012	-5.98169996022887	2994	3041	0	38	0	0	FALSE
"X63563_at"	2280	-1.64821454000939	2131	2432	0	38	0	0	FALSE
"X63679_at"	670	1.53278460352714	440	826	0	38	0	0	FALSE
"X63692_at"	2464	-2.19995261036517	2369	2556	0	38	0	0	FALSE
"X63753_at"	3020	-6.05996911139381	2996	3040	0	38	0	0	FALSE
"X63755_at"	2442	-2.12794837505684	2364	2600	0	38	0	0	FALSE
"X64037_at"	648	1.58851900022684	529	799	0	38	0	0	FALSE
"X64044_at"	832	1.21106811447766	574	989	0	38	0	0	FALSE
"X64229_at"	647	1.58952259321572	418	864	0	38	0	0	FALSE
"X64269_at"	1111	0.64306804175671	650	1290	0	38	0	0	FALSE
"X64330_at"	2742	-3.29579732822545	2678	2821	0	38	0	0	FALSE
"X64364_at"	68	4.44155607349123	56	89	0	38	0	0	FALSE
"X64594_at"	424	2.19085497117929	379	608	0	38	0	0	FALSE
"X64838_at"	2306	-1.7266057727151	2186	2519	0	38	0	0	FALSE
"X65614_at"	654	1.57367852007394	510	836	0	38	0	0	FALSE
"X65867_at"	2298	-1.69351020621108	2208	2476	0	38	0	0	FALSE
"X65873_at"	2539	-2.45471718690779	2402	2655	0	38	0	0	FALSE
"X65977_at"	913	1.02814094271405	859	1337	0	38	0	0	FALSE
"X66079_at"	2778	-3.48618075540789	2714	2855	0	38	0	0	FALSE
"X66363_at"	677	1.51948571666985	408	837	0	38	0	0	FALSE
"X66364_at"	1522	-0.0658503021919548	1344	1763	0	38	0	15	FALSE
"X66365_at"	1918	-0.803607275879987	1681	2056	0	38	0	0	FALSE
"X66397_at"	2690	-3.01618777750468	2606	2801	0	38	0	0	FALSE
"X66401_cds1_at"	2980	-5.36932951691591	2968	3032	0	38	0	0	FALSE
"X66403_at"	758	1.35660646723916	195	852	0	38	0	0	FALSE
"X66417_at"	717	1.43528807560826	361	874	0	38	0	0	FALSE
"X66436_at"	1230	0.44661146864692	974	1426	0	38	0	0	FALSE
"X66503_at"	2824	-3.78053548056116	2792	2903	0	38	0	0	FALSE
"X66533_at"	2748	-3.32993482167802	2704	2797	0	38	0	0	FALSE
"X66534_at"	2567	-2.56633476781569	2491	2727	0	38	0	0	FALSE
"X66839_at"	1465	0.0286457692881325	1284	1855	0	38	0	18	FALSE
"X66867_cds1_at"	2810	-3.68712570880791	2739	2879	0	38	0	0	FALSE
"X66899_at"	2885	-4.12774990656425	2817	2925	0	38	0	0	FALSE
"X66945_at"	2651	-2.85392167132244	2583	2809	0	38	0	0	FALSE
"X67098_at"	1017	0.818361643447387	781	1234	0	38	0	0	FALSE
"X67155_at"	2272	-1.62138766090542	2135	2435	0	38	0	0	FALSE
"X67325_at"	2197	-1.43789339008638	2010	2246	0	38	0	0	FALSE
"X67594_at"	1521	-0.0657293524289699	1329	1909	0	38	0	9	FALSE
"X67698_at"	125	3.84958484137616	66	164	0	38	0	0	FALSE
"X67951_at"	2793	-3.58216146303506	2720	2941	0	38	0	0	FALSE
"X68194_at"	1879	-0.725232836783608	1717	2353	0	38	0	0	FALSE
"X68277_at"	1853	-0.672591352159237	1531	2047	0	38	0	0	FALSE
"X68487_at"	1586	-0.174537945417099	1379	1819	0	38	0	6	FALSE
"X68560_at"	2997	-5.73375071549537	2981	3039	0	38	0	0	FALSE
"X68733_rna1_at"	1273	0.366959792349241	1096	1484	0	38	0	1	FALSE
"X68836_at"	2108	-1.23163212020054	1980	2451	0	38	0	0	FALSE
"X69111_at"	2807	-3.65294750106866	2753	2926	0	38	0	0	FALSE
"X69141_at"	2881	-4.09607217615736	2832	2937	0	38	0	0	FALSE
"X69398_at"	2211	-1.45130258355499	2059	2335	0	38	0	0	FALSE
"X69433_at"	1843	-0.664774104936754	1624	2129	0	38	0	0	FALSE
"X69550_at"	221	3.11523769875357	143	267	0	38	0	0	FALSE
"X69699_at"	520	1.89360347871716	315	641	0	38	0	0	FALSE
"X69819_at"	282	2.76736501470876	144	370	0	38	0	0	FALSE
"X69838_at"	2660	-2.888286193798	2561	2799	0	38	0	0	FALSE
"X69878_at"	571	1.77574158880871	265	742	0	38	0	0	FALSE
"X69908_rna1_at"	2106	-1.22454288252105	1940	2486	0	38	0	0	FALSE
"X69910_at"	1876	-0.723046698413542	1652	2109	0	38	0	0	FALSE
"X69978_at"	2258	-1.56795605506092	2101	2811	0	38	0	0	FALSE
"X70040_at"	184	3.35390101696293	143	244	0	38	0	0	FALSE
"X70070_at"	127	3.83593716143861	56	162	0	38	0	0	FALSE
"X70218_at"	1232	0.440130262891956	767	1542	0	38	0	1	FALSE
"X70297_at"	42	4.96306400699581	12	86	1	38	0.0263157894736842	0	FALSE
"X70394_at"	2984	-5.40038926760683	2944	3034	0	38	0	0	FALSE
"X70476_at"	2736	-3.28250215262766	2680	2881	0	38	0	0	FALSE
"X70649_at"	2763	-3.38976494105165	2711	2857	0	38	0	0	FALSE
"X70683_at"	2689	-3.01386313956153	2600	2792	0	38	0	0	FALSE
"X70991_at"	1223	0.459724842798533	1037	1504	0	38	0	1	FALSE
"X71129_at"	1491	-0.00267724548868828	1246	1755	0	38	0	21	FALSE
"X71428_at"	1863	-0.697505164997183	1598	2075	0	38	0	0	FALSE
"X71490_at"	2739	-3.28734815396366	2669	2938	0	38	0	0	FALSE
"X71874_cds1_at"	2321	-1.77967857280109	2191	2438	0	38	0	0	FALSE
"X71973_at"	426	2.18178043065106	339	515	0	38	0	0	FALSE
"X72012_at"	1602	-0.202867247261272	1369	2106	0	38	0	4	FALSE
"X72308_at"	948	0.97452502216805	710	1152	0	38	0	0	FALSE
"X72755_at"	1204	0.49313045270973	995	1393	0	38	0	0	FALSE
"X72790_at"	2683	-2.99453527819116	2618	2878	0	38	0	0	FALSE
"X72841_at"	2250	-1.55348717251807	2113	2389	0	38	0	0	FALSE
"X74008_at"	2859	-3.99693190614615	2807	2915	0	38	0	0	FALSE
"X74104_at"	1636	-0.275124045943313	1394	1848	0	38	0	3	FALSE
"X74262_at"	3050	-7.41592877904187	3041	3051	0	38	0	0	FALSE
"X74295_at"	1310	0.294928697206703	982	1552	0	38	0	2	FALSE
"X74328_rna1_at"	1751	-0.500697499944759	1568	2020	0	38	0	0	FALSE
"X74570_at"	107	4.0035332120173	19	154	1	38	0.0263157894736842	0	FALSE
"X74764_at"	1852	-0.669463507130402	1504	2014	0	38	0	0	FALSE
"X74794_at"	2130	-1.28686977170754	1962	2358	0	38	0	0	FALSE
"X74795_at"	2088	-1.18030359191732	1887	2271	0	38	0	0	FALSE
"X74801_at"	3041	-6.9541272865567	3037	3051	0	38	0	0	FALSE
"X74837_at"	1278	0.359378841533332	821	1732	0	38	0	1	FALSE
"X75042_at"	84	4.27612559680834	44	112	0	38	0	0	FALSE
"X75208_at"	2086	-1.17881099880732	1829	2264	0	38	0	0	FALSE
"X75252_at"	2240	-1.52719017337325	2071	2339	0	38	0	0	FALSE
"X75304_at"	1803	-0.576030303353212	1543	2032	0	38	0	0	FALSE
"X75315_at"	1372	0.176026550740227	1188	1605	0	38	0	5	FALSE
"X75342_at"	1551	-0.106058292117523	1200	1719	0	38	0	8	FALSE
"X75593_at"	335	2.58780090881761	238	389	0	38	0	0	FALSE
"X75861_at"	327	2.6145494647972	181	426	0	38	0	0	FALSE
"X75962_at"	2425	-2.08543028458998	2309	2576	0	38	0	0	FALSE
"X76013_at"	1665	-0.334833506203521	1311	1927	0	38	0	1	FALSE
"X76040_at"	1840	-0.656039068933073	1657	2098	0	38	0	0	FALSE
"X76059_at"	1474	0.01773814657846	1261	1862	0	38	0	22	FALSE
"X76104_at"	1468	0.0251497607170751	1262	1704	0	38	0	14	FALSE
"X76105_at"	1612	-0.236135248422155	1477	2234	0	38	0	0	FALSE
"X76302_at"	2302	-1.70633242071956	2188	2466	0	38	0	0	FALSE
"X76538_at"	2449	-2.16988530892075	2315	2707	0	38	0	0	FALSE
"X76648_at"	2991	-5.51998180098127	2965	3030	0	38	0	0	FALSE
"X76717_at"	1471	0.0226445481965352	1024	1594	0	38	0	20	FALSE
"X76732_at"	1108	0.648190689589062	904	1341	0	38	0	0	FALSE
"X77094_at"	1810	-0.589293023983742	1594	1935	0	38	0	0	FALSE
"X77548_at"	493	1.97074454631927	373	671	0	38	0	0	FALSE
"X77584_at"	804	1.27650278608362	550	973	0	38	0	0	FALSE
"X77737_at"	248	2.99514891193823	160	340	0	38	0	0	FALSE
"X77794_at"	2118	-1.25756691542652	1962	2300	0	38	0	0	FALSE
"X77909_at"	732	1.40690436303759	532	903	0	38	0	0	FALSE
"X78031_at"	1730	-0.463484129769342	1543	2257	0	38	0	0	FALSE
"X78136_at"	1227	0.45559243744525	1050	1550	0	38	0	1	FALSE
"X78549_at"	865	1.12861779047556	597	1028	0	38	0	0	FALSE
"X78627_at"	2782	-3.49619294194116	2722	2844	0	38	0	0	FALSE
"X78706_at"	1070	0.723444625066606	952	1479	0	38	0	0	FALSE
"X78817_at"	1339	0.250905324058102	1105	1667	0	38	0	3	FALSE
"X78924_at"	1228	0.452087672798505	853	1385	0	38	0	0	FALSE
"X78925_at"	196	3.27786551174306	82	259	0	38	0	0	FALSE
"X78992_at"	515	1.90815872247539	358	642	0	38	0	0	FALSE
"X79066_at"	728	1.41378777232814	502	861	0	38	0	0	FALSE
"X79067_at"	2433	-2.10004125729054	2319	2645	0	38	0	0	FALSE
"X79353_at"	2318	-1.7724846041617	2170	2508	0	38	0	0	FALSE
"X79439_at"	1435	0.0853126232839111	1188	1651	0	38	0	10	FALSE
"X79536_at"	1944	-0.872777669950692	1769	2208	0	38	0	0	FALSE
"X79780_at"	540	1.84698027429707	396	686	0	38	0	0	FALSE
"X79781_at"	1854	-0.677688328439672	1392	2026	0	38	0	1	FALSE
"X79865_at"	2213	-1.45238059537171	2041	2396	0	38	0	0	FALSE
"X79882_at"	1083	0.694327658644402	948	1487	0	38	0	0	FALSE
"X79981_at"	737	1.39125554046096	467	898	0	38	0	0	FALSE
"X80026_at"	297	2.71764340338183	186	357	0	38	0	0	FALSE
"X80198_at"	1405	0.130490759012723	1121	1623	0	38	0	5	FALSE
"X80199_at"	2261	-1.57517583080693	2133	2770	0	38	0	0	FALSE
"X80200_at"	1835	-0.645203533461145	1627	2007	0	38	0	0	FALSE
"X80230_at"	2897	-4.23525885939701	2853	2953	0	38	0	0	FALSE
"X80497_at"	501	1.94019401482687	363	624	0	38	0	0	FALSE
"X80692_at"	1287	0.341525351460492	647	1482	0	38	0	0	FALSE
"X80695_at"	814	1.25360629241178	610	1013	0	38	0	0	FALSE
"X80907_at"	298	2.71696383820235	73	379	0	38	0	0	FALSE
"X80910_at"	1523	-0.0673909375060479	1276	1826	0	38	0	13	FALSE
"X80915_rna1_at"	946	0.980442799648285	507	1102	0	38	0	0	FALSE
"X80923_at"	1357	0.201865638850116	917	1531	0	38	0	4	FALSE
"X81003_at"	1770	-0.529084874639137	1583	1972	0	38	0	0	FALSE
"X81198_at"	2715	-3.1503216669507	2636	2870	0	38	0	0	FALSE
"X81817_at"	984	0.900762744986756	720	1232	0	38	0	0	FALSE
"X82200_at"	2498	-2.31421426081597	2375	2666	0	38	0	0	FALSE
"X82207_at"	472	2.04408542362252	271	594	0	38	0	0	FALSE
"X82240_rna1_at"	3019	-6.05635013626686	2996	3031	0	38	0	0	FALSE
"X82434_at"	761	1.35379543834663	324	922	0	38	0	0	FALSE
"X82456_at"	2294	-1.68232316161162	2173	2409	0	38	0	0	FALSE
"X82494_at"	2307	-1.72908579206637	2165	2381	0	38	0	0	FALSE
"X82554_rna1_at"	2503	-2.33214611175185	2409	2661	0	38	0	0	FALSE
"X82895_at"	1231	0.446030470675353	728	1359	0	38	0	0	FALSE
"X83127_at"	1219	0.46475025541561	1026	1502	0	38	0	1	FALSE
"X83218_at"	2505	-2.34070124707394	2424	2668	0	38	0	0	FALSE
"X83441_at"	2590	-2.65131009639447	2520	2651	0	38	0	0	FALSE
"X83573_at"	375	2.40699362012905	133	465	0	38	0	0	FALSE
"X83928_at"	1794	-0.568483867463929	1628	2194	0	38	0	0	FALSE
"X84373_at"	2444	-2.14006592940052	2367	2744	0	38	0	0	FALSE
"X84709_at"	2652	-2.8568197275147	2597	2726	0	38	0	0	FALSE
"X85106_at"	1096	0.668724360568851	954	1428	0	38	0	0	FALSE
"X85372_at"	2855	-3.96424899333951	2806	2962	0	38	0	0	FALSE
"X85373_at"	2608	-2.6885861631103	2500	2875	0	38	0	0	FALSE
"X85785_rna1_at"	408	2.24659058160769	239	510	0	38	0	0	FALSE
"X85786_at"	1678	-0.363507207712901	1400	1903	0	38	0	1	FALSE
"X86012_at"	2139	-1.30474371523033	2012	2351	0	38	0	0	FALSE
"X86018_at"	1489	-0.00183807114200477	1116	1661	0	38	0	20	FALSE
"X86570_at"	1097	0.667165655027163	428	1289	0	38	0	0	FALSE
"X86681_at"	1452	0.052199215006744	1218	1697	0	38	0	14	FALSE
"X86691_at"	2887	-4.15528709796902	2820	2941	0	38	0	0	FALSE
"X86779_at"	1955	-0.891376300736459	1699	2112	0	38	0	0	FALSE
"X86809_at"	1773	-0.534133388928541	1572	2024	0	38	0	0	FALSE
"X87212_at"	696	1.48453567357436	532	927	0	38	0	0	FALSE
"X87237_at"	1695	-0.394553340095853	1463	1964	0	38	0	0	FALSE
"X87241_at"	2711	-3.13589359829376	2656	2754	0	38	0	0	FALSE
"X87838_at"	557	1.80398474319135	332	715	0	38	0	0	FALSE
"X87904_at"	2102	-1.21439055842153	1975	2285	0	38	0	0	FALSE
"X89267_at"	1016	0.820607947916392	821	1275	0	38	0	0	FALSE
"X89398_cds2_at"	2754	-3.36604150163989	2688	2868	0	38	0	0	FALSE
"X89576_at"	2340	-1.84058778721569	2258	2448	0	38	0	0	FALSE
"X89750_at"	1639	-0.278309247220273	1458	1911	0	38	0	2	FALSE
"X89960_at"	1031	0.79798663044557	721	1206	0	38	0	0	FALSE
"X89985_at"	353	2.49488129490703	195	442	0	38	0	0	FALSE
"X90858_at"	47	4.90448784042316	38	66	0	38	0	0	FALSE
"X90872_at"	198	3.25898552785691	98	256	0	38	0	0	FALSE
"X91247_at"	2034	-1.04809664646746	1794	2365	0	38	0	0	FALSE
"X91249_at"	2376	-1.93484655804436	2284	2505	0	38	0	0	FALSE
"X91257_at"	2856	-3.98586477140186	2794	2946	0	38	0	0	FALSE
"X91504_at"	1968	-0.914948626443952	1744	2193	0	38	0	0	FALSE
"X91788_at"	1997	-0.97625321485554	1797	2180	0	38	0	0	FALSE
"X91809_at"	2308	-1.7338114756474	2190	2381	0	38	0	0	FALSE
"X92098_at"	1142	0.582712139493935	860	1456	0	38	0	0	FALSE
"X92106_at"	2803	-3.62217286724184	2716	2880	0	38	0	0	FALSE
"X92396_at"	1190	0.516481789537386	818	1507	0	38	0	0	FALSE
"X92720_at"	1503	-0.0239909910306417	908	1638	0	38	0	15	FALSE
"X92744_at"	449	2.11934215933462	335	588	0	38	0	0	FALSE
"X92762_at"	1834	-0.640795225344888	1602	2061	0	38	0	0	FALSE
"X92896_at"	1173	0.542545876050619	999	1360	0	38	0	0	FALSE
"X92972_at"	1390	0.146781051154817	1212	1755	0	38	0	3	FALSE
"X93499_at"	490	1.97838819925667	292	653	0	38	0	0	FALSE
"X93512_at"	2729	-3.24047967548709	2688	2771	0	38	0	0	FALSE
"X93920_at"	113	3.98094005173042	78	142	0	38	0	0	FALSE
"X93921_at"	886	1.09030608342373	555	1107	0	38	0	0	FALSE
"X93996_rna1_at"	1664	-0.33440758410987	1413	1867	0	38	0	3	FALSE
"X94232_at"	2960	-4.98073843242809	2926	2988	0	38	0	0	FALSE
"X94910_at"	1263	0.389849424757247	1007	1447	0	38	0	0	FALSE
"X95735_at"	1	10.5777480888816	1	2	38	38	1	0	TRUE
"X96381_rna1_at"	1113	0.642293214568754	775	1240	0	38	0	0	FALSE
"X96401_at"	1616	-0.245325990440096	1207	1823	0	38	0	1	FALSE
"X96484_at"	649	1.58786368079131	509	777	0	38	0	0	FALSE
"X96584_at"	1008	0.832257590519942	920	1725	0	38	0	1	FALSE
"X96586_at"	1753	-0.501371150503404	1553	1959	0	38	0	0	FALSE
"X96698_at"	1726	-0.454682529297157	1540	1980	0	38	0	0	FALSE
"X96719_at"	1099	0.662140995636109	965	1573	0	38	0	1	FALSE
"X96752_at"	2854	-3.94696292203028	2784	2902	0	38	0	0	FALSE
"X96849_at"	1657	-0.314336166804912	1461	1991	0	38	0	0	FALSE
"X96924_rna1_at"	1527	-0.0698679752829348	1178	1693	0	38	0	9	FALSE
"X96969_at"	922	1.01202664096907	685	1098	0	38	0	0	FALSE
"X97074_at"	756	1.36070297893914	501	982	0	38	0	0	FALSE
"X97160_rna1_at"	625	1.63421775855851	480	749	0	38	0	0	FALSE
"X97302_at"	636	1.61513032933731	494	810	0	38	0	0	FALSE
"X97324_at"	1023	0.806550710787753	816	1308	0	38	0	0	FALSE
"X97544_at"	2008	-0.993660402087351	1828	2362	0	38	0	0	FALSE
"X98085_at"	1338	0.251282687882996	1187	1861	0	38	0	1	FALSE
"X98172_at"	1187	0.520028509171155	953	1378	0	38	0	0	FALSE
"X98248_rna1_at"	2403	-2.01498914846323	2292	2592	0	38	0	0	FALSE
"X98260_at"	552	1.814946360266	272	706	0	38	0	0	FALSE
"X98261_at"	750	1.36984114507173	260	880	0	38	0	0	FALSE
"X98263_at"	2549	-2.4877602848066	2451	2766	0	38	0	0	FALSE
"X98411_at"	80	4.33791289197358	48	116	0	38	0	0	FALSE
"X98507_at"	1105	0.652553902512834	799	1354	0	38	0	0	FALSE
"X98743_at"	2625	-2.74453150943522	2510	2722	0	38	0	0	FALSE
"X98801_at"	2100	-1.20919538494323	1901	2376	0	38	0	0	FALSE
"X99076_rna1_at"	924	1.0101394688956	841	1403	0	38	0	0	FALSE
"X99140_at"	1172	0.542607509737038	836	1347	0	38	0	0	FALSE
"X99141_at"	885	1.09035580301812	729	1055	0	38	0	0	FALSE
"X99142_at"	1047	0.772229730136271	557	1202	0	38	0	0	FALSE
"X99209_at"	2178	-1.38701853593447	2009	2412	0	38	0	0	FALSE
"X99325_at"	2467	-2.20670434699666	2335	2595	0	38	0	0	FALSE
"X99459_at"	1563	-0.134590729447616	1376	1787	0	38	0	7	FALSE
"X99584_at"	313	2.67853895606552	156	390	0	38	0	0	FALSE
"X99664_at"	597	1.71597949321209	279	714	0	38	0	0	FALSE
"X99688_at"	2005	-0.987831150918615	1647	2195	0	38	0	0	FALSE
"X99699_at"	1513	-0.0512169061217541	1288	1857	0	38	0	12	FALSE
"X99720_rna1_at"	2198	-1.43858860294174	2036	2443	0	38	0	0	FALSE
"X99728_at"	1195	0.509896427415364	745	1475	0	38	0	0	FALSE
"X99920_at"	2718	-3.1749892152286	2653	2745	0	38	0	0	FALSE
"Y00062_at"	1152	0.567941661658641	922	1338	0	38	0	0	FALSE
"Y00281_at"	1169	0.544838233055339	922	1592	0	38	0	1	FALSE
"Y00282_at"	310	2.68435445907437	172	410	0	38	0	0	FALSE
"Y00433_at"	92	4.1972739715769	39	120	0	38	0	0	FALSE
"Y00486_rna1_at"	2018	-1.01004725506912	1898	2304	0	38	0	0	FALSE
"Y00636_at"	2612	-2.70285395151551	2543	2712	0	38	0	0	FALSE
"Y00796_at"	964	0.941977143177143	712	1145	0	38	0	0	FALSE
"Y07604_at"	54	4.66829352893399	42	84	0	38	0	0	FALSE
"Y07829_xpt4_at"	816	1.24009831477947	472	960	0	38	0	0	FALSE
"Y07847_at"	410	2.23953274878943	225	488	0	38	0	0	FALSE
"Y08134_at"	997	0.859323569914564	383	1153	0	38	0	0	FALSE
"Y08263_at"	1240	0.429538379360059	867	1406	0	38	0	0	FALSE
"Y08302_at"	1921	-0.812513416087513	1557	2157	0	38	0	0	FALSE
"Y08409_at"	1250	0.41063590601281	656	1418	0	38	0	0	FALSE
"Y08612_at"	3015	-6.03539217514133	3000	3037	0	38	0	0	FALSE
"Y08614_at"	2860	-4.00328055566957	2786	3021	0	38	0	0	FALSE
"Y08836_at"	1106	0.651567211249077	841	1318	0	38	0	0	FALSE
"Y08915_at"	2526	-2.43013575130089	2459	2715	0	38	0	0	FALSE
"Y09022_at"	2375	-1.93302976333852	2277	2805	0	38	0	0	FALSE
"Y09216_at"	1739	-0.476798446113605	1554	2055	0	38	0	0	FALSE
"Y09443_at"	2162	-1.36339607946395	2017	2294	0	38	0	0	FALSE
"Y10032_at"	904	1.05366330170141	723	1194	0	38	0	0	FALSE
"Y10055_at"	792	1.29799338414248	505	937	0	38	0	0	FALSE
"Y10207_at"	2457	-2.18499748981328	2358	2766	0	38	0	0	FALSE
"Y10209_at"	878	1.09490497082366	641	1009	0	38	0	0	FALSE
"Y10260_at"	2227	-1.50425862583404	2091	2558	0	38	0	0	FALSE
"Y10376_at"	223	3.10232482303794	149	264	0	38	0	0	FALSE
"Y10871_at"	361	2.47265290474106	269	429	0	38	0	0	FALSE
"Y10936_at"	2072	-1.14602320864717	1903	2326	0	38	0	0	FALSE
"Y11215_at"	1581	-0.162477566262619	1287	1791	0	38	0	7	FALSE
"Y11306_rna1_at"	753	1.36353257996662	533	904	0	38	0	0	FALSE
"Y11681_at"	2060	-1.11513020446182	1818	2228	0	38	0	0	FALSE
"Y11710_rna1_at"	305	2.69808783483086	108	395	0	38	0	0	FALSE
"Y12670_at"	7	6.96131024907752	4	14	38	38	1	0	TRUE
"Y12856_at"	1192	0.511595169276654	686	1331	0	38	0	0	FALSE
"Y13115_at"	1518	-0.0563261368311178	1184	1697	0	38	0	12	FALSE
"Y13247_at"	1882	-0.734433259551043	1596	2034	0	38	0	0	FALSE
"Y13620_at"	2655	-2.8669248305455	2578	2792	0	38	0	0	FALSE
"Y14140_at"	867	1.12477680012453	638	1006	0	38	0	0	FALSE
"Z11697_at"	281	2.7800764706485	190	368	0	38	0	0	FALSE
"Z12830_at"	751	1.36831457302976	559	969	0	38	0	0	FALSE
"Z14000_at"	1449	0.0639955833083216	1111	1608	0	38	0	12	FALSE
"Z14244_at"	2255	-1.56078978203484	2067	2507	0	38	0	0	FALSE
"Z14982_rna1_at"	2853	-3.92340437521053	2795	2934	0	38	0	0	FALSE
"Z15108_at"	2397	-2.00189227025344	2300	2439	0	38	0	0	FALSE
"Z17227_at"	2571	-2.57052325936986	2482	2755	0	38	0	0	FALSE
"Z19002_at"	1697	-0.397367483485631	953	1964	0	38	0	1	FALSE
"Z21488_at"	1743	-0.486952740671948	1590	2017	0	38	0	0	FALSE
"Z21507_at"	2758	-3.37102969734319	2691	2829	0	38	0	0	FALSE
"Z22536_at"	1301	0.316197783691982	974	1471	0	38	0	1	FALSE
"Z22548_at"	574	1.76523487009355	473	816	0	38	0	0	FALSE
"Z22551_at"	2873	-4.05532566375427	2815	2929	0	38	0	0	FALSE
"Z22555_at"	2122	-1.26451727014818	1952	2283	0	38	0	0	FALSE
"Z23090_at"	2329	-1.80330728301123	2185	2529	0	38	0	0	FALSE
"Z23115_at"	982	0.903997964476159	821	1265	0	38	0	0	FALSE
"Z24680_at"	601	1.71142271223495	355	766	0	38	0	0	FALSE
"Z25535_at"	1145	0.578877575421785	908	1301	0	38	0	0	FALSE
"Z25884_at"	1174	0.542269044183107	703	1325	0	38	0	0	FALSE
"Z27113_at"	2387	-1.96437190028475	2277	2529	0	38	0	0	FALSE
"Z29064_at"	2297	-1.69000671720106	2168	2393	0	38	0	0	FALSE
"Z29090_at"	2667	-2.9038789365773	2590	2787	0	38	0	0	FALSE
"Z29481_at"	189	3.30271810277878	140	237	0	38	0	0	FALSE
"Z29505_at"	1675	-0.358535825357265	1404	1979	0	38	0	1	FALSE
"Z29574_at"	2263	-1.59293551098476	2104	2469	0	38	0	0	FALSE
"Z29678_at"	725	1.42371486085083	269	853	0	38	0	0	FALSE
"Z30425_at"	1525	-0.0684012555175352	1214	1731	0	38	0	10	FALSE
"Z30426_at"	2541	-2.46120896898783	2448	2687	0	38	0	0	FALSE
"Z31357_at"	1302	0.310390177865037	1121	1581	0	38	0	1	FALSE
"Z32765_at"	91	4.20313073785039	53	144	0	38	0	0	FALSE
"Z35093_at"	2267	-1.61030876261173	2087	2443	0	38	0	0	FALSE
"Z35102_at"	2911	-4.34467062489939	2841	2996	0	38	0	0	FALSE
"Z35227_at"	2769	-3.42221118597509	2692	2918	0	38	0	0	FALSE
"Z35278_at"	403	2.25845416926046	304	563	0	38	0	0	FALSE
"Z35307_at"	1347	0.227088951181721	1139	1808	0	38	0	2	FALSE
"Z35491_at"	1178	0.531470917499693	850	1433	0	38	0	0	FALSE
"Z36714_at"	2208	-1.4502816472688	2027	2297	0	38	0	0	FALSE
"Z36715_at"	2262	-1.59198057612818	2131	2498	0	38	0	0	FALSE
"Z37166_at"	2068	-1.13377004699949	1874	2347	0	38	0	0	FALSE
"Z46376_rna1_at"	2234	-1.51563081914377	2063	2367	0	38	0	0	FALSE
"Z46973_at"	2827	-3.81221516222953	2796	2881	0	38	0	0	FALSE
"Z48042_at"	2643	-2.81524361138949	2552	2823	0	38	0	0	FALSE
"Z48054_at"	1564	-0.134894432598291	1374	1786	0	38	0	9	FALSE
"Z48199_at"	1001	0.85745683325476	472	1170	0	38	0	0	FALSE
"Z48481_at"	1714	-0.437169628714487	1463	1900	0	38	0	1	FALSE
"Z48512_at"	1692	-0.38529195859117	1410	1851	0	38	0	1	FALSE
"Z48579_at"	2386	-1.96428919390298	2305	2514	0	38	0	0	FALSE
"Z48633_at"	2603	-2.68122188235713	2475	2782	0	38	0	0	FALSE
"Z48950_at"	722	1.42796216419834	557	868	0	38	0	0	FALSE
"Z49099_at"	2115	-1.25368171764459	1994	2444	0	38	0	0	FALSE
"Z49194_at"	2915	-4.36042981451717	2877	2930	0	38	0	0	FALSE
"Z49254_at"	1888	-0.746006146220447	1664	2118	0	38	0	0	FALSE
"Z49269_at"	782	1.32319476375845	679	964	0	38	0	0	FALSE
"Z49878_at"	1734	-0.46754945919002	1494	1969	0	38	0	1	FALSE
"Z50022_at"	1346	0.227180680555596	492	1509	0	38	0	1	FALSE
"Z50749_at"	2553	-2.50472324284529	2452	2693	0	38	0	0	FALSE
"Z50781_at"	1532	-0.0770440487867873	1308	1869	0	38	0	11	FALSE
"Z50853_at"	2622	-2.73174840269483	2556	2689	0	38	0	0	FALSE
"Z56281_at"	2770	-3.43330542738279	2678	2889	0	38	0	0	FALSE
"Z67743_at"	412	2.22136571312921	282	502	0	38	0	0	FALSE
"Z68129_cds1_at"	1801	-0.574912972653567	1566	2041	0	38	0	0	FALSE
"Z68747_at"	2972	-5.22259105578518	2958	2992	0	38	0	0	FALSE
"Z69881_at"	3017	-6.05311779952694	2996	3037	0	38	0	0	FALSE
"Z69915_at"	2287	-1.66794892219528	2129	2442	0	38	0	0	FALSE
"Z70219_at"	1646	-0.292139996123077	1480	1891	0	38	0	2	FALSE
"Z70220_at"	1478	0.0158034634847369	1271	1811	0	38	0	19	FALSE
"Z71460_at"	831	1.21306835833594	604	983	0	38	0	0	FALSE
"Z72499_at"	1725	-0.45268524062431	1511	1963	0	38	0	0	FALSE
"Z81326_at"	1909	-0.785718435234694	1330	2039	0	38	0	1	FALSE
"Z83821_cds2_at"	384	2.36719926106165	298	529	0	38	0	0	FALSE
"Z84721_cds1_at"	284	2.75341675752339	147	407	0	38	0	0	FALSE
"Z84721_cds2_at"	508	1.93256541367326	400	640	0	38	0	0	FALSE
"Z93784_at"	2846	-3.89612579784007	2774	2954	0	38	0	0	FALSE
"Z97054_xpt2_at"	979	0.911228870323341	631	1181	0	38	0	0	FALSE
"AB006782_at"	1129	0.609639707695834	971	1373	0	38	0	0	FALSE
"D00860_at"	2577	-2.58758635716365	2511	2702	0	38	0	0	FALSE
"D10040_at"	296	2.71772385741313	206	399	0	38	0	0	FALSE
"D16105_at"	392	2.30049575841641	190	503	0	38	0	0	FALSE
"D16480_at"	1221	0.463381092027552	958	1545	0	38	0	1	FALSE
"D16481_at"	923	1.01041680577174	778	1228	0	38	0	0	FALSE
"D21235_at"	1745	-0.487646699176789	1537	2195	0	38	0	0	FALSE
"D25304_at"	2566	-2.56307805722011	2488	2894	0	38	0	0	FALSE
"D26070_at"	1945	-0.872912408218078	1806	2344	0	38	0	0	FALSE
"D29805_at"	1458	0.0396412957691567	1208	1643	0	38	0	17	FALSE
"D31889_at"	1506	-0.035308281443879	1329	1686	0	38	0	17	FALSE
"D38073_at"	3011	-5.96270062613512	2988	3049	0	38	0	0	FALSE
"D38081_at"	2678	-2.97655633047168	2615	2735	0	38	0	0	FALSE
"D43968_at"	2265	-1.60376500308629	2133	2484	0	38	0	0	FALSE
"D45132_at"	1972	-0.943737494626596	1796	2202	0	38	0	0	FALSE
"D50405_at"	2707	-3.12436137152934	2630	2883	0	38	0	0	FALSE
"D80000_at"	2797	-3.60953435205561	2736	2853	0	38	0	0	FALSE
"D86550_at"	1961	-0.905674309029295	1732	2142	0	38	0	0	FALSE
"D86988_at"	1460	0.0371244342294298	1133	1675	0	38	0	14	FALSE
"HG2846-HT2983_at"	2904	-4.30158866315229	2867	2947	0	38	0	0	FALSE
"HG3543-HT3739_at"	899	1.0612396846841	638	1049	0	38	0	0	FALSE
"HG651-HT4201_at"	2313	-1.76418832276296	2203	2451	0	38	0	0	FALSE
"J02783_at"	276	2.81606366028953	83	372	0	38	0	0	FALSE
"J04182_at"	279	2.7992189995622	189	357	0	38	0	0	FALSE
"L00058_at"	2920	-4.40335223239367	2892	2936	0	38	0	0	FALSE
"L04282_at"	2495	-2.28749433764928	2366	2658	0	38	0	0	FALSE
"L04731_at"	547	1.82603477344684	380	653	0	38	0	0	FALSE
"L07648_at"	133	3.77913473807169	93	173	0	38	0	0	FALSE
"L08895_at"	2850	-3.92014025089732	2810	3004	0	38	0	0	FALSE
"L10413_at"	2978	-5.32737980281485	2967	3004	0	38	0	0	FALSE
"L11066_at"	1795	-0.568946192954419	1444	2096	0	38	0	1	FALSE
"L11284_at"	1838	-0.654741882139788	1526	1986	0	38	0	0	FALSE
"L13773_at"	1990	-0.966753938591381	1746	2235	0	38	0	0	FALSE
"L21998_at"	1080	0.698843087907085	395	1270	0	38	0	0	FALSE
"L22454_at"	2017	-1.00859794191421	1741	2178	0	38	0	0	FALSE
"L33075_at"	2858	-3.99458115772727	2768	2909	0	38	0	0	FALSE
"L35263_at"	1831	-0.630521989312954	1644	2127	0	38	0	0	FALSE
"L40397_at"	510	1.92809467098921	349	689	0	38	0	0	FALSE
"L49380_at"	1461	0.0359775422304493	1148	1684	0	38	0	16	FALSE
"L76517_at"	1589	-0.18464307801992	1406	1964	0	38	0	4	FALSE
"M14745_at"	2800	-3.61375674607241	2721	2907	0	38	0	0	FALSE
"M16276_at"	2575	-2.58223800656462	2497	2699	0	38	0	0	FALSE
"M16342_at"	2247	-1.54622571331312	2122	2595	0	38	0	0	FALSE
"M24283_at"	218	3.13283350904431	145	286	0	38	0	0	FALSE
"M24900_at"	114	3.97153548946901	48	157	0	38	0	0	FALSE
"M31724_at"	479	2.02724954817899	218	629	0	38	0	0	FALSE
"M58026_at"	655	1.56751981946276	457	841	0	38	0	0	FALSE
"M64231_rna1_at"	1050	0.768789765581456	854	1254	0	38	0	0	FALSE
"M69013_at"	1724	-0.452120617858766	1363	1928	0	38	0	1	FALSE
"M69181_at"	2573	-2.57505846040974	2510	2743	0	38	0	0	FALSE
"M83664_at"	1584	-0.165309505021212	1371	1947	0	38	0	6	FALSE
"M91463_rna1_at"	231	3.06956097403973	51	297	0	38	0	0	FALSE
"M93651_at"	2777	-3.47638432990063	2703	2846	0	38	0	0	FALSE
"M94046_at"	2195	-1.4325655680283	2044	2324	0	38	0	0	FALSE
"M96843_at"	1531	-0.0769725817201899	1352	1763	0	38	0	13	FALSE
"M97676_at"	1985	-0.964402524713901	1729	2182	0	38	0	0	FALSE
"S68805_at"	2152	-1.34058874579419	1950	2295	0	38	0	0	FALSE
"S76638_at"	255	2.94143443087128	169	329	0	38	0	0	FALSE
"U04636_rna1_at"	308	2.68740152886129	274	402	0	38	0	0	FALSE
"U07139_at"	2487	-2.27581853995383	2394	2572	0	38	0	0	FALSE
"U12767_at"	610	1.66943009039414	462	763	0	38	0	0	FALSE
"U13022_at"	1289	0.332989220394428	915	1468	0	38	0	1	FALSE
"U16307_at"	502	1.9397424467795	291	669	0	38	0	0	FALSE
"U17838_at"	2085	-1.17818545099473	1942	2309	0	38	0	0	FALSE
"U17969_at"	650	1.58656826153474	490	780	0	38	0	0	FALSE
"U18259_at"	2946	-4.74841710572267	2922	2963	0	38	0	0	FALSE
"U18422_at"	2268	-1.61122696453244	2131	2527	0	38	0	0	FALSE
"U20938_at"	2759	-3.37538954979682	2708	2928	0	38	0	0	FALSE
"U25988_at"	1025	0.804608441270866	724	1227	0	38	0	0	FALSE
"U31556_at"	2993	-5.59140882658863	2973	3019	0	38	0	0	FALSE
"U33841_at"	2817	-3.74338078853955	2777	2929	0	38	0	0	FALSE
"U34587_at"	2150	-1.32895300192727	2032	2372	0	38	0	0	FALSE
"U36341_rna1_at"	247	3.0056302144781	163	330	0	38	0	0	FALSE
"U37146_at"	1035	0.788790413330755	865	1250	0	38	0	0	FALSE
"U37426_at"	2710	-3.13310423230412	2665	2814	0	38	0	0	FALSE
"U38276_at"	1095	0.669389804122387	784	1326	0	38	0	0	FALSE
"U41518_at"	226	3.08798877993939	150	300	0	38	0	0	FALSE
"U41654_at"	2744	-3.29856562143885	2676	2895	0	38	0	0	FALSE
"U47077_at"	3006	-5.84173012163887	2992	3030	0	38	0	0	FALSE
"U53204_at"	1800	-0.574104450543568	1493	2048	0	38	0	0	FALSE
"U58675_cds2_at"	1998	-0.97681413949803	1786	2203	0	38	0	0	FALSE
"U60061_at"	2416	-2.05737090608888	2333	2671	0	38	0	0	FALSE
"U72649_at"	1656	-0.313677996752985	1437	1932	0	38	0	1	FALSE
"U83171_at"	1093	0.672014803302024	430	1261	0	38	0	0	FALSE
"U94832_at"	1991	-0.968321031266421	1861	2206	0	38	0	0	FALSE
"U96131_at"	1731	-0.463847243213649	1518	1895	0	38	0	1	FALSE
"X02160_at"	2884	-4.1269306534966	2832	2910	0	38	0	0	FALSE
"X04526_at"	2804	-3.63773051634145	2742	2899	0	38	0	0	FALSE
"X05610_at"	928	1.00409858415641	647	1073	0	38	0	0	FALSE
"X07203_at"	2474	-2.24525772124424	2376	2519	0	38	0	0	FALSE
"X12671_rna1_at"	2241	-1.5274281303356	2089	2464	0	38	0	0	FALSE
"X16323_at"	2099	-1.20899103710165	1849	2237	0	38	0	0	FALSE
"X55990_rna1_at"	352	2.4960757420218	245	430	0	38	0	0	FALSE
"X56841_at"	1959	-0.899423352029484	1754	2159	0	38	0	0	FALSE
"X57985_rna2_at"	1004	0.852329455376538	737	1206	0	38	0	0	FALSE
"X58072_at"	2741	-3.29453564425117	2684	2777	0	38	0	0	FALSE
"X59739_at"	2837	-3.85215639824986	2802	2902	0	38	0	0	FALSE
"X65463_at"	377	2.39444757796291	244	470	0	38	0	0	FALSE
"X65488_at"	2517	-2.39182130542758	2430	2689	0	38	0	0	FALSE
"X72727_at"	2051	-1.09573378023059	1884	2220	0	38	0	0	FALSE
"X72889_at"	2167	-1.36914836755855	2027	2323	0	38	0	0	FALSE
"X73478_at"	1837	-0.653936119931034	1459	2033	0	38	0	1	FALSE
"X75918_at"	836	1.18829330875327	617	1071	0	38	0	0	FALSE
"X78338_at"	689	1.5012207075465	431	857	0	38	0	0	FALSE
"X81625_at"	464	2.06801933258158	307	563	0	38	0	0	FALSE
"X82209_at"	1466	0.0273497997719033	1135	2097	0	38	0	14	FALSE
"Y00264_at"	1923	-0.817110102816246	1748	2187	0	38	0	0	FALSE
"Y07909_at"	829	1.21815472047046	656	1130	0	38	0	0	FALSE
"Z15115_at"	3049	-7.3481379428185	3038	3051	0	38	0	0	FALSE
"Z74615_at"	1505	-0.030098933823655	1223	1630	0	38	0	15	FALSE
"X95808_s_at"	2257	-1.5673429738677	2125	2548	0	38	0	0	FALSE
"Z49107_s_at"	1388	0.149298008832484	972	1678	0	38	0	5	FALSE
"AC002045_xpt2_s_at"	2021	-1.01753856693255	1835	2294	0	38	0	0	FALSE
"D00408_s_at"	1741	-0.481898220192434	1580	2001	0	38	0	0	FALSE
"X83416_s_at"	1443	0.0694085063358944	1198	1681	0	38	0	13	FALSE
"M23178_s_at"	204	3.21314864233382	138	255	0	38	0	0	FALSE
"M18700_s_at"	1421	0.109568887213271	1166	1707	0	38	0	9	FALSE
"Y00097_s_at"	2430	-2.09373462329894	2329	2567	0	38	0	0	FALSE
"M37271_s_at"	1754	-0.502250204452523	1597	1981	0	38	0	0	FALSE
"D00749_s_at"	2747	-3.30871728222017	2696	2842	0	38	0	0	FALSE
"X15331_s_at"	1520	-0.0607305499427324	1178	1654	0	38	0	13	FALSE
"L09229_s_at"	202	3.22186435503154	120	264	0	38	0	0	FALSE
"L32832_s_at"	1964	-0.909017258861094	1809	2349	0	38	0	0	FALSE
"D10537_s_at"	480	2.02317487354468	273	568	0	38	0	0	FALSE
"L06797_s_at"	2934	-4.61015422049814	2894	2986	0	38	0	0	FALSE
"D11327_s_at"	404	2.25519651500989	261	474	0	38	0	0	FALSE
"D12775_s_at"	945	0.98122896832338	749	1098	0	38	0	0	FALSE
"M15465_s_at"	1188	0.519311877005615	706	1430	0	38	0	0	FALSE
"D79206_s_at"	450	2.10799711008524	294	592	0	38	0	0	FALSE
"HG1686-HT4572_s_at"	559	1.7974404432322	448	702	0	38	0	0	FALSE
"D13631_s_at"	2319	-1.77676481348562	2185	2549	0	38	0	0	FALSE
"D13705_s_at"	446	2.1315357483334	345	522	0	38	0	0	FALSE
"HG1400-HT1400_s_at"	2948	-4.77548005289902	2917	2973	0	38	0	0	FALSE
"HG2348-HT2444_s_at"	1066	0.7292275059522	939	1328	0	38	0	0	FALSE
"D14826_s_at"	777	1.33053531580816	697	897	0	38	0	0	FALSE
"S68271_s_at"	1018	0.817666179339707	923	1541	0	38	0	1	FALSE
"X52213_s_at"	931	0.999518100631041	810	1346	0	38	0	0	FALSE
"Z49835_s_at"	139	3.69544500090716	96	172	0	38	0	0	FALSE
"HG4541-HT4946_s_at"	134	3.77228840709154	88	170	0	38	0	0	FALSE
"U00802_s_at"	2379	-1.9545609073955	2288	2452	0	38	0	0	FALSE
"D26156_s_at"	3000	-5.76417565511824	2981	3021	0	38	0	0	FALSE
"D87716_s_at"	2659	-2.88369181485087	2597	2756	0	38	0	0	FALSE
"L15326_s_at"	273	2.8253741765816	238	355	0	38	0	0	FALSE
"D28235_s_at"	286	2.74509205966692	263	382	0	38	0	0	FALSE
"D28473_s_at"	2865	-4.02303269854748	2820	2916	0	38	0	0	FALSE
"X59842_rna1_s_at"	1326	0.270031683873048	1110	1536	0	38	0	2	FALSE
"D29640_s_at"	2434	-2.10137156889182	2311	2721	0	38	0	0	FALSE
"D29675_s_at"	870	1.1203872992655	430	986	0	38	0	0	FALSE
"U34380_rna1_s_at"	918	1.01469541564446	527	1082	0	38	0	0	FALSE
"X68688_rna1_s_at"	342	2.55466733496245	100	445	0	38	0	0	FALSE
"D31840_s_at"	665	1.54672340019459	252	806	0	38	0	0	FALSE
"HG4312-HT4582_s_at"	2623	-2.73243962397931	2509	2730	0	38	0	0	FALSE
"X62153_s_at"	2870	-4.03978680283061	2799	2960	0	38	0	0	FALSE
"U27325_s_at"	1699	-0.400674769794376	988	1838	0	38	0	1	FALSE
"D38251_s_at"	2361	-1.88265893845579	2223	2523	0	38	0	0	FALSE
"U38964_s_at"	2446	-2.16600087224416	2328	2642	0	38	0	0	FALSE
"D42040_s_at"	1599	-0.197985393555551	1315	1845	0	38	0	2	FALSE
"Z84497_s_at"	503	1.9384586152855	261	616	0	38	0	0	FALSE
"D43682_s_at"	63	4.49068520955137	29	114	0	38	0	0	FALSE
"X89109_s_at"	1868	-0.705492939888944	1592	2008	0	38	0	0	FALSE
"M19311_s_at"	2935	-4.61154219289088	2893	3047	0	38	0	0	FALSE
"D49487_s_at"	1422	0.107148399890491	914	1600	0	38	0	7	FALSE
"D49824_s_at"	1277	0.359817050188822	1102	1541	0	38	0	3	FALSE
"L38593_s_at"	369	2.4436789847119	248	469	0	38	0	0	FALSE
"U50079_s_at"	2174	-1.38251876281421	1947	2317	0	38	0	0	FALSE
"U58046_s_at"	2661	-2.88829245827004	2573	2754	0	38	0	0	FALSE
"D63479_s_at"	2703	-3.10799622299222	2651	2782	0	38	0	0	FALSE
"S82447_s_at"	1292	0.325296765266129	1009	1556	0	38	0	2	FALSE
"M96954_s_at"	1330	0.2641113942473	1036	1557	0	38	0	3	FALSE
"Y10807_s_at"	2519	-2.39519899273278	2433	2719	0	38	0	0	FALSE
"D78132_s_at"	953	0.961823887669682	711	1132	0	38	0	0	FALSE
"D78577_s_at"	2771	-3.43853413755937	2714	2841	0	38	0	0	FALSE
"D79984_s_at"	799	1.28321699848258	358	980	0	38	0	0	FALSE
"S78271_s_at"	2355	-1.87603011827303	2237	2494	0	38	0	0	FALSE
"D83260_s_at"	1777	-0.538925641586945	1572	2039	0	38	0	0	FALSE
"D85131_s_at"	1640	-0.280184237954163	1361	1843	0	38	0	2	FALSE
"D86043_s_at"	1606	-0.215895312962092	1353	1982	0	38	0	2	FALSE
"Y10375_s_at"	500	1.94034387408471	327	637	0	38	0	0	FALSE
"U19713_s_at"	105	4.02582023092738	42	152	0	38	0	0	FALSE
"Z35085_s_at"	1365	0.183631872712061	1003	1567	0	38	0	5	FALSE
"U52191_s_at"	2285	-1.66500019136904	2175	2596	0	38	0	0	FALSE
"L33930_s_at"	2985	-5.41770543336912	2965	2996	0	38	0	0	FALSE
"D90070_s_at"	2089	-1.18280893269217	1963	2359	0	38	0	0	FALSE
"J03260_s_at"	1439	0.0787400116635559	1177	1701	0	38	0	9	FALSE
"HG1728-HT1734_s_at"	791	1.30015871795427	624	914	0	38	0	0	FALSE
"X55448_cds1_s_at"	784	1.31674997332286	582	933	0	38	0	0	FALSE
"HG110-HT110_s_at"	2344	-1.84720410761256	2206	2573	0	38	0	0	FALSE
"HG1140-HT4817_s_at"	467	2.06389761481455	241	574	0	38	0	0	FALSE
"HG1322-HT5143_s_at"	2965	-5.10606873713647	2933	3031	0	38	0	0	FALSE
"M25079_s_at"	1930	-0.833089847177581	1661	2063	0	38	0	0	FALSE
"HG1428-HT1428_s_at"	721	1.42797505966063	617	938	0	38	0	0	FALSE
"HG1471-HT3923_s_at"	519	1.896820020749	122	648	0	38	0	0	FALSE
"HG1496-HT1496_s_at"	949	0.974282247441437	865	1509	0	38	0	1	FALSE
"X57351_at"	1865	-0.700852867744208	1508	2014	0	38	0	0	FALSE
"X57351_s_at"	2010	-0.995806217552726	1859	2197	0	38	0	0	FALSE
"HG1595-HT4788_s_at"	1766	-0.514552216005103	1575	2063	0	38	0	0	FALSE
"HG1751-HT1768_at"	1138	0.590316387615831	883	1384	0	38	0	0	FALSE
"U19247_rna1_s_at"	274	2.82108128089084	172	378	0	38	0	0	FALSE
"HG1763-HT1780_s_at"	2007	-0.992732206139163	1842	2182	0	38	0	0	FALSE
"J03915_s_at"	699	1.46701512124942	417	845	0	38	0	0	FALSE
"U43901_rna1_s_at"	1737	-0.472789466795366	1590	2178	0	38	0	0	FALSE
"HG1827-HT1856_s_at"	1311	0.293056247110127	825	1539	0	38	0	1	FALSE
"U24183_s_at"	2229	-1.50758324197347	2077	2553	0	38	0	0	FALSE
"Z26248_s_at"	1222	0.463145871440332	905	1921	0	38	0	1	FALSE
"HG2238-HT2321_s_at"	2044	-1.08430284745894	1937	2437	0	38	0	0	FALSE
"HG4069-HT4339_s_at"	214	3.16513512729996	177	271	0	38	0	0	FALSE
"HG2259-HT2348_s_at"	2117	-1.25685773888339	1928	2381	0	38	0	0	FALSE
"L14778_s_at"	1785	-0.554204489917475	1624	1951	0	38	0	0	FALSE
"HG2479-HT2575_s_at"	2180	-1.39045712757464	1987	2484	0	38	0	0	FALSE
"L08835_rna2_s_at"	2246	-1.54153923746591	2078	2367	0	38	0	0	FALSE
"X06182_s_at"	481	2.02230857603941	347	673	0	38	0	0	FALSE
"U22376_cds2_s_at"	3047	-7.27676441013278	3038	3051	0	38	0	0	FALSE
"HG2639-HT2735_s_at"	109	3.99448879616887	62	139	0	38	0	0	FALSE
"HG2705-HT2801_s_at"	1524	-0.0674177766065214	1281	1816	0	38	0	13	FALSE
"HG274-HT274_s_at"	455	2.09393720190699	241	579	0	38	0	0	FALSE
"HG2797-HT2906_s_at"	1216	0.470095343552459	1003	1564	0	38	0	1	FALSE
"M13452_s_at"	62	4.49554880761202	46	92	0	38	0	0	FALSE
"HG2809-HT2920_s_at"	1270	0.37252652766666	968	1437	0	38	0	0	FALSE
"X04654_s_at"	2674	-2.95315663609835	2559	2763	0	38	0	0	FALSE
"HG2815-HT2931_at"	2455	-2.18373465089561	2376	2607	0	38	0	0	FALSE
"HG2815-HT2931_s_at"	2238	-1.52061109524394	2064	2570	0	38	0	0	FALSE
"HG2981-HT3127_s_at"	77	4.3703479214974	38	114	0	38	0	0	FALSE
"HG2981-HT3125_s_at"	111	3.98558794398668	49	134	0	38	0	0	FALSE
"HG2994-HT4850_s_at"	1334	0.258905973987549	1039	1618	0	38	0	1	FALSE
"U77846_rna1_at"	882	1.09326090558657	622	1032	0	38	0	0	FALSE
"U77846_rna1_s_at"	589	1.72913918557767	385	712	0	38	0	0	FALSE
"L07807_s_at"	429	2.17589521278075	317	554	0	38	0	0	FALSE
"HG3076-HT3238_s_at"	2003	-0.986772418419172	1820	2168	0	38	0	0	FALSE
"X75755_rna1_s_at"	2879	-4.0780320155785	2816	2939	0	38	0	0	FALSE
"HG3107-HT3283_s_at"	1067	0.727586755801389	476	1241	0	38	0	0	FALSE
"HG3148-HT3324_s_at"	1783	-0.551887371083452	1586	2024	0	38	0	0	FALSE
"M31520_rna1_at"	1762	-0.511639481673513	1569	2213	0	38	0	0	FALSE
"U05572_s_at"	237	3.03084927906066	172	335	0	38	0	0	FALSE
"HG3342-HT3519_s_at"	1040	0.782383878564519	702	1275	0	38	0	0	FALSE
"HG3395-HT3573_s_at"	2542	-2.46407928611093	2455	2789	0	38	0	0	FALSE
"HG3417-HT3600_s_at"	692	1.49643782008594	521	884	0	38	0	0	FALSE
"HG3437-HT3628_s_at"	1782	-0.547605890545516	1499	1974	0	38	0	0	FALSE
"HG3484-HT3678_s_at"	1883	-0.739572718610283	1680	2096	0	38	0	0	FALSE
"HG3523-HT4899_s_at"	2049	-1.09008221932557	1900	2423	0	38	0	0	FALSE
"M13929_s_at"	2587	-2.64602696730782	2516	2736	0	38	0	0	FALSE
"J03242_s_at"	1233	0.439583499877608	1016	1600	0	38	0	1	FALSE
"HG3638-HT3849_s_at"	1539	-0.0870289251937966	1333	1861	0	38	0	12	FALSE
"HG371-HT26388_s_at"	624	1.63785466354753	224	787	0	38	0	0	FALSE
"HG3725-HT3981_s_at"	136	3.75930024918835	66	180	0	38	0	0	FALSE
"HG3730-HT4000_s_at"	1011	0.826478579773576	826	1272	0	38	0	0	FALSE
"S80267_s_at"	891	1.08248536932614	674	1118	0	38	0	0	FALSE
"HG3920-HT4521_s_at"	397	2.28596180364587	267	498	0	38	0	0	FALSE
"HG3925-HT4195_s_at"	1379	0.163356134239812	1222	1658	0	38	0	4	FALSE
"X77588_s_at"	2435	-2.10167737499217	2300	2501	0	38	0	0	FALSE
"HG4011-HT4804_s_at"	2001	-0.984243541893599	1764	2166	0	38	0	0	FALSE
"M74509_s_at"	568	1.78143430564456	411	721	0	38	0	0	FALSE
"HG4113-HT4383_s_at"	1791	-0.565148579350103	1431	1935	0	38	0	1	FALSE
"HG417-HT417_s_at"	179	3.38952137148161	104	232	0	38	0	0	FALSE
"U09937_rna1_s_at"	390	2.32151112605	91	496	0	38	0	0	FALSE
"M20867_s_at"	2479	-2.26095729873584	2352	2633	0	38	0	0	FALSE
"HG4264-HT4534_s_at"	473	2.04218050721718	327	617	0	38	0	0	FALSE
"HG4318-HT4588_s_at"	1038	0.78300433226777	804	1234	0	38	0	0	FALSE
"HG4334-HT4604_s_at"	789	1.3051628896585	530	1017	0	38	0	0	FALSE
"HG4535-HT4940_s_at"	130	3.81393731103728	40	179	0	38	0	0	FALSE
"HG4668-HT5083_s_at"	419	2.20697255567964	239	521	0	38	0	0	FALSE
"HG4755-HT5203_s_at"	2646	-2.82241541120023	2565	2923	0	38	0	0	FALSE
"HG4757-HT5207_s_at"	682	1.5097732547302	572	865	0	38	0	0	FALSE
"M79463_s_at"	616	1.65236275309299	381	773	0	38	0	0	FALSE
"HG627-HT5097_s_at"	155	3.59386058396234	103	216	0	38	0	0	FALSE
"HG627-HT5098_s_at"	371	2.43518656338726	239	510	0	38	0	0	FALSE
"HG651-HT5209_s_at"	2389	-1.96580379809692	2315	2674	0	38	0	0	FALSE
"HG721-HT4828_s_at"	1342	0.2329160812699	1057	1650	0	38	0	3	FALSE
"HG880-HT880_at"	1079	0.699220112239219	959	1371	0	38	0	0	FALSE
"L08096_s_at"	1896	-0.759584968124463	1648	2352	0	38	0	0	FALSE
"S76942_s_at"	471	2.04898436648042	300	567	0	38	0	0	FALSE
"HG982-HT982_s_at"	512	1.91770387618065	247	633	0	38	0	0	FALSE
"HG998-HT998_s_at"	1628	-0.264402205038196	1369	1798	0	38	0	4	FALSE
"M97935_s_at"	1601	-0.20236410375278	1305	2019	0	38	0	3	FALSE
"L00022_s_at"	1963	-0.907386546612226	1406	2051	0	38	0	1	FALSE
"S71043_rna1_s_at"	175	3.43321211902414	116	224	0	38	0	0	FALSE
"M87789_s_at"	51	4.84049337957125	36	66	0	38	0	0	FALSE
"J00268_s_at"	2388	-1.96559916839142	2277	2578	0	38	0	0	FALSE
"V00594_at"	876	1.09850143229673	734	1182	0	38	0	0	FALSE
"V00594_s_at"	608	1.67395780295603	425	757	0	38	0	0	FALSE
"J02621_s_at"	2766	-3.40703965420289	2705	2807	0	38	0	0	FALSE
"J02683_s_at"	2540	-2.45582774568008	2459	2649	0	38	0	0	FALSE
"X05130_s_at"	131	3.81061223098804	64	167	0	38	0	0	FALSE
"M29610_s_at"	259	2.90516170990934	201	365	0	38	0	0	FALSE
"U05255_s_at"	363	2.45924975628183	296	504	0	38	0	0	FALSE
"Y00339_s_at"	200	3.2394173411025	152	290	0	38	0	0	FALSE
"U50327_s_at"	575	1.76398438380893	245	801	0	38	0	0	FALSE
"J03077_s_at"	239	3.02613714877598	187	290	0	38	0	0	FALSE
"U07806_s_at"	1750	-0.497284212375022	1295	1944	0	38	0	1	FALSE
"J03263_s_at"	220	3.11580719897578	75	288	0	38	0	0	FALSE
"Y00285_s_at"	2145	-1.31324926220136	1974	2432	0	38	0	0	FALSE
"M26004_s_at"	2535	-2.44192108788253	2445	2598	0	38	0	0	FALSE
"M31551_s_at"	420	2.20646450794828	382	533	0	38	0	0	FALSE
"X57579_s_at"	398	2.28227884559921	292	466	0	38	0	0	FALSE
"U01691_s_at"	1329	0.26576869641041	1045	1636	0	38	0	2	FALSE
"M21119_s_at"	185	3.34721996142236	100	255	0	38	0	0	FALSE
"J03805_s_at"	2658	-2.88325223744306	2566	2914	0	38	0	0	FALSE
"M96233_s_at"	442	2.14380595458392	207	550	0	38	0	0	FALSE
"J05253_s_at"	2062	-1.11930405749686	1848	2238	0	38	0	0	FALSE
"J04029_s_at"	2761	-3.38241454521418	2679	2846	0	38	0	0	FALSE
"J04046_s_at"	1078	0.699671272379905	633	1286	0	38	0	0	FALSE
"M69203_s_at"	517	1.90523965764686	416	658	0	38	0	0	FALSE
"J04130_s_at"	622	1.64325980696132	494	817	0	38	0	0	FALSE
"M61827_rna1_s_at"	600	1.71231220785208	439	796	0	38	0	0	FALSE
"X14684_s_at"	2534	-2.44051021815783	2443	2701	0	38	0	0	FALSE
"J04430_s_at"	2312	-1.76241922451317	2207	2626	0	38	0	0	FALSE
"U75272_s_at"	1567	-0.140981027708645	1231	1831	0	38	0	4	FALSE
"X52979_rna1_s_at"	1929	-0.8271771960432	1767	2325	0	38	0	0	FALSE
"S40719_s_at"	1033	0.7936872982384	628	1231	0	38	0	0	FALSE
"X03689_s_at"	1380	0.163173153490863	1260	2050	0	38	0	3	FALSE
"J05016_rna1_s_at"	914	1.02745083439848	747	1241	0	38	0	0	FALSE
"J05036_s_at"	780	1.32555319764713	651	1002	0	38	0	0	FALSE
"M32304_s_at"	45	4.93849639531162	21	63	0	38	0	0	FALSE
"M34996_s_at"	2169	-1.37205605990673	2000	2341	0	38	0	0	FALSE
"K01160_s_at"	1661	-0.330244552005595	1328	2225	0	38	0	1	FALSE
"K02777_s_at"	2776	-3.46867774352539	2725	2869	0	38	0	0	FALSE
"L00634_s_at"	2943	-4.71877778492968	2919	3015	0	38	0	0	FALSE
"L03411_s_at"	2704	-3.11586620668272	2663	2836	0	38	0	0	FALSE
"U09851_s_at"	2520	-2.39940459379345	2428	2749	0	38	0	0	FALSE
"L05072_s_at"	1245	0.415992916399664	856	1474	0	38	0	0	FALSE
"M26665_s_at"	942	0.985701000357512	587	1094	0	38	0	0	FALSE
"L05624_s_at"	619	1.64620070306258	413	780	0	38	0	0	FALSE
"S57212_s_at"	2515	-2.3788031488241	2419	2715	0	38	0	0	FALSE
"L09209_s_at"	5	7.96552791357062	3	9	38	38	1	0	TRUE
"X70940_s_at"	1885	-0.741080383316686	1665	2080	0	38	0	0	FALSE
"U89922_s_at"	2893	-4.21278299956106	2854	2990	0	38	0	0	FALSE
"L12711_s_at"	855	1.1403722173339	639	1060	0	38	0	0	FALSE
"L13939_s_at"	1437	0.0829344018578583	1129	1591	0	38	0	9	FALSE
"X67235_s_at"	1112	0.642317034094701	930	1388	0	38	0	0	FALSE
"U33838_s_at"	343	2.55382354083054	124	420	0	38	0	0	FALSE
"Z22951_rna1_s_at"	790	1.30105728302349	578	930	0	38	0	0	FALSE
"L19493_s_at"	2066	-1.12938871941681	1936	2282	0	38	0	0	FALSE
"U11875_s_at"	907	1.04212301281366	670	1069	0	38	0	0	FALSE
"X64624_s_at"	2194	-1.424478133226	2076	2785	0	38	0	0	FALSE
"U59632_s_at"	245	3.01283554639685	156	306	0	38	0	0	FALSE
"L23333_s_at"	526	1.87807950064325	367	643	0	38	0	0	FALSE
"M27394_s_at"	2443	-2.13993710774569	2345	2481	0	38	0	0	FALSE
"M60974_s_at"	485	2.00209742032792	370	593	0	38	0	0	FALSE
"L24774_s_at"	764	1.35096759681456	377	897	0	38	0	0	FALSE
"L25931_s_at"	2992	-5.57608416017664	2968	3024	0	38	0	0	FALSE
"S69265_s_at"	1130	0.608728260929865	791	1303	0	38	0	0	FALSE
"M96995_s_at"	773	1.33351096151575	318	1003	0	38	0	0	FALSE
"S77893_s_at"	400	2.2689228216692	340	568	0	38	0	0	FALSE
"L32831_s_at"	447	2.12868208391625	331	592	0	38	0	0	FALSE
"S75578_s_at"	1413	0.121246394811309	1120	1568	0	38	0	10	FALSE
"U80226_s_at"	425	2.18595532528469	295	521	0	38	0	0	FALSE
"L35249_s_at"	489	1.98242353266624	332	628	0	38	0	0	FALSE
"L46720_s_at"	1432	0.0873167788155383	1084	1703	0	38	0	11	FALSE
"X95097_rna1_s_at"	2207	-1.45007152327007	2056	2531	0	38	0	0	FALSE
"L37360_s_at"	1936	-0.847138724573641	1754	2158	0	38	0	0	FALSE
"M34458_rna1_s_at"	2942	-4.71003186327424	2907	2982	0	38	0	0	FALSE
"L38490_s_at"	1376	0.16568607031351	576	1514	0	38	0	4	FALSE
"U32986_s_at"	2244	-1.5369913128556	2087	2382	0	38	0	0	FALSE
"L40386_s_at"	1345	0.228018496377474	1161	1683	0	38	0	2	FALSE
"U61734_s_at"	194	3.28526051032533	75	240	0	38	0	0	FALSE
"U43185_s_at"	825	1.22481236131789	526	1035	0	38	0	0	FALSE
"M97347_s_at"	1952	-0.8883316232643	1721	2245	0	38	0	0	FALSE
"L42374_s_at"	987	0.89821470329759	793	1172	0	38	0	0	FALSE
"L43575_s_at"	805	1.2734007283343	309	991	0	38	0	0	FALSE
"L43579_s_at"	94	4.14721007295	20	138	1	38	0.0263157894736842	0	FALSE
"L44140_cds4_s_at"	617	1.65220098552572	522	772	0	38	0	0	FALSE
"L47276_s_at"	2492	-2.28071327657248	2375	2638	0	38	0	0	FALSE
"Y08765_s_at"	456	2.09279628014926	267	562	0	38	0	0	FALSE
"Y08766_s_at"	797	1.28664128326737	506	953	0	38	0	0	FALSE
"X62891_s_at"	1993	-0.96884261774539	1518	2070	0	38	0	0	FALSE
"X05855_s_at"	2802	-3.61818315044381	2741	2882	0	38	0	0	FALSE
"X07438_s_at"	168	3.5103025980828	95	214	0	38	0	0	FALSE
"X02875_s_at"	1540	-0.087038598075355	1288	1875	0	38	0	8	FALSE
"M12959_s_at"	3038	-6.76008537752755	3026	3048	0	38	0	0	FALSE
"M13560_s_at"	845	1.16329457516313	385	1014	0	38	0	0	FALSE
"M13690_s_at"	72	4.40916110769465	49	113	0	38	0	0	FALSE
"M13829_s_at"	1003	0.852439979614601	863	1289	0	38	0	0	FALSE
"M34353_s_at"	1448	0.06473575693489	1171	1737	0	38	0	11	FALSE
"M13994_s_at"	795	1.29183187225383	586	972	0	38	0	0	FALSE
"M60891_s_at"	584	1.74418360162101	503	833	0	38	0	0	FALSE
"M14328_s_at"	580	1.75255405437845	231	706	0	38	0	0	FALSE
"M16336_s_at"	2866	-4.02776292169128	2818	2900	0	38	0	0	FALSE
"X04602_s_at"	534	1.8582732339308	473	694	0	38	0	0	FALSE
"Y00081_s_at"	511	1.91786054581853	462	652	0	38	0	0	FALSE
"X64072_s_at"	49	4.85883458983939	5	68	1	38	0.0263157894736842	0	FALSE
"M36429_s_at"	2023	-1.01920523064912	1738	2259	0	38	0	0	FALSE
"M16591_s_at"	820	1.23334908167545	688	1065	0	38	0	0	FALSE
"M16652_at"	669	1.53429638140083	486	831	0	38	0	0	FALSE
"M16707_rna1_s_at"	1889	-0.748050946051846	1734	2410	0	38	0	0	FALSE
"M16750_s_at"	160	3.56428206736292	42	212	0	38	0	0	FALSE
"M16938_s_at"	1116	0.633098099608075	607	1250	0	38	0	0	FALSE
"M28130_rna1_s_at"	17	6.32170283696108	3	32	30	38	0.789473684210526	0	TRUE
"Y00787_s_at"	8	6.86557886432735	2	21	37	38	0.973684210526316	0	TRUE
"M17236_at"	1170	0.544231358516198	988	1581	0	38	0	1	FALSE
"M17254_s_at"	2064	-1.11984085187721	1901	2584	0	38	0	0	FALSE
"Y00414_s_at"	188	3.31622389150967	125	246	0	38	0	0	FALSE
"M18255_cds2_s_at"	2645	-2.81980506283636	2518	2833	0	38	0	0	FALSE
"M19508_xpt3_s_at"	177	3.41323103948485	83	248	0	38	0	0	FALSE
"M27783_s_at"	34	5.32661967823202	22	50	0	38	0	0	FALSE
"M20203_s_at"	180	3.38729123698725	135	238	0	38	0	0	FALSE
"M26311_s_at"	341	2.55519797452224	222	436	0	38	0	0	FALSE
"M84371_rna1_s_at"	2975	-5.27719586600331	2954	3004	0	38	0	0	FALSE
"M26692_s_at"	2530	-2.43566552350075	2444	2593	0	38	0	0	FALSE
"M26730_s_at"	1666	-0.335209843583257	1395	1985	0	38	0	2	FALSE
"M22348_s_at"	1482	0.0134744468653996	1124	1633	0	38	0	19	FALSE
"M23323_s_at"	2305	-1.71708538211207	2202	2422	0	38	0	0	FALSE
"Z68228_s_at"	1776	-0.538104074271421	1648	1995	0	38	0	0	FALSE
"X95325_s_at"	1283	0.34837337850991	1039	1472	0	38	0	1	FALSE
"M24485_s_at"	421	2.20099171690369	199	584	0	38	0	0	FALSE
"M54915_s_at"	213	3.16849772542317	34	283	0	38	0	0	FALSE
"U16799_s_at"	1790	-0.562459209721	1525	2283	0	38	0	0	FALSE
"M31776_s_at"	2458	-2.18580567195503	2368	2613	0	38	0	0	FALSE
"M26041_s_at"	1065	0.730498117987945	701	1307	0	38	0	0	FALSE
"Z80345_rna1_s_at"	1681	-0.366725703262179	1544	2501	0	38	0	0	FALSE
"M27504_s_at"	2912	-4.34697243830176	2877	2986	0	38	0	0	FALSE
"X60003_s_at"	2069	-1.14168393713061	1858	2262	0	38	0	0	FALSE
"S72493_s_at"	774	1.33270198720296	310	929	0	38	0	0	FALSE
"M29277_at"	664	1.54747995656909	334	785	0	38	0	0	FALSE
"M29277_s_at"	1957	-0.898603593133994	1796	2441	0	38	0	0	FALSE
"M28882_s_at"	1576	-0.155861069513998	1375	1865	0	38	0	5	FALSE
"U20734_s_at"	316	2.67245369275967	128	391	0	38	0	0	FALSE
"Z47055_s_at"	2814	-3.72039172930407	2774	2869	0	38	0	0	FALSE
"M29932_s_at"	535	1.85719822572147	371	668	0	38	0	0	FALSE
"M29994_s_at"	755	1.36176825699924	303	908	0	38	0	0	FALSE
"M33493_s_at"	411	2.22316469680033	335	582	0	38	0	0	FALSE
"M30448_s_at"	1428	0.0947555205473901	1162	1679	0	38	0	12	FALSE
"M30703_s_at"	243	3.01898247338267	194	329	0	38	0	0	FALSE
"M74587_rna1_s_at"	1610	-0.230830036016004	1385	1825	0	38	0	3	FALSE
"X97748_s_at"	154	3.60597257630026	121	201	0	38	0	0	FALSE
"M31169_s_at"	851	1.15498916598331	443	1034	0	38	0	0	FALSE
"M31211_s_at"	3037	-6.70712240805833	3022	3046	0	38	0	0	FALSE
"U05681_s_at"	93	4.17994030910599	51	112	0	38	0	0	FALSE
"M32879_at"	2181	-1.39248914261987	2080	2779	0	38	0	0	FALSE
"M32879_s_at"	1723	-0.44695560260976	1525	2038	0	38	0	0	FALSE
"M58286_s_at"	2402	-2.01127674357205	2309	2463	0	38	0	0	FALSE
"M34338_s_at"	1548	-0.0984214913988539	1176	1734	0	38	0	9	FALSE
"S37730_s_at"	1992	-0.968717017671756	1865	2664	0	38	0	0	FALSE
"U50648_s_at"	1030	0.800548714933631	842	1271	0	38	0	0	FALSE
"X13955_s_at"	765	1.35017459544321	685	1076	0	38	0	0	FALSE
"M36284_s_at"	843	1.16967615622306	560	1068	0	38	0	0	FALSE
"M36542_s_at"	531	1.87222022123876	350	638	0	38	0	0	FALSE
"X13810_s_at"	340	2.56581594538652	227	421	0	38	0	0	FALSE
"M57731_s_at"	79	4.34485773488965	52	114	0	38	0	0	FALSE
"X53800_s_at"	367	2.44669135541137	321	458	0	38	0	0	FALSE
"M37238_s_at"	2124	-1.2684942034041	1946	2314	0	38	0	0	FALSE
"M37457_at"	2090	-1.1863008417846	1869	2231	0	38	0	0	FALSE
"M38449_s_at"	324	2.62825008988603	92	402	0	38	0	0	FALSE
"M86933_s_at"	1516	-0.0534095896237259	1358	1914	0	38	0	15	FALSE
"M55513_s_at"	2414	-2.05557715842401	2317	2530	0	38	0	0	FALSE
"M57466_s_at"	1259	0.396393180402278	964	1418	0	38	0	0	FALSE
"U16720_rna1_s_at"	1100	0.660879865509657	814	1349	0	38	0	0	FALSE
"X13461_s_at"	1013	0.825315173339562	363	1146	0	38	0	0	FALSE
"M58525_s_at"	1253	0.40718276225664	712	1415	0	38	0	0	FALSE
"X52282_s_at"	883	1.09246807666787	722	1217	0	38	0	0	FALSE
"M60284_s_at"	1464	0.0292298546200377	1271	1684	0	38	0	14	FALSE
"M60483_rna1_s_at"	2459	-2.18939396774267	2344	2612	0	38	0	0	FALSE
"X69950_s_at"	1748	-0.493549830037779	1605	1979	0	38	0	0	FALSE
"M60784_s_at"	2497	-2.29698758663568	2391	2595	0	38	0	0	FALSE
"M61826_s_at"	582	1.74814531540631	449	767	0	38	0	0	FALSE
"M61832_s_at"	1255	0.403741213495877	804	1457	0	38	0	0	FALSE
"M62403_s_at"	2177	-1.38670830729921	2026	2391	0	38	0	0	FALSE
"M62628_s_at"	1880	-0.729162372353074	1702	2065	0	38	0	0	FALSE
"M63438_s_at"	35	5.26903580481583	23	45	0	38	0	0	FALSE
"M92843_s_at"	675	1.52350573132287	337	874	0	38	0	0	FALSE
"M63838_s_at"	2953	-4.85172836055759	2897	3031	0	38	0	0	FALSE
"Z26491_s_at"	1715	-0.438165989270973	1340	1917	0	38	0	1	FALSE
"M72885_rna1_s_at"	380	2.38681341294985	325	491	0	38	0	0	FALSE
"X63131_s_at"	819	1.23624088587538	705	1119	0	38	0	0	FALSE
"M74715_s_at"	257	2.91256002751008	186	307	0	38	0	0	FALSE
"U04285_s_at"	1265	0.386974643149307	1025	1569	0	38	0	1	FALSE
"Z31690_s_at"	902	1.05732431409489	701	1208	0	38	0	0	FALSE
"M75715_s_at"	86	4.23849825095432	37	122	0	38	0	0	FALSE
"M77348_rna1_s_at"	1337	0.252455154528554	1160	1594	0	38	0	2	FALSE
"X90824_s_at"	1127	0.6105477223294	587	1291	0	38	0	0	FALSE
"M80397_s_at"	1553	-0.108734043290947	1356	1875	0	38	0	6	FALSE
"X62083_s_at"	2275	-1.62591443617626	2073	2426	0	38	0	0	FALSE
"M81181_s_at"	1224	0.458442695157078	1044	1517	0	38	0	1	FALSE
"M81695_s_at"	25	5.89257670021485	9	38	3	38	0.0789473684210526	0	FALSE
"M83652_s_at"	39	5.1280418021766	13	60	2	38	0.0526315789473684	0	FALSE
"X62534_s_at"	2120	-1.26031882480313	1958	2342	0	38	0	0	FALSE
"M83667_rna1_s_at"	78	4.34813180971044	41	119	0	38	0	0	FALSE
"S54005_s_at"	2880	-4.09436878704381	2824	2941	0	38	0	0	FALSE
"S57132_s_at"	1251	0.41043626206993	1045	1492	0	38	0	1	FALSE
"X75091_s_at"	2252	-1.55783890888892	2090	2491	0	38	0	0	FALSE
"M94172_s_at"	932	0.99854875972581	694	1102	0	38	0	0	FALSE
"Y10141_s_at"	1784	-0.553860113744945	1604	2004	0	38	0	0	FALSE
"X68985_s_at"	976	0.92159021397532	800	1106	0	38	0	0	FALSE
"M97796_s_at"	1002	0.854085892775835	603	1175	0	38	0	0	FALSE
"X59303_s_at"	1836	-0.647785026664717	1584	2065	0	38	0	0	FALSE
"M98399_s_at"	75	4.38649928075588	34	127	0	38	0	0	FALSE
"X66142_s_at"	1926	-0.819098016423337	1447	2038	0	38	0	1	FALSE
"X57809_s_at"	430	2.17132987082216	295	532	0	38	0	0	FALSE
"X65784_s_at"	2094	-1.19731503780179	1938	2249	0	38	0	0	FALSE
"S56151_s_at"	683	1.50946452253995	440	815	0	38	0	0	FALSE
"S69272_s_at"	434	2.16433019150161	239	544	0	38	0	0	FALSE
"X51362_s_at"	1306	0.307172265951042	1030	1534	0	38	0	2	FALSE
"S72024_s_at"	497	1.95669921465603	360	670	0	38	0	0	FALSE
"S72503_s_at"	1167	0.546936295963779	490	1362	0	38	0	0	FALSE
"S73885_s_at"	2632	-2.75570301384966	2487	2802	0	38	0	0	FALSE
"U31929_s_at"	1318	0.281878572008762	907	1542	0	38	0	2	FALSE
"U33052_s_at"	889	1.0859296204919	652	1187	0	38	0	0	FALSE
"S77154_s_at"	254	2.94964258570958	171	305	0	38	0	0	FALSE
"S79219_s_at"	1946	-0.87505191955665	1776	2170	0	38	0	0	FALSE
"S79873_s_at"	957	0.95654003763831	713	1195	0	38	0	0	FALSE
"S80437_s_at"	2395	-1.99820025083639	2269	2571	0	38	0	0	FALSE
"X58199_s_at"	572	1.77152399887404	237	715	0	38	0	0	FALSE
"S81243_s_at"	280	2.79528231064128	89	356	0	38	0	0	FALSE
"S81264_s_at"	1157	0.557085090371815	794	1424	0	38	0	0	FALSE
"S82597_rna1_s_at"	1132	0.604605467187156	954	1437	0	38	0	0	FALSE
"S83362_s_at"	968	0.936411797389777	715	1151	0	38	0	0	FALSE
"U04806_s_at"	1102	0.656290043596369	841	1356	0	38	0	0	FALSE
"X73358_s_at"	2418	-2.06175308188189	2318	2635	0	38	0	0	FALSE
"U06155_s_at"	2135	-1.29818129541421	1997	2212	0	38	0	0	FALSE
"U51010_s_at"	2438	-2.11278687848328	2338	2674	0	38	0	0	FALSE
"U18271_cds3_s_at"	2966	-5.10889794961286	2954	2996	0	38	0	0	FALSE
"U09178_s_at"	2786	-3.54267664569411	2745	2869	0	38	0	0	FALSE
"U09510_s_at"	1238	0.432300293327192	1079	1560	0	38	0	1	FALSE
"U09716_s_at"	1969	-0.919645395882035	1796	2190	0	38	0	0	FALSE
"U09820_s_at"	2554	-2.50849323601173	2411	2696	0	38	0	0	FALSE
"X75346_s_at"	266	2.86018453626594	158	345	0	38	0	0	FALSE
"X91911_s_at"	149	3.64013261797748	76	209	0	38	0	0	FALSE
"X84213_s_at"	1427	0.100770070722824	1122	1565	0	38	0	10	FALSE
"X74301_s_at"	2944	-4.72889950724517	2918	2965	0	38	0	0	FALSE
"U19252_s_at"	779	1.32897049146405	569	929	0	38	0	0	FALSE
"U22431_s_at"	1028	0.80221360142079	742	1196	0	38	0	0	FALSE
"U22970_rna1_s_at"	1994	-0.970003811976004	1754	2194	0	38	0	0	FALSE
"U23852_s_at"	2867	-4.03423382042583	2819	2908	0	38	0	0	FALSE
"U25034_s_at"	794	1.29297529885816	639	942	0	38	0	0	FALSE
"U26173_s_at"	64	4.48909539601244	22	91	0	38	0	0	FALSE
"U26266_s_at"	3039	-6.84787530995967	3027	3051	0	38	0	0	FALSE
"U26312_s_at"	2621	-2.73013396174978	2514	2896	0	38	0	0	FALSE
"U75276_s_at"	2842	-3.8716386264141	2804	2969	0	38	0	0	FALSE
"Z50115_s_at"	2650	-2.85111557015608	2556	2713	0	38	0	0	FALSE
"U30827_s_at"	1842	-0.661839452519059	1561	2018	0	38	0	0	FALSE
"U45328_s_at"	1851	-0.668924000656825	1586	2039	0	38	0	0	FALSE
"U31903_s_at"	1781	-0.547130893063632	1338	1976	0	38	0	1	FALSE
"U41068_cds2_s_at"	985	0.898713811905174	799	1185	0	38	0	0	FALSE
"U32674_s_at"	1353	0.210573052107595	1168	1675	0	38	0	3	FALSE
"U43203_s_at"	1098	0.666824838404586	854	1551	0	38	0	1	FALSE
"X82850_s_at"	854	1.14594250046458	686	1100	0	38	0	0	FALSE
"U67092_s_at"	693	1.49496157436897	320	787	0	38	0	0	FALSE
"X85116_rna1_s_at"	23	5.98730080843087	8	36	6	38	0.157894736842105	0	FALSE
"U33936_s_at"	1627	-0.261750170890075	1414	1970	0	38	0	1	FALSE
"U35835_s_at"	2721	-3.19740953917984	2675	2850	0	38	0	0	FALSE
"U36759_s_at"	1241	0.426502453596014	916	1454	0	38	0	0	FALSE
"Z69030_s_at"	2601	-2.67067002042357	2518	2749	0	38	0	0	FALSE
"X85137_s_at"	2333	-1.82091530304583	2239	2494	0	38	0	0	FALSE
"U76366_s_at"	1772	-0.53376822828392	1630	2061	0	38	0	0	FALSE
"U41315_rna1_s_at"	435	2.1628258317282	343	612	0	38	0	0	FALSE
"U41767_s_at"	52	4.77456414851051	33	78	0	38	0	0	FALSE
"X96506_s_at"	586	1.74078882880017	457	701	0	38	0	0	FALSE
"U51333_s_at"	823	1.22918873452875	482	997	0	38	0	0	FALSE
"U43189_s_at"	714	1.44247478624777	516	889	0	38	0	0	FALSE
"U43916_s_at"	457	2.08708185700992	397	609	0	38	0	0	FALSE
"U44799_s_at"	1669	-0.346366448073998	1465	2025	0	38	0	1	FALSE
"U45448_s_at"	1280	0.35483336342388	530	1439	0	38	0	0	FALSE
"U47686_s_at"	2445	-2.16241012963768	2367	2709	0	38	0	0	FALSE
"U49020_cds2_s_at"	3029	-6.27568949815418	3018	3034	0	38	0	0	FALSE
"Z49148_s_at"	1336	0.253911506231559	1164	1754	0	38	0	3	FALSE
"U49835_s_at"	2373	-1.92830289712514	2285	2501	0	38	0	0	FALSE
"U52077_s_at"	1377	0.165362258881496	1080	1627	0	38	0	5	FALSE
"U52696_s_at"	2156	-1.35003820477587	1991	2390	0	38	0	0	FALSE
"Z54367_s_at"	290	2.73312832959397	77	380	0	38	0	0	FALSE
"U54644_s_at"	947	0.976884411471962	639	1126	0	38	0	0	FALSE
"U66711_rna1_s_at"	822	1.2300366107698	572	987	0	38	0	0	FALSE
"U57971_s_at"	219	3.1211232978082	156	262	0	38	0	0	FALSE
"U59831_rna1_s_at"	1027	0.802540611799018	612	1193	0	38	0	0	FALSE
"U69140_s_at"	1603	-0.208103288784132	1233	2005	0	38	0	3	FALSE
"U61276_s_at"	462	2.07314556581967	361	575	0	38	0	0	FALSE
"U67122_s_at"	1967	-0.91085339158998	1744	2180	0	38	0	0	FALSE
"U61397_s_at"	2735	-3.28081725447756	2678	2854	0	38	0	0	FALSE
"U79261_s_at"	896	1.06813704331288	754	1220	0	38	0	0	FALSE
"X56687_s_at"	2682	-2.99124397583572	2596	2958	0	38	0	0	FALSE
"X00437_s_at"	2420	-2.06982509339715	2336	2716	0	38	0	0	FALSE
"U70064_s_at"	1908	-0.785080261238597	1637	2082	0	38	0	0	FALSE
"Z48501_s_at"	99	4.09085622680755	66	126	0	38	0	0	FALSE
"U69126_s_at"	719	1.43167029953055	270	869	0	38	0	0	FALSE
"U70439_s_at"	1274	0.362263581974691	1097	1588	0	38	0	1	FALSE
"U72509_s_at"	992	0.872959576276501	661	1168	0	38	0	0	FALSE
"U72936_s_at"	3043	-7.07476270834987	3032	3049	0	38	0	0	FALSE
"U73477_s_at"	861	1.13480656649276	362	1047	0	38	0	0	FALSE
"Y09392_s_at"	1577	-0.15601801986651	1347	1809	0	38	0	8	FALSE
"U79528_s_at"	2012	-0.999164242213542	1782	2161	0	38	0	0	FALSE
"U76764_s_at"	1207	0.487012180833964	900	1372	0	38	0	0	FALSE
"U82108_s_at"	163	3.54518271966659	107	196	0	38	0	0	FALSE
"U83598_at"	1206	0.488292749134046	1012	1408	0	38	0	0	FALSE
"U86759_s_at"	879	1.09452248625844	729	1070	0	38	0	0	FALSE
"U90543_s_at"	742	1.38569718820467	483	981	0	38	0	0	FALSE
"U90552_s_at"	2951	-4.81446747249655	2903	2993	0	38	0	0	FALSE
"X12530_s_at"	2565	-2.55604113489445	2490	2609	0	38	0	0	FALSE
"X65965_s_at"	302	2.70696790317131	240	398	0	38	0	0	FALSE
"X15729_s_at"	2365	-1.89963040689818	2253	2604	0	38	0	0	FALSE
"X70944_s_at"	1655	-0.310522252595595	1236	1850	0	38	0	2	FALSE
"X53296_s_at"	162	3.54564749149028	104	209	0	38	0	0	FALSE
"X61755_rna1_s_at"	1307	0.305777951604854	1112	2097	0	38	0	1	FALSE
"X53390_s_at"	2243	-1.53351638232017	2110	2436	0	38	0	0	FALSE
"X55037_s_at"	1825	-0.618564375569917	1647	1965	0	38	0	0	FALSE
"Y00451_s_at"	224	3.09383366556114	173	290	0	38	0	0	FALSE
"X58431_rna2_s_at"	71	4.41427617831265	41	104	0	38	0	0	FALSE
"X59932_s_at"	2260	-1.57251674048578	2133	2509	0	38	0	0	FALSE
"X74874_rna1_s_at"	895	1.06992003231383	688	1114	0	38	0	0	FALSE
"X83492_at"	815	1.25337676411021	452	962	0	38	0	0	FALSE
"X89101_s_at"	143	3.68039310021031	29	212	0	38	0	0	FALSE
"X66276_s_at"	662	1.55171127848037	425	799	0	38	0	0	FALSE
"Z25521_s_at"	2404	-2.01851111713069	2296	2642	0	38	0	0	FALSE
"X76223_s_at"	2665	-2.89798279322441	2585	2695	0	38	0	0	FALSE
"X79200_at"	1343	0.230061669337478	893	1518	0	38	0	2	FALSE
"X97267_rna1_s_at"	2921	-4.42064296673846	2869	2960	0	38	0	0	FALSE
"X82206_s_at"	614	1.66134706392322	483	754	0	38	0	0	FALSE
"Z49825_s_at"	828	1.21821316357533	457	988	0	38	0	0	FALSE
"Z69043_s_at"	1652	-0.306429384661083	1447	1946	0	38	0	3	FALSE
"X90846_at"	973	0.92832030855913	578	1134	0	38	0	0	FALSE
"X98534_s_at"	452	2.10663638560659	319	567	0	38	0	0	FALSE
"Z11899_s_at"	1361	0.193731532160294	1062	1570	0	38	0	4	FALSE
"Z35402_rna1_s_at"	1414	0.120200940956114	1270	1738	0	38	0	8	FALSE
"AF000424_s_at"	703	1.46016532969963	418	874	0	38	0	0	FALSE
"U46006_s_at"	2805	-3.64187967209656	2756	2833	0	38	0	0	FALSE
"HG3546-HT3744_s_at"	2933	-4.60575308841767	2906	2997	0	38	0	0	FALSE
"K02882_cds1_s_at"	2127	-1.27839793606548	1954	2372	0	38	0	0	FALSE
"M36430_s_at"	1698	-0.400479757756831	1350	1902	0	38	0	1	FALSE
"M95936_s_at"	1509	-0.0399371852254994	1007	1733	0	38	0	10	FALSE
"S82297_at"	1686	-0.382625645671277	1520	2008	0	38	0	0	FALSE
"X89399_s_at"	2345	-1.85032744085586	2219	2563	0	38	0	0	FALSE
"M21305_at"	1920	-0.807874640975109	1771	2229	0	38	0	0	FALSE
"HG2147-HT2217_r_at"	1124	0.612792919312685	985	1464	0	38	0	1	FALSE
"HG2239-HT2324_r_at"	781	1.32327201386806	637	952	0	38	0	0	FALSE
"HG3033-HT3194_r_at"	1214	0.476098949200351	678	1387	0	38	0	0	FALSE
"HG3565-HT3768_r_at"	659	1.56235191339424	429	829	0	38	0	0	FALSE
"HG4557-HT4962_at"	2133	-1.29152178474383	1999	2331	0	38	0	0	FALSE
"HG4557-HT4962_r_at"	1630	-0.26757858874964	1386	1812	0	38	0	4	FALSE
"L11672_at"	2637	-2.77908426839761	2493	2847	0	38	0	0	FALSE
"L11672_r_at"	2794	-3.58616190097101	2707	2887	0	38	0	0	FALSE
"M21388_r_at"	147	3.66294619173485	80	176	0	38	0	0	FALSE
"M55422_at"	840	1.171298376394	531	990	0	38	0	0	FALSE
"U57341_at"	289	2.73773041179039	206	396	0	38	0	0	FALSE
"U90546_at"	2825	-3.78243717380498	2781	2863	0	38	0	0	FALSE
"X87344_cds10_at"	1244	0.424115551659519	1003	1513	0	38	0	1	FALSE
"X87344_cds10_r_at"	1746	-0.487943835617849	1537	1952	0	38	0	0	FALSE
"X94563_xpt2_r_at"	1091	0.673696586594151	830	1432	0	38	0	0	FALSE
"Z46632_r_at"	920	1.01289794443535	857	1404	0	38	0	0	FALSE
"AF001359_f_at"	1761	-0.511095237788941	1617	2159	0	38	0	0	FALSE
"HG2148-HT2218_f_at"	1827	-0.628060755809501	1648	2049	0	38	0	0	FALSE
"HG3236-HT3413_f_at"	969	0.935834345373908	703	1124	0	38	0	0	FALSE
"HG3576-HT3779_f_at"	652	1.58385779791141	203	751	0	38	0	0	FALSE
"HG3597-HT3800_f_at"	934	0.996677835794361	726	1177	0	38	0	0	FALSE
"HG3921-HT4191_f_at"	389	2.34355462179145	291	525	0	38	0	0	FALSE
"HG688-HT688_f_at"	258	2.90648600021261	169	313	0	38	0	0	FALSE
"J02982_f_at"	287	2.74326782024842	147	409	0	38	0	0	FALSE
"J03801_f_at"	24	5.91723870828527	13	29	1	38	0.0263157894736842	0	FALSE
"M19045_f_at"	18	6.25138994997569	12	23	28	38	0.736842105263158	0	TRUE
"X14008_rna1_f_at"	30	5.61803473941415	20	38	1	38	0.0263157894736842	0	FALSE
"X59244_f_at"	1808	-0.584413976357947	1397	1959	0	38	0	1	FALSE
"D17793_at"	339	2.57290980688885	247	466	0	38	0	0	FALSE
"D38024_at"	2437	-2.10926827919092	2328	2765	0	38	0	0	FALSE
"D49728_at"	588	1.7310652975796	353	724	0	38	0	0	FALSE
"HG1980-HT2023_at"	431	2.17041358633678	297	524	0	38	0	0	FALSE
"HG3636-HT3846_at"	439	2.1531525271758	332	523	0	38	0	0	FALSE
"HG4322-HT4592_at"	706	1.45540463039277	571	961	0	38	0	0	FALSE
"HG4593-HT4998_at"	1261	0.395258198345341	1071	1484	0	38	0	0	FALSE
"HG881-HT881_at"	401	2.26881331982909	210	497	0	38	0	0	FALSE
"L05187_at"	1123	0.615982275458357	953	1367	0	38	0	0	FALSE
"L08010_at"	1148	0.574052676924561	1043	1708	0	38	0	1	FALSE
"L13740_at"	1467	0.0257794528886995	1292	1965	0	38	0	20	FALSE
"M10942_at"	1617	-0.246475423699663	1442	1820	0	38	0	5	FALSE
"M12125_at"	2201	-1.44132863013777	2041	2308	0	38	0	0	FALSE
"M13485_at"	40	5.04954364444691	30	55	0	38	0	0	FALSE
"M30838_at"	1621	-0.250617002290027	1372	1871	0	38	0	3	FALSE
"M31523_at"	3051	-7.54834779503368	3043	3051	0	38	0	0	FALSE
"M31932_at"	778	1.32958597556337	545	938	0	38	0	0	FALSE
"M32578_at"	262	2.89729587149961	179	335	0	38	0	0	FALSE
"M60746_at"	960	0.951434288487007	620	1094	0	38	0	0	FALSE
"M99439_at"	1254	0.403812899491993	993	1420	0	38	0	0	FALSE
"S72043_rna1_at"	956	0.958127686510137	779	1118	0	38	0	0	FALSE
"U01317_cds4_at"	207	3.19794763714494	115	288	0	38	0	0	FALSE
"U03858_at"	1364	0.188965684796302	1059	1665	0	38	0	2	FALSE
"U19765_at"	2523	-2.41542433601982	2431	2694	0	38	0	0	FALSE
"U24685_at"	2125	-1.26986858429179	1961	2317	0	38	0	0	FALSE
"U25975_at"	1619	-0.249411348496506	1395	1930	0	38	0	2	FALSE
"U27460_at"	3014	-6.02879467302044	3003	3032	0	38	0	0	FALSE
"U28014_at"	941	0.986144137237393	727	1117	0	38	0	0	FALSE
"U40279_at"	178	3.39939014012473	45	243	0	38	0	0	FALSE
"U66061_cds3_at"	466	2.06711748032043	362	599	0	38	0	0	FALSE
"U76388_at"	428	2.17863655926217	271	531	0	38	0	0	FALSE
"U84388_at"	2954	-4.86278630070039	2932	2971	0	38	0	0	FALSE
"U92027_at"	1798	-0.57177822784464	1514	1992	0	38	0	0	FALSE
"X01703_at"	2105	-1.22232604225841	1933	2307	0	38	0	0	FALSE
"X16546_at"	50	4.8454485944913	29	72	0	38	0	0	FALSE
"X17093_at"	2647	-2.82553593286609	2551	2746	0	38	0	0	FALSE
"X55989_rna1_at"	1019	0.813807928906407	861	1282	0	38	0	0	FALSE
"X58399_at"	2570	-2.57031641629606	2506	2704	0	38	0	0	FALSE
"X69115_at"	1063	0.733261463788436	769	1330	0	38	0	0	FALSE
"X69654_at"	1711	-0.433808056916512	1500	2053	0	38	0	0	FALSE
"X72475_at"	256	2.92134814840475	159	319	0	38	0	0	FALSE
"X87211_at"	707	1.45528248200999	556	925	0	38	0	0	FALSE
"X90530_at"	461	2.07427939179792	352	558	0	38	0	0	FALSE
"X98296_at"	1384	0.154143851187198	1006	1628	0	38	0	8	FALSE
"Z30643_at"	374	2.40731793862765	235	445	0	38	0	0	FALSE
"Z30644_at"	102	4.05514400045571	74	143	0	38	0	0	FALSE
"Z49105_at"	1722	-0.446246465710311	1422	1895	0	38	0	2	FALSE
"Z80783_at"	787	1.31090243683005	523	905	0	38	0	0	FALSE
"Z80787_at"	690	1.49883706405405	489	830	0	38	0	0	FALSE
"J00314_at"	2311	-1.75767463876278	2186	2448	0	38	0	0	FALSE
"L08904_at"	858	1.13978453119994	493	1022	0	38	0	0	FALSE
"L35594_at"	900	1.05786037871857	801	1257	0	38	0	0	FALSE
"L37112_at"	1184	0.523192999442574	686	1359	0	38	0	0	FALSE
"M15395_at"	167	3.51265291192587	40	216	0	38	0	0	FALSE
"M24069_at"	1759	-0.508614219651143	1440	1909	0	38	0	1	FALSE
"M25296_at"	1771	-0.532687218250948	1591	2048	0	38	0	0	FALSE
"M25667_at"	1086	0.686730400736153	720	1272	0	38	0	0	FALSE
"U01337_at"	1000	0.858228321912573	486	1184	0	38	0	0	FALSE
"U03494_at"	2256	-1.56668374867562	2115	2365	0	38	0	0	FALSE
"U04241_at"	2558	-2.52101656250452	2465	2740	0	38	0	0	FALSE
"U09587_at"	2440	-2.11828446082818	2315	2546	0	38	0	0	FALSE
"U20499_at"	2811	-3.69501609347675	2717	2931	0	38	0	0	FALSE
"U35234_at"	983	0.903938486802139	753	1186	0	38	0	0	FALSE
"U47677_at"	2095	-1.19767669082411	1882	2255	0	38	0	0	FALSE
"X06318_at"	2669	-2.92614683376867	2590	2928	0	38	0	0	FALSE
"X07730_at"	126	3.83704784774786	79	169	0	38	0	0	FALSE
"X12953_at"	618	1.64679091625638	330	787	0	38	0	0	FALSE
"X14767_at"	536	1.85421255190282	431	719	0	38	0	0	FALSE
"X16105_at"	1094	0.671078798317525	858	1234	0	38	0	0	FALSE
"X51345_at"	437	2.15542947891414	185	531	0	38	0	0	FALSE
"X52889_at"	1057	0.746379972572578	824	1283	0	38	0	0	FALSE
"X53683_at"	1009	0.829105325183771	856	1253	0	38	0	0	FALSE
"X80878_at"	1716	-0.439781335618567	1547	1982	0	38	0	0	FALSE
"X95876_at"	2164	-1.36716689727742	2031	2399	0	38	0	0	FALSE
"Y00477_at"	1087	0.683081570797036	848	1445	0	38	0	0	FALSE
"Z14978_at"	826	1.22371143048631	442	958	0	38	0	0	FALSE
"M27749_at"	2413	-2.04162880599825	2309	2525	0	38	0	0	FALSE
"M27749_r_at"	2552	-2.50183894982057	2477	2616	0	38	0	0	FALSE
"M34516_at"	676	1.52181737650172	354	824	0	38	0	0	FALSE
"M34516_r_at"	712	1.44624266023993	526	878	0	38	0	0	FALSE
"U88898_r_at"	562	1.79299162808968	381	713	0	38	0	0	FALSE
"D32129_f_at"	1039	0.78262784640215	867	1339	0	38	0	0	FALSE
"D38437_f_at"	2129	-1.28134780579197	2000	2640	0	38	0	0	FALSE
"D38498_f_at"	1135	0.596980702604307	710	1381	0	38	0	0	FALSE
"HG2915-HT3059_f_at"	524	1.88203804760163	414	675	0	38	0	0	FALSE
"HG2917-HT3061_f_at"	635	1.61541091664068	373	766	0	38	0	0	FALSE
"HG3527-HT3721_f_at"	1511	-0.0487109654888492	1344	1837	0	38	0	14	FALSE
"HG4490-HT4876_f_at"	418	2.20752290621307	279	499	0	38	0	0	FALSE
"J00212_f_at"	1073	0.72154972954725	500	1225	0	38	0	0	FALSE
"K02405_f_at"	539	1.8476579039443	367	666	0	38	0	0	FALSE
"K03183_f_at"	1403	0.132657208765688	1222	1693	0	38	0	3	FALSE
"K03189_f_at"	187	3.3252660652473	112	242	0	38	0	0	FALSE
"K03207_f_at"	1550	-0.104745015216235	1340	1779	0	38	0	10	FALSE
"L00389_f_at"	1395	0.141605661156477	1062	1549	0	38	0	8	FALSE
"L02326_f_at"	1867	-0.704360849640853	1640	2089	0	38	0	0	FALSE
"L42601_f_at"	433	2.16637807836561	251	542	0	38	0	0	FALSE
"L42611_f_at"	734	1.39948488708791	525	924	0	38	0	0	FALSE
"L76568_xpt3_f_at"	1425	0.101388864104598	1103	1740	0	38	0	10	FALSE
"M22612_f_at"	915	1.02507534665004	856	1324	0	38	0	0	FALSE
"M33600_f_at"	880	1.09431642726329	315	1011	0	38	0	0	FALSE
"M60750_f_at"	2235	-1.51808308970438	2088	2412	0	38	0	0	FALSE
"M90356_f_at"	1736	-0.471831725441431	1484	2012	0	38	0	1	FALSE
"U10690_f_at"	1663	-0.333365348822897	1325	1955	0	38	0	2	FALSE
"X13930_f_at"	1447	0.0665668862537	867	1601	0	38	0	12	FALSE
"X64177_f_at"	1670	-0.353688383114759	1467	2315	0	38	0	1	FALSE
"X67491_f_at"	1134	0.599728987612539	918	1438	0	38	0	0	FALSE
"X71345_f_at"	1026	0.803690806109408	901	1558	0	38	0	1	FALSE
"X97444_f_at"	157	3.58160403442563	106	185	0	38	0	0	FALSE
"Z80780_f_at"	1121	0.618934721980593	797	1360	0	38	0	0	FALSE
"X00351_f_at"	1924	-0.817869947269481	1809	2498	0	38	0	0	FALSE
"X01677_f_at"	1674	-0.357829220686799	1508	1932	0	38	0	0	FALSE
"M31667_f_at"	807	1.26645140151408	585	943	0	38	0	0	FALSE
"L41268_f_at"	1823	-0.609776467938268	1569	2001	0	38	0	0	FALSE
"X99479_f_at"	2378	-1.94677247357622	2287	2677	0	38	0	0	FALSE
"HG658-HT658_f_at"	1370	0.178572674616531	1192	1618	0	38	0	6	FALSE
"M94880_f_at"	738	1.39125548905062	620	940	0	38	0	0	FALSE
"S80905_f_at"	2087	-1.17951371248312	1904	2319	0	38	0	0	FALSE
"X03068_f_at"	961	0.943385112863895	597	1099	0	38	0	0	FALSE
"U88902_cds1_f_at"	1533	-0.0772693794898138	1255	1696	0	38	0	10	FALSE
"D64015_at"	806	1.27223642120057	586	961	0	38	0	0	FALSE
"L78833_cds4_at"	1615	-0.24226443524513	1409	1869	0	38	0	3	FALSE
"M93143_at"	1859	-0.688394212535832	1662	2025	0	38	0	0	FALSE
"U29175_at"	3030	-6.293615607855	3013	3035	0	38	0	0	FALSE
"U58516_at"	1457	0.0413624128368185	1203	1715	0	38	0	12	FALSE
"X06956_at"	1300	0.316234473524573	1021	1450	0	38	0	0	FALSE
"X83863_at"	541	1.84252929388244	318	648	0	38	0	0	FALSE
"Z17240_at"	1424	0.10468791201024	1193	1657	0	38	0	11	FALSE
"M71243_f_at"	193	3.29258254947086	120	278	0	38	0	0	FALSE
