"feature_id"	"source_index"	"description"
"AFFX-HUMISGF3A/M97935_MA_at"	"36"	"AFFX-HUMISGF3A/M97935_MA_at (endogenous control)"
"AFFX-HUMISGF3A/M97935_MB_at"	"37"	"AFFX-HUMISGF3A/M97935_MB_at (endogenous control)"
"AFFX-HUMISGF3A/M97935_3_at"	"38"	"AFFX-HUMISGF3A/M97935_3_at (endogenous control)"
"AFFX-HUMRGE/M10098_5_at"	"39"	"AFFX-HUMRGE/M10098_5_at (endogenous control)"
"AFFX-HUMRGE/M10098_M_at"	"40"	"AFFX-HUMRGE/M10098_M_at (endogenous control)"
"AFFX-HUMRGE/M10098_3_at"	"41"	"AFFX-HUMRGE/M10098_3_at (endogenous control)"
"AFFX-HUMGAPDH/M33197_5_at"	"42"	"AFFX-HUMGAPDH/M33197_5_at (endogenous control)"
"AFFX-HUMGAPDH/M33197_M_at"	"43"	"AFFX-HUMGAPDH/M33197_M_at (endogenous control)"
"AFFX-HSAC07/X00351_5_at"	"45"	"AFFX-HSAC07/X00351_5_at (endogenous control)"
"AFFX-HSAC07/X00351_M_at"	"46"	"AFFX-HSAC07/X00351_M_at (endogenous control)"
"AFFX-HUMTFRR/M11507_5_at"	"48"	"AFFX-HUMTFRR/M11507_5_at (endogenous control)"
"AFFX-HUMTFRR/M11507_M_at"	"49"	"AFFX-HUMTFRR/M11507_M_at (endogenous control)"
"AFFX-HUMTFRR/M11507_3_at"	"50"	"AFFX-HUMTFRR/M11507_3_at (endogenous control)"
"AFFX-M27830_5_at"	"51"	"AFFX-M27830_5_at (endogenous control)"
"AFFX-M27830_M_at"	"52"	"AFFX-M27830_M_at (endogenous control)"
"AFFX-M27830_3_at"	"53"	"AFFX-M27830_3_at (endogenous control)"
"AFFX-HSAC07/X00351_3_st"	"54"	"AFFX-HSAC07/X00351_3_st (endogenous control)"
"AFFX-HUMGAPDH/M33197_M_st"	"56"	"AFFX-HUMGAPDH/M33197_M_st (endogenous control)"
"AFFX-HUMGAPDH/M33197_3_st"	"57"	"AFFX-HUMGAPDH/M33197_3_st (endogenous control)"
"AFFX-HSAC07/X00351_M_st"	"59"	"AFFX-HSAC07/X00351_M_st (endogenous control)"
"A28102_at"	"60"	"GB DEF = GABAa receptor alpha-3 subunit"
"AB000115_at"	"62"	"mRNA"
"AB000449_at"	"65"	"VRK1"
"AB000464_at"	"69"	"mRNA, clone RES4-24A, exon 1, 2, 3, 4"
"AB000468_at"	"72"	"Zinc finger protein, clone RES4-26"
"AB000584_at"	"73"	"Prostate differentiation factor mRNA"
"AB001106_at"	"78"	"GLIA MATURATION FACTOR BETA"
"AB001325_at"	"79"	"AQP3 Aquaporin 3"
"AB002315_at"	"81"	"KIAA0317 gene"
"AB002318_at"	"82"	"KIAA0320 gene, partial cds"
"AB002382_at"	"86"	"KIAA0384 gene"
"AB002559_at"	"88"	"Hunc18b2"
"AB003177_at"	"91"	"Proteasome subunit p27"
"AC000061_cds2_at"	"95"	"WUGSC:H_133K23.1c gene extracted from Human BAC clone 133K23 from 7q31.2"
"AC000064_cds1_at"	"98"	"WUGSC:H_RG083M05.2 gene extracted from Human BAC clone RG083M05 from 7q21-7q22"
"AC002073_cds1_at"	"104"	"WUGSC:DJ515N1.2 gene extracted from Human PAC clone DJ515N1 from 22q11.2-q22"
"AC002115_cds1_at"	"107"	"COX6B gene (COXG) extracted from Human DNA from overlapping chromosome 19 cosmids R31396, F25451, and R31076 containing COX6B and UPKA, genomic sequence"
"AC002115_rna2_at"	"110"	"F25451_2 gene extracted from Human DNA from overlapping chromosome 19 cosmids R31396, F25451, and R31076 containing COX6B and UPKA, genomic sequence"
"AF000231_at"	"119"	"RAS-RELATED PROTEIN RAB-11A"
"AF000560_at"	"123"	"TTF-I interacting peptide 20 mRNA, partial cds"
"AF000562_at"	"124"	"Uroplakin II mRNA, partial cds"
"AF002224_at"	"130"	"GB DEF = Angelman Syndrome Gene, E6-AP ubiquitin protein ligase 3A (UBE3A) mRNA from promoter P1, 5'UTR"
"AF002700_at"	"131"	"RET ligand 2 (RETL2) mRNA"
"AF003743_at"	"132"	"GB DEF = Delayed rectifier potassium channel (KVLQT1-Iso5) mRNA, 5' UTR and partial cds"
"AF006041_at"	"138"	"Fas-binding protein (DAXX) mRNA, partial cds"
"AF006084_at"	"139"	"Arp2/3 protein complex subunit p41-Arc (ARC41) mRNA"
"AF006087_at"	"140"	"Arp2/3 protein complex subunit p20-Arc (ARC20) mRNA"
"AF007875_at"	"144"	"Dolichol monophosphate mannose synthase (DPM1) mRNA, partial cds"
"AF008445_at"	"145"	"Phospholipid scramblase mRNA"
"AF008937_at"	"146"	"GB DEF = Syntaxin-16C mRNA"
"AF009301_at"	"147"	"GB DEF = TEB4 protein mRNA"
"AF010193_at"	"151"	"MAD-related gene SMAD7 (SMAD7) mRNA"
"AF014958_at"	"153"	"Chemokine receptor X (CKRX) mRNA"
"AF015910_at"	"154"	"GB DEF = Unknown protein mRNA, partial cds"
"AF015913_at"	"155"	"GB DEF = SKB1Hs mRNA"
"AJ000480_at"	"157"	"GB DEF = C8FW phosphoprotein"
"AJ001421_at"	"159"	"GB DEF = Rer1 protein"
"D00017_at"	"161"	"ANX2 Annexin II (lipocortin II)"
"D00596_at"	"163"	"TYMS Thymidylate synthase"
"D00632_at"	"164"	"GPX3 Glutathione peroxidase 3 (plasma)"
"D00723_at"	"166"	"GCSH Glycine cleavage system protein H (aminomethyl carrier)"
"D00726_at"	"167"	"FECH Ferrochelatase (protoporphyria)"
"D00760_at"	"168"	"PSMA3 Proteasome component C3"
"D00761_at"	"169"	"PSMA5 Proteasome component C5"
"D00762_at"	"170"	"PROTEASOME COMPONENT C8"
"D00763_at"	"171"	"GAPD Glyceraldehyde-3-phosphate dehydrogenase"
"D10202_at"	"172"	"PTAFR Platelet activating factor receptor"
"D10495_at"	"173"	"PRKCD Protein kinase C, delta"
"D10511_at"	"174"	"ACAT1 Acetyl-Coenzyme A acetyltransferase 2 (acetoacetyl Coenzyme A thiolase)"
"D10522_at"	"175"	"MACS Myristoylated alanine-rich C-kinase substrate"
"D10523_at"	"176"	"OGDH Oxoglutarate dehydrogenase (lipoamide)"
"D10923_at"	"179"	"PROBABLE G PROTEIN-COUPLED RECEPTOR HM74"
"D10995_at"	"180"	"GB DEF = Serotonin 1B receptor"
"D11086_at"	"181"	"IL2RG Interleukin 2 receptor gamma chain"
"D11094_at"	"182"	"26S PROTEASE REGULATORY SUBUNIT 7"
"D11428_at"	"185"	"PMP22 Peripheral myelin protein 22"
"D13315_at"	"195"	"GLO1 Glyoxalase I"
"D13370_at"	"196"	"DNA-(APURINIC OR APYRIMIDINIC SITE) LYASE"
"D13435_at"	"197"	"PIGF Phosphatidylinositol glycan, class F"
"D13626_at"	"199"	"KIAA0001 gene"
"D13627_at"	"200"	"KIAA0002 gene"
"D13628_at"	"201"	"ANGPT1 Angiopoietin 1"
"D13630_at"	"202"	"KIAA0005 gene"
"D13636_at"	"206"	"KIAA0011 gene"
"D13639_at"	"208"	"CCND2 Cyclin D2"
"D13640_at"	"209"	"HLA-C Major histocompatibility complex, class I, C"
"D13641_at"	"210"	"KIAA0016 gene"
"D13643_at"	"212"	"KIAA0018 gene"
"D13645_at"	"214"	"KIAA0020 gene"
"D13748_at"	"215"	"EIF4A1 Eukaryotic translation initiation factor 4A (eIF-4A) isoform 1"
"D13897_rna2_at"	"217"	"Peptide YY precursor gene extracted from Human DNA for peptide YY"
"D13900_at"	"218"	"Mitochondrial short-chain enoyl-CoA hydratase"
"D13988_at"	"220"	"Rab GDI mRNA"
"D14043_at"	"221"	"PUTATIVE MUCIN CORE PROTEIN PRECURSOR 24"
"D14657_at"	"228"	"KIAA0101 gene"
"D14658_at"	"229"	"KIAA0102 gene"
"D14661_at"	"232"	"KIAA0105 gene"
"D14662_at"	"233"	"KIAA0106 gene"
"D14663_at"	"234"	"KIAA0107 gene"
"D14686_at"	"237"	"AMT Glycine cleavage system protein T (aminomethyltransferase)"
"D14689_at"	"238"	"NUCLEAR PORE COMPLEX PROTEIN NUP214"
"D14694_at"	"239"	"PHOSPHATIDYLSERINE SYNTHASE I"
"D14695_at"	"240"	"APOA2 Apolipoprotein A-II"
"D14710_at"	"241"	"ATP5A1 ATP synthase, H+ transporting, mitochondrial F1 complex, alpha subunit, isoform 1, cardiac muscle"
"D14811_at"	"242"	"KIAA0110 gene"
"D14812_at"	"243"	"KIAA0026 gene"
"D14838_at"	"247"	"FGF9 Fibroblast growth factor 9 (glia-activating factor)"
"D14874_at"	"248"	"ADM Adrenomedullin"
"D14878_at"	"249"	"Protein D123"
"D14889_at"	"250"	"Small GTP-binding protein, S10"
"D15050_at"	"252"	"Transcription factor AREB6"
"D15057_at"	"253"	"DEFENDER AGAINST CELL DEATH 1"
"D16217_at"	"255"	"CAST Calpastatin"
"D16294_at"	"257"	"3-KETOACYL-COA THIOLASE MITOCHONDRIAL"
"D16469_at"	"259"	"ORF, Xq terminal portion"
"D16532_at"	"260"	"VLDLR Very low density lipoprotein receptor"
"D16562_at"	"261"	"ATP SYNTHASE GAMMA CHAIN, MITOCHONDRIAL PRECURSOR"
"D16593_at"	"264"	"HPCA Hippocalcin"
"D17525_at"	"273"	"CRARF C4/C2 activating component of Ra-reactive factor"
"D17716_at"	"274"	"GB DEF = N-acetylglucosaminyltransferase V"
"D21063_at"	"275"	"KIAA0030 gene, partial cds"
"D21090_at"	"277"	"XP-C repair complementing protein (p58/HHR23B)"
"D21255_at"	"281"	"CDH11 Cadherin 11 (OB-cadherin)"
"D21260_at"	"282"	"60S RIBOSOMAL PROTEIN L23"
"D21261_at"	"283"	"SM22-ALPHA HOMOLOG"
"D21262_at"	"284"	"KIAA0035 gene, partial cds"
"D21852_at"	"288"	"KIAA0029 gene, partial cds"
"D23662_at"	"292"	"UBL1 Ubiquitin-like protein"
"D25216_at"	"295"	"KIAA0014 gene"
"D25217_at"	"296"	"KIAA0027 gene, partial cds"
"D25218_at"	"297"	"KIAA0112 gene, partial cds"
"D25248_at"	"298"	"Randomly sequenced mRNA"
"D25274_at"	"299"	"Randomly sequenced mRNA"
"D25278_at"	"300"	"KIAA0036 gene"
"D25328_at"	"302"	"PFKP Phosphofructokinase, platelet"
"D25538_at"	"303"	"KIAA0037 gene"
"D25547_at"	"305"	"PIMT isozyme I"
"D26069_at"	"309"	"KIAA0041 gene, partial cds"
"D26129_at"	"310"	"RNS1 Ribonuclease A (pancreatic)"
"D26308_at"	"312"	"NADPH-flavin reductase"
"D26579_at"	"321"	"Transmembrane protein"
"D26599_at"	"323"	"Proteasome subunit HsC7-I"
"D28114_at"	"325"	"MOBP Myelin-associated oligodendrocytic basic protein"
"D28118_at"	"326"	"DB1"
"D28137_at"	"328"	"RPS11 Ribosomal protein S11"
"D28364_at"	"329"	"GB DEF = Annexin II, 5'UTR (sequence from the 5'cap to the start codon)"
"D28383_at"	"330"	"GB DEF = ATP synthase B chain, 5'UTR (sequence from the 5'cap to the start codon)"
"D28423_at"	"332"	"GB DEF = Pre-mRNA splicing factor SRp20, 5'UTR (sequence from the 5'cap to the start codon)"
"D28476_at"	"333"	"KIAA0045 gene"
"D28588_at"	"336"	"SP2 Sp2 transcription factor"
"D28589_at"	"337"	"GB DEF = mRNA (KIAA00167), partial sequence"
"D28915_at"	"338"	"Hepatitis C-associated microtubular aggregate protein p44"
"D29641_at"	"341"	"HYPOTHETICAL MYELOID CELL LINE PROTEIN 2"
"D29642_at"	"342"	"HYPOTHETICAL MYELOID CELL LINE PROTEIN 3"
"D29643_at"	"343"	"KIAA0115 gene"
"D29677_at"	"344"	"HYPOTHETICAL MYELOID CELL LINE PROTEIN 5"
"D30036_at"	"351"	"PHOSPHATIDYLINOSITOL"
"D30655_at"	"353"	"EIF4A2 Eukaryotic translation initiation factor 4A (eIF-4A) isoform 2"
"D30742_at"	"354"	"CAMK4 Calcium/calmodulin-dependent protein kinase IV"
"D30755_at"	"355"	"VIM Vimentin"
"D30758_at"	"357"	"KIAA0050 gene"
"D31716_at"	"358"	"GC box bindig protein"
"D31764_at"	"361"	"KIAA0064 gene"
"D31766_at"	"363"	"PUTATIVE GLUCOSAMINE-6-PHOSPHATE ISOMERASE"
"D31767_at"	"364"	"KIAA0058 gene"
"D31797_at"	"366"	"CD40LG CD40 antigen ligand (hyper IgM syndrome)"
"D31883_at"	"369"	"KIAA0059 gene"
"D31884_at"	"370"	"KIAA0063 gene"
"D31885_at"	"371"	"KIAA0069 gene, partial cds"
"D31888_at"	"374"	"KIAA0071 gene, partial cds"
"D31890_at"	"375"	"KIAA0070 gene, partial cds"
"D31891_at"	"376"	"KIAA0067 gene"
"D32001_at"	"378"	"GB DEF = HuSAA1g gene for serum amyloid A1 gamma, exon 3 and intron 3"
"D32050_at"	"379"	"AARS Alanyl-tRNA synthetase"
"D38037_at"	"383"	"FK-506 binding protein (fkbp12.6) gene"
"D38047_at"	"384"	"26S PROTEASOME REGULATORY SUBUNIT P31"
"D38048_at"	"385"	"Proteasome subunit z"
"D38076_at"	"386"	"RANBP1 RAN binding protein 1"
"D38145_at"	"388"	"Prostacyclin synthase"
"D38305_at"	"390"	"Tob"
"D38521_at"	"396"	"KIAA0077 gene, partial cds"
"D38524_at"	"398"	"NT5 5' nucleotidase (CD73)"
"D38535_at"	"399"	"PK-120"
"D38548_at"	"400"	"KIAA0076 gene"
"D38549_at"	"401"	"KIAA0068 gene, partial cds"
"D38550_at"	"402"	"KIAA0075 gene, partial cds"
"D38551_at"	"403"	"KIAA0078 gene"
"D38552_at"	"404"	"KIAA0073 gene, partial cds"
"D38555_at"	"406"	"KIAA0079 gene"
"D38583_at"	"407"	"Calgizzarin"
"D42041_at"	"411"	"KIAA0088 gene, partial cds"
"D42043_at"	"412"	"KIAA0084 gene, partial cds"
"D42053_at"	"417"	"KIAA0091 gene"
"D42054_at"	"418"	"KIAA0092 gene"
"D42084_at"	"423"	"KIAA0094 gene, partial cds"
"D42085_at"	"424"	"KIAA0095 gene"
"D42087_at"	"425"	"KIAA0118 gene, partial cds"
"D43636_at"	"429"	"KIAA0096 gene, partial cds"
"D43642_at"	"431"	"YL-1 mRNA for YL-1 protein (nuclear protein with DNA-binding ability)"
"D43767_at"	"432"	"Chemokine"
"D43947_at"	"435"	"KIAA0100 gene"
"D43948_at"	"436"	"KIAA0097 gene"
"D43949_at"	"437"	"KIAA0082 gene, partial cds"
"D43950_at"	"438"	"T-COMPLEX PROTEIN 1, EPSILON SUBUNIT"
"D43951_at"	"439"	"ATP SYNTHASE GAMMA CHAIN, MITOCHONDRIAL PRECURSOR"
"D44466_at"	"440"	"Proteasome subunit p112"
"D45248_at"	"441"	"Proteasome activator hPA28 subunit beta"
"D45370_at"	"442"	"ApM2 mRNA for GS2374 (unknown product specific to adipose tissue)"
"D45371_at"	"443"	"ApM1 mRNA for GS3109 (novel adipose specific collagen-like factor)"
"D49396_at"	"449"	"Apo1_Human (MER5(Aop1-Mouse)-like protein)"
"D49410_at"	"451"	"IL3RA Interleukin 3 receptor, alpha (low affinity)"
"D49489_at"	"453"	"Protein disulfide isomerase-related protein P5"
"D49490_at"	"454"	"Protein disulfide isomerase-related protein (PDIR)"
"D49738_at"	"457"	"Cytoskeleton associated protein (CG22) mRNA"
"D49817_at"	"459"	"Fructose 6-phosphate,2-kinase/fructose 2,6-bisphosphatase"
"D49818_at"	"460"	"Fructose 6-phosphate,2-kinase/fructose 2,6-bisphosphatase, partial cds"
"D50495_at"	"469"	"Transcription elongation factor S-II, hS-II-T1"
"D50525_at"	"470"	"GB DEF = TI-227H"
"D50663_at"	"475"	"CW-1 mRNA"
"D50683_at"	"477"	"TGFBR2 Transforming growth factor, beta receptor II (70-80kD)"
"D50692_at"	"478"	"C-myc binding protein"
"D50840_at"	"480"	"Ceramide glucosyltransferase"
"D50857_at"	"481"	"DOCK180 protein mRNA"
"D50863_at"	"482"	"TESK1"
"D50911_at"	"483"	"KIAA0121 gene"
"D50912_at"	"484"	"KIAA0122 gene, partial cds"
"D50913_at"	"485"	"KIAA0123 gene, partial cds"
"D50914_at"	"486"	"KIAA0124 gene, partial cds"
"D50915_at"	"487"	"KIAA0125 gene"
"D50916_at"	"488"	"KIAA0126 gene"
"D50917_at"	"489"	"KIAA0127 gene"
"D50918_at"	"490"	"KIAA0128 gene, partial cds"
"D50920_at"	"492"	"KIAA0130 gene"
"D50926_at"	"497"	"KIAA0136 gene, partial cds"
"D50927_at"	"498"	"KIAA0137 gene"
"D50928_at"	"499"	"KIAA0138 gene"
"D50930_at"	"500"	"KIAA0140 gene"
"D55640_at"	"503"	"GB DEF = Monocyte PABL (pseudoautosomal boundary-like sequence) mRNA, clone Mo2"
"D55654_at"	"504"	"MDH1 Malate dehydrogenase 1, NAD (soluble)"
"D55716_at"	"506"	"DNA REPLICATION LICENSING FACTOR CDC47 HOMOLOG"
"D61380_at"	"509"	"DJ-1 protein"
"D61391_at"	"510"	"Phosphoribosypyrophosphate synthetase-associated protein 39"
"D63160_at"	"513"	"Serum lectin P35"
"D63391_at"	"515"	"Platelet activating factor acetylhydrolase IB gamma-subunit"
"D63475_at"	"517"	"KIAA0109 gene"
"D63476_at"	"518"	"KIAA0142 gene"
"D63481_at"	"522"	"KIAA0147 gene, partial cds"
"D63486_at"	"527"	"KIAA0152 gene"
"D63487_at"	"528"	"KIAA0153 gene, partial cds"
"D63506_at"	"529"	"Unc-18homologue"
"D63813_at"	"530"	"Rod photoreceptor protein"
"D63851_at"	"531"	"Unc-18 homologue"
"D63874_at"	"532"	"HMG1 High-mobility group (nonhistone chromosomal) protein 1"
"D63875_at"	"533"	"KIAA0155 gene"
"D63876_at"	"534"	"KIAA0154 gene, partial cds"
"D63877_at"	"535"	"KIAA0241 gene, partial cds"
"D63878_at"	"536"	"PROBABLE PROTEIN DISULFIDE ISOMERASE ER-60 PRECURSOR"
"D63879_at"	"537"	"KIAA0156 gene"
"D63880_at"	"538"	"KIAA0159 gene"
"D63881_at"	"539"	"KIAA0160 gene, partial cds"
"D63998_at"	"540"	"MANA2 Mannosidase, alpha type II"
"D64109_at"	"541"	"Tob family"
"D64110_at"	"542"	"Tob family"
"D64142_at"	"543"	"Histone H1x"
"D64158_at"	"545"	"ATP binding protein associated with cell differentiation, partial cds"
"D67029_at"	"547"	"SEC14L SEC14 (S. cerevisiae)-like"
"D78012_at"	"552"	"CRMP1 Collapsin response mediator protein 1"
"D78129_at"	"554"	"GB DEF = Adult (34 year old) Male liver mRNA for squalene epoxidase, partial cds"
"D78134_at"	"555"	"YWHAZ Tyrosine 3-monooxygenase/tryptophan 5-monooxygenase activation protein, zeta polypeptide"
"D78275_at"	"559"	"Proteasome subunit p42"
"D78335_at"	"562"	"5'-terminal region of UMK"
"D78361_at"	"563"	"Ornithine decarboxylase antizyme, ORF 1 and ORF 2"
"D78586_at"	"566"	"CAD PROTEIN"
"D78611_at"	"567"	"MEST Mesoderm specific transcript (mouse) homolog"
"D79986_at"	"571"	"KIAA0164 gene"
"D79990_at"	"575"	"KIAA0168 gene"
"D79992_at"	"577"	"KIAA0170 gene"
"D79993_at"	"578"	"KIAA0171 gene"
"D79994_at"	"579"	"KIAA0172 gene, partial cds"
"D79996_at"	"581"	"KIAA0174 gene"
"D79999_at"	"584"	"KIAA0177 gene, partial cds"
"D80001_at"	"585"	"KIAA0179 gene, partial cds"
"D80003_at"	"587"	"KIAA0181 gene, partial cds"
"D80004_at"	"588"	"KIAA0182 gene, partial cds"
"D80005_at"	"589"	"KIAA0183 gene, partial cds"
"D80006_at"	"590"	"KIAA0184 gene, partial cds"
"D80007_at"	"591"	"KIAA0185 gene, partial cds"
"D80008_at"	"592"	"KIAA0186 gene"
"D80009_at"	"593"	"KIAA0187 gene"
"D80010_at"	"594"	"KIAA0188 gene, partial cds"
"D80012_at"	"596"	"KIAA0190 gene, partial cds"
"D82061_at"	"598"	"B-cell mRNA for a member of the short-chain alcohol dehydrogenase family, partial cds"
"D82070_at"	"599"	"AC1 mRNA"
"D82345_at"	"603"	"NB thymosin beta"
"D82348_at"	"605"	"5-aminoimidazole-4-carboxamide-1-beta-D-ribonucleoti de transformylase/inosinicase"
"D83004_at"	"606"	"Epidermoid carcinoma mRNA for ubiquitin-conjugating enzyme E2 similar to Drosophila bendless gene product"
"D83032_at"	"608"	"Nuclear protein, NP220"
"D83243_at"	"610"	"ATM Ataxia telangiectasia mutated (includes complementation groups A, C and D)"
"D83542_at"	"612"	"Cadherin-15"
"D83597_at"	"613"	"RP105"
"D83657_at"	"614"	"Calcium-binding protein in amniotic fluid 1"
"D83703_at"	"617"	"Peroxisome assembly factor-2"
"D83735_at"	"618"	"Adult heart mRNA for neutral calponin"
"D83776_at"	"620"	"KIAA0191 gene, partial cds"
"D83777_at"	"621"	"KIAA0193 gene"
"D83780_at"	"624"	"KIAA0196 gene"
"D83783_at"	"627"	"KIAA0192 gene, partial cds"
"D83784_at"	"628"	"KIAA0198 gene, partial cds"
"D83785_at"	"629"	"KIAA0200 gene"
"D83920_at"	"630"	"FCN1 Ficolin (collagen/fibrinogen domain-containing) 1"
"D84110_at"	"631"	"RBP-MS/type 1"
"D84239_at"	"633"	"IgG Fc binding protein"
"D84276_at"	"634"	"CD38 CD38 antigen (p45)"
"D84294_at"	"635"	"TPRD"
"D84307_at"	"636"	"Phosphoethanolamine cytidylyltransferase"
"D84557_at"	"640"	"P105MCM mRNA"
"D85245_at"	"642"	"TR3beta"
"D85429_at"	"646"	"DNAJ PROTEIN HOMOLOG 1"
"D85527_at"	"648"	"GB DEF = LIM domain, partial cds"
"D85758_at"	"649"	"Enhancer of rudimentary homolog mRNA"
"D85815_at"	"650"	"DNA for rhoHP1"
"D85939_at"	"651"	"P97 homologous protein"
"D86479_at"	"654"	"Non-lens beta gamma-crystallin like protein (AIM1) mRNA, partial cds"
"D86549_at"	"656"	"P97 homologous protein, partial cds"
"D86956_at"	"658"	"KIAA0201 gene"
"D86961_at"	"662"	"KIAA0206 gene, partial cds"
"D86962_at"	"663"	"KIAA0207 gene"
"D86964_at"	"665"	"KIAA0209 gene, partial cds"
"D86967_at"	"668"	"KIAA0212 gene"
"D86970_at"	"671"	"KIAA0216 gene"
"D86971_at"	"672"	"KIAA0217 gene, partial cds"
"D86972_at"	"673"	"KIAA0218 gene"
"D86973_at"	"674"	"KIAA0219 gene, partial cds"
"D86976_at"	"676"	"KIAA0223 gene, partial cds"
"D86978_at"	"678"	"KIAA0225 gene, partial cds"
"D86979_at"	"679"	"KIAA0226 gene"
"D86983_at"	"683"	"KIAA0230 gene, partial cds"
"D86985_at"	"685"	"KIAA0232 gene"
"D87023_cds2_at"	"689"	"J1 gene extracted from Human (lambda) DNA for immunoglobin light chain"
"D87071_at"	"691"	"KIAA0233 gene"
"D87073_at"	"692"	"KIAA0236 gene"
"D87074_at"	"693"	"KIAA0237 gene"
"D87075_at"	"694"	"KIAA0238 gene, partial cds"
"D87076_at"	"695"	"KIAA0239 gene, partial cds"
"D87078_at"	"697"	"KIAA0235 gene, partial cds"
"D87116_at"	"698"	"DUAL SPECIFICITY MITOGEN-ACTIVATED PROTEIN KINASE KINASE 3"
"D87119_at"	"699"	"Cancellous bone osteoblast mRNA for GS3955"
"D87120_at"	"700"	"Cancellous bone osteoblast mRNA for GS3786"
"D87292_at"	"703"	"Rhodanese"
"D87433_at"	"706"	"KIAA0246 gene, partial cds"
"D87434_at"	"707"	"KIAA0247 gene"
"D87435_at"	"708"	"ARF3 ADP-ribosylation factor 3"
"D87436_at"	"709"	"KIAA0249 gene"
"D87438_at"	"711"	"KIAA0251 gene, partial cds"
"D87442_at"	"713"	"KIAA0253 gene, partial cds"
"D87445_at"	"716"	"KIAA0256 gene"
"D87446_at"	"717"	"KIAA0257 gene, partial cds"
"D87447_at"	"718"	"KIAA0258 gene"
"D87448_at"	"719"	"KIAA0259 gene, partial cds"
"D87450_at"	"721"	"KIAA0261 gene, partial cds"
"D87451_at"	"722"	"KIAA0262 gene"
"D87452_at"	"723"	"KIAA0263 gene"
"D87453_at"	"724"	"KIAA0264 gene, partial cds"
"D87455_at"	"726"	"KIAA0266 gene"
"D87459_at"	"729"	"KIAA0269 gene"
"D87460_at"	"730"	"KIAA0270 gene, partial cds"
"D87462_at"	"732"	"KIAA0272 gene, partial cds"
"D87464_at"	"734"	"KIAA0274 gene"
"D87465_at"	"735"	"KIAA0275 gene"
"D87466_at"	"736"	"KIAA0276 gene, partial cds"
"D87469_at"	"739"	"KIAA0279 gene, partial cds"
"D87673_at"	"741"	"Heat shock transcription factor 4"
"D87684_at"	"744"	"KIAA0242 gene, partial cds"
"D87937_at"	"750"	"GB DEF = Alpha(1,2)fucosyltransferase, 5'UTR partial sequence"
"D87953_at"	"751"	"RTP"
"D87969_at"	"753"	"CMP-sialic acid transporter"
"D88270_at"	"758"	"GB DEF = (lambda) DNA for immunoglobin light chain"
"D88422_at"	"760"	"CYSTATIN A"
"D88613_at"	"763"	"HGCMa"
"D89016_at"	"768"	"Neuroblastoma"
"D89052_at"	"770"	"Proton-ATPase-like protein"
"D89077_at"	"771"	"Src-like adapter protein mRNA"
"D89667_at"	"774"	"C-myc binding protein"
"D90084_at"	"778"	"PDHA1 Pyruvate dehydrogenase (lipoamide) alpha 1"
"D90086_at"	"779"	"PDHB Pyruvate dehydrogenase (lipoamide) beta"
"D90209_at"	"781"	"ATF4 CAMP-dependent transcription factor ATF-4 (CREB2)"
"D90224_at"	"782"	"TXGP1 Tax-transcriptionally activated glycoprotein 1 (34kD)"
"D90276_at"	"783"	"CGM7 Carcinoembryonic antigen gene family member 7"
"HG1078-HT1078_at"	"789"	"Lamin-Like Protein (Gb:M24732)"
"HG1102-HT1102_at"	"791"	"Ras-Related C3 Botulinum Toxin Substrate"
"HG1112-HT1112_at"	"794"	"Ras-Like Protein Tc4"
"HG1153-HT1153_at"	"798"	"Nucleoside Diphosphate Kinase Nm23-H2s"
"HG1205-HT1205_at"	"800"	"Collagen, Type Iv, Alpha 2, N-Terminus"
"HG1612-HT1612_at"	"804"	"Macmarcks"
"HG1614-HT1614_at"	"805"	"Protein Phosphatase 1, Alpha Catalytic Subunit"
"HG1649-HT1652_at"	"806"	"Elastase 1"
"HG1804-HT1829_at"	"813"	"Ornithine Aminotransferase-Like 3"
"HG1862-HT1897_at"	"815"	"Calmodulin Type I"
"HG1869-HT1904_at"	"816"	"Male Enhanced Antigen"
"HG1872-HT1907_at"	"817"	"Major Histocompatibility Complex, Dg"
"HG1879-HT1919_at"	"818"	"Ras-Like Protein Tc10"
"HG2036-HT2090_at"	"820"	"Stimulatory Gdp/Gtp Exchange Protein For C-Ki-Ras P21 And Smg P21"
"HG2059-HT2114_at"	"821"	"Arrestin, Beta 2"
"HG2167-HT2237_at"	"824"	"Protein Kinase Ht31, Camp-Dependent"
"HG2247-HT2332_at"	"830"	"Major Intrinsic Protein"
"HG2264-HT2360_at"	"832"	"Atpase, Ca2+ Transporting, Plasma Membrane 1, Alt. Splice 6"
"HG2274-HT2370_at"	"833"	"Rna Polymerase Ii, 14.5 Kda Subunit"
"HG2279-HT2375_at"	"834"	"Triosephosphate Isomerase"
"HG2290-HT2386_at"	"836"	"Calcitonin"
"HG2320-HT2416_at"	"839"	"Integrin, Beta 3 Subunit"
"HG2325-HT2421_at"	"840"	"Retinoic Acid Receptor, Gamma 2"
"HG2415-HT2511_at"	"842"	"Transcription Factor E2f-2"
"HG2463-HT2559_at"	"847"	"Guanine Nucleotide-Binding Protein G25k"
"HG2480-HT2576_at"	"848"	"Fmlp-Related Receptor I"
"HG2525-HT2621_at"	"851"	"Helix-Loop-Helix Protein Delta Max, Alt. Splice 1"
"HG2602-HT2698_at"	"857"	"Succinate Dehydrogenase, Flavoprotein Subunit"
"HG2715-HT2811_at"	"870"	"Tyrosine Kinase (Gb:Z25437)"
"HG2724-HT2820_at"	"872"	"Oncogene Tls/Chop, Fusion Activated"
"HG2788-HT2896_at"	"874"	"Calcyclin"
"HG2810-HT2921_at"	"876"	"Homeotic Protein Pl2"
"HG2825-HT2949_at"	"877"	"Ret Transforming Gene"
"HG2855-HT2995_at"	"878"	"Heat Shock Protein, 70 Kda (Gb:Y00371)"
"HG2874-HT3018_at"	"880"	"Ribosomal Protein L39 Homolog"
"HG2992-HT5186_at"	"882"	"Beta-Hexosaminidase, Alpha Polypeptide, Abnormal Splice Mutation"
"HG3039-HT3200_at"	"883"	"Adp-Ribosylation-Like Factor"
"HG3088-HT3263_at"	"885"	"Splicing Factor Sc35, Alt Splice Form 3"
"HG3162-HT3339_at"	"894"	"Transcription Factor Iia"
"HG3175-HT3352_at"	"895"	"Carcinoembryonic Antigen"
"HG3227-HT3404_at"	"897"	"Guanine Nucleotide-Binding Protein Hsr1"
"HG3231-HT3408_at"	"898"	"Protease Receptor-1, Effector Cell"
"HG3286-HT3463_at"	"903"	"Crystallin, Alpha A"
"HG3344-HT3521_at"	"909"	"Ubiquitin-Conjugating Enzyme Ubch5"
"HG3355-HT3532_at"	"911"	"Peroxisome Proliferator Activated Receptor (Gb:Z30972)"
"HG3454-HT3647_at"	"919"	"Zinc Finger Protein 20"
"HG3492-HT3686_at"	"921"	"Uncoupling Protein Ucp"
"HG3494-HT3688_at"	"922"	"Nuclear Factor Nf-Il6"
"HG3495-HT3689_at"	"923"	"Collagen, Type Ix, Alpha 1"
"HG3514-HT3708_at"	"926"	"Tropomyosin Tm30nm, Cytoskeletal"
"HG3521-HT3715_at"	"928"	"Ras-Related Protein Rap1b"
"HG3548-HT3749_at"	"929"	"Ccaat Displacement Protein, Cut Homolog, Alt. Splice 1"
"HG3578-HT3781_at"	"933"	"Autoimmune Antigen, Thyroid Disease-Related Antigen"
"HG3627-HT3836_at"	"935"	"Calcium Channel, Voltage-Gated, Beta 1 Subunit, L Type, Alt. Splice 2, Skeletal Muscle Isoform"
"HG363-HT363_at"	"936"	"Epidermal Growth Factor Receptor-Related Protein"
"HG3740-HT4010_at"	"939"	"Basic Transcription Factor 2, 34 Kda Subunit"
"HG3748-HT4018_at"	"940"	"Basic Transcription Factor, 44 Kda Subunit"
"HG3934-HT4204_at"	"948"	"G1 Phase-Specific Gene"
"HG3936-HT4206_at"	"949"	"Interleukin 9 Receptor (Gb:S71404)"
"HG3987-HT4257_at"	"956"	"Cpg-Enriched Dna, Clone E06"
"HG3995-HT4265_at"	"961"	"Cpg-Enriched Dna, Clone S19"
"HG4018-HT4288_at"	"964"	"Opioid-Binding Cell Adhesion Molecule"
"HG4036-HT4306_at"	"965"	"Retinoblastoma 1"
"HG4068-HT4338_at"	"970"	"Phosphoprotein Tal2"
"HG4073-HT4343_at"	"971"	"Cytosolic Acetoacetyl-Coenzyme A Thiolase"
"HG4074-HT4344_at"	"972"	"Rad2"
"HG4126-HT4396_at"	"975"	"Zinc Finger Protein Hzf4"
"HG4167-HT4437_at"	"981"	"Nuclear Factor 1, A Type"
"HG4178-HT4448_at"	"982"	"Af-17"
"HG4243-HT4513_at"	"987"	"Zinc Finger Protein Znf155"
"HG4263-HT4533_at"	"990"	"Nkr-P1a Protein"
"HG4297-HT4567_at"	"993"	"Transcriptional Coactivator Pc4"
"HG4460-HT4729_at"	"1005"	"Immunoglobulin Heavy Chain, Vdjc Regions (Gb:L23564)"
"HG4582-HT4987_at"	"1010"	"Glucocorticoid Receptor, Beta"
"HG4606-HT5011_at"	"1011"	"Centractin, Alpha"
"HG4638-HT5050_at"	"1012"	"Spliceosomal Protein Sap 49"
"HG4660-HT5073_at"	"1013"	"Microtubule-Associated Protein 1b"
"HG4662-HT5075_at"	"1014"	"Omega Light Chain, Immunoglobulin Lambda Light Chain Related"
"HG4716-HT5158_at"	"1016"	"Guanosine 5'-Monophosphate Synthase"
"HG4749-HT5197_at"	"1020"	"Calmitine Calcium-Binding Protein, Mitochondrial"
"HG511-HT511_at"	"1021"	"Ras Inhibitor Inf"
"HG620-HT620_at"	"1025"	"Tyrosine Phosphatase, Epsilon"
"HG830-HT830_at"	"1034"	"Potassium Channel (Gb:L02750)"
"HG846-HT846_at"	"1036"	"Cyclophilin-Related Protein"
"HG908-HT908_at"	"1040"	"Mg61 Protein (Gb:L08239)"
"HG919-HT919_at"	"1042"	"Dna Polymerase, Epsilon, Catalytic Subunit"
"HG987-HT987_at"	"1046"	"Mac25"
"J00073_at"	"1047"	"Alpha-cardiac actin gene, 5' flank and"
"J00306_at"	"1053"	"Somatostatin I gene and flanks"
"J02645_at"	"1055"	"EIF2A Eukaryotic translation initiation factor 2A"
"J02902_at"	"1062"	"PROTEIN PHOSPHATASE PP2A, 65 KD REGULATORY SUBUNIT, ALPHA ISOFORM"
"J02906_at"	"1063"	"CYTOCHROME P450 IIF1"
"J02923_at"	"1064"	"LCP1 Lymphocyte cytosolic protein 1 (L-plastin)"
"J02973_rna1_at"	"1067"	"THBD gene extracted from Human thrombomodulin gene"
"J03040_at"	"1068"	"SPARC SPARC/osteonectin"
"J03069_rna1_at"	"1070"	"MYCL2 gene"
"J03161_at"	"1072"	"SRF Serum response factor (c-fos serum response element-binding transcription factor)"
"J03191_at"	"1074"	"Profilin mRNA"
"J03278_at"	"1076"	"PDGFRB Platelet-derived growth factor receptor, beta polypeptide"
"J03459_at"	"1077"	"LTA4H Leukotriene A4 hydrolase"
"J03473_at"	"1078"	"ADPRT ADP-ribosyltransferase (NAD+; poly (ADP-ribose) polymerase)"
"J03589_at"	"1081"	"UBIQUITIN-LIKE PROTEIN GDX"
"J03600_at"	"1083"	"ALOX5 Arachidonate 5-lipoxygenase"
"J03764_at"	"1085"	"PAI1 Plasminogen activator inhibitor, type I"
"J03779_at"	"1086"	"MME Membrane metallo-endopeptidase (neutral endopeptidase, enkephalinase, CALLA, CD10)"
"J03798_at"	"1087"	"SMALL NUCLEAR RIBONUCLEOPROTEIN SM D1"
"J03890_rna1_at"	"1091"	"SP-C1 gene (pulmonary surfactant protein SP-C) extracted from Human pulmonary surfactant protein C (SP-C) and pulmonary surfactant protein C1 (SP-C1) genes"
"J03909_at"	"1092"	"GAMMA-INTERFERON-INDUCIBLE PROTEIN IP-30 PRECURSOR"
"J03925_at"	"1093"	"ITGAM Integrin, alpha M (complement component receptor 3, alpha; also known as CD11b (p170), macrophage antigen alpha polypeptide)"
"J04027_at"	"1095"	"Adenosine triphosphatase mRNA"
"J04058_at"	"1099"	"ETFA Electron-transfer-flavoprotein, alpha polypeptide (glutaric aciduria II)"
"J04088_at"	"1102"	"TOP2A Topoisomerase (DNA) II alpha (170kD)"
"J04101_at"	"1103"	"GB DEF = Erythroblastosis virus oncogene homolog 1 (ets-1) mRNA"
"J04102_at"	"1104"	"ETS2 V-ets avian erythroblastosis virus E26 oncogene homolog 2"
"J04111_at"	"1105"	"C-jun proto oncogene (JUN), clone hCJ-1"
"J04132_at"	"1106"	"CD3Z CD3Z antigen, zeta polypeptide (TiT3 complex)"
"J04162_at"	"1108"	"FCGR3 Fc fragment of IgG, low affinity IIIa, receptor for (CD16)"
"J04164_at"	"1109"	"RPS3 Ribosomal protein S3"
"J04173_at"	"1110"	"PGAM1 Phosphoglycerate mutase 1 (brain)"
"J04444_at"	"1112"	"CYC1 Cytochrome c-1"
"J04456_at"	"1113"	"LGALS1 Ubiquinol-cytochrome c reductase core protein II"
"J04501_at"	"1115"	"GYS1 Glycogen synthase 1 (muscle)"
"J04543_at"	"1116"	"ANX7 Annexin VII (synexin)"
"J04599_at"	"1117"	"BGN Biglycan"
"J04605_at"	"1118"	"PEPD Peptidase D"
"J04611_at"	"1119"	"G22P1 Thyroid autoantigen 70kD (Ku antigen)"
"J04615_at"	"1120"	"SNRPN Small nuclear ribonucleoprotein polypeptide N"
"J04794_at"	"1125"	"ALCOHOL DEHYDROGENASE"
"J04809_rna1_at"	"1126"	"Cytosolic adenylate kinase (AK1) gene"
"J04823_rna1_at"	"1127"	"Cytochrome c oxidase subunit VIII (COX8) mRNA"
"J04948_at"	"1128"	"Alkaline phosphatase"
"J04973_at"	"1130"	"LGALS1 Ubiquinol-cytochrome c reductase core protein II"
"J04990_at"	"1133"	"CATHEPSIN G PRECURSOR"
"J05032_at"	"1135"	"ASPARTYL-TRNA SYNTHETASE"
"J05243_at"	"1144"	"SPTAN1 Spectrin, alpha, non-erythrocytic 1 (alpha-fodrin)"
"J05257_at"	"1146"	"DPEP1 Dipeptidase 1 (renal)"
"J05272_at"	"1147"	"IMPDH1 IMP (inosine monophosphate) dehydrogenase 1"
"J05500_at"	"1152"	"SPTB Spectrin, beta, erythrocytic (includes sperocytosis, clinical type I)"
"J05614_at"	"1154"	"GB DEF = Proliferating cell nuclear antigen (PCNA) gene, promoter region"
"K01396_at"	"1157"	"PI Protease inhibitor 1 (anti-elastase), alpha-1-antitrypsin"
"K01911_at"	"1159"	"NPY Neuropeptide Y"
"K02545_cds2_at"	"1165"	"TCRB gene extracted from Human T-cell receptor germline beta-chain J-beta-1 gene cluster: J-beta-1-1 and J-beta-1-2 genes; and D-beta-1-1 gene"
"K02574_at"	"1166"	"NP Nucleoside phosphorylase"
"K03195_at"	"1171"	"(HepG2) glucose transporter gene mRNA"
"K03430_at"	"1173"	"C1QB Complement component 1, q subcomponent, beta polypeptide"
"K03460_at"	"1174"	"Alpha-tubulin isotype H2-alpha gene, last exon"
"K03515_at"	"1176"	"GPI Glucose phosphate isomerase"
"L00352_at"	"1178"	"LOW-DENSITY LIPOPROTEIN RECEPTOR PRECURSOR"
"L00635_at"	"1180"	"FNTB Farnesyltransferase, CAAX box, beta"
"L01087_at"	"1183"	"PRKCQ Protein kinase C-theta"
"L01664_at"	"1185"	"CLC Charot-Leyden crystal protein"
"L02867_at"	"1193"	"62 kDa paraneoplastic antigen mRNA, 3' end"
"L02950_at"	"1195"	"CRYM Crystallin Mu"
"L03532_at"	"1197"	"M4 protein mRNA"
"L04490_at"	"1200"	"(clone CC6) NADH-ubiquinone oxidoreductase subunit mRNA, 3' end cds"
"L04733_at"	"1203"	"KINESIN LIGHT CHAIN"
"L04953_at"	"1205"	"NEURON-SPECIFIC X11 PROTEIN"
"L05148_at"	"1207"	"Protein tyrosine kinase related mRNA sequence"
"L05424_cds2_at"	"1208"	"CD44 gene (cell surface glycoprotein CD44) extracted from Human hyaluronate receptor (CD44) gene"
"L05425_at"	"1209"	"Autoantigen mRNA"
"L05512_at"	"1211"	"HTN1 Histatin 1"
"L05779_at"	"1216"	"EPHX2 Epoxide hydrolase 2, cytoplasmic"
"L06132_at"	"1217"	"VDAC1 Voltage-dependent anion channel 1"
"L06175_at"	"1220"	"P5-1 mRNA"
"L06419_at"	"1221"	"PLOD Lysyl hydroxylase"
"L06633_at"	"1224"	"Transcription factor mRNA"
"L06845_at"	"1225"	"CARS Cysteinyl-tRNA synthetase"
"L07044_at"	"1228"	"Calcium/calmodulin-dependent protein kinase (CAMK) isoform B mRNA sequence"
"L07493_at"	"1230"	"RECA Replication protein A (E coli RecA homolog, RAD51 homolog)"
"L07548_at"	"1234"	"ACY1 Aminoacylase 1"
"L07597_at"	"1238"	"RPS6KA2 Ribosomal protein S6 kinase, 90kD, polypeptide 2"
"L07633_at"	"1239"	"INTERFERON GAMMA UP-REGULATED I-5111 PROTEIN PRECURSOR"
"L07758_at"	"1241"	"IEF SSP 9502 mRNA"
"L07765_at"	"1242"	"CES2 Carboxylestease 2 (liver)"
"L07956_at"	"1245"	"GBE1 Glucan (1,4-alpha-), branching enzyme 1 (glycogen branching enzyme, Andersen disease, glycogen storage disease type IV)"
"L08069_at"	"1246"	"DNAJ PROTEIN HOMOLOG 2"
"L08187_at"	"1248"	"Cytokine receptor (EBI3) mRNA"
"L08246_at"	"1249"	"INDUCED MYELOID LEUKEMIA CELL DIFFERENTIATION PROTEIN MCL1"
"L09260_at"	"1257"	"(chromosome 3p25) membrane protein mRNA"
"L09604_at"	"1258"	"INTESTINAL MEMBRANE A4 PROTEIN"
"L09708_at"	"1259"	"C2 Complement component C2"
"L10284_at"	"1266"	"CANX Calnexin"
"L10373_at"	"1268"	"MXS1 Membrane component, X chromosome, surface marker 1"
"L10378_at"	"1270"	"(clone CTG-B43a) mRNA sequence"
"L10838_at"	"1277"	"PRE-MRNA SPLICING FACTOR SRP20"
"L10910_at"	"1279"	"Splicing factor (CC1.3) mRNA"
"L11239_at"	"1281"	"Homeobox protein (HOX) gene, 3' end"
"L11285_at"	"1282"	"DUAL SPECIFICITY MITOGEN-ACTIVATED PROTEIN KINASE KINASE 2"
"L11329_at"	"1283"	"DUAL SPECIFICITY PROTEIN PHOSPHATASE PAC-1"
"L11370_at"	"1286"	"Protocadherin 42 mRNA for abbreviated PC42"
"L11373_at"	"1288"	"Protocadherin 43 mRNA for abbreviated PC43"
"L11669_at"	"1291"	"Tetracycline transporter-like protein mRNA"
"L12535_at"	"1298"	"RSU-1/RSP-1 mRNA"
"L13203_at"	"1303"	"HNF-3/fork-head homolog-3 HFH-3 mRNA"
"L13210_at"	"1304"	"Mac-2 binding protein mRNA"
"L13391_at"	"1309"	"REGULATOR OF G-PROTEIN SIGNALLING 2"
"L13434_at"	"1310"	"Chromosome 3p21.1 gene sequence"
"L13436_at"	"1311"	"Guanylate cyclase mRNA, complete mature peptide"
"L13689_at"	"1312"	"BMI1 Murine leukemia viral (bmi-1) oncogene homolog"
"L13738_at"	"1315"	"Activated p21cdc42Hs kinase (ack) mRNA"
"L13761_rna1_at"	"1316"	"Dihydrolipoamide dehydrogenase gene, exon 14"
"L13800_at"	"1317"	"GB DEF = Liver expressed protein gene, 3' end"
"L13848_at"	"1318"	"LKP DEAD/H (Asp-Glu-Ala-Asp/His) box polypeptide 9 (RNA helicase A)"
"L13852_at"	"1319"	"UBE1L Ubiquitin-activating enzyme E1, like"
"L13923_at"	"1320"	"FBN1 Fibrillin 1 (Marfan syndrome)"
"L13972_at"	"1321"	"SIAT4A Sialyltransferase 4A (beta-galactosidase alpha-2,3-sialytransferase)"
"L14076_at"	"1324"	"PRE-MRNA SPLICING FACTOR SRP75"
"L14565_at"	"1327"	"PERIPHERIN"
"L14754_at"	"1329"	"IGHMBP2 DNA-binding protein (SMBP2)"
"L14837_at"	"1333"	"TJP1 Tight junction protein 1 (zona occludens 1)"
"L15409_at"	"1340"	"VON HIPPEL-LINDAU DISEASE TUMOR SUPPRESSOR"
"L15702_at"	"1343"	"BF B-factor, properdin"
"L16464_at"	"1344"	"ETS-RELATED PROTEIN PE-1"
"L16842_at"	"1346"	"UQCRC1 Ubiquinol-cytochrome c reductase core protein I"
"L16862_at"	"1347"	"GPRK6 G protein-coupled receptor kinase 6"
"L16896_at"	"1349"	"Zinc finger protein mRNA"
"L16991_at"	"1350"	"DTYMK Deoxythymidylate kinase"
"L17131_rna1_at"	"1352"	"High mobility group protein (HMG-I(Y)) gene exons 1-8"
"L17327_at"	"1354"	"Pre-T/NK cell associated protein (3B3) mRNA, 3' end"
"L19067_at"	"1362"	"TRANSCRIPTION FACTOR P65"
"L19161_at"	"1363"	"GB DEF = Translation initiation factor eIF-2 gamma subunit mRNA"
"L19183_at"	"1364"	"MAC30 mRNA, 3' end"
"L19267_at"	"1365"	"59 protein mRNA, 3' end"
"L19314_at"	"1367"	"HRY gene"
"L19437_at"	"1369"	"TALDO Transaldolase"
"L19605_at"	"1372"	"ANX11 Annexin XI (56kD autoantigen)"
"L19686_rna1_at"	"1373"	"Macrophage migration inhibitory factor (MIF) gene"
"L19711_at"	"1374"	"Dystroglycan (DAG1) mRNA"
"L19779_at"	"1376"	"Histone H2A.2 mRNA"
"L19871_at"	"1378"	"ATF3 Activating transcription factor 3"
"L19872_at"	"1379"	"AHR AH-receptor"
"L20010_at"	"1380"	"HCF1 gene related mRNA sequence"
"L20298_at"	"1381"	"Transcription factor (CBFB) mRNA, 3' end"
"L20316_at"	"1382"	"GCGR Glucagon receptor"
"L20815_at"	"1389"	"S protein mRNA"
"L20941_at"	"1394"	"FTH1 Ferritin heavy chain"
"L20971_at"	"1395"	"PDE4B Phosphodiesterase 4B, cAMP-specific (dunce (Drosophila)-homolog phosphodiesterase E4)"
"L21893_at"	"1397"	"SLC10A1 Na/taurocholate cotransporting polypeptide"
"L21936_at"	"1399"	"SDH2 Succinate dehydrogenase 2, flavoprotein (Fp) subunit"
"L21954_at"	"1400"	"PERIPHERAL-TYPE BENZODIAZEPINE RECEPTOR"
"L22075_at"	"1404"	"Guanine nucleotide regulatory protein (G13) mRNA"
"L22214_at"	"1406"	"ADORA1 Adenosine receptor A1"
"L22342_at"	"1407"	"GB DEF = Nuclear phosphoprotein mRNA"
"L24559_at"	"1417"	"POLA DNA polymerase alpha subunit"
"L24564_at"	"1418"	"Rad mRNA"
"L24783_at"	"1419"	"GB DEF = mRNA fragment"
"L24804_at"	"1420"	"(p23) mRNA"
"L25081_at"	"1422"	"ARH9 Aplysia ras-related homolog 9"
"L25085_at"	"1423"	"PROTEIN TRANSPORT PROTEIN SEC61 BETA SUBUNIT"
"L25270_at"	"1425"	"XE169 PROTEIN"
"L25444_at"	"1427"	"TBP-associated factor TAFII80 mRNA"
"L25851_at"	"1429"	"INTEGRIN ALPHA-E PRECURSOR"
"L25876_at"	"1430"	"Protein tyrosine phosphatase (CIP2)mRNA"
"L26247_at"	"1433"	"RPL3 Ribosomal protein L3"
"L26494_at"	"1436"	"POU3F1 POU domain, class 3, transcription factor 1"
"L27560_at"	"1443"	"Insulin-like growth factor binding protein 5 (IGFBP5) mRNA"
"L27706_at"	"1445"	"CCT6 Chaperonin containing T-complex subunit 6"
"L27841_at"	"1446"	"Autoantigen pericentriol material 1 (PCM-1) mRNA"
"L27943_at"	"1447"	"CDA Cytidine deaminase"
"L28010_at"	"1448"	"HnRNP F protein mRNA"
"L28175_at"	"1449"	"PTGER2 Prostaglandin E receptor 2 (subtype EP2), 53kD"
"L28821_at"	"1450"	"MANA2 Alpha mannosidase II isozyme"
"L29008_at"	"1453"	"SORD Sorbitol dehydrogenase"
"L29218_at"	"1455"	"Clk2 mRNA"
"L29277_at"	"1456"	"STAT3 Signal transducer and activator of transcription 3 (acute-phase response factor)"
"L31584_at"	"1462"	"CMKBR7 Chemokine (C-C) receptor 7"
"L31801_at"	"1463"	"SLC16A1 Solute carrier family 16 (monocarboxylic acid transporters), member 1"
"L32866_at"	"1471"	"Effector cell protease receptor-1 (EPR-1) gene, partial cds"
"L32976_at"	"1472"	"Protein kinase (MLK-3) mRNA"
"L32977_at"	"1473"	"UBIQUINOL-CYTOCHROME C REDUCTASE IRON-SULFUR SUBUNIT PRECURSOR"
"L33243_at"	"1474"	"PKD1 Polycystic kidney disease protein 1"
"L33842_rna1_at"	"1480"	"(clone FFE-7) type II inosine monophosphate dehydrogenase (IMPDH2) gene, exons 1-13"
"L34059_at"	"1482"	"CDH4 Cadherin 4"
"L34060_at"	"1483"	"Cadherin-8 mRNA"
"L34587_at"	"1490"	"RNA polymerase II elongation factor SIII, p15 subunit mRNA"
"L34657_at"	"1492"	"PECAM1 Platelet/endothelial cell adhesion molecule (CD31 antigen)"
"L35035_at"	"1496"	"Ribose 5-phosphate isomerase (RPI) mRNA"
"L35240_at"	"1497"	"Enigma gene"
"L35269_at"	"1499"	"ZINC FINGER PROTEIN 35"
"L35475_at"	"1500"	"GB DEF = Olfactory receptor-like gene"
"L36463_at"	"1509"	"Ras inhibitor mRNA, 3' end"
"L36531_at"	"1511"	"GB DEF = Integrin alpha 8 subunit mRNA, 3' end"
"L36645_at"	"1513"	"Receptor protein-tyrosine kinase (HEK8) mRNA"
"L36720_at"	"1514"	"Bystin mRNA"
"L36818_at"	"1515"	"INPPL1 Inositol polyphosphate phosphatase-like protein 1 (51C protein)"
"L36922_at"	"1519"	"GB DEF = Met-ase gene, exon 1"
"L36983_at"	"1520"	"Dynamin (DNM) mRNA"
"L37033_at"	"1521"	"FK-506 binding protein homologue (FKBP38) mRNA"
"L37042_at"	"1522"	"CSNK1A1 Casein kinase 1, alpha 1"
"L37043_at"	"1523"	"CSNK1E Casein kinase 1, epsilon"
"L37127_at"	"1524"	"(clone mf.18) RNA polymerase II mRNA"
"L37792_at"	"1530"	"Syntaxin 1A mRNA"
"L37936_at"	"1532"	"MITOCHONDRIAL ELONGATION FACTOR TS PRECURSOR"
"L38486_at"	"1534"	"MFAP4 Microfibrillar-associated protein 4"
"L38487_at"	"1535"	"Estrogen receptor-related protein (hERRa1) mRNA, 3' end, partial cds"
"L38616_at"	"1540"	"Brain and reproductive organ-expressed protein (BRE) gene"
"L38696_at"	"1541"	"Autoantigen p542 mRNA, 3' end of cds"
"L38810_at"	"1543"	"Thyroid receptor interactor (TRIP1) mRNA"
"L38935_at"	"1549"	"GT212 mRNA"
"L38951_at"	"1551"	"Importin beta subunit mRNA"
"L38961_at"	"1552"	"ITM1 Integral transmembrane protein 1"
"L39059_at"	"1555"	"Transcription factor SL1 mRNA"
"L39874_at"	"1561"	"DCTD Deoxycytidylate deaminase"
"L40027_at"	"1562"	"Glycogen synthase kinase 3 mRNA"
"L40357_at"	"1564"	"Thyroid receptor interactor (TRIP7) mRNA, 3' end of cds"
"L40387_at"	"1570"	"GB DEF = Thyroid receptor interactor (TRIP14) gene, 3' end of cds"
"L40391_at"	"1572"	"(clone s153) mRNA fragment"
"L40392_at"	"1573"	"(clone S164) mRNA, 3' end of cds"
"L40395_at"	"1576"	"(clone S20iii15) mRNA, 3' end of cds"
"L40410_at"	"1584"	"Thyroid receptor interactor (TRIP3) mRNA, 3' end of cds"
"L40586_at"	"1586"	"IDS Iduronate 2-sulfatase (Hunter syndrome)"
"L40904_at"	"1588"	"LGALS1 Ubiquinol-cytochrome c reductase core protein II"
"L41067_at"	"1592"	"Transcription factor NFATx mRNA"
"L41690_at"	"1602"	"TNF receptor-1 associated protein (TRADD) mRNA, 3' end of cds"
"L41870_at"	"1604"	"RB1 Retinoblastoma 1 (including osteosarcoma)"
"L41887_rna1_at"	"1605"	"Splicing factor, arginine/serine-rich 7 (SFRS7) gene"
"L41919_rna1_at"	"1607"	"HIC-1 gene fragment"
"L42324_at"	"1612"	"GB DEF = (clone GPCR W) G protein-linked receptor gene (GPCR) gene, 5' end of cds"
"L42354_at"	"1613"	"GB DEF = (clone 48ES4) mRNA fragment"
"L42373_at"	"1614"	"Protein phosphatase 2A B56-alpha mRNA"
"L42379_at"	"1615"	"Quiescin (Q6) mRNA, partial cds"
"L42451_at"	"1617"	"Pyruvate dehydrogenase kinase isoenzyme 2 (PDK2) mRNA"
"L42542_at"	"1619"	"RLIP76 protein mRNA"
"L42563_at"	"1620"	"ATP1AL1 ATP-driven ion pump"
"L42572_at"	"1621"	"Motor protein"
"L42621_at"	"1622"	"Ly-9 mRNA"
"L43631_at"	"1625"	"Scaffold attachment factor (SAF-B) gene, partial cds"
"L47345_at"	"1628"	"TCEB3 Transcription elongation factor B (SIII), polypeptide 3 (110kD, elongin A)"
"L47738_at"	"1630"	"Inducible protein mRNA"
"L48546_at"	"1634"	"TSC2 Tuberin"
"L49169_at"	"1638"	"G0S3 mRNA"
"L76159_at"	"1640"	"FRG1 mRNA"
"L76200_at"	"1642"	"Guanylate kinase (GUK1) mRNA"
"L76224_at"	"1643"	"NMDA receptor mRNA"
"L76380_at"	"1644"	"(clone HSNME29) CGRP type 1 receptor mRNA"
"L76465_at"	"1645"	"15-HYDROXYPROSTAGLANDIN DEHYDROGENASE"
"L76702_at"	"1648"	"Protein phosphatase 2A 74 kDa regulatory subunit (delta or B\" subunit)"
"L76703_at"	"1649"	"B56epsilon mRNA"
"L77213_at"	"1652"	"Phosphomevalonate kinase mRNA"
"L77561_at"	"1654"	"DGS-D mRNA, 3' end"
"L77701_at"	"1658"	"COX17 mRNA"
"L77886_at"	"1661"	"Protein tyrosine phosphatase mRNA"
"L78440_at"	"1664"	"STAT4 Signal transducer and activator of transcription 4"
"M10612_at"	"1669"	"APOC2 Apolipoprotein C-II"
"M10901_at"	"1670"	"GRL Glucocorticoid receptor"
"M11119_at"	"1673"	"GB DEF = Endogenous retrovirus envelope region mRNA (PL1)"
"M11147_at"	"1674"	"FTL Ferritin, light polypeptide"
"M11186_at"	"1675"	"OXT Oxytocin"
"M11717_rna1_at"	"1683"	"Heat shock protein (hsp 70) gene"
"M11722_at"	"1685"	"Terminal transferase mRNA"
"M11726_at"	"1686"	"PPY Pancreatic polypeptide"
"M12174_at"	"1690"	"ARH6 Aplysia ras-related homolog 6"
"M12759_at"	"1693"	"IMMUNOGLOBULIN J CHAIN"
"M12886_at"	"1694"	"TCRB T-cell receptor, beta cluster"
"M13194_at"	"1697"	"ERCC1 Excision repair cross-complementing rodent repair deficiency, complementation group 1 (includes overlapping antisense sequence)"
"M13241_at"	"1699"	"N-MYC PROTO-ONCOGENE PROTEIN"
"M13755_at"	"1703"	"G1P2 Interferon, alpha-inducible protein (clone IFI-15K)"
"M13792_at"	"1704"	"ADA Adenosine deaminase"
"M13903_at"	"1705"	"GB DEF = Involucrin gene, exon 2"
"M13934_cds2_at"	"1707"	"RPS14 gene (ribosomal protein S14) extracted from Human ribosomal protein S14 gene"
"M13955_at"	"1708"	"Mesothelial keratin K7 (type II) mRNA, 3' end"
"M14016_at"	"1710"	"UROD Uroporphyrinogen decarboxylase"
"M14058_at"	"1711"	"C1R Complement component C1r"
"M14158_cds4_at"	"1717"	"T-cell receptor beta-chain J1.3 gene extracted from Human T-cell receptor germline beta-chain D1.1 and J1.1 to J1.6 genes"
"M14200_rna1_at"	"1719"	"Diazepam binding inhibitor (DBI) mRNA"
"M14219_at"	"1721"	"DCN Decorin"
"M14539_at"	"1723"	"COAGULATION FACTOR XIII A CHAIN"
"M14636_at"	"1725"	"PYGL Glycogen phosphorylase L (liver form)"
"M14660_at"	"1727"	"GB DEF = ISG-54K gene (interferon stimulated gene) encoding a 54 kDA protein, exon 2"
"M14676_at"	"1728"	"FYN FYN oncogene related to SRC, FGR, YES"
"M15059_at"	"1731"	"FCER2 Fc fragment of IgE, low affinity II, receptor for (CD23A)"
"M15182_at"	"1732"	"GUSB Glucuronidase, beta"
"M15205_at"	"1733"	"TK1 Thymidine kinase 1, soluble"
"M15661_at"	"1737"	"RPL44 Ribosomal protein L44"
"M15796_at"	"1739"	"PCNA Proliferating cell nuclear antigen"
"M15841_at"	"1740"	"SNRPB2 Small nuclear ribonucleoprotein polypeptide B''"
"M15990_at"	"1744"	"C-yes-1 mRNA"
"M16038_at"	"1745"	"LYN V-yes-1 Yamaguchi sarcoma viral related oncogene homolog"
"M16279_at"	"1746"	"MIC2 Antigen identified by monoclonal antibodies 12E7, F21 and O13"
"M16405_at"	"1749"	"MUSCARINIC ACETYLCHOLINE RECEPTOR M4"
"M16424_at"	"1750"	"BETA-HEXOSAMINIDASE ALPHA CHAIN PRECURSOR"
"M18737_rna1_at"	"1773"	"GJA1P1 gene extracted from Human Hanukah factor serine protease (HuHF) mRNA"
"M19159_at"	"1774"	"ALPP Alkaline phosphatase, placental (Regan isozyme)"
"M19483_at"	"1778"	"ATP5B ATP synthase, H+ transporting, mitochondrial F1 complex, beta polypeptide"
"M19507_at"	"1779"	"MPO Myeloperoxidase"
"M19645_at"	"1780"	"78 KD GLUCOSE REGULATED PROTEIN PRECURSOR"
"M19722_at"	"1784"	"FGR Gardner-Rasheed feline sarcoma viral (v-fgr) oncogene homolog"
"M19961_at"	"1785"	"COX5B Cytochrome c oxidase subunit Vb"
"M19989_cds2_at"	"1787"	"Platelet-derived growth factor (PDGFA) A chain gene"
"M20471_at"	"1790"	"CLTA Clathrin light chain A"
"M20681_at"	"1793"	"GLUCOSE TRANSPORTER TYPE 3, BRAIN"
"M20902_at"	"1796"	"APOC1 Apolipoprotein CI"
"M21005_at"	"1798"	"CALGRANULIN A"
"M21121_at"	"1800"	"SCYA5 Small inducible cytokine A5 (RANTES)"
"M21154_at"	"1801"	"AMD1 S-adenosylmethionine decarboxylase 1"
"M21186_at"	"1802"	"CYBA Cytochrome b-245, alpha polypeptide"
"M21259_at"	"1804"	"SNRPE Small nuclear ribonucleoprotein polypeptide E"
"M21551_rna1_at"	"1807"	"Neuromedin B mRNA"
"M21574_at"	"1808"	"PDGFRA Platelet-derived growth factor receptor, alpha polypeptide"
"M21624_at"	"1809"	"TCRD T-cell receptor, delta"
"M21904_at"	"1811"	"MDU1 Antigen identified by monoclonal antibodies 4F2, TRA1.10, TROP4, and T43"
"M21984_at"	"1813"	"TROPONIN T, FAST SKELETAL MUSCLE ISOFORM BETA"
"M21985_at"	"1814"	"ORPHAN RECEPTOR TR2"
"M22324_at"	"1817"	"ANPEP Alanyl (membrane) aminopeptidase (aminopeptidase N, aminopeptidase M, microsomal aminopeptidase, CD13)"
"M22382_at"	"1818"	"HSPD1 Heat shock 60 kD protein 1 (chaperonin)"
"M22430_at"	"1819"	"PLA2G2A Phospholipase A2, group IIA (platelets, synovial fluid)"
"M22489_at"	"1820"	"BMP2 Bone morphogenetic protein 2"
"M22538_at"	"1822"	"NDUFV2 NADH dehydrogenase (ubiquinone) flavoprotein 2 (24kD)"
"M22632_at"	"1823"	"GOT2 Glutamic-oxaloacetic transaminase 2, mitochondrial (aspartate aminotransferase 2)"
"M22638_at"	"1824"	"LYL-1 protein gene"
"M22760_at"	"1825"	"CYTOCHROME C OXIDASE POLYPEPTIDE VA PRECURSOR"
"M22877_at"	"1826"	"CYC1 Cytochrome c-1"
"M22898_at"	"1827"	"TP53 Tumor protein p53 (Li-Fraumeni syndrome)"
"M22919_rna2_at"	"1828"	"MLC gene (non-muscle myosin light chain) extracted from Human nonmuscle/smooth muscle alkali myosin light chain gene"
"M22960_at"	"1829"	"PPGB Protective protein for beta-galactosidase (galactosialidosis)"
"M22976_at"	"1830"	"CYB5 Cytochrome b-5"
"M22995_at"	"1831"	"RAP1A RAP1A, member of RAS oncogene family"
"M23114_at"	"1832"	"ATP2A2 ATPase, Ca++ transporting, cardiac muscle, slow twitch  2"
"M23161_at"	"1833"	"Transposon-like element mRNA"
"M23197_at"	"1834"	"CD33 CD33 antigen (differentiation antigen)"
"M23254_at"	"1835"	"CAPN2 Calpain, large polypeptide L2"
"M23294_at"	"1836"	"HEXB Hexosaminidase B (beta polypeptide)"
"M23379_at"	"1837"	"RASA1 GTPase-activating protein ras p21 (RASA)"
"M24248_at"	"1842"	"MYL3 Myosin, light polypeptide 3, alkali; ventricular, skeletal, slow"
"M24398_at"	"1845"	"PTMS Parathymosin"
"M24439_at"	"1847"	"ALPL Alkaline phosphatase, liver/bone/kidney"
"M24470_at"	"1849"	"G6PD Glucose-6-phosphate dehydrogenase"
"M24594_at"	"1850"	"IFI56 Interferon-induced protein 56"
"M24899_at"	"1851"	"THRA Thyroid hormone receptor, alpha (avian erythroblastic leukemia viral (v-erb-a) oncogene homolog)"
"M25077_at"	"1853"	"60-kdal ribonucleoprotein (Ro) mRNA"
"M25269_at"	"1855"	"ELK1 ELK1, member of ETS oncogene family"
"M25280_at"	"1856"	"SELL Selectin L (lymphocyte adhesion molecule 1)"
"M25809_at"	"1862"	"ATP6B1 ATPase, H+ transporting, lysosomal (vacuolar proton pump), beta polypeptide, 56/58kD, isoform 1"
"M25897_at"	"1863"	"PF4 Platelet factor 4"
"M26576_cds2_at"	"1867"	"COL4A1 gene (alpha-1 type IV collagen) extracted from Human alpha-1 collagen type IV gene"
"M26602_at"	"1868"	"DEFA1 Defensin, alpha 1, myeloid-related sequence "
"M26880_at"	"1872"	"UBA52 Ubiquitin A-52 residue ribosomal protein fusion product 1"
"M27161_at"	"1874"	"CD8A CD8 antigen, alpha polypeptide (p32)"
"M27819_at"	"1879"	"SLC4A1 Solute carrier family 4, anion exchanger, member 1 (erythrocyte membrane protein band 3)"
"M27826_at"	"1880"	"Endogenous retroviral protease mRNA"
"M27891_at"	"1882"	"CST3 Cystatin C (amyloid angiopathy and cerebral hemorrhage)"
"M28209_at"	"1883"	"RAS-RELATED PROTEIN RAB-1A"
"M28713_at"	"1891"	"NADH-CYTOCHROME B5 REDUCTASE"
"M28825_at"	"1892"	"CD1A CD1a antigen (thymocyte antigen)"
"M28826_at"	"1893"	"CD1B CD1b antigen (thymocyte antigen)"
"M28827_at"	"1894"	"CD1C CD1c antigen (thymocyte antigen)"
"M29064_at"	"1897"	"HNRPA2B1 Heterogeneous nuclear ribonucleoprotein A2/B1"
"M29273_at"	"1900"	"MAG Myelin-associated glycoprotein"
"M29474_at"	"1902"	"Recombination activating protein (RAG-1) gene"
"M29536_at"	"1903"	"Translational initiation factor 2 beta subunit (elF-2-beta) mRNA"
"M29696_at"	"1909"	"IL7R Interleukin 7 receptor"
"M29877_at"	"1910"	"FUCA1 Fucosidase, alpha-L- 1, tissue"
"M29927_at"	"1911"	"OAT Ornithine aminotransferase (gyrate atrophy)"
"M29971_at"	"1913"	"MGMT 6-O-methylguanine-DNA methyltransferase (MGMT)"
"M30185_at"	"1915"	"CETP Cholesteryl ester transfer protein, plasma"
"M30818_at"	"1919"	"MX2 Myxovirus (influenza) resistance 2, homolog of murine"
"M30894_at"	"1920"	"TCRG T cell receptor gamma chain"
"M30938_at"	"1921"	"ATP-DEPENDENT DNA HELICASE II, 86 KD SUBUNIT"
"M31013_at"	"1922"	"MYH9 Myosin, heavy polypeptide 9, non-muscle"
"M31166_at"	"1926"	"PTX3 Pentaxin-related gene, rapidly induced by IL-1 beta"
"M31303_rna1_at"	"1928"	"Oncoprotein 18 (Op18) gene"
"M31328_at"	"1929"	"GNB3 Guanine nucleotide binding protein (G protein), beta polypeptide 3"
"M31627_at"	"1933"	"X BOX BINDING PROTEIN-1"
"M31642_at"	"1934"	"HPRT1 Hypoxanthine phosphoribosyltransferase 1 (Lesch-Nyhan syndrome)"
"M31994_at"	"1941"	"ALDH1 Aldehyde dehydrogenase 1, soluble"
"M32011_at"	"1942"	"NCF2 Neutrophil cytosolic factor 2 (65kD, chronic granulomatous disease, autosomal 2)"
"M32053_at"	"1943"	"GB DEF = H19 RNA gene"
"M32313_at"	"1944"	"SRD5A1 Steroid-5-alpha-reductase, alpha polypeptide 1 (3-oxo-5 alpha-steroid delta 4-dehydrogenase alpha 1)"
"M32315_at"	"1945"	"TNFR2 Tumor necrosis factor receptor 2 (75kD)"
"M32334_at"	"1946"	"ICAM2 Intercellular adhesion molecule 2"
"M32886_at"	"1952"	"SRI Sorcin"
"M33195_at"	"1953"	"Fc-epsilon-receptor gamma-chain mRNA"
"M33308_at"	"1954"	"VCL Vinculin"
"M33336_at"	"1955"	"PRKAR1A CAMP-dependent protein kinase regulatory subunit type I"
"M33518_at"	"1958"	"LARGE PROLINE-RICH PROTEIN BAT2"
"M33521_at"	"1959"	"LARGE PROLINE-RICH PROTEIN BAT3"
"M33552_at"	"1960"	"GB DEF = Lymphocyte-specific protein 1 (LSP1) mRNA"
"M33680_at"	"1962"	"26-kDa cell surface protein TAPA-1 mRNA"
"M33764_at"	"1963"	"ODC1 Ornithine decarboxylase 1"
"M33882_at"	"1964"	"MX1 Myxovirus (influenza) resistance 1, homolog of murine (interferon-inducible protein p78)"
"M34041_at"	"1966"	"GB DEF = Alpha-2-adrenergic receptor (alpha-2 c2) gene"
"M34175_at"	"1970"	"CLAPB1 Clathrin-associated/assembly/adaptor protein, large, beta 1"
"M34181_at"	"1971"	"PRKACB Protein kinase, cAMP-dependent, catalytic, beta"
"M34344_at"	"1975"	"ITGA2B Integrin, alpha 2b (platelet glycoprotein IIb of IIb/IIIa complex, antigen CD41B)"
"M34423_at"	"1976"	"GLB1 Beta-D-galactosidase"
"M34455_at"	"1977"	"IDO Indole 2,3-dioxygenase"
"M34539_at"	"1978"	"FKBP1 FK506-binding protein 1 (12kD)"
"M34667_at"	"1979"	"PLCG1 Phospholipase C, gamma 1 (formerly subtype 148)"
"M34668_at"	"1980"	"PTPRA Protein tyrosine phosphatase, receptor type, alpha polypeptide"
"M34677_at"	"1981"	"FACTOR VIII INTRON 22 PROTEIN"
"M35128_at"	"1982"	"GB DEF = M1 gene for muscarinic acetylcholine receptor"
"M35531_at"	"1987"	"FUT1 Fucosyltransferase 1 (galactoside 2-alpha-L-fucosyltransferase, Bombay phenotype included)"
"M35878_at"	"1988"	"INSULIN-LIKE GROWTH FACTOR BINDING PROTEIN 3 PRECURSOR"
"M36067_at"	"1989"	"LIG1 Ligase I, DNA, ATP-dependent"
"M36089_at"	"1990"	"DNA-REPAIR PROTEIN XRCC1"
"M36341_at"	"1993"	"ARF4 ADP-ribosylation factor 4"
"M37033_at"	"1995"	"CD53 CD53 antigen"
"M37104_at"	"1996"	"ATP5 ATP synthase, H+ transporting, mitochondrial"
"M37245_at"	"1999"	"GB DEF = Ig superfamily cytotoxic T-lymphocyte-associated protein (CTLA-4) gene, last exon"
"M37435_at"	"2001"	"CSF1 Colony-stimulating factor 1 (M-CSF)"
"M37583_at"	"2002"	"H2AZ H2AZ histone"
"M37766_at"	"2005"	"CD48 CD48 antigen (B-cell membrane protein)"
"M38591_at"	"2009"	"S100A10 S100 calcium-binding protein A10 (annexin II ligand, calpactin I, light polypeptide (p11))"
"M38690_at"	"2010"	"CD9 CD9 antigen"
"M54992_at"	"2014"	"CD72 CD72 antigen"
"M54995_at"	"2015"	"PPBP Connective tissue activation peptide III"
"M55067_at"	"2018"	"NCF1 47 kD autosomal chronic granulomatous disease protein"
"M55150_at"	"2020"	"FAH Fumarylacetoacetate"
"M55265_at"	"2024"	"CSNK2A1 Casein kinase 2, alpha 1 polypeptide"
"M55268_at"	"2026"	"CSNK2A2 Casein kinase 2, alpha prime polypeptide"
"M55531_at"	"2029"	"SLC2A5 Solute carrier family 2 (facilitated glucose transporter), member 5"
"M55593_at"	"2032"	"MMP2 Matrix metalloproteinase 2 (gelatinase A, 72kD gelatinase, 72kD type IV collagenase)"
"M55671_at"	"2034"	"VITAMIN K-DEPENDENT PROTEIN Z PRECURSOR"
"M57567_at"	"2041"	"ARF5 ADP-ribosylation factor 5"
"M57609_at"	"2042"	"GLI3 PROTEIN"
"M57710_at"	"2043"	"LGALS3 Lectin, galactoside-binding, soluble, 3 (galectin 3) (NOTE: redefinition of symbol)"
"M57763_at"	"2046"	"ARF6 ADP-ribosylation factor 6"
"M58028_at"	"2048"	"UBE1 Ubiquitin activating enzyme E1"
"M58285_at"	"2049"	"Membrane-associated protein (HEM-1) mRNA"
"M58378_cds1_at"	"2051"	"SYN1 gene (synapsin I) extracted from Human synapsin I (SYN1) gene"
"M58459_at"	"2052"	"RPS4Y Ribosomal protein S4, Y-linked"
"M58603_at"	"2056"	"NFKB1 Nuclear factor of kappa light polypeptide gene enhancer in B-cells 1 (p105)"
"M59465_at"	"2058"	"TNFAIP1 Tumor necrosis factor alpha inducible protein A20"
"M59807_at"	"2061"	"NATURAL KILLER CELLS PROTEIN 4 PRECURSOR"
"M59815_at"	"2062"	"C4A Complement component 4A"
"M59820_at"	"2063"	"CSF3R Colony stimulating factor 3 receptor (granulocyte)"
"M59829_at"	"2064"	"GB DEF = MHC class III HSP70-HOM gene (HLA)"
"M59830_at"	"2065"	"HEAT SHOCK 70 KD PROTEIN 1"
"M59911_at"	"2066"	"ITGA3 Integrin alpha-3 subunit"
"M60091_at"	"2073"	"GALT Galactose-1-phosphate uridyl transferase"
"M60165_cds1_at"	"2076"	"HLA-DQB1 gene extracted from Human guanine nucleotide-binding regulatory protein (Go-alpha) gene"
"M60278_at"	"2077"	"DTR Diphtheria toxin receptor (heparin-binding epidermal growth factor-like growth factor)"
"M60298_at"	"2078"	"EPB42 Erythrocyte membrane protein band 4.2"
"M60527_at"	"2084"	"DCK Deoxycytidine kinase"
"M60721_at"	"2087"	"Homeobox gene"
"M60752_at"	"2091"	"GB DEF = Histone H2A.1 (H2A) gene"
"M60830_at"	"2092"	"EVI2B PROTEIN PRECURSOR TROPIC VIRAL INTEGRATION SITE 2B PROTEIN)"
"M60922_at"	"2095"	"Surface antigen mRNA"
"M61199_at"	"2098"	"CLEAVAGE SIGNAL-1 PROTEIN"
"M61764_at"	"2100"	"TUBG Tubulin, gamma polypeptide"
"M61906_at"	"2101"	"PHOSPHATIDYLINOSITOL 3-KINASE REGULATORY ALPHA SUBUNIT"
"M62302_at"	"2103"	"Growth/differentiation factor 1 (GDF-1) mRNA"
"M62324_at"	"2104"	"Modulator recognition factor I (MRF-1) mRNA, 3' end"
"M62762_at"	"2111"	"ATP6C Vacuolar H+ ATPase proton channel subunit"
"M62783_at"	"2112"	"NAGA N-acetylgalactosaminidase, alpha-"
"M62810_at"	"2114"	"TCF6L1 Transcription factor 6-like 1 (mitochondrial transcription factor 1-like)"
"M62831_at"	"2115"	"Transcription factor ETR101 mRNA"
"M62994_at"	"2120"	"Thyroid autoantigen (truncated actin-binding protein) mRNA"
"M63138_at"	"2121"	"CTSD Cathepsin D (lysosomal aspartyl protease)"
"M63167_at"	"2123"	"AKT1 V-akt murine thymoma viral oncogene homolog 1"
"M63175_at"	"2124"	"AMFR Autocrine motility factor receptor"
"M63180_at"	"2125"	"TARS Threonyl-tRNA synthetase"
"M63262_at"	"2127"	"GB DEF = 5-lipoxygenase activating protein (FLAP) gene, exon 5"
"M63379_at"	"2128"	"CLU Clusterin (complement lysis inhibitor; testosterone-repressed prostate message 2; apolipoprotein J)"
"M63573_at"	"2132"	"PPIB Peptidylprolyl isomerase B (cyclophilin B)"
"M63582_at"	"2133"	"THYROLIBERIN PRECURSOR"
"M63589_at"	"2134"	"TAL1 T-cell acute lymphocytic leukemia 1 (NOTE: redefinition of symbol)"
"M63904_at"	"2139"	"GNA15 Guanine nucleotide binding protein (G protein), alpha 15 (Gq class)"
"M63928_at"	"2140"	"CD27 CD27 antigen (T cell activation antigen)"
"M63959_at"	"2141"	"LRPAP1 Low density lipoprotein-related protein-associated protein 1 (alpha-2-macroglobulin receptor-associated protein 1"
"M64098_at"	"2145"	"High density lipoprotein binding protein (HBP) mRNA"
"M64108_at"	"2147"	"Udulin 1 mRNA, 3' end"
"M64174_at"	"2148"	"TYROSINE-PROTEIN KINASE JAK1"
"M64590_at"	"2155"	"GLDC Glycine cleavage system protein P (glycine decarboxylase)"
"M64595_at"	"2156"	"RAC2 Ras-related C3 botulinum toxin substrate 2"
"M64673_at"	"2157"	"HEAT SHOCK FACTOR PROTEIN 1"
"M64925_at"	"2161"	"MPP1 Membrane protein, palmitoylated 1 (55kD)"
"M64929_at"	"2162"	"PPP2R2A Protein phosphatase 2 (formerly 2A), regulatory subunit B (PR 52), alpha isoform"
"M64934_at"	"2164"	"XK Kell blood group precursor (McLeod phenotype)"
"M64992_at"	"2166"	"PSMA2 Proteasome component C2"
"M65066_at"	"2167"	"PRKAR1B Protein kinase, cAMP-dependent, regulatory, type I, beta"
"M65085_at"	"2168"	"FSHR Follicle stimulating hormone receptor"
"M65217_at"	"2171"	"HEAT SHOCK FACTOR PROTEIN 2"
"M68520_at"	"2177"	"CDK2 Cyclin-dependent kinase 2"
"M68864_at"	"2179"	"ORF mRNA"
"M68891_at"	"2181"	"GATA2 GATA-binding protein 2"
"M68941_at"	"2183"	"GB DEF = Protein-tyrosine phosphatase mRNA"
"M69023_at"	"2184"	"Globin gene"
"M69039_at"	"2185"	"PRE-MRNA SPLICING FACTOR SF2, P32 SUBUNIT PRECURSOR"
"M69043_at"	"2186"	"MAJOR HISTOCOMPATIBILITY COMPLEX ENHANCER-BINDING PROTEIN MAD3"
"M69066_at"	"2187"	"MSN Moesin"
"M73047_at"	"2191"	"TPP2 Tripeptidyl peptidase II"
"M73547_at"	"2196"	"POLYPOSIS LOCUS PROTEIN 1"
"M73720_at"	"2197"	"CPA3 Carboxypeptidase A3 (mast cell)"
"M74002_at"	"2199"	"Arginine-rich nuclear protein mRNA"
"M74089_at"	"2201"	"TB1 gene mRNA, 3' end"
"M74099_at"	"2205"	"CUTL1 Cut (Drosophila)-like 1 (CCAAT displacement protein)"
"M74491_at"	"2210"	"ARF3 ADP-ribosylation factor 3"
"M74524_at"	"2211"	"UBE2A Ubiquitin-conjugating enzyme E2A (RAD6 homolog)"
"M74719_at"	"2215"	"SEF2-1A protein (SEF2-1A) mRNA, 5' end"
"M75099_at"	"2217"	"FRAP FK506 binding protein 12-rapamycin associated protein"
"M75126_at"	"2220"	"HK1 Hexokinase 1"
"M76378_at"	"2223"	"FN1 Fibronectin 1"
"M76424_at"	"2224"	"Carbonic anhydrase VII (CA VII) gene"
"M76766_at"	"2230"	"GTF2B General transcription factor IIB"
"M77142_at"	"2233"	"NUCLEOLYSIN TIA-1"
"M77698_at"	"2237"	"YY1 YY1 transcription factor"
"M77836_at"	"2239"	"PYCR1 Pyrroline-5-carboxylate reductase 1"
"M80244_at"	"2241"	"INTEGRAL MEMBRANE PROTEIN E16"
"M80254_at"	"2242"	"PEPTIDYL-PROLYL CIS-TRANS ISOMERASE, MITOCHONDRIAL PRECURSOR"
"M80333_at"	"2243"	"GB DEF = M5 muscarinic acetylcholine receptor gene"
"M80335_at"	"2244"	"Protein kinase A catalytic subunit mRNA, 3' end"
"M80359_at"	"2245"	"PUTATIVE SERINE/THREONINE-PROTEIN KINASE P78"
"M80563_at"	"2248"	"PLACENTAL CALCIUM-BINDING PROTEIN"
"M80629_at"	"2249"	"Cdc2-related protein kinase (CHED) mRNA"
"M80647_at"	"2250"	"THROMBOXANE-A SYNTHASE"
"M80899_at"	"2252"	"AHNAK AHNAK nucleoprotein (desmoyokin)"
"M81057_at"	"2253"	"CPB1 Carboxypeptidase B1 (tissue)"
"M81601_at"	"2256"	"TRANSCRIPTION ELONGATION FACTOR S-II"
"M81758_at"	"2260"	"SODIUM CHANNEL PROTEIN, SKELETAL MUSCLE ALPHA-SUBUNIT"
"M81780_cds5_at"	"2263"	"SMPD1 gene (acid sphingomyelinase) extracted from Homo sapiens acid sphingomyelinase (SMPD1) gene, ORF's 1-3's"
"M81830_at"	"2265"	"GB DEF = Somatostatin receptor isoform 2 (SSTR2) gene"
"M82809_at"	"2268"	"ANX4 Annexin IV (placental anticoagulant protein II)"
"M82882_at"	"2269"	"ETS-RELATED TRANSCRIPTION FACTOR ELF-1"
"M83088_at"	"2272"	"PGM1 Phosphoglucomutase 1"
"M83181_at"	"2273"	"GB DEF = Serotonin receptor gene"
"M83221_at"	"2275"	"TRANSCRIPTION FACTOR RELB"
"M83233_at"	"2276"	"TCF12 Transcription factor 12 (HTF4, helix-loop-helix transcription factors 4)"
"M83751_at"	"2282"	"Arginine-rich protein (ARP) gene"
"M84349_at"	"2287"	"CD59 CD59 antigen p18-20 (antigen identified by monoclonal antibodies 16.3A5, EJ16, EJ30, EL32 and G344)"
"M84526_at"	"2288"	"DF D component of complement (adipsin)"
"M84739_at"	"2291"	"CALR Autoantigen calreticulin"
"M85169_at"	"2295"	"Homologue of yeast sec7 mRNA"
"M85247_at"	"2298"	"GB DEF = Dopamine D1A receptor gene, complete exon 1, and exon 2, 5' end"
"M85276_at"	"2299"	"NKG5 PROTEIN PRECURSOR"
"M86400_at"	"2300"	"YWHAZ Tyrosine 3-monooxygenase/tryptophan 5-monooxygenase activation protein, zeta polypeptide"
"M86546_at"	"2304"	"PBX1 PBX1a and PBX1b"
"M86667_at"	"2305"	"HnRNP C2 protein mRNA"
"M86707_at"	"2307"	"GLYCYLPEPTIDE N-TETRADECANOYLTRANSFERASE"
"M86737_at"	"2308"	"SSRP1 High mobility group box"
"M86752_at"	"2309"	"TRANSFORMATION-SENSITIVE PROTEIN IEF SSP 3521"
"M86852_at"	"2313"	"PXMP3 Peroxisomal membrane protein 3 (35kD, Zellweger syndrome)"
"M87339_at"	"2319"	"RFC4 Replication factor C, 37-kD subunit"
"M87434_at"	"2320"	"69/71 KD"
"M87503_at"	"2322"	"TRANSCRIPTIONAL REGULATOR ISGF3 GAMMA SUBUNIT"
"M87860_at"	"2323"	"GALECTIN-2"
"M88108_at"	"2324"	"P62 mRNA"
"M88279_at"	"2326"	"FKBP4 FK506-binding protein 4 (59kD)"
"M88282_at"	"2327"	"T-CELL SURFACE PROTEIN TACTILE PRECURSOR"
"M88458_at"	"2329"	"ELP-1 mRNA sequence"
"M88468_at"	"2330"	"MVK Mevalonate kinase"
"M89957_at"	"2335"	"IGB Immunoglobulin-associated beta (B29)"
"M90299_at"	"2336"	"GCK Glucokinase (hexokinase 4, maturity onset diabetes of the young 2)"
"M90656_at"	"2340"	"GLCLC Glutamate-cysteine ligase (gamma-glutamylcysteine synthetase), catalytic (72.8kD)"
"M91029_cds2_at"	"2344"	"AMP deaminase (AMPD2) mRNA"
"M91036_rna1_at"	"2345"	"G-gamma globin gene extracted from H.sapiens G-gamma globin and A-gamma globin genes's"
"M91083_at"	"2346"	"DNA-binding protein (HRC1) mRNA"
"M91196_at"	"2347"	"ICSBP1 Interferon consensus sequence binding protein 1"
"M91432_at"	"2348"	"ACADM Acyl-Coenzyme A dehydrogenase, C-4 to C-12 straight chain"
"M91438_at"	"2349"	"GB DEF = Kazal-type serine proteinase (HUSI-II) gene"
"M91585_at"	"2351"	"Br140 mRNA"
"M91592_at"	"2352"	"ZNF76 Zinc finger protein 76"
"M91670_at"	"2353"	"Ubiquitin carrier protein (E2-EPF) mRNA"
"M92287_at"	"2354"	"CCND3 Cyclin D3"
"M92303_at"	"2355"	"DIHYDROPRYRIDINE-SENSITIVE L-TYPE, CALCIUM CHANNEL BETA-1-B1 SUBUNIT"
"M92357_at"	"2356"	"B94 PROTEIN"
"M92439_at"	"2359"	"130 KD LEUCINE-RICH PROTEIN"
"M92449_at"	"2360"	"LTR mRNA, 3' end of coding region and 3' flank"
"M92934_at"	"2361"	"CTGF Connective tissue growth factor"
"M93056_at"	"2363"	"LEUKOCYTE ELASTASE INHIBITOR"
"M93107_at"	"2364"	"D-BETA-HYDROXYBUTYRATE DEHYDROGENASE PRECURSOR"
"M93221_at"	"2366"	"M6PR Mannose receptor"
"M93283_at"	"2367"	"Pancreatic lipase related protein 1 (PLRP1) mRNA"
"M93405_at"	"2369"	"Methylmalonate semialdehyde dehydrogenase gene"
"M93426_at"	"2372"	"PTPRZ Protein tyrosine phosphatase, receptor-type, zeta polypeptide"
"M93718_at"	"2374"	"NOS3 Nitric oxide synthase 3 (endothelial cell)"
"M94250_at"	"2379"	"MDK Midkine (neurite growth-promoting factor 2)"
"M94345_at"	"2380"	"CAPG Capping protein (actin filament), gelsolin-like"
"M94362_at"	"2381"	"LAMB2 Laminin, beta 2 (laminin S)"
"M94556_at"	"2383"	"SSBP Single-stranded DNA-binding protein"
"M94630_at"	"2384"	"Heterogeneous nuclear ribonucleoprotein D (hnRNP D), partial cds, clone cDx4"
"M94633_at"	"2385"	"GB DEF = Recombination acitivating protein (RAG2) gene, last exon"
"M94856_at"	"2386"	"FATTY ACID-BINDING PROTEIN, EPIDERMAL"
"M95178_at"	"2389"	"ALPHA-ACTININ 1, CYTOSKELETAL ISOFORM"
"M95549_at"	"2390"	"SLC5A2 Solute carrier family 5 (sodium/glucose cotransporter), member 2"
"M95610_at"	"2391"	"COL9A2 Collagen, type IX, alpha 2"
"M95623_cds1_at"	"2392"	"PBGD gene (hydroxymethylbilane synthase) extracted from Homo sapiens hydroxymethylbilane synthase gene"
"M95678_at"	"2394"	"PLCB2 Phospholipase C, beta 2"
"M95712_at"	"2395"	"BRAF V-raf murine sarcoma viral oncogene homolog B1"
"M95787_at"	"2398"	"22kDa smooth muscle protein (SM22) mRNA"
"M96326_rna1_at"	"2402"	"Azurocidin gene"
"M96803_at"	"2408"	"SPTBN1 Spectrin, beta, non-erythrocytic 1"
"M96859_at"	"2409"	"DPP6 Dipeptidylpeptidase VI"
"M96982_at"	"2412"	"SPLICING FACTOR U2AF 35 KD SUBUNIT"
"M97287_at"	"2413"	"SATB1 Special AT-rich sequence binding protein 1 (binds to nuclear matrix/scaffold-associating DNA's)"
"M97815_at"	"2418"	"CRABP2 Cellular retinoic acid-binding protein 2"
"M97856_at"	"2419"	"NASP Nuclear autoantigenic sperm protein (histone-binding)"
"M97925_rna1_at"	"2420"	"Defensin 5 gene"
"M97936_at"	"2421"	"SIGNAL TRANSDUCER AND ACTIVATOR OF TRANSCRIPTION 1-ALPHA/BETA"
"M98045_at"	"2422"	"Folylpolyglutamate synthetase mRNA"
"M98539_at"	"2426"	"Prostaglandin D2 synthase gene"
"M98776_rna1_at"	"2427"	"Keratin 1 gene"
"M98833_at"	"2428"	"FLI1 Friend leukemia virus integration 1"
"M99063_at"	"2429"	"KERATIN, TYPE II CYTOSKELETAL 2 ORAL"
"M99701_at"	"2432"	"(pp21) mRNA"
"S43646_at"	"2437"	"KERATIN, TYPE II CYTOSKELETAL 2 EPIDERMAL"
"S45630_at"	"2438"	"CRYAB Crystallin alpha-B"
"S50223_at"	"2441"	"HKR-T1"
"S53911_at"	"2442"	"CD34 CD34 antigen (hemopoietic progenitor cell antigen)"
"S58733_at"	"2447"	"Pp52"
"S59049_at"	"2448"	"RGS1 Regulator of G-protein signalling 1"
"S61953_at"	"2450"	"ERBB3 V-erb-b2 avian erythroblastic leukemia viral oncogene homolog 3 {alternative products}"
"S63912_at"	"2452"	"D10S102"
"S65583_rna1_at"	"2453"	"SP-10=intra-acrosomal protein {alternatively spliced} [human, liver, Genomic, 2339 nt 4 segments]"
"S65738_at"	"2454"	"Actin depolymerizing factor [human, fetal brain, mRNA, 1452 nt]"
"S66431_at"	"2455"	"RBP2"
"S67070_at"	"2457"	"Heat shock protein HSP72 homolog [human, thyroid associated ophthalmopathy patient, mRNA Partial, 450 nt]"
"S67325_at"	"2459"	"PCCB Propionyl Coenzyme A carboxylase, beta polypeptide"
"S68616_at"	"2462"	"SLC9A1 Solute carrier family 9 (sodium/hydrogen exchanger), isoform 1 (antiporter, Na+/H+, amiloride sensitive)"
"S69115_at"	"2463"	"Granulocyte colony-stimulating factor induced gene [human, CML patient, bone marrow mononuclear cells, mRNA, 833 nt]"
"S70609_at"	"2471"	"GB DEF = Glycine transporter type 1b [human, substantia nigra, mRNA, 2364 nt]"
"S71824_at"	"2474"	"NEURAL CELL ADHESION MOLECULE, PHOSPHATIDYLINOSITOL-LINKED ISOFORM PRECURSOR"
"S72008_at"	"2475"	"CDC10 Cell division cycle 10 (homologous to CDC10 of S. cerevisiae"
"S72487_at"	"2477"	"Platelet-derived endothelial cell growth factor mRNA"
"S73591_at"	"2482"	"Brain-expressed HHCPA78 homolog [human, HL-60 acute promyelocytic leukemia cells, mRNA, 2704 nt]"
"S74017_at"	"2484"	"Nrf2"
"S74221_at"	"2485"	"IK"
"S74445_at"	"2486"	"Cellular retinoic acid-binding protein [human, skin, mRNA, 735 nt]"
"S75168_rna1_at"	"2489"	"Matk=megakaryocyte-associated tyrosine kinase [human, Genomic, 2617 nt 13 segments]"
"S75463_at"	"2493"	"ELONGATION FACTOR TU, MITOCHONDRIAL PRECURSOR"
"S76617_at"	"2497"	"BLK Protein-tyrosine kinase blk"
"S76965_at"	"2498"	"Protein kinase inhibitor [human, neuroblastoma cell line SH-SY-5Y, mRNA, 2147 nt]"
"S76992_at"	"2499"	"VAV2 Vav 2 oncogene"
"S77356_at"	"2501"	"GB DEF = Transcript ch21=oligomycin sensitivity conferral protein oscp homolog [human, RF1,RF48 stomach cancer cell lines, mRNA, 262 nt]"
"S77576_at"	"2506"	"GB DEF = ERV9 reverse transcriptase homolog {clone RT18} [human, multiple sclerosis, brain plaques, mRNA Partial, 84 nt]"
"S77763_at"	"2508"	"NF-E2 protein (NF-E2) mRNA"
"S77812_at"	"2509"	"FLT1 Fms-related tyrosine kinase 1 (vascular endothelial growth factor/vascular permeability factor receptor)"
"S78085_at"	"2510"	"PDCD2 Programmed cell death 2"
"S78187_at"	"2511"	"M-PHASE INDUCER PHOSPHATASE 2"
"S78296_at"	"2513"	"Neurofilament-66 [human, fetal brain, mRNA, 3197 nt]"
"S79639_at"	"2522"	"EXT1 Exostoses (multiple) 1"
"S80335_at"	"2526"	"ITGB7 Integrin beta-7 subunit"
"S81003_at"	"2529"	"L-UBC"
"S81439_at"	"2534"	"TGF-beta inducible early protein (TIEG) mRNA"
"S81914_at"	"2537"	"IEX-1"
"S82470_at"	"2546"	"BB1"
"S83364_at"	"2552"	"GB DEF = Putative Rab5-interacting protein {clone L1-57} [human, HeLa cells, mRNA Partial, 366 nt]"
"S85655_at"	"2557"	"PHB Prohibitin"
"S87759_at"	"2559"	"Protein phosphatase 2C alpha [human, teratocarcinoma, mRNA, 2346 nt]"
"S90469_at"	"2560"	"Cytochrome P450 reductase [human, placenta, mRNA Partial, 2403 nt]"
"U00115_at"	"2563"	"BCL6 B cell lymphoma protein 6 (zinc finger protein 51)"
"U00672_at"	"2565"	"IL10R Interleukin 10 receptor"
"U00921_at"	"2566"	"LST1 mRNA, cLST1/E splice variant"
"U00943_at"	"2568"	"GB DEF = Clone A9A2BRB2 (CAC)n/(GTG)n repeat-containing mRNA"
"U00952_at"	"2572"	"Clone A9A2BRB7 (CAC)n/(GTG)n repeat-containing mRNA"
"U00968_at"	"2575"	"SREBP-1 mRNA"
"U01038_at"	"2576"	"PLK mRNA"
"U01147_at"	"2580"	"ABR Active BCR-related gene"
"U01212_at"	"2583"	"GB DEF = Olfactory marker protein (OMP) gene"
"U01317_cds6_at"	"2585"	"Beta-globin thalassemia gene extracted from Human beta globin region on chromosome 11"
"U01824_at"	"2586"	"Glutamate transporter"
"U01923_at"	"2590"	"BTK region clone ftp-3 mRNA"
"U02020_at"	"2592"	"Pre-B cell enhancing factor (PBEF) mRNA"
"U02031_at"	"2593"	"Sterol regulatory element binding protein-2 mRNA"
"U02081_at"	"2594"	"Guanine nucleotide regulatory protein (NET1) mRNA"
"U02310_at"	"2596"	"FKHR Homolog 1 of Drosophila forkhead (rhabdomyosarcoma)"
"U02493_at"	"2597"	"54 kDa protein mRNA"
"U02556_at"	"2598"	"RP3 mRNA"
"U02570_at"	"2599"	"CDC42 GTPase-activating protein mRNA, partial cds"
"U02619_at"	"2601"	"TFIIIC Box B-binding subunit mRNA"
"U02687_at"	"2604"	"Growth factor receptor tyrosine kinase (STK-1) mRNA"
"U03057_at"	"2606"	"Actin bundling protein mRNA"
"U03090_at"	"2607"	"Ca2+-dependent phospholipase A2 mRNA"
"U03105_at"	"2609"	"B4-2 protein mRNA"
"U03270_at"	"2611"	"GB DEF = Centrin mRNA"
"U03272_at"	"2612"	"FBN2 Fibrillin 2"
"U03398_at"	"2614"	"Receptor 4-1BB ligand mRNA"
"U03642_at"	"2618"	"G protein-coupled receptor APJ gene"
"U03851_at"	"2621"	"Capping protein alpha mRNA, partial cds"
"U03891_at"	"2624"	"Phorbolin I mRNA, partial cds"
"U04811_at"	"2635"	"Trophinin mRNA"
"U04898_at"	"2638"	"RORA RAR-related orphan receptor A"
"U05237_at"	"2641"	"Fetal Alz-50-reactive clone 1 (FAC1) mRNA"
"U05259_rna1_at"	"2642"	"MB-1 gene"
"U05340_at"	"2645"	"P55CDC mRNA"
"U05659_at"	"2647"	"HSD17B3 Hydroxysteroid (17-beta) dehydrogenase 3"
"U05875_at"	"2648"	"Clone pSK1 interferon gamma receptor accessory factor-1 (AF-1) mRNA"
"U06088_at"	"2649"	"N-ACETYLGALACTOSAMINE-6-SULFATASE PRECURSOR"
"U06631_at"	"2653"	"IEF SSP 9502 mRNA"
"U06681_at"	"2655"	"Clone CCA12 mRNA containing CCA trinucleotide repeat"
"U06863_at"	"2657"	"Follistatin-related protein precursor mRNA"
"U07132_at"	"2659"	"Orphan receptor mRNA, partial cds"
"U07158_at"	"2661"	"Syntaxin mRNA"
"U07223_at"	"2662"	"Beta2-chimaerin mRNA"
"U07358_at"	"2666"	"Protein kinase (zpk) mRNA"
"U07418_at"	"2667"	"MLH1 DNA mismatch repair protein MLH1"
"U07424_at"	"2668"	"Putative tRNA synthetase-like protein mRNA"
"U07550_at"	"2669"	"HSPE1 Heat shock 10 kD protein 1 (chaperonin 10)"
"U07563_cds1_at"	"2671"	"ABL gene, exon 1b and intron 1b, and putative M8604 Met protein  (M8604 Met) gene"
"U07664_at"	"2673"	"HB9 homeobox gene"
"U07681_at"	"2674"	"NAD(H)-specific isocitrate dehydrogenase alpha subunit precursor mRNA"
"U07695_at"	"2675"	"HTK Hepatoma transmembrane kinase"
"U07802_at"	"2677"	"ERF-2 mRNA"
"U07857_at"	"2680"	"SRP14 Signal recognition particle 14 kD protein"
"U07919_at"	"2682"	"ALDH6 Aldehyde dehydrogenase 6 "
"U08316_at"	"2688"	"GB DEF = Insulin-stimulated protein kinase 1 (ISPK-1) mRNA"
"U08336_at"	"2689"	"Basic helix-loop-helix transcription factor mRNA"
"U08815_at"	"2693"	"Splicesomal protein (SAP 61) mRNA"
"U08989_at"	"2694"	"Glutamate transporter mRNA"
"U09117_at"	"2697"	"Phospholipase c delta 1 mRNA"
"U09196_at"	"2698"	"1.1 kb mRNA upregulated in retinoic acid treated HL-60 neutrophilic cells"
"U09284_at"	"2701"	"PINCH protein mRNA"
"U09303_at"	"2702"	"Placenta LERK-2 (EPLG2) mRNA"
"U09410_at"	"2706"	"ZNF131 Zinc finger protein 131 (clone pHZ-10)"
"U09564_at"	"2713"	"Serine kinase mRNA"
"U09578_at"	"2714"	"MAPKAP kinase (3pK) mRNA"
"U09579_at"	"2715"	"CDKN1A Cyclin-dependent kinase inhibitor 1A (p21, Cip1)"
"U09607_at"	"2717"	"JAK3 Janus kinase 3 (a protein tyrosine kinase, leukocyte)"
"U09770_at"	"2720"	"Cysteine-rich heart protein (hCRHP) mRNA"
"U09825_at"	"2722"	"ZNF173 Acid finger protein ZNF173"
"U09848_at"	"2723"	"ZNF139 Zinc finger protein 139 (clone pHZ-37)"
"U09850_at"	"2724"	"ZNF143 Zinc finger protein 143 (clone pHZ-1)"
"U10117_at"	"2728"	"CALMODULIN"
"U10323_at"	"2729"	"Nuclear factor NF45 mRNA"
"U10324_at"	"2730"	"Nuclear factor NF90 mRNA"
"U10362_at"	"2731"	"GP36b glycoprotein mRNA"
"U10439_at"	"2732"	"ADAR Double-stranded RNA adenosine deaminase"
"U10485_at"	"2733"	"Lymphoid-restricted membrane protein (Jaw1) mRNA"
"U10492_at"	"2734"	"MEOX1 Homeobox protein mox1"
"U10686_at"	"2737"	"MAGE-11 antigen (MAGE11) gene"
"U10868_at"	"2739"	"ALDH7 Aldehyde dehydrogenase 7"
"U10991_at"	"2740"	"G2 protein mRNA, partial cds"
"U11732_at"	"2748"	"ETV6 Ets variant gene 6 (TEL oncogene)"
"U11791_at"	"2749"	"CCNH Cyclin H"
"U11870_rna1_at"	"2751"	"Interleukin-8 receptor type A (IL8RBA) gene, promoter and complete cds"
"U11872_at"	"2752"	"GB DEF = Interleukin-8 receptor type B (IL8RB) mRNA, splice variant IL8RB1, partial cds"
"U11877_at"	"2753"	"GB DEF = Interleukin-8 receptor type B (IL8RB) mRNA, splice variant IL8RB9, partial cds"
"U12139_at"	"2755"	"GB DEF = Alpha1(XI) collagen (COL11A1) gene, 5' region and exon 1"
"U12255_at"	"2756"	"IgG Fc receptor hFcRn mRNA"
"U12779_at"	"2765"	"MAP KINASE-ACTIVATED PROTEIN KINASE 2"
"U13395_at"	"2774"	"Oxidoreductase (HHCMA56) mRNA"
"U13666_at"	"2776"	"GB DEF = G protein-coupled receptor (GPR1) gene"
"U13695_at"	"2778"	"GB DEF = Homolog of yeast mutL (hPMS1) gene"
"U13706_at"	"2779"	"GB DEF = ELAV-like neuronal protein 1 isoform Hel-N2 (Hel-N1) mRNA, partial cds"
"U13737_at"	"2780"	"Cysteine protease CPP32 isoform alpha mRNA"
"U13991_at"	"2783"	"TATA-binding protein associated factor 30 kDa subunit (tafII30) mRNA"
"U14193_at"	"2784"	"TFIIA gamma subunit mRNA"
"U14391_at"	"2786"	"Myosin-IC mRNA"
"U14417_at"	"2788"	"Ral guanine nucleotide dissociation stimulator mRNA, partial cds"
"U14575_at"	"2792"	"(ard-1) mRNA"
"U14588_at"	"2793"	"Paxillin mRNA"
"U14603_at"	"2794"	"Protein tyrosine phosphatase PTPCAAX2 (hPTPCAAX2) mRNA"
"U15009_at"	"2804"	"SnRNP core protein Sm D3 mRNA"
"U15085_at"	"2805"	"HLA-DMB Major histocompatibility complex, class II, DM beta"
"U15128_at"	"2806"	"Beta-1,2-N-acetylglucosaminyltransferase II (MGAT2) gene"
"U15173_at"	"2809"	"EEF1A1 Translation elongation factor 1-alpha-1"
"U15177_at"	"2811"	"GB DEF = Cosmid CRI-JC2015 at D10S289 in 10sp13"
"U15552_at"	"2816"	"Acidic 82 kDa protein mRNA"
"U15555_at"	"2817"	"Serine palmitoyltransferase (LCB2) mRNA, partial cds"
"U15782_at"	"2820"	"CSTF3 Cleavage stimulation factor, 3' pre-RNA, subunit 3, 77kD"
"U15932_at"	"2821"	"Protein tyrosine phosphatase mRNA"
"U16031_at"	"2822"	"Transcription factor IL-4 Stat mRNA"
"U16127_at"	"2824"	"GRIK5 Glutamate receptor, ionotropic, kainate 5"
"U16282_at"	"2828"	"ELL mRNA"
"U16306_at"	"2830"	"CSPG2 Chondroitin sulfate proteoglycan 2 (versican)"
"U16660_at"	"2831"	"Peroxisomal enoyl-CoA hydratase-like protein (HPXEL) mRNA"
"U16954_at"	"2833"	"(AF1q) mRNA"
"U17163_at"	"2839"	"Transcription factor ETV1 mRNA"
"U17327_at"	"2842"	"NOS1 Nitric oxide synthase 1 (neuronal)"
"U17418_at"	"2843"	"PARATHYROID HORMONE/PARATHYROID HORMONE-RELATED PEPTIDE RECEPTOR PRECURSOR"
"U17579_rna1_at"	"2845"	"Growth hormone-releasing hormone receptor form b gene extracted from Human growth hormone-releasing hormone receptor gene, alternatively spliced forms a, b, and c, partial cds"
"U17886_at"	"2848"	"SDH1 Succinate dehydrogenase, iron sulphur (Ip) subunit"
"U17894_at"	"2849"	"Alpha(1,2)fucosyltransferase"
"U18009_at"	"2853"	"Chromosome 17q21 mRNA clone LF113"
"U18062_at"	"2855"	"TFIID subunit TAFII55 (TAFII55) mRNA"
"U18242_at"	"2858"	"CAMLG Calcium modulating ligand"
"U18291_at"	"2862"	"CDC16Hs mRNA"
"U18548_at"	"2867"	"GB DEF = GPR12 G protein coupled-receptor gene"
"U19261_at"	"2879"	"Epstein-Barr virus-induced protein mRNA"
"U19796_at"	"2885"	"Melanoma antigen p15 mRNA"
"U19948_at"	"2888"	"Protein disulfide isomerase (PDIp) mRNA"
"U19977_at"	"2889"	"Preprocarboxypeptidase A2 (proCPA2) mRNA"
"U20158_at"	"2890"	"76 kDa tyrosine phosphoprotein SLP-76 mRNA"
"U20285_at"	"2893"	"Gps1 (GPS1) mRNA"
"U20325_at"	"2894"	"Cocaine and amphetamine regulated transcript CART (hCART) mRNA"
"U20350_at"	"2895"	"CMKRL1 Chemokine receptor-like 1"
"U20428_at"	"2898"	"SNC19 mRNA sequence"
"U20582_at"	"2900"	"Actin-like peptide mRNA, partial cds"
"U20647_at"	"2901"	"ZNF151 Zinc finger protein 151 (pHZ-67)"
"U20657_at"	"2903"	"Ubiquitin protease (Unph) proto-oncogene mRNA"
"U20908_at"	"2906"	"GB DEF = Clone 350/2 melanoma ubiquitous mutated protein (MUM-1) gene, partial cds"
"U20979_at"	"2907"	"Chromatin assembly factor-I p150 subunit mRNA"
"U20998_at"	"2909"	"SRP9 Signal recognition particle 9 kD protein"
"U21049_at"	"2910"	"GB DEF = DD96 mRNA"
"U21090_at"	"2912"	"DNA polymerase delta small subunit mRNA"
"U21551_at"	"2914"	"GB DEF = ECA39 mRNA"
"U21931_at"	"2916"	"FBP1 Fructose-bisphosphatase 1"
"U22055_at"	"2919"	"100 kDa coactivator mRNA"
"U22526_at"	"2923"	"2,3-oxidosqualene-lanosterol cyclase mRNA"
"U22897_at"	"2925"	"Nuclear domain 10 protein (ndp52) mRNA"
"U22963_at"	"2926"	"Class I histocompatibility antigen-like protein mRNA"
"U23143_at"	"2929"	"Mitochondrial serine hydroxymethyltransferase gene, nuclear encoded mitochondrion protein"
"U23803_at"	"2931"	"Heterogeneous ribonucleoprotein A0 mRNA"
"U23946_at"	"2933"	"Putative tumor suppressor (LUCA15) mRNA"
"U24105_at"	"2934"	"Coatomer protein (COPA) mRNA"
"U24152_at"	"2935"	"P21-activated protein kinase (Pak1) gene"
"U24169_at"	"2937"	"JTV-1 (JTV-1) mRNA"
"U24266_at"	"2939"	"Pyrroline-5-carboxylate dehydrogenase (P5CDh) mRNA, long form"
"U24576_at"	"2940"	"Breast tumor autoantigen mRNA, complete sequence"
"U24704_at"	"2942"	"Ras GTPase-activating-like protein (IQGAP1) mRNA"
"U25029_at"	"2943"	"GRL Glucocorticoid receptor alpha {alternative products}"
"U25165_at"	"2947"	"Fragile X mental retardation protein 1 homolog FXR1 mRNA"
"U25182_at"	"2948"	"Antioxidant enzyme AOE37-2 mRNA"
"U25265_at"	"2949"	"Protein tyrosine kinase t-Ror1 (Ror1) mRNA"
"U25435_at"	"2951"	"Transcriptional repressor (CTCF) mRNA"
"U25750_at"	"2952"	"GB DEF = Chromosome 17q21 mRNA clone 1046:1-1"
"U25849_at"	"2956"	"ACP1 Acid phosphatase 1, soluble"
"U25956_at"	"2957"	"SELPLG Selectin P ligand"
"U26648_at"	"2964"	"STX5A Syntaxin 5A"
"U26710_at"	"2965"	"Cbl-b mRNA"
"U27831_at"	"2978"	"GB DEF = Striatum-enriched phosphatase (STEP) mRNA, partial cds"
"U28131_at"	"2981"	"GB DEF = HMGI-C chimeric transcript mRNA, partial cds"
"U28368_at"	"2986"	"ID4 Inhibitor of DNA binding 4, dominant negative helix-loop-helix protein"
"U28386_at"	"2988"	"RCH1 RAG (recombination activating gene) cohort 1"
"U28686_at"	"2990"	"Putative RNA binding protein RNPL mRNA"
"U28687_at"	"2991"	"ZNF157 Zinc finger protein 157 (HZF22)"
"U28811_at"	"2993"	"Cysteine-rich fibroblast growth factor receptor (CFR-1) mRNA"
"U28831_at"	"2994"	"Protein immuno-reactive with anti-PTH polyclonal antibodies mRNA, partial cds"
"U29091_at"	"2997"	"GB DEF = Selenium-binding protein (hSBP) mRNA"
"U29171_at"	"2998"	"CSNK1D Casein kinase 1, delta"
"U29195_at"	"2999"	"NPTX2 Neuronal pentraxin II"
"U29607_at"	"3002"	"EIF-2-associated p67 homolog mRNA"
"U29615_at"	"3003"	"Chitotriosidase precursor mRNA"
"U29680_at"	"3005"	"Bcl-2 related (Bfl-1) mRNA"
"U29700_at"	"3006"	"GB DEF = Anti-mullerian hormone type II receptor precursor gene"
"U29953_rna1_at"	"3008"	"Pigment epithelium-derived factor gene"
"U30255_at"	"3012"	"PGD Phosphogluconate dehydrogenase"
"U30521_at"	"3014"	"FRAP FK506 binding protein 12-rapamycin associated protein"
"U30825_at"	"3016"	"Splicing factor SRp30c mRNA"
"U30872_at"	"3018"	"CENP-F kinetochore protein mRNA"
"U30888_at"	"3019"	"TRNA-guanine transglycosylase mRNA"
"U30999_at"	"3023"	"GB DEF = (memc) mRNA, 3'UTR"
"U31099_at"	"3024"	"GB DEF = DP prostanoid receptor (PTGDR) mRNA, partial cds"
"U31176_at"	"3027"	"HERV1 mRNA"
"U31382_at"	"3031"	"G protein gamma-4 subunit mRNA"
"U31383_at"	"3032"	"G protein gamma-10 subunit mRNA"
"U31384_at"	"3033"	"G protein gamma-11 subunit mRNA"
"U31501_at"	"3035"	"Fragile X mental retardation syndrome related protein (FXR2) mRNA"
"U31814_at"	"3038"	"Transcriptional regulator homolog RPD3 mRNA"
"U31875_at"	"3039"	"Hep27 protein mRNA"
"U31930_at"	"3040"	"DUT DUTP pyrophosphatase"
"U32519_at"	"3048"	"GAP SH3 binding protein mRNA"
"U32645_at"	"3051"	"Myeloid elf-1 like factor (MEF) mRNA"
"U32680_at"	"3053"	"CLN3 Ceroid-lipofuscinosis, neuronal 3, juvenile (Batten, Spielmeyer-vogt disease) "
"U32849_at"	"3054"	"Hou mRNA"
"U32944_at"	"3056"	"Cytoplasmic dynein light chain 1 (hdlc1) mRNA"
"U33053_at"	"3059"	"Lipid-activated protein kinase PRK1 mRNA"
"U33147_at"	"3061"	"Mammaglobin mRNA"
"U33286_at"	"3063"	"Chromosome segregation gene homolog CAS mRNA"
"U33429_at"	"3065"	"K+ channel beta 2 subunit mRNA"
"U33821_at"	"3069"	"Tax1-binding protein TXBP151 mRNA"
"U33822_at"	"3070"	"Tax1-binding protein TXBP181 mRNA"
"U34252_at"	"3078"	"ALDH7 Aldehyde dehydrogenase 7 (NOTE: redefinition of symbol)"
"U34605_at"	"3081"	"Retinoic acid- and interferon-inducible 58K protein RI58 mRNA"
"U34877_at"	"3084"	"Biliverdin-IXalpha reductase mRNA"
"U34880_at"	"3086"	"DPH2L"
"U34962_at"	"3087"	"Transcription factor HCSX (hCsx) mRNA"
"U35048_at"	"3089"	"TSC-22 protein mRNA"
"U35113_at"	"3091"	"Metastasis-associated mta1 mRNA"
"U35451_at"	"3096"	"Heterochromatin protein p25 mRNA"
"U36221_at"	"3099"	"Pancreatic zymogen granule membrane protein GP-2 mRNA"
"U36764_at"	"3105"	"EIF3 Eukaryotic translation initiation factor 3 (eIF-3) p36 subunit"
"U36798_at"	"3107"	"CGMP-inhibited cAMP phosphodiesterase mRNA"
"U36922_at"	"3108"	"GB DEF = Fork head domain protein (FKHR) mRNA, 3' end"
"U37012_at"	"3109"	"Cleavage and polyadenylation specificity factor mRNA"
"U37022_rna1_at"	"3110"	"Cyclin-dependent kinase 4 (CDK4) gene"
"U37122_at"	"3111"	"ADD3 Adducin 3 (gamma)"
"U37219_at"	"3114"	"Cyclophilin-like protein CyP-60 mRNA"
"U37248_at"	"3116"	"Alpha-mannosidase (6A8) mRNA"
"U37251_at"	"3117"	"ZNF177 KRAB zinc finger protein {alternative products}"
"U37352_at"	"3119"	"PPP2R4 Protein phosphatase 2A, regulatory subunit B' alpha-1"
"U37408_at"	"3121"	"CtBP mRNA"
"U37518_at"	"3123"	"TNF-related apoptosis inducing ligand TRAIL mRNA"
"U37519_at"	"3124"	"ALDH8 Aldehyde dehydrogenase 8"
"U37547_at"	"3126"	"IAP homolog B (MIHB) mRNA"
"U37689_at"	"3128"	"RNA polymerase II subunit (hsRPB8) mRNA"
"U37707_at"	"3130"	"DLG3 Homolog 3 of Drosophila large discs"
"U38175_at"	"3131"	"HuR RNA binding protein (HuR) mRNA"
"U38268_at"	"3132"	"GB DEF = Cytochrome b pseudogene, partial cds"
"U38846_at"	"3137"	"Stimulator of TAR RNA binding (SRB) mRNA"
"U38847_at"	"3138"	"TAR RNA loop binding protein (TRP-185) mRNA"
"U38980_at"	"3142"	"PMS8 mRNA (yeast mismatch repair gene PMS1 homologue), partial cds (C-terminal region)"
"U39317_at"	"3146"	"E2 ubiquitin conjugating enzyme UbcH5B (UBCH5B) mRNA"
"U39400_at"	"3148"	"NOF1 mRNA"
"U39412_at"	"3149"	"Platelet alpha SNAP mRNA"
"U39573_at"	"3152"	"Salivary peroxidase mRNA"
"U39905_at"	"3157"	"SLC18A1 Solute carrier family 18 (vesicular monoamine), member 1"
"U40282_at"	"3161"	"Integrin-linked kinase (ILK) mRNA"
"U40343_at"	"3162"	"CDK inhibitor p19INK4d mRNA"
"U40369_rna1_at"	"3163"	"Spermidine/spermine N1-acetyltransferase (SSAT) gene"
"U40391_rna1_at"	"3168"	"Serotonin N-acetyltransferase gene"
"U40434_at"	"3169"	"Pre-pro-megakaryocyte potentiating factor"
"U40462_at"	"3170"	"Ikaros/LyF-1 homolog (hIk-1) mRNA"
"U40490_at"	"3171"	"NAD(P) transhydrogenase"
"U40714_at"	"3174"	"GB DEF = Tyrosyl-tRNA synthetase mRNA"
"U40990_at"	"3175"	"Putative voltage-gated potassium channel (KVLQT1) mRNA, partial cds"
"U40998_at"	"3177"	"Retinal protein (HRG4) mRNA"
"U41344_at"	"3179"	"PRELP Proline arginine-rich end leucine-rich repeat protein"
"U41387_at"	"3181"	"Gu protein mRNA, partial cds"
"U41515_at"	"3182"	"Deleted in split hand/split foot 1 (DSS1) mRNA"
"U41635_at"	"3183"	"OS-9 precurosor mRNA"
"U41668_at"	"3184"	"DGUOK Deoxyguanosine kinase"
"U41813_at"	"3189"	"HOXA9 Homeo box A9"
"U42031_at"	"3193"	"54 kDa progesterone receptor-associated immunophilin FKBP54 mRNA, partial cds"
"U42408_at"	"3198"	"Ladinin (LAD) mRNA"
"U43030_at"	"3200"	"Cardiotrophin-1 (CTF1) mRNA"
"U43077_at"	"3201"	"CDC37 homolog mRNA"
"U43083_at"	"3202"	"GNAQ Guanine nucleotide binding protein (G protein), q polypeptide"
"U43148_at"	"3204"	"PTCH Patched (Drosophila) homolog"
"U43177_at"	"3205"	"GB DEF = Urocortin gene"
"U43286_at"	"3207"	"Selenophosphate synthetase 2 (SPS2) mRNA"
"U43519_at"	"3214"	"DRP2 Dystrophin related protein 2"
"U43522_at"	"3215"	"Protein tyrosine kinase PYK2 mRNA"
"U43527_at"	"3216"	"Malignant melanoma metastasis-suppressor (KiSS-1) gene, mRNA"
"U43586_at"	"3217"	"Kinase suppressor of ras-1 (KSR1) mRNA, partial cds"
"U43899_at"	"3222"	"Signal transducing adaptor molecule STAM mRNA"
"U44059_at"	"3226"	"GB DEF = Thyrotroph embryonic factor (TEF) mRNA"
"U44772_at"	"3233"	"Palmitoyl protein thioesterase mRNA"
"U44839_at"	"3234"	"Putative ubiquitin C-terminal hydrolase (UHX1) mRNA"
"U44975_at"	"3236"	"DNA-binding protein CPBP (CPBP) mRNA, partial cds"
"U45285_at"	"3237"	"Specific 116-kDa vacuolar proton pump subunit (OC-116KDa) mRNA"
"U45955_at"	"3239"	"Neuronal membrane glycoprotein M6b mRNA, partial cds"
"U45976_at"	"3243"	"Clathrin assembly protein lymphoid myeloid leukemia (CALM) mRNA"
"U46194_at"	"3250"	"Renal cell carcinoma antigen RAGE-4 mRNA, complete putative cds"
"U46499_at"	"3252"	"GLUTATHIONE S-TRANSFERASE, MICROSOMAL"
"U46569_at"	"3253"	"Aquaporin-5 (AQP5) gene"
"U46571_at"	"3255"	"Tetratricopeptide repeat protein (tpr2) mRNA"
"U46692_rna1_at"	"3257"	"Cystatin B gene"
"U46751_at"	"3258"	"Phosphotyrosine independent ligand p62 for the Lck SH2 domain mRNA"
"U46901_at"	"3261"	"SNCA Synuclein, alpha (non A4 component of amyloid precursor)"
"U47101_at"	"3266"	"NifU-like protein (hNifU) mRNA, partial cds"
"U47334_at"	"3268"	"GB DEF = Gamma aminobutyric acid receptor beta4 subunit-like mRNA, partial cds"
"U47414_at"	"3269"	"Cyclin G2 mRNA"
"U47621_at"	"3270"	"Nucleolar autoantigen No55 mRNA"
"U47634_at"	"3271"	"TUBB Beta-tubulin"
"U47635_at"	"3272"	"D13S824E locus mRNA"
"U47742_at"	"3273"	"Monocytic leukaemia zinc finger protein (MOZ) mRNA"
"U47927_at"	"3275"	"UBIQUITIN CARBOXYL-TERMINAL HYDROLASE T"
"U47931_at"	"3277"	"GB DEF = G-protein beta-3 subunit alternatively spliced form mRNA sequence"
"U48251_at"	"3281"	"Protein kinase C-binding protein RACK7 mRNA, partial cds"
"U48296_at"	"3283"	"Protein tyrosine phosphatase PTPCAAX1 (hPTPCAAX1) mRNA"
"U48405_at"	"3284"	"GB DEF = G protein coupled receptor OGR1 gene"
"U48408_at"	"3285"	"Kidney water channel (hKID) mRNA"
"U48437_at"	"3286"	"Amyloid precursor-like protein 1 mRNA"
"U48861_at"	"3291"	"CHRNB4 Cholinergic receptor, nicotinic, beta polypeptide 4"
"U48959_at"	"3293"	"Myosin light chain kinase (MLCK) mRNA"
"U49070_at"	"3295"	"Peptidyl-prolyl isomerase and essential mitotic regulator (PIN1) mRNA"
"U49089_at"	"3297"	"Neuroendocrine-dlg (NE-dlg) mRNA"
"U49188_at"	"3300"	"Placenta (Diff33) mRNA"
"U49250_at"	"3302"	"Putative cerebral cortex transcriptional regulator T-Brain-1 (Tbr-1) mRNA"
"U49278_at"	"3304"	"Putative DNA-binding protein mRNA, partial cds"
"U49352_at"	"3305"	"Liver 2,4-dienoyl-CoA reductase mRNA"
"U49395_at"	"3307"	"Ionotropic ATP receptor P2X5a mRNA"
"U49436_at"	"3308"	"EIF5 Eukaryotic translation initiation factor 5 (eIF5)"
"U49785_at"	"3310"	"DCT Dopachrome tautomerase (dopachrome delta-isomerase, tyrosine-related protein 2)"
"U49837_at"	"3311"	"LIM protein MLP mRNA"
"U49844_at"	"3312"	"Protein kinase ATR mRNA"
"U49857_at"	"3313"	"Transcriptional activator mRNA"
"U50078_at"	"3319"	"Guanine nucleotide exchange factor p532 mRNA"
"U50136_rna1_at"	"3320"	"Leukotriene C4 synthase (LTC4S) gene"
"U50315_at"	"3322"	"EZH1 Enhancer of zeste (Drosophila) homolog 1"
"U50523_at"	"3325"	"BRCA2 region, mRNA sequence CG037"
"U50535_at"	"3328"	"BRCA2 region, mRNA sequence CG005"
"U50553_at"	"3329"	"Helicase like protein 2 mRNA"
"U50733_at"	"3331"	"Dynamitin mRNA"
"U50743_at"	"3332"	"Na,K-ATPase gamma subunit mRNA"
"U50928_at"	"3334"	"PKD2 Autosomal dominant polycystic kidney disease type II"
"U50939_at"	"3336"	"Amyloid precursor protein-binding protein 1 mRNA"
"U51004_at"	"3338"	"Putative protein kinase C inhibitor (PKCI-1) mRNA"
"U51127_at"	"3341"	"IRF5 Interferon regulatory factor 5"
"U51166_at"	"3342"	"G/T mismatch-specific thymine DNA glycosylase mRNA"
"U51240_at"	"3344"	"KIAA0085 gene, partial cds"
"U51269_at"	"3346"	"Armadillo repeat protein mRNA"
"U51334_at"	"3347"	"Putative RNA binding protein (RBP56) mRNA"
"U51432_at"	"3349"	"Nuclear protein Skip mRNA"
"U51477_at"	"3350"	"Diacylglycerol kinase zeta mRNA"
"U51478_at"	"3351"	"Sodium/potassium-transporting ATPase beta-3 subunit mRNA"
"U51586_at"	"3353"	"Siah binding protein 1 (SiahBP1) mRNA, partial cds"
"U51587_at"	"3354"	"Golgi complex autoantigen golgin-97 mRNA"
"U51678_at"	"3355"	"Small acidic protein mRNA"
"U51903_at"	"3357"	"RasGAP-related protein (IQGAP2) mRNA"
"U51990_at"	"3359"	"HPrp18 mRNA"
"U52101_at"	"3361"	"YMP mRNA"
"U52112_rna5_at"	"3365"	"RbP gene (renin-binding protein) extracted from Human Xq28 genomic DNA in the region of the L1CAM locus containing the genes for neural cell adhesion molecule L1 (L1CAM), arginine-vasopressin receptor (AVPR2), C1 p115 (C1), ARD1 N-acetyltransferase related protein (TE2), renin-binding protein (RbP), host cell factor 1 (HCF1), and interleukin-1 receptor-associated kinase (IRAK) genes, and Xq28lu2 gene"
"U52426_at"	"3370"	"GOK (STIM1) mRNA"
"U52427_rna1_at"	"3371"	"RNA polymerase II seventh subunit (rpb-7) gene"
"U52513_at"	"3372"	"RIG-G mRNA"
"U52518_at"	"3373"	"Grb2-related adaptor protein (Grap) mRNA"
"U52522_at"	"3375"	"Arfaptin 2, putative target protein of ADP-ribosylation factor, mRNA"
"U52682_at"	"3376"	"IRF4 Interferon regulatory factor 4"
"U52830_at"	"3379"	"GB DEF = Cri-du-chat region mRNA, clone CSC8"
"U53003_at"	"3383"	"KNP-Ia"
"U53209_at"	"3385"	"Transformer-2 alpha (htra-2 alpha) mRNA"
"U53786_at"	"3394"	"EVPL Envoplakin"
"U53830_at"	"3395"	"Interferon regulatory factor 7 (humirf7) mRNA"
"U54778_at"	"3397"	"14-3-3 epsilon mRNA"
"U55258_at"	"3403"	"GB DEF = HBRAVO/Nr-CAM precursor (hBRAVO/Nr-CAM) gene"
"U56244_at"	"3410"	"HIG-1 mRNA"
"U56417_at"	"3411"	"Lysophosphatidic acid acyltransferase-alpha mRNA"
"U56418_at"	"3412"	"Lysophosphatidic acid acyltransferase-beta mRNA"
"U56637_at"	"3413"	"Capping protein alpha subunit isoform 1 mRNA"
"U56816_at"	"3415"	"Kinase Myt1 (Myt1) mRNA"
"U56833_at"	"3416"	"VHL binding protein-1 (VBP-1) mRNA, partial cds"
"U56998_at"	"3418"	"Putative serine/threonine protein kinase PRK (prk) mRNA"
"U57094_at"	"3422"	"Small GTP-binding protein mRNA"
"U57316_at"	"3424"	"GCN5 (hGCN5) gene"
"U57342_at"	"3426"	"Myelodysplasia/myeloid leukemia factor 2 (MLF2) mRNA"
"U57450_at"	"3428"	"PEDF Pigment epithelium-derived factor"
"U57592_at"	"3430"	"GB DEF = Jumonji putative protein (jumonji) mRNA"
"U57650_at"	"3432"	"Signaling inositol polyphosphate 5 phosphatase SIP-110 mRNA"
"U57911_at"	"3436"	"Fetal brain (239FB) mRNA, from the WAGR region"
"U58048_at"	"3440"	"PRSM1 Metallopeptidase 1 (33 kD)"
"U58087_at"	"3441"	"Hs-cul-1 mRNA"
"U58089_at"	"3442"	"Hs-cul-3 mRNA, partial cds"
"U58130_at"	"3446"	"GB DEF = Bumetanide-sensitive Na-K-2Cl cotransporter (NKCC2) mRNA"
"U58681_at"	"3451"	"GB DEF = Neurogenic basic-helix-loop-helix protein (NeuroD2) gene"
"U58766_at"	"3453"	"FX protein mRNA"
"U58970_at"	"3454"	"Putative outer mitochondrial membrane 34 kDa translocase hTOM34 mRNA"
"U59302_at"	"3460"	"Steroid receptor coactivator (SRC-1) mRNA"
"U59309_at"	"3461"	"FH Fumarate hydratase"
"U59321_at"	"3462"	"DEAD-box protein p72 (P72) mRNA"
"U59423_at"	"3464"	"Mad-related protein MADR1 mRNA"
"U59736_at"	"3465"	"Transcription factor (NFATc.b) mRNA"
"U59878_at"	"3469"	"Low-Mr GTP-binding protein (RAB32) mRNA, partial cds"
"U60115_at"	"3475"	"Skeletal muscle LIM-protein SLIM1 mRNA"
"U60269_cds3_at"	"3480"	"Putative envelope protein; orf similar to env of Type A and Type B retroviruses and to class II HERVs gene extracted from Human endogenous retrovirus HERV-K(HML6) proviral clone HML6.17 putative polymerase and envelope genes, partial cds, and 3'LTR"
"U60325_at"	"3483"	"POLG DNA polymerase gamma"
"U60644_at"	"3487"	"HU-K4 mRNA"
"U60800_at"	"3490"	"Semaphorin (CD100) mRNA"
"U60975_at"	"3493"	"Hybrid receptor gp250 precursor mRNA"
"U61145_at"	"3494"	"Enhancer of zeste homolog 2 (EZH2) mRNA"
"U61166_at"	"3495"	"SH3 domain-containing protein SH3P17 mRNA"
"U61234_at"	"3498"	"Tubulin-folding cofactor C mRNA"
"U61263_at"	"3500"	"Acetolactate synthase homolog mRNA"
"U61836_at"	"3504"	"Putative cyclin G1 interacting protein mRNA, partial sequence"
"U62136_at"	"3507"	"Putative enterocyte differentiation promoting factor mRNA, partial cds"
"U62317_rna7_at"	"3510"	"Hypothetical protein 384D8_7 gene extracted from Chromosome 22q13 BAC Clone CIT987SK-384D8 complete sequence"
"U62433_at"	"3514"	"CHRNA4 Cholinergic receptor, nicotinic, alpha polypeptide 4"
"U62962_at"	"3521"	"Int-6 mRNA"
"U63455_at"	"3531"	"SUR Sulfonylurea receptor (hyperinsulinemia)"
"U63541_at"	"3532"	"GB DEF = mRNA expressed in HC/HCC livers and MolT-4 proliferating cells, partial sequence"
"U63743_at"	"3535"	"Mitotic centromere-associated kinesin mRNA"
"U63825_at"	"3537"	"Hepatitis delta antigen interacting protein A (dipA) mRNA"
"U63842_at"	"3538"	"GB DEF = Neurogenic basic-helix-loop-helix protein (neuroD3) gene"
"U64105_at"	"3539"	"Guanine nucleotide exchange factor p115-RhoGEF mRNA, partial cds"
"U64675_at"	"3544"	"SRI Sorcin"
"U64998_at"	"3547"	"GB DEF = Ribonuclease k6 precursor gene"
"U65093_at"	"3551"	"Msg1-related gene 1 (mrg1) mRNA"
"U65402_at"	"3552"	"GB DEF = Seven transmembrane G-coupled receptor (GPR31) gene"
"U65579_at"	"3557"	"Mitochondrial NADH dehydrogenase-ubiquinone Fe-S protein 8, 23 kDa subunit precursor (NDUFS8) nuclear mRNA encoding mitochondrial protein"
"U65581_at"	"3558"	"Ribosomal protein L3-like mRNA"
"U65676_at"	"3559"	"HPS Hermansky-Pudlak syndrome protein"
"U65785_at"	"3560"	"150 kDa oxygen-regulated protein ORP150 mRNA"
"U65928_at"	"3561"	"JUN V-jun avian sarcoma virus 17 oncogene homolog"
"U65932_at"	"3562"	"Extracellular matrix protein 1 (ECM1) mRNA"
"U66048_at"	"3565"	"Clone 161455 breast expressed mRNA from chromosome X"
"U66059_cds7_at"	"3567"	"TCRBV1S1A1N1 gene extracted from Human germline T-cell receptor beta chain Dopamine-beta-hydroxylase-like, TRY1, TRY2, TRY3, TCRBV27S1P, TCRBV22S1A2N1T, TCRBV9S1A1T, TCRBV7S1A1N2T, TCRBV5S1A1T, TCRBV13S3, TCRBV6S7P, TCRBV7S3A2T, TCRBV13S2A1T, TCRBV9S2A2PT, TCRBV7S2A1N4T, TCRBV13S9/13S2A1T, TCRBV6S5A1N1, TCRBV30S1P, TCRBV31S1, TCRBV13S5, TCRBV6S1A1N1, TCRBV32S1P, TCRBV5S5P, TCRBV1S1A1N1, TCRBV12S2A1T, TCRBV21S1, TCRBV8S4P, TCRBV12S3, TCRBV21S3A2N2T, TCRBV8S5P, TCRBV13S1 genes from bases 1 to 267156 (section 1 of 3)"
"U66406_at"	"3573"	"EPLG8 Eph-related receptor tyrosine kinase ligand 8)"
"U66464_at"	"3574"	"Hematopoietic progenitor kinase (HPK1) mRNA"
"U66468_at"	"3575"	"Cell growth regulator CGR11 mRNA"
"U66559_at"	"3578"	"NPM1 Nucleophosmin (nucleolar phosphoprotein B23, numatrin)"
"U66615_at"	"3583"	"SWI/SNF complex 155 KDa subunit (BAF155) mRNA"
"U66616_at"	"3584"	"SWI/SNF complex 170 KDa subunit (BAF170) mRNA"
"U66618_at"	"3586"	"SWI/SNF complex 60 KDa subunit (BAF60b) mRNA"
"U66838_at"	"3591"	"Cyclin A1 mRNA"
"U67171_at"	"3594"	"GB DEF = Selenoprotein W (selW) mRNA"
"U67674_at"	"3600"	"SLC15A2 Solute carrier family 15 (H+/peptide transporter), member 2"
"U67963_at"	"3605"	"Lysophospholipase homolog (HU-K5) mRNA"
"U68018_at"	"3607"	"Mad protein homolog (hMAD-2) mRNA"
"U68019_at"	"3608"	"Mad protein homolog (hMAD-3) mRNA"
"U68063_at"	"3611"	"Putative splice factor transformer2-beta mRNA"
"U68142_at"	"3614"	"RalGDS-like 2 (RGL2) mRNA, partial cds"
"U68233_at"	"3615"	"Farnesol receptor HRR-1 (HRR-1) mRNA"
"U68485_at"	"3617"	"Amphiphysin II mRNA"
"U68494_at"	"3619"	"Hbc647 mRNA sequence"
"U68566_at"	"3621"	"HS1 binding protein HAX-1 mRNA, nuclear gene encoding mitochondrial protein"
"U68723_at"	"3622"	"NADH:ubiquinone oxidoreductase subunit B13 (B13) mRNA"
"U69141_at"	"3626"	"GCDH Glutaryl-Coenzyme A dehydrogenase"
"U69546_at"	"3628"	"RNA binding protein Etr-3 mRNA"
"U69645_at"	"3629"	"Zinc finger protein mRNA"
"U70063_at"	"3631"	"Acid ceramidase mRNA"
"U70321_at"	"3633"	"Herpesvirus entry mediator mRNA"
"U70322_at"	"3634"	"Transportin (TRN) mRNA"
"U70323_at"	"3635"	"SCA2 Spinocerebellar ataxia 2 (olivopontocerebellar ataxia 2, autosomal dominant)"
"U70426_at"	"3637"	"A28-RGS14p mRNA"
"U70451_at"	"3638"	"Myleoid differentiation primary response protein MyD88 mRNA"
"U70660_at"	"3639"	"Copper transport protein HAH1 (HAH1) mRNA"
"U70663_at"	"3640"	"Zinc finger transcription factor hEZF (EZF) mRNA"
"U70671_at"	"3641"	"Ataxin-2 related protein mRNA, partial cds"
"U70732_rna1_at"	"3642"	"Glutamate pyruvate transaminase (GPT) gene"
"U70735_at"	"3643"	"GB DEF = 34 kDa mov34 isologue mRNA"
"U70867_at"	"3645"	"Prostaglandin transporter hPGT mRNA"
"U71088_at"	"3649"	"MAP kinase kinase MEK5c mRNA"
"U71364_at"	"3653"	"Cytoplasmic antiproteinase 3 (CAP3) mRNA"
"U71598_at"	"3655"	"Zinc finger protein zfp2 (zf2) mRNA, partial cds"
"U72206_at"	"3658"	"Guanine nucleotide regulatory factor (LFP40) mRNA"
"U72342_at"	"3660"	"PLATELET-ACTIVATING FACTOR ACETYLHYDROLASE 45 KD SUBUNIT"
"U72507_at"	"3661"	"40871 mRNA partial sequence"
"U72508_at"	"3662"	"B7 mRNA"
"U72511_at"	"3663"	"B-cell receptor associated protein (hBAP) mRNA, partial cds"
"U72515_at"	"3666"	"C3f mRNA"
"U72517_at"	"3667"	"GB DEF = Alternatively spliced variant C7f (C3f) mRNA, partial 3'UTR"
"U72621_at"	"3668"	"LOT1 mRNA"
"U72661_at"	"3669"	"Ninjurin1 mRNA"
"U72761_at"	"3671"	"GB DEF = Karyopherin beta 3 mRNA"
"U73167_cds5_at"	"3674"	"SM15 gene (human interferon-related protein SM15 (U09585); final exon similar to partial sequence of human EST R48415, but would require alternative splice) extracted from Human cosmid LUCA14"
"U73328_at"	"3678"	"DLX7 Distal-less homeobox 7"
"U73377_at"	"3681"	"SKI V-ski avian sarcoma viral oncogene homolog"
"U73379_at"	"3682"	"Cyclin-selective ubiquitin carrier protein mRNA"
"U73737_at"	"3688"	"GTBP DNA G/T mismatch-binding protein"
"U73799_at"	"3689"	"GB DEF = Dynactin mRNA, partial cds"
"U73824_at"	"3690"	"P97 mRNA"
"U73960_at"	"3692"	"ADP-ribosylation factor-like protein 4 mRNA"
"U74667_at"	"3694"	"Tat interactive protein mRNA"
"U75362_at"	"3696"	"Isopeptidase T-3 (ISOT-3) mRNA"
"U75370_at"	"3697"	"Mitochondrial RNA polymerase mRNA, nuclear gene encoding mitochondrial protein"
"U75679_at"	"3698"	"Histone stem-loop binding protein (SLBP) mRNA"
"U75968_at"	"3699"	"CHL1 protein"
"U76010_at"	"3700"	"Putative zinc transporter ZnT-3 (ZnT-3) mRNA"
"U76272_at"	"3702"	"FHIT Fragile histidine triad gene product"
"U76421_at"	"3704"	"DsRNA adenosine deaminase DRADA2b (DRADA2b) mRNA"
"U76638_at"	"3706"	"BRCA1-associated RING domain protein (BARD1) mRNA"
"U77396_at"	"3710"	"No cluster in current Unigene and no Genbank entry for U77396 (qualifier U77396_at)"
"U77413_at"	"3711"	"O-linked GlcNAc transferase mRNA"
"U77456_at"	"3712"	"Nucleosome assembly protein 2 mRNA"
"U77718_at"	"3718"	"Desmosome associated protein pinin mRNA"
"U77735_at"	"3719"	"Pim-2 protooncogene homolog pim-2h mRNA"
"U77948_at"	"3722"	"KAI1 Kangai 1 (suppression of tumorigenicity 6, prostate; CD82 antigen (R2 leukocyte antigen, antigen detected by monoclonal and antibody IA4))"
"U77968_at"	"3724"	"MOP5 mRNA, partial cds"
"U78027_rna4_at"	"3728"	"L44L gene (L44-like ribosomal protein) extracted from Human Bruton's tyrosine kinase (BTK), alpha-D-galactosidase A (GLA), L44-like ribosomal protein (L44L) and FTP3 (FTP3) genes"
"U78095_at"	"3729"	"Placental bikunin mRNA"
"U78190_rna1_at"	"3732"	"GTP cyclohydrolase I feedback regulatory protein gene"
"U78521_at"	"3734"	"Immunophilin homolog ARA9 mRNA"
"U78524_at"	"3735"	"Gu binding protein mRNA, partial cds"
"U78525_at"	"3736"	"Eukaryotic translation initiation factor (eIF3) mRNA"
"U78556_at"	"3738"	"Cisplatin resistance associated alpha protein (hCRA alpha) mRNA"
"U78575_at"	"3739"	"68 kDa type I phosphatidylinositol-4-phosphate 5-kinase alpha mRNA, clone PIP5KIa1"
"U78798_at"	"3745"	"TNF receptor associated factor 6 (TRAF6) mRNA"
"U79251_at"	"3754"	"OPCML Opioid-binding cell adhesion molecule"
"U79252_at"	"3755"	"Clone 23679 mRNA"
"U79254_at"	"3757"	"Clone 23693 mRNA sequence"
"U79255_at"	"3758"	"X11 protein mRNA, partial cds"
"U79259_at"	"3762"	"Clone 23945 mRNA"
"U79260_at"	"3763"	"Clone 23745 mRNA"
"U79262_at"	"3764"	"DHPS Deoxyhypusine synthase"
"U79265_at"	"3766"	"Clone 23614 mRNA sequence"
"U79266_at"	"3767"	"Clone 23627 mRNA"
"U79270_at"	"3769"	"Clone 23707 mRNA, partial cds"
"U79273_at"	"3772"	"Clone 23933 mRNA sequence"
"U79274_at"	"3773"	"Clone 23733 mRNA"
"U79275_at"	"3774"	"Clone 23947 mRNA, partial cds"
"U79285_at"	"3778"	"GLYCYLPEPTIDE N-TETRADECANOYLTRANSFERASE"
"U79287_at"	"3780"	"Clone 23867 mRNA sequence"
"U79291_at"	"3784"	"Clone 23721 mRNA sequence"
"U79303_at"	"3795"	"Clone 23882 mRNA"
"U79718_at"	"3799"	"Endonuclease III homolog mRNA"
"U79725_at"	"3800"	"A33 antigen precursor mRNA"
"U80017_rna3_at"	"3805"	"Smn gene (survival motor neuron protein SMN) extracted from Human basic transcription factor 2 p44 (btf2p44) gene, partial cds, neuronal apoptosis inhibitory protein (naip) and survival motor neuron protein (smn) genes"
"U80073_at"	"3808"	"GB DEF = Tip associating protein (TAP) mRNA"
"U80457_at"	"3811"	"Transcription factor SIM2 long form mRNA"
"U81001_at"	"3815"	"SNRPN mRNA, 3' UTR, partial sequence"
"U81006_at"	"3816"	"P76 mRNA"
"U81375_at"	"3818"	"Placental equilibrative nucleoside transporter 1 (hENT1) mRNA"
"U81554_at"	"3820"	"CaM kinase II isoform mRNA"
"U81556_at"	"3821"	"Hypothetical protein A4 mRNA"
"U81599_at"	"3822"	"Homeodomain protein HOXB13 mRNA"
"U81600_at"	"3823"	"Paired-like homeodomain protein PRX-2 mRNA, partial cds"
"U81607_at"	"3824"	"GRAVIN"
"U81802_at"	"3826"	"Phosphatidylinositol 4-kinase"
"U82010_rna1_at"	"3828"	"Heme A: farnesyltransferase (COX10) gene promoter region and"
"U82169_at"	"3830"	"Frizzled homolog (FZD3) mRNA"
"U82275_at"	"3832"	"Immunoglobulin-like transcript 1 mRNA"
"U82303_at"	"3833"	"GB DEF = Unknown protein mRNA, partial cds"
"U82311_at"	"3836"	"GB DEF = Unknown protein mRNA, partial cds"
"U82613_at"	"3844"	"DNA-binding protein ABP/ZF mRNA"
"U82671_cds2_at"	"3846"	"HSP1-A gene extracted from Homo sapiens cosmids Qc14E2, Qc12H12, Qc11F9, Qc10G9, LA1733 and Qc17B8 from Xq28, complete sequence"
"U82759_at"	"3847"	"GB DEF = Homeodomain protein HoxA9 mRNA"
"U83115_at"	"3851"	"Non-lens beta gamma-crystallin like protein (AIM1) mRNA, partial cds"
"U83192_at"	"3852"	"Post-synaptic density protein 95 (PSD95) mRNA"
"U83246_at"	"3853"	"Copine I mRNA"
"U83303_cds2_at"	"3854"	"GCP-2 gene (granulocyte chemotactic protein-2) extracted from Human line-1 reverse transcriptase gene, partial cds, and granulocyte chemotactic protein-2 (GCP-2) gene"
"U83463_at"	"3858"	"Scaffold protein Pbp1 mRNA"
"U83843_at"	"3861"	"GB DEF = HIV-1 Nef interacting protein (Nip7-1) mRNA, partial cds"
"U84569_at"	"3866"	"YF5 mRNA"
"U84720_at"	"3868"	"mRNA export protein Rae1 (RAE1) mRNA"
"U85245_at"	"3870"	"Phosphatidylinositol-4-phosphate 5-kinase type II beta mRNA"
"U85611_at"	"3874"	"Snk interacting protein 2-28 mRNA"
"U85767_at"	"3877"	"Myeloid progenitor inhibitory factor-1 MPIF-1 mRNA"
"U85992_at"	"3880"	"Clone IMAGE:35527 unknown protein mRNA, partial cds"
"U86409_at"	"3885"	"GB DEF = Hyaluronan synthase 3 (HAS3) gene, partial cds"
"U86602_at"	"3887"	"Nucleolar protein p40 mRNA"
"U87408_at"	"3892"	"Clone IMAGE:30008 unknown protein mRNA, partial cds"
"U87972_at"	"3896"	"GB DEF = NAD+-isocitrate dehydrogenase mRNA, partial cds"
"U88047_at"	"3897"	"DNA binding protein homolog (DRIL) mRNA, partial cds"
"U88667_at"	"3900"	"ATP binding cassette transporter (ABCR) mRNA"
"U88964_at"	"3904"	"HEM45 mRNA"
"U89278_at"	"3906"	"Polyhomeotic 2 homolog (HPH2) mRNA"
"U89336_cds1_at"	"3909"	"Unknown gene extracted from Human HLA class III region containing NOTCH4 gene, partial sequence, homeobox PBX2 (HPBX) gene, receptor for advanced glycosylation end products (RAGE) gene, and 6 unidentified cds, complete sequence"
"U89336_cds3_at"	"3910"	"RAGE gene (receptor for advanced glycosylation end products) extracted from Human HLA class III region containing NOTCH4 gene, partial sequence, homeobox PBX2 (HPBX) gene, receptor for advanced glycosylation end products (RAGE) gene, and 6 unidentified cds, complete sequence"
"U89336_cds4_at"	"3911"	"Unknown gene extracted from Human HLA class III region containing NOTCH4 gene, partial sequence, homeobox PBX2 (HPBX) gene, receptor for advanced glycosylation end products (RAGE) gene, and 6 unidentified cds, complete sequence"
"U89336_cds6_at"	"3912"	"Unknown gene extracted from Human HLA class III region containing NOTCH4 gene, partial sequence, homeobox PBX2 (HPBX) gene, receptor for advanced glycosylation end products (RAGE) gene, and 6 unidentified cds, complete sequence"
"U89355_at"	"3915"	"Clone cRT16 CREB-binding protein mRNA, partial cds"
"U89505_at"	"3916"	"Hlark mRNA"
"U89896_at"	"3919"	"Casein kinase I gamma 2 mRNA"
"U90306_at"	"3925"	"GB DEF = Iroquois-class homeodomain protein IRX-4 mRNA, partial cds"
"U90426_at"	"3928"	"Nuclear RNA helicase"
"U90547_at"	"3931"	"Ro/SSA ribonucleoprotein homolog (RoRet) mRNA"
"U90549_at"	"3932"	"Non-histone chromosomal protein (NHC) mRNA"
"U90550_at"	"3933"	"Butyrophilin (BTF2) mRNA"
"U90551_at"	"3934"	"Histone 2A-like protein (H2A/l) mRNA"
"U90651_at"	"3935"	"Embryonic ectoderm development protein homolog (eed) mRNA, partial cds"
"U90878_at"	"3937"	"LIM domain protein CLP-36 mRNA"
"U90904_at"	"3939"	"Clone 23773 mRNA sequence"
"U90907_at"	"3941"	"Clone 23907 mRNA sequence"
"U90909_at"	"3943"	"Clone 23722 mRNA sequence"
"U90911_at"	"3945"	"Clone 23652 mRNA sequence"
"U90916_at"	"3950"	"Clone 23815 mRNA sequence"
"U90918_at"	"3951"	"Clone 23654 mRNA sequence"
"U91316_at"	"3953"	"Acyl-CoA thioester hydrolase mRNA"
"U91327_at"	"3954"	"GB DEF = Chromosome 12p15 BAC clone CIT987SK-99D8 complete sequence"
"U91930_at"	"3959"	"AP-3 complex delta subunit mRNA"
"U91931_at"	"3960"	"AP-3 complex beta3A subunit mRNA"
"U91932_at"	"3961"	"Clathrin coat assembly protein-like"
"U91985_at"	"3962"	"DNA fragmentation factor-45 mRNA"
"U92014_at"	"3963"	"Clone 121711 defective mariner transposon Hsmar2 mRNA sequence"
"U92436_at"	"3965"	"Mutated in multiple advanced cancers protein (MMAC1) mRNA"
"U92971_at"	"3968"	"Protease-activated receptor 3 (PAR3) mRNA"
"U93049_at"	"3969"	"GB DEF = SLP-76 associated protein mRNA"
"U93205_at"	"3971"	"Nuclear chloride ion channel protein (NCC27) mRNA"
"U93237_rna2_at"	"3972"	"MEN1 gene (menin) extracted from Human menin (MEN1) gene"
"U94319_at"	"3975"	"Autoantigen DFS70 mRNA, partial cds"
"U94586_at"	"3980"	"NADH:ubiquinone oxidoreductase MLRQ subunit mRNA"
"U94592_at"	"3981"	"Uncoupling protein homolog (UCPH) mRNA"
"U94831_at"	"3983"	"Multispanning membrane protein mRNA"
"U94855_at"	"3984"	"Translation initiation factor 3 47 kDa subunit mRNA"
"U95006_at"	"3985"	"D9 splice variant A mRNA"
"U95040_at"	"3987"	"Unknown protein mRNA, partial cds"
"U95740_rna1_at"	"3990"	"362G6.1 gene (unknown protein CIT987SK_362G6_1) extracted from Human chromosome 16p13.1 BAC clone CIT987SK-362G6 complete sequence"
"U95740_rna2_at"	"3991"	"362G6.2 gene extracted from Human chromosome 16p13.1 BAC clone CIT987SK-362G6 complete sequence"
"U96094_at"	"3992"	"Sarcolipin (SLN) mRNA"
"U96113_at"	"3993"	"GB DEF = Nedd-4-like ubiquitin-protein ligase WWP1 mRNA, partial cds"
"U96629_rna2_at"	"3998"	"2A8.3 gene (hereditary multiple exostoses gene isolog) extracted from Human chromosome 8 BAC clone CIT987SK-2A8 complete sequence"
"U96915_at"	"4001"	"Sin3 associated polypeptide p18 (SAP18) mRNA"
"U97105_at"	"4004"	"Dihydropyrimidinase related protein-2"
"V00563_at"	"4008"	"GB DEF = Immunoglobulin mu, part of exon 8"
"V00572_at"	"4010"	"PGK1 Phosphoglycerate kinase 1"
"V01512_rna1_at"	"4012"	"Cellular oncogene c-fos (complete sequence)"
"X00274_at"	"4017"	"HLA CLASS II HISTOCOMPATIBILITY ANTIGEN, DR ALPHA CHAIN PRECURSOR"
"X01060_at"	"4024"	"TFRC Transferrin receptor (p90, CD71)"
"X01388_at"	"4025"	"APOC3 Apolipoprotein C-III"
"X01630_at"	"4026"	"ASS Argininosuccinate synthetase"
"X01715_at"	"4027"	"GB DEF = Gene fragment for the acetylcholine receptor gamma subunit precursor (exons 1 and 2)"
"X02152_at"	"4028"	"LDHA Lactate dehydrogenase A"
"X02317_at"	"4030"	"SOD1 Superoxide dismutase 1 (Cu/Zn)"
"X02530_at"	"4032"	"INP10 Interferon (gamma)-induced cell line; protein 10 from"
"X02596_at"	"4034"	"GB DEF = Bcr (breakpoint cluster region) gene in Philadelphia chromosome"
"X02874_at"	"4038"	"OIAS (2'-5') oligoadenylate synthetase"
"X02910_at"	"4039"	"TNF Tumor necrosis factor"
"X03072_at"	"4041"	"GB DEF = Int-1 mammary oncogene"
"X03100_cds2_at"	"4042"	"HLA-SB alpha gene (class II antigen) extracted from Human HLA-SB(DP) alpha gene"
"X03473_at"	"4045"	"HISTONE H1'"
"X03484_at"	"4046"	"RAF1 V-raf-1 murine leukemia viral oncogene homolog 1"
"X03656_rna1_at"	"4048"	"G-CSF protein gene extracted from Human gene for granulocyte colony-stimulating factor (G-CSF)"
"X03934_at"	"4050"	"GB DEF = T-cell antigen receptor gene T3-delta"
"X04011_at"	"4051"	"CYBB Chronic granulomatous disease"
"X04085_rna1_at"	"4052"	"Catalase (EC 1.11.1.6) 5'flank and exon 1 mapping to chromosome 11, band p13 (and joined CDS)"
"X04106_at"	"4053"	"CAPN4 Calpain, small polypeptide"
"X04145_at"	"4055"	"CD3G CD3G antigen, gamma polypeptide (TiT3 complex)"
"X04201_at"	"4056"	"Skeletal muscle 1.3 kb mRNA for tropomyosin"
"X04327_at"	"4059"	"BPGM 2,3-bisphosphoglycerate mutase"
"X04366_at"	"4060"	"CALPAIN 1, LARGE"
"X04391_at"	"4061"	"CD5 CD5 antigen (p56-62)"
"X04412_at"	"4062"	"GSN Gelsolin (amyloidosis, Finnish type)"
"X04500_at"	"4064"	"IL1B Interleukin 1, beta"
"X04828_at"	"4069"	"GNAI2 Guanine nucleotide binding protein (G protein), alpha inhibiting activity polypeptide 2"
"X05196_at"	"4072"	"Aldolase C gene"
"X05276_at"	"4075"	"TPM4 Tropomyosin 4 (fibroblast)"
"X05323_at"	"4077"	"OX-2 MEMBRANE GLYCOPROTEIN PRECURSOR"
"X05409_at"	"4079"	"ALDH2 Aldehyde dehydrogenase 2, mitochondrial"
"X05908_at"	"4082"	"ANX1 Annexin I (lipocortin I)"
"X06256_at"	"4084"	"ITGA5 Integrin, alpha 5 (fibronectin receptor, alpha polypeptide)"
"X06323_at"	"4087"	"MITOCHONDRIAL 60S RIBOSOMAL PROTEIN L3"
"X06482_at"	"4089"	"GB DEF = Theta 1-globin gene"
"X06614_at"	"4091"	"Receptor of retinoic acid"
"X06745_at"	"4094"	"DNA polymerase alpha-subunit"
"X06985_at"	"4096"	"HMOX1 Heme oxygenase (decycling) 1"
"X07109_at"	"4098"	"(clones lambda-hPKC-beta[15,802]) protein kinase C-beta-1 (PRKCB1) mRNA"
"X07290_at"	"4100"	"ZINC FINGER PROTEIN HF.12"
"X07315_at"	"4101"	"NUCLEAR TRANSPORT FACTOR 2"
"X07743_at"	"4107"	"PLECKSTRIN"
"X07767_at"	"4108"	"PRKACA Protein kinase, cAMP-dependent, catalytic, alpha"
"X07834_at"	"4110"	"SOD2 Superoxide dismutase 2, mitochondrial"
"X07979_at"	"4113"	"ITGB1 Integrin, beta 1 (fibronectin receptor, beta polypeptide, antigen CD29 includes MDF2, MSK12)"
"X12433_at"	"4115"	"PROTEIN PHPS1-2"
"X12447_at"	"4116"	"ALDOA Aldolase A"
"X12451_at"	"4117"	"CTSL Cathepsin L"
"X12492_at"	"4120"	"CCAAT BOX-BINDING TRANSCRIPTION FACTOR 1"
"X12791_at"	"4124"	"SRP19 Signal recognition particle 19 kD protein"
"X13238_at"	"4128"	"COX6C Cytochrome c oxidase subunit VIc"
"X13293_at"	"4130"	"MYBL2 V-myb avian myeloblastosis viral oncogene homolog-like 2"
"X13334_at"	"4131"	"CD14 CD14 antigen"
"X13444_at"	"4132"	"T-CELL SURFACE GLYCOPROTEIN CD8 BETA.3 CHAIN PRECURSOR"
"X13482_at"	"4133"	"U2 SMALL NUCLEAR RIBONUCLEOPROTEIN A'"
"X13546_rna1_at"	"4134"	"Put. HMG-17 protein gene extracted from Human HMG-17 gene for non-histone chromosomal protein HMG-17"
"X13794_rna1_at"	"4136"	"Lactate dehydrogenase B gene exon 1 and 2 (EC 1.1.1.27) (and joined CDS)"
"X13839_at"	"4137"	"LCAT Lecithin-cholesterol acyltransferase"
"X13956_at"	"4139"	"9 KD PROTEIN"
"X13967_at"	"4140"	"LIF Leukemia inhibitory factor (cholinergic differentiation factor)"
"X13973_at"	"4141"	"RNH Ribonuclease/angiogenin inhibitor"
"X14046_at"	"4142"	"CD37 CD37 antigen"
"X14329_at"	"4143"	"ACBP Arginine carboxypeptidase (carboxypeptidase N)"
"X14448_at"	"4147"	"ALPHA-GALACTOSIDASE A PRECURSOR"
"X14675_at"	"4148"	"GB DEF = Bcr-abl mRNA 5' fragment (clone 3c)"
"X14787_at"	"4149"	"THBS1 Thrombospondin 1"
"X14789_at"	"4150"	"CRYAA Crystallin alpha-A"
"X14813_at"	"4151"	"ACAA Acetyl-Coenzyme A acyltransferase (peroxisomal 3-oxoacyl-Coenzyme A thiolase)"
"X14850_at"	"4153"	"HISTONE H2A.X"
"X14975_at"	"4156"	"GB DEF = CD1 R2 gene for MHC-related antigen"
"X15183_at"	"4158"	"60S RIBOSOMAL PROTEIN L13"
"X15187_at"	"4159"	"TRA1 Homologue of mouse tumor rejection antigen gp96"
"X15357_at"	"4164"	"GB DEF = Natriuretic peptide receptor (ANP-A receptor)"
"X15393_rna1_at"	"4166"	"Motilin gene exon 2 (and joined CDS)"
"X15414_at"	"4167"	"ALDR1 Aldehyde reductase 1 (low Km aldose reductase)"
"X15573_at"	"4169"	"PFKL Phosphofructokinase (liver type)"
"X15822_at"	"4171"	"COX7A2 Cytochrome c oxidase VIIa subunit (liver specific)"
"X15875_at"	"4172"	"CREB1 CAMP responsive element binding protein 1"
"X15880_at"	"4173"	"COL6A1 Collagen, type VI, alpha 1"
"X15882_at"	"4174"	"COL6A2 Collagen, type VI, alpha 2"
"X15949_at"	"4177"	"IRF2 Interferon regulatory factor 2"
"X16316_at"	"4181"	"GB DEF = VAV oncogene"
"X16396_at"	"4183"	"MTHFD NAD-dependent methylene tetrahydrofolate dehydrogenase cyclohydrolase"
"X16416_at"	"4184"	"ABL1 V-abl Abelson murine leukemia viral oncogene homolog 1"
"X16560_at"	"4185"	"COX7C Cytochrome c oxidase VIIc subunit"
"X16663_at"	"4187"	"HEMATOPOIETIC LINEAGE CELL SPECIFIC PROTEIN"
"X16665_at"	"4188"	"HOXB2 Homeo box B2"
"X16667_at"	"4189"	"HOXB3 Homeo box B3"
"X16706_at"	"4190"	"FOS-RELATED ANTIGEN 2"
"X16832_at"	"4192"	"CTSH Cathepsin H"
"X16983_at"	"4194"	"ITGA4 Integrin, alpha 4 (antigen CD49D, alpha 4 subunit of VLA-4 receptor)"
"X17025_at"	"4195"	"Homolog of yeast IPP isomerase"
"X17042_at"	"4196"	"PRG1 Proteoglycan 1, secretory granule"
"X17094_at"	"4197"	"PACE Paired basic amino acid cleaving enzyme (furin, membrane associated receptor protein)"
"X17254_at"	"4200"	"GATA1 Transcription factor Eryf1"
"X17620_at"	"4202"	"NME1 Non-metastatic cells 1, protein (NM23A) expressed in"
"X17651_at"	"4205"	"MYOG Myogenin (myogenic factor 4)"
"X51521_at"	"4211"	"VIL2 Villin 2 (ezrin)"
"X51757_at"	"4216"	"HSPA6 Heat shock 70kD protein 6 (HSP70B')"
"X51956_rna1_at"	"4222"	"ENO2 gene for neuron specific (gamma) enolase"
"X52056_at"	"4229"	"SPI1 Spleen focus forming virus (SFFV) proviral integration oncogene spi1"
"X52151_at"	"4231"	"ARSA Arylsulfatase A"
"X52192_at"	"4232"	"FES Feline sarcoma (Snyder-Theilen) viral (v-fes)/Fujinami avian sarcoma (PRCII) viral (v-fps) oncogene homolog"
"X52425_at"	"4234"	"IL4R Interleukin 4 receptor"
"X52479_at"	"4235"	"PRKCA Protein kinase C, alpha"
"X52541_at"	"4237"	"EGR1 Early growth response protein 1"
"X52638_at"	"4239"	"PFKFB1 6-phosphofructo-2-kinase/fructose-2,6-biphosphatase 1"
"X52773_at"	"4241"	"RXRA Retinoid X receptor, alpha"
"X52882_at"	"4243"	"T-COMPLEX PROTEIN 1, ALPHA SUBUNIT"
"X52943_at"	"4244"	"TRANSCRIPTION FACTOR ATF-A AND ATF-A-DELTA"
"X52947_at"	"4245"	"GJA1 Cardiac gap junction protein"
"X53331_at"	"4247"	"MGP Matrix protein gla"
"X53416_at"	"4249"	"FLN1 Filamin 1 (actin-binding protein-280)"
"X53586_rna1_at"	"4250"	"Integrin alpha 6 (or alpha E) protein gene extracted from Human mRNA for integrin alpha 6"
"X53793_at"	"4254"	"MULTIFUNCTIONAL PROTEIN ADE2"
"X53795_at"	"4255"	"KAI1 Kangai 1 (suppression of tumorigenicity 6, prostate; CD82 antigen (R2 leukocyte antigen, antigen detected by monoclonal and antibody IA4))"
"X53961_at"	"4256"	"LTF Lactotransferrin"
"X54232_at"	"4260"	"GPC1 Glypican 1"
"X54304_at"	"4261"	"Myosin regulatory light chain mRNA"
"X54326_at"	"4262"	"MULTIFUNCTIONAL AMINOACYL-TRNA SYNTHETASE"
"X54870_at"	"4267"	"NKG2-D TYPE II INTEGRAL MEMBRANE PROTEIN"
"X54938_at"	"4271"	"ITPKA Inositol 1,4,5-trisphosphate 3-kinase A"
"X54941_at"	"4272"	"CKS1 CDC28 protein kinase 1"
"X54942_at"	"4273"	"CKS2 CDC28 protein kinase 2"
"X55079_rna1_at"	"4274"	"GAA gene extracted from Human lysosomal alpha-glucosidase gene exon 1"
"X55666_at"	"4278"	"Usf mRNA for late upstream transcription factor"
"X55668_at"	"4279"	"PRTN3 Proteinase 3 (serine proteinase, neutrophil, Wegener granulomatosis autoantigen)"
"X55733_at"	"4281"	"EUKARYOTIC INITIATION FACTOR 4B"
"X55740_at"	"4282"	"NT5 5' nucleotidase (CD73)"
"X55885_at"	"4284"	"ER LUMEN PROTEIN RETAINING RECEPTOR 1"
"X56199_at"	"4287"	"XIST, coding sequence \"a\" mRNA (locus DXS399E)"
"X56253_rna1_at"	"4288"	"MPR46 gene for 46kd mannose 6-phosphate receptor"
"X56468_at"	"4291"	"14-3-3 PROTEIN TAU"
"X56494_at"	"4292"	"PKM2 Pyruvate kinase, muscle"
"X56667_at"	"4294"	"CALB2 Calbindin 2, (29kD, calretinin)"
"X57129_at"	"4302"	"HISTONE H1D"
"X57206_at"	"4303"	"ITPKB Inositol 1,4,5-trisphosphate 3-kinase B"
"X57346_at"	"4305"	"YWHAB Tyrosine 3-monooxygenase/tryptophan 5-monooxygenase activation protein, beta polypeptide"
"X57398_at"	"4306"	"NME1 Non-metastatic cells 1, protein (NM23A) expressed in"
"X57522_at"	"4307"	"TAP1 Transporter 1, ABC (ATP binding cassette)"
"X57766_at"	"4308"	"PSG11 Pregnancy-specific beta-1 glycoprotein 11"
"X58255_at"	"4314"	"Flg-2 gene for fibroblast growth factor receptor"
"X58288_at"	"4315"	"PTPRM Protein tyrosine phosphatase, receptor type, mu polypeptide"
"X58521_at"	"4317"	"NUCLEAR PORE GLYCOPROTEIN P62"
"X58529_at"	"4318"	"IGHM Immunoglobulin mu"
"X59350_at"	"4324"	"CD22 CD22 antigen"
"X59417_at"	"4328"	"PROTEASOME IOTA CHAIN"
"X59434_at"	"4329"	"TST Thiosulfate sulfurtransferase (rhodanese)"
"X59834_at"	"4340"	"GLUL Glutamate-ammonia ligase (glutamine synthase)"
"X59841_at"	"4341"	"PRE-B-CELL LEUKEMIA TRANSCRIPTION FACTOR-3"
"X59871_at"	"4342"	"TCF7 Transcription factor 7 (T-cell specific)"
"X59892_at"	"4343"	"TRYPTOPHANYL-TRNA SYNTHETASE"
"X60188_at"	"4345"	"EXTRACELLULAR SIGNAL-REGULATED KINASE 1"
"X60221_at"	"4346"	"ATP5F1 ATP synthase, H+ transporting, mitochondrial F0 complex, subunit b, isoform 1"
"X60483_at"	"4348"	"GB DEF = H4/d gene for H4 histone"
"X60486_at"	"4350"	"H4/g gene for H4 histone"
"X60592_at"	"4352"	"CD40 CD40 antigen"
"X60673_rna1_at"	"4354"	"AK3 mRNA for adenylate kinase 3"
"X60708_at"	"4355"	"DPP4 Dipeptidylpeptidase IV (CD26, adenosine deaminase complexing protein 2)"
"X60957_at"	"4356"	"TIE Tyrosine kinase with immunoglobulin and epidermal growth factor homology domains"
"X60992_at"	"4357"	"T-CELL DIFFERENTIATION ANTIGEN CD6 PRECURSOR"
"X61072_at"	"4359"	"T cell receptor, clone IGRA17"
"X61118_rna1_at"	"4362"	"TTG-2a gene extracted from Human TTG-2 mRNA for a cysteine rich protein with LIM motif"
"X61123_at"	"4363"	"BTG1 B-cell translocation gene 1, anti-proliferative"
"X61587_at"	"4366"	"ARHG Ras homolog gene family, member G (rho G)"
"X61615_at"	"4367"	"LIFR Leukemia inhibitory factor receptor"
"X61970_at"	"4368"	"PROTEASOME ZETA CHAIN"
"X62025_rna1_at"	"4369"	"Rod cG-PDE G gene for 3', 5'-cyclic nucleotide phosphodiesterase"
"X62055_at"	"4371"	"PTPN6 Protein tyrosine phosphatase, non-receptor type 6"
"X62078_at"	"4372"	"GM2A GM2 ganglioside activator protein"
"X62320_at"	"4373"	"GRN Granulin"
"X62466_at"	"4374"	"CDW52 CDW52 antigen (CAMPATH-1 antigen)"
"X62535_at"	"4375"	"DAGK1 Diacylglycerol kinase, alpha (80kD)"
"X62573_at"	"4376"	"FCGR2B Fc fragment of IgG, low affinity IIb, receptor for (CD32)"
"X62654_rna1_at"	"4377"	"ME491  gene extracted from H.sapiens gene for Me491/CD63 antigen"
"X62744_at"	"4379"	"CLASS II HISTOCOMPATIBILITY ANTIGEN, M ALPHA CHAIN PRECURSOR"
"X63359_at"	"4384"	"UDP-GLUCURONOSYLTRANSFERASE 2B10 PRECURSOR, MICROSOMAL"
"X63417_at"	"4386"	"GB DEF = IrlB mRNA"
"X63422_at"	"4387"	"ATP5D ATP synthase, H+ transporting, mitochondrial F1 complex, delta subunit"
"X63469_at"	"4389"	"GTF2E2 General transcription factor TFIIE beta subunit, 34 kD"
"X63563_at"	"4392"	"RPS13 RNA polymerase II polypeptide B (140 kD)"
"X63679_at"	"4397"	"TRAMP protein"
"X63692_at"	"4398"	"DNMT DNA methyltransferase"
"X63753_at"	"4399"	"SON SON DNA binding protein"
"X63755_at"	"4400"	"High-sulphur keratin"
"X64037_at"	"4402"	"GTF2F1 General transcription factor IIF, polypeptide 1 (74kD subunit)"
"X64044_at"	"4403"	"SPLICING FACTOR U2AF 65 KD SUBUNIT"
"X64229_at"	"4404"	"DEK PROTEIN"
"X64269_at"	"4405"	"TCF6L1 Transcription factor 6-like 1 (mitochondrial transcription factor 1-like)"
"X64330_at"	"4406"	"ATP-citrate lyase"
"X64364_at"	"4407"	"BSG Basigin"
"X64594_at"	"4409"	"ERYTHROCYTE PLASMA MEMBRANE 50 KD GLYCOPROTEIN"
"X64838_at"	"4414"	"RSN Restin (Reed-Steinberg cell-expressed intermediate filament-associated protein)"
"X65614_at"	"4419"	"S100P S100 calcium-binding protein P"
"X65867_at"	"4424"	"ADENYLOSUCCINATE LYASE"
"X65873_at"	"4425"	"KINESIN HEAVY CHAIN"
"X65977_at"	"4426"	"DEFA4 Defensin, alpha 4, corticostatin "
"X66079_at"	"4427"	"SPIB Spi-B transcription factor (Spi-1/PU.1 related)"
"X66363_at"	"4434"	"SERINE/THREONINE-PROTEIN KINASE PCTAIRE-1"
"X66364_at"	"4435"	"mRNA PSSALRE for serine/threonine protein kinase"
"X66365_at"	"4436"	"CDK6 Cyclin-dependent kinase 6"
"X66397_at"	"4437"	"RPL7A Neurotrophic tyrosine kinase, receptor, type 1"
"X66401_cds1_at"	"4438"	"LMP2 gene extracted from H.sapiens genes TAP1, TAP2, LMP2, LMP7 and DOB"
"X66403_at"	"4439"	"CHRNE Cholinergic receptor, nicotinic, epsilon polypeptide"
"X66417_at"	"4440"	"KAPPA CASEIN PRECURSOR"
"X66436_at"	"4441"	"POSSIBLE GTP-BINDING PROTEIN HSR1"
"X66503_at"	"4442"	"Adenylosuccinate synthetase mRNA"
"X66533_at"	"4443"	"GUANYLATE CYCLASE SOLUBLE, BETA-1 CHAIN"
"X66534_at"	"4444"	"GUANYLATE CYCLASE SOLUBLE, ALPHA-3 CHAIN"
"X66839_at"	"4446"	"MaTu MN mRNA for p54/58N protein"
"X66867_cds1_at"	"4447"	"Max gene extracted from H.sapiens max gene"
"X66899_at"	"4448"	"EWSR1 Ewing sarcoma breakpoint region 1"
"X66945_at"	"4450"	"FGFR1 Basic fibroblast growth factor (bFGF) receptor (shorter form)"
"X67098_at"	"4452"	"RTS beta protein"
"X67155_at"	"4453"	"MITOTIC KINESIN-LIKE PROTEIN-1"
"X67325_at"	"4456"	"INTERFERON-ALPHA INDUCED 11.5 KD PROTEIN"
"X67594_at"	"4458"	"MC1R Melanocortin 1 receptor (alpha melanocyte stimulating hormone receptor)"
"X67698_at"	"4461"	"Tissue specific mRNA"
"X67951_at"	"4463"	"PAGA Proliferation-associated gene A (natural killer-enhancing factor A)"
"X68194_at"	"4465"	"Pantophysin [human, keratinocyte line HaCaT, mRNA, 2106 nt]"
"X68277_at"	"4468"	"Alpha-tubulin mRNA"
"X68487_at"	"4471"	"ADORA2B Adenosine A2b receptor"
"X68560_at"	"4472"	"SP3 Sp3 transcription factor"
"X68733_rna1_at"	"4474"	"Alpha1-antichymotrypsin, exon 1"
"X68836_at"	"4476"	"S-ADENOSYLMETHIONINE SYNTHETASE GAMMA FORM"
"X69111_at"	"4480"	"ID3 Inhibitor of DNA binding 3, dominant negative helix-loop-helix protein"
"X69141_at"	"4481"	"FARNESYL-DIPHOSPHATE FARNESYLTRANSFERASE"
"X69398_at"	"4484"	"CD47 CD47 antigen (Rh-related antigen, integrin-associated signal transducer)"
"X69433_at"	"4485"	"IDH2 Isocitrate dehydrogenase 2 (NADP+), mitochondrial"
"X69550_at"	"4486"	"Rho GDP-dissociation Inhibitor 1"
"X69699_at"	"4488"	"Pax8 mRNA"
"X69819_at"	"4489"	"ICAM3 Intercellular adhesion molecule 3"
"X69838_at"	"4490"	"G9a"
"X69878_at"	"4491"	"FLT4 Fms-related tyrosine kinase 4"
"X69908_rna1_at"	"4492"	"P2 gene for c subunit of mitochondrial ATP synthase gene extracted from H.sapiens gene for mitochondrial ATP synthase c subunit (P2 form)"
"X69910_at"	"4493"	"P63 mRNA for transmembrane protein"
"X69978_at"	"4494"	"ERCC5 DNA excision repair protein ERCC5"
"X70040_at"	"4495"	"MST1R Protein-tyrosine kinase RON"
"X70070_at"	"4496"	"GB DEF = Neurotensin receptor"
"X70218_at"	"4498"	"PPP4C Protein phosphatase 4 (formerly X), catalytic subunit"
"X70297_at"	"4499"	"CHRNA7 Cholinergic receptor, nicotinic, alpha polypeptide 7"
"X70394_at"	"4501"	"OZF mRNA"
"X70476_at"	"4502"	"COATOMER BETA' SUBUNIT"
"X70649_at"	"4503"	"Cl.1042 mRNA of DEAD box protein family"
"X70683_at"	"4504"	"SOX4 SRY (sex determining region Y)-box 4"
"X70991_at"	"4505"	"MADER mRNA"
"X71129_at"	"4507"	"ETFB Electron-transfer-flavoprotein, beta polypeptide"
"X71428_at"	"4510"	"RNA-BINDING PROTEIN FUS/TLS"
"X71490_at"	"4511"	"ATP6E ATPase, H+ transporting, lysosomal (vacuolar proton pump) 31kD"
"X71874_cds1_at"	"4512"	"Proteasome-like subunit MECL-1 gene extracted from H.sapiens genes for proteasome-like subunit (MECL-1), chymotrypsin-like protease (CTRL-1) and protein serine kinase (PSK-H1) last exon"
"X71973_at"	"4514"	"GPX4 Phospholipid hydroperoxide glutathione peroxidase"
"X72012_at"	"4515"	"ENG Endoglin (Osler-Rendu-Weber syndrome 1)"
"X72308_at"	"4517"	"MONOCYTE CHEMOTACTIC PROTEIN 3 PRECURSOR"
"X72755_at"	"4518"	"Humig mRNA"
"X72790_at"	"4519"	"GB DEF = Endogenous retrovirus mRNA for ORF"
"X72841_at"	"4520"	"Retinoblastoma-binding protein (RbAp46) mRNA"
"X74008_at"	"4532"	"PPP1CC Protein phosphatase 1, catalytic subunit, gamma isoform"
"X74104_at"	"4534"	"SSR2 Signal sequence receptor, beta"
"X74262_at"	"4535"	"RETINOBLASTOMA BINDING PROTEIN P48"
"X74295_at"	"4536"	"ITGA7 Integrin, alpha 7B"
"X74328_rna1_at"	"4537"	"CB2 (peripheral) cannabinoid receptor gene extracted from H.sapiens mRNA for CB2 (peripheral) cannabinoid receptor"
"X74570_at"	"4541"	"Gal-beta(1-3/1-4)GlcNAc alpha-2.3-sialyltransferase"
"X74764_at"	"4543"	"Receptor protein tyrosine kinase"
"X74794_at"	"4544"	"CDC21 HOMOLOG"
"X74795_at"	"4545"	"CDC46 HOMOLOG"
"X74801_at"	"4546"	"T-COMPLEX PROTEIN 1, GAMMA SUBUNIT"
"X74837_at"	"4548"	"HUMM9 mRNA"
"X75042_at"	"4549"	"REL V-rel avian reticuloendotheliosis viral oncogene homolog"
"X75208_at"	"4550"	"HEK2 mRNA for protein tyrosine kinase receptor"
"X75252_at"	"4551"	"PBP Prostatic binding protein"
"X75304_at"	"4552"	"Golgi antigen gcp372"
"X75315_at"	"4554"	"FAU Finkel-Biskis-Reilly murine sarcoma virus (FBR-MuSV) ubiquitously expressed (fox derived)"
"X75342_at"	"4555"	"SHB SHB adaptor protein (a Src homology 2 protein)"
"X75593_at"	"4558"	"Rab 13"
"X75861_at"	"4560"	"TEGT Testis enhanced gene transcript"
"X75962_at"	"4563"	"OX40L RECEPTOR PRECURSOR"
"X76013_at"	"4564"	"GLUTAMINYL-TRNA SYNTHETASE"
"X76040_at"	"4566"	"HLON ATP-dependent protease mRNA, nuclear gene encoding  mitochondrial protein"
"X76059_at"	"4568"	"YRRM1"
"X76104_at"	"4571"	"GB DEF = DAP-kinase mRNA"
"X76105_at"	"4572"	"DAP-1 mRNA"
"X76302_at"	"4576"	"RY-1 mRNA for putative nucleic acid binding protein"
"X76538_at"	"4581"	"MPV17 MpV17 transgene, murine homolog, glomerulosclerosis"
"X76648_at"	"4582"	"GLRX Glutaredoxin (thioltransferase)"
"X76717_at"	"4583"	"MT1L Metallothionein 1L"
"X76732_at"	"4584"	"DNA-BINDING PROTEIN NEFA PRECURSOR"
"X77094_at"	"4586"	"P40phox"
"X77548_at"	"4593"	"CDNA for RFG"
"X77584_at"	"4594"	"TXN Thioredoxin"
"X77737_at"	"4595"	"Red cell anion exchanger (EPB3, AE1, Band 3) 3' non-coding region"
"X77794_at"	"4598"	"Cyclin G1 mRNA"
"X77909_at"	"4599"	"IKBL mRNA"
"X78031_at"	"4600"	"Alpha(1,3)fucosyltransferase mRNA"
"X78136_at"	"4602"	"HnRNP-E2 mRNA"
"X78549_at"	"4605"	"Brk mRNA for tyrosine kinase"
"X78627_at"	"4608"	"Translin"
"X78706_at"	"4612"	"CRAT Carnitine acetyltransferase"
"X78817_at"	"4614"	"KIAA0131 gene, partial cds"
"X78924_at"	"4615"	"GB DEF = HZF1 mRNA for zinc finger protein"
"X78925_at"	"4616"	"ZNF2 Zinc finger protein 2 (A1-5)"
"X78992_at"	"4619"	"ERF-2 mRNA"
"X79066_at"	"4620"	"GB DEF = ERF-1 mRNA 5' end"
"X79067_at"	"4621"	"ERF-1 mRNA 3' end"
"X79353_at"	"4625"	"Rab GDI alpha"
"X79439_at"	"4626"	"GB DEF = Notch 3 DNA sequence"
"X79536_at"	"4630"	"HNRPA1 Heterogeneous nuclear ribonucleoprotein A1"
"X79780_at"	"4632"	"YPT3 mRNA"
"X79781_at"	"4633"	"GB DEF = Ray mRNA"
"X79865_at"	"4634"	"Mrp17 mRNA"
"X79882_at"	"4635"	"Lrp mRNA"
"X79981_at"	"4637"	"CDH5 Cadherin 5, VE-cadherin (vascular epithelium)"
"X80026_at"	"4639"	"B-cam mRNA"
"X80198_at"	"4641"	"MLN64 mRNA"
"X80199_at"	"4642"	"MLN51 mRNA"
"X80200_at"	"4643"	"MLN62 mRNA"
"X80230_at"	"4644"	"mRNA (clone C-2k) mRNA for serine/threonine protein kinase"
"X80497_at"	"4646"	"PHOSPHORYLASE B KINASE ALPHA REGULATORY CHAIN, LIVER ISOFORM"
"X80692_at"	"4649"	"ERK3 protein kinase mRNA"
"X80695_at"	"4650"	"RPL27 Ribosomal protein L27"
"X80907_at"	"4653"	"GB DEF = P85 beta subunit of phosphatidyl-inositol-3-kinase"
"X80910_at"	"4655"	"PPP1CB Protein phosphatase 1, catalytic subunit, beta isoform"
"X80915_rna1_at"	"4656"	"Gdf5 gene"
"X80923_at"	"4657"	"GB DEF = Nov gene"
"X81003_at"	"4658"	"HCG V mRNA"
"X81198_at"	"4659"	"COATOMER DELTA SUBUNIT"
"X81817_at"	"4667"	"6C6-Ag mRNA"
"X82200_at"	"4677"	"Staf50 mRNA"
"X82207_at"	"4678"	"BETA-CENTRACTIN"
"X82240_rna1_at"	"4680"	"TCL1 gene (T cell leukemia) extracted from H.sapiens mRNA for Tcell leukemia/lymphoma 1"
"X82434_at"	"4682"	"EMD Emerin (Emery-Dreifuss muscular dystrophy)"
"X82456_at"	"4683"	"MLN50 mRNA"
"X82494_at"	"4684"	"FBLN2 Fibulin 2"
"X82554_rna1_at"	"4686"	"SPHAR gene for cyclin-related protein"
"X82895_at"	"4692"	"DLG2 Homolog 2 of Drosophila large discs"
"X83127_at"	"4694"	"K+ channel beta 1a subunit mRNA, alternatively spliced"
"X83218_at"	"4695"	"ATP5O ATP synthase, H+ transporting, mitochondrial F1 complex, O subunit (oligomycin sensitivity conferring protein)"
"X83441_at"	"4700"	"DNA ligase IV"
"X83573_at"	"4703"	"ARSE mRNA"
"X83928_at"	"4706"	"Transcription factor TFIID subunit TAFII28"
"X84373_at"	"4712"	"NUCLEAR FACTOR RIP140"
"X84709_at"	"4714"	"Mediator of receptor-induced toxicity"
"X85106_at"	"4718"	"Ribosomal S6 kinase"
"X85372_at"	"4723"	"Sm protein F"
"X85373_at"	"4724"	"Sm protein G"
"X85785_rna1_at"	"4729"	"DARC gene"
"X85786_at"	"4730"	"BINDING REGULATORY FACTOR"
"X86012_at"	"4731"	"GB DEF = DNA sequence from intron 22 of the factor VIII gene, Xq28. Contains the end of a 9.5kb repeated region, int22h-1, involved in many cases of haemophilia"
"X86018_at"	"4732"	"MUF1 protein"
"X86570_at"	"4738"	"Acidic hair keratin 1"
"X86681_at"	"4739"	"Nucleolar protein, HNP36"
"X86691_at"	"4740"	"218kD Mi-2 protein"
"X86779_at"	"4742"	"FAST kinase"
"X86809_at"	"4743"	"Major astrocytic phosphoprotein PEA-15"
"X87212_at"	"4748"	"CTSC Cathepsin C"
"X87237_at"	"4749"	"Processing a-glucosidase I"
"X87241_at"	"4750"	"HFat protein"
"X87838_at"	"4754"	"CTNNB1 Catenin (cadherin-associated protein), beta 1 (88kD)"
"X87904_at"	"4758"	"RPS11 Ribosomal protein S11"
"X89267_at"	"4763"	"UROD Uroporphyrinogen decarboxylase"
"X89398_cds2_at"	"4764"	"Ung gene (uracil-DNA-glycosylase, UNG2) extracted from H.sapiens ung gene for uracil DNA-glycosylase"
"X89576_at"	"4767"	"Putative MT4-MMP protein"
"X89750_at"	"4768"	"TGIF protein"
"X89960_at"	"4770"	"Mitochondrial capsule selenoprotein"
"X89985_at"	"4772"	"BCL7 B cell lymphoma protein 7B"
"X90858_at"	"4780"	"Uridine phosphorylase"
"X90872_at"	"4781"	"Gp25L2 protein"
"X91247_at"	"4790"	"TXNRD1 Thioredoxin reductase"
"X91249_at"	"4791"	"WHITE PROTEIN HOMOLOG"
"X91257_at"	"4792"	"SERYL-TRNA SYNTHETASE"
"X91504_at"	"4794"	"TFCOUP2 Transcription factor COUP 2 (a.k.a. ARP1)"
"X91788_at"	"4796"	"Icln protein"
"X91809_at"	"4797"	"GAIP protein"
"X92098_at"	"4800"	"Transmembrane protein rnp24"
"X92106_at"	"4801"	"Bleomycin hydrolase"
"X92396_at"	"4803"	"Novel gene in Xq28 region"
"X92720_at"	"4808"	"Phosphoenolpyruvate carboxykinase"
"X92744_at"	"4809"	"BETA-DEFENSIN 1 PRECURSOR"
"X92762_at"	"4810"	"Tafazzins protein"
"X92896_at"	"4812"	"ITBA2 protein"
"X92972_at"	"4813"	"Protein phosphatase 6"
"X93499_at"	"4817"	"RAB7 protein"
"X93512_at"	"4819"	"GB DEF = Telomeric DNA binding protein (orf2)"
"X93920_at"	"4820"	"Protein-tyrosine-phosphatase (tissue type: foreskin)"
"X93921_at"	"4821"	"Protein-tyrosine-phosphatase (tissue type: testis)"
"X93996_rna1_at"	"4822"	"AFX protein"
"X94232_at"	"4823"	"Novel T-cell activation protein"
"X94910_at"	"4830"	"ERp31 protein"
"X95735_at"	"4847"	"Zyxin"
"X96381_rna1_at"	"4849"	"Erm gene, exon 2,3,4,5 (and joined CDS)"
"X96401_at"	"4850"	"GB DEF = ROX protein"
"X96484_at"	"4851"	"DGCR6 protein"
"X96584_at"	"4852"	"NOV Nephroblastoma overexpressed gene"
"X96586_at"	"4853"	"FAN protein"
"X96698_at"	"4854"	"D1075-like gene"
"X96719_at"	"4855"	"GB DEF = AICL (activation-induced C-type lectin)"
"X96752_at"	"4856"	"L-3-hydroxyacyl-CoA dehydrogenase"
"X96849_at"	"4859"	"GB DEF = 5' mRNA of PECAM-1 molecule"
"X96924_rna1_at"	"4860"	"Gene encoding mitochondrial citrate transport protein"
"X96969_at"	"4861"	"Urea transporter"
"X97074_at"	"4865"	"EEF2 Eukaryotic translation elongation factor 2"
"X97160_rna1_at"	"4866"	"TFE3 transcription factor gene extracted from H.sapiens TFE3 gene, exons 1,2,3 (and joined CDS)"
"X97302_at"	"4870"	"GB DEF = Ptg-1 protein"
"X97324_at"	"4872"	"GB DEF = Adipophilin"
"X97544_at"	"4874"	"TIM17 preprotein translocase"
"X98085_at"	"4881"	"TNR Tenascin R (restrictin, janusin)"
"X98172_at"	"4882"	"MACH-alpha-2 protein"
"X98248_rna1_at"	"4885"	"Sortilin"
"X98260_at"	"4887"	"M-phase phosphoprotein, mpp11"
"X98261_at"	"4888"	"M-phase phosphoprotein, mpp5"
"X98263_at"	"4889"	"M-phase phosphoprotein, mpp6"
"X98411_at"	"4894"	"GB DEF = Myosin-IE"
"X98507_at"	"4895"	"Myosin-I beta"
"X98743_at"	"4896"	"RNA helicase (Myc-regulated dead box protein)"
"X98801_at"	"4897"	"Dynactin"
"X99076_rna1_at"	"4901"	"NRGN gene, exons 2,3 & 4 (joined CDS)"
"X99140_at"	"4903"	"GB DEF = Hair keratin, hHb5"
"X99141_at"	"4904"	"GB DEF = Hair keratin, hHb3"
"X99142_at"	"4905"	"GB DEF = Hair keratin, hHb6"
"X99209_at"	"4906"	"TNNC2 Troponin C2 (fast skeletal)"
"X99325_at"	"4910"	"Alpha-tubulin mRNA"
"X99459_at"	"4912"	"Sigma 3B protein"
"X99584_at"	"4913"	"SMT3A protein"
"X99664_at"	"4917"	"Protein containing SH3 domain, SH3GL3"
"X99688_at"	"4919"	"mRNA from TYL gene"
"X99699_at"	"4920"	"GB DEF = XIAP associated factor-1"
"X99720_rna1_at"	"4921"	"TPRC gene"
"X99728_at"	"4922"	"GB DEF = NDUFV3 gene, exon 3"
"X99920_at"	"4925"	"S100 calcium-binding protein A13"
"Y00062_at"	"4928"	"PTPRC Protein tyrosine phosphatase, receptor type, c polypeptide"
"Y00281_at"	"4931"	"RPN1 Ribophorin I"
"Y00282_at"	"4932"	"RPN2 Ribophorin II"
"Y00433_at"	"4936"	"GPX1 Glutathione peroxidase 1"
"Y00486_rna1_at"	"4937"	"Adenine phosphoribosyltransferase (aprt) gene extracted from Human APRT gene for adenine phosphoribosyltransferase"
"Y00636_at"	"4939"	"CD58 CD58 antigen, (lymphocyte function-associated antigen 3)"
"Y00796_at"	"4943"	"ITGAL Integrin, alpha L (antigen CD11A (p180), lymphocyte function-associated antigen 1; alpha polypeptide)"
"Y07604_at"	"4951"	"Nucleoside-diphosphate kinase"
"Y07829_xpt4_at"	"4959"	"Exon A2 from  H.sapiens gene encoding RING finger protein./ntype=DNA /annot=exon"
"Y07847_at"	"4961"	"RRP22 protein"
"Y08134_at"	"4963"	"GB DEF = ASM-like phosphodiesterase 3b"
"Y08263_at"	"4967"	"AAD14 protein, partial"
"Y08302_at"	"4968"	"GB DEF = MAP kinase phosphatase 4"
"Y08409_at"	"4971"	"GB DEF = Spot14 gene"
"Y08612_at"	"4973"	"RABAPTIN-5 protein"
"Y08614_at"	"4975"	"CRM1 protein"
"Y08836_at"	"4977"	"GB DEF = HRX-like protein"
"Y08915_at"	"4979"	"Alpha 4 protein"
"Y09022_at"	"4983"	"Not56-like protein"
"Y09216_at"	"4984"	"Protein kinase, Dyrk2"
"Y09443_at"	"4989"	"Alkyl-dihydroxyacetonephosphate synthase precursor"
"Y10032_at"	"4997"	"Putative serine/threonine protein kinase"
"Y10055_at"	"4998"	"GB DEF = Phosphoinositide 3-kinase"
"Y10207_at"	"5002"	"GB DEF = CD171 protein"
"Y10209_at"	"5003"	"GB DEF = CD30L protein"
"Y10260_at"	"5006"	"GB DEF = EYA1A gene"
"Y10376_at"	"5009"	"GB DEF = SIRP-beta1"
"Y10871_at"	"5022"	"GB DEF = Twist gene"
"Y10936_at"	"5023"	"GB DEF = Hypothetical protein downstream of DMPK and DMAHP"
"Y11215_at"	"5026"	"SKAP55 protein"
"Y11306_rna1_at"	"5028"	"HTcf-4 gene extracted from H.sapiens mRNA for beta catenin/TCF-4"
"Y11681_at"	"5031"	"GB DEF = Mitochondrial ribosomal protein S12"
"Y11710_rna1_at"	"5033"	"Extracellular matrix protein collagen type XIV, C-terminus"
"Y12670_at"	"5039"	"LEPR Leptin receptor"
"Y12856_at"	"5042"	"GB DEF = AMP-activated protein kinase alpha-1, partial"
"Y13115_at"	"5043"	"GB DEF = Serine/threonine protein kinase SAK"
"Y13247_at"	"5045"	"Fb19 mRNA"
"Y13620_at"	"5046"	"GB DEF = BCL9 gene"
"Y14140_at"	"5048"	"GB DEF = G protein gene encoding beta 3 subunit exon 1 and promoter"
"Z11697_at"	"5052"	"CD83 ANTIGEN PRECURSOR"
"Z12830_at"	"5057"	"SSR1 Signal sequence receptor, alpha"
"Z14000_at"	"5059"	"RING1 Ring finger protein 1"
"Z14244_at"	"5061"	"COX7B Cytochrome c oxidase subunit VIIb"
"Z14982_rna1_at"	"5062"	"MHC-encoded proteasome subunit gene LAMP7-E1 gene (proteasome subunit LMP7) extracted from H.sapiens gene for major histocompatibility complex encoded proteasome subunit LMP7"
"Z15108_at"	"5064"	"PRKCZ Protein kinase C, zeta"
"Z17227_at"	"5066"	"CRFB4 Cytokine receptor family II, member 4"
"Z19002_at"	"5071"	"ZINC FINGER PROTEIN PLZF"
"Z21488_at"	"5074"	"CNTN1 Contactin 1"
"Z21507_at"	"5075"	"EEF1D Eukaryotic translation elongation factor 1 delta (guanine nucleotide exchange protein)"
"Z22536_at"	"5080"	"SERINE/THREONINE-PROTEIN KINASE RECEPTOR R2 PRECURSOR"
"Z22548_at"	"5081"	"Thiol-specific antioxidant protein mRNA"
"Z22551_at"	"5082"	"Kinectin gene"
"Z22555_at"	"5083"	"Encoding CLA-1 mRNA"
"Z23090_at"	"5088"	"HSPB1 Heat shock 27kD protein 1"
"Z23115_at"	"5089"	"APOPTOSIS REGULATOR BCL-X"
"Z24680_at"	"5091"	"Garp gene mRNA"
"Z25535_at"	"5095"	"Nuclear pore complex protein hnup153"
"Z25884_at"	"5097"	"GB DEF = ClC-1 muscle chloride channel protein"
"Z27113_at"	"5103"	"DNA-DIRECTED RNA POLYMERASE II 14.4 KD POLYPEPTIDE"
"Z29064_at"	"5106"	"EPS15 Epidermal growth factor receptor pathway substrate 15"
"Z29090_at"	"5111"	"PHOSPHATIDYLINOSITOL 3-KINASE CATALYTIC SUBUNIT, ALPHA ISOFORM"
"Z29481_at"	"5113"	"3-HYDROXYANTHRANILATE 3,4-DIOXYGENASE"
"Z29505_at"	"5114"	"Alpha-CP1 mRNA"
"Z29574_at"	"5116"	"BCMA B cell maturation factor"
"Z29678_at"	"5117"	"MitF mRNA"
"Z30425_at"	"5118"	"Orphan nuclear hormone receptor"
"Z30426_at"	"5119"	"CD69 CD69 antigen (early T cell activation antigen)"
"Z31357_at"	"5120"	"CDO1 Cysteine dioxygenase, type 1"
"Z32765_at"	"5122"	"GB DEF = CD36 gene exon 15"
"Z35093_at"	"5128"	"SURF1 Surfeit 1"
"Z35102_at"	"5129"	"Ndr protein kinase"
"Z35227_at"	"5130"	"TTF mRNA for small G protein"
"Z35278_at"	"5131"	"PEBP2aC1 acute myeloid leukaemia mRNA"
"Z35307_at"	"5132"	"ECE1 Endothelin converting enzyme 1"
"Z35491_at"	"5134"	"Novel glucocorticoid receptor-associated protein"
"Z36714_at"	"5136"	"CCNF Cyclin F"
"Z36715_at"	"5137"	"GB DEF = Net transcription factor"
"Z37166_at"	"5138"	"BAT1 mRNA for nuclear RNA helicase (DEAD family)"
"Z46376_rna1_at"	"5142"	"HK2 mRNA for hexokinase II"
"Z46973_at"	"5146"	"Phosphatidylinositol 3-kinase"
"Z48042_at"	"5151"	"mRNA encoding GPI-anchored protein p137"
"Z48054_at"	"5153"	"PXR1 Peroxisome receptor 1"
"Z48199_at"	"5154"	"SDC1 Syndecan 1"
"Z48481_at"	"5156"	"MT-MMP protein"
"Z48512_at"	"5159"	"GB DEF = XG mRNA (clone PEP6)"
"Z48579_at"	"5163"	"Disintegrin-metalloprotease (partial)"
"Z48633_at"	"5165"	"GB DEF = Retrotransposon"
"Z48950_at"	"5168"	"HISTONE H3.3"
"Z49099_at"	"5169"	"Spermine synthase"
"Z49194_at"	"5171"	"OBF-1 mRNA for octamer binding factor 1"
"Z49254_at"	"5174"	"L23-related mRNA"
"Z49269_at"	"5175"	"Chemokine HCC-1"
"Z49878_at"	"5176"	"Guanidinoacetate N-methyltransferase"
"Z50022_at"	"5179"	"Surface glycoprotein"
"Z50749_at"	"5182"	"Sds22-like mRNA"
"Z50781_at"	"5183"	"Leucine zipper protein"
"Z50853_at"	"5184"	"CLPP"
"Z56281_at"	"5185"	"Interferon regulatory factor 3"
"Z67743_at"	"5186"	"Chloride channel protein (CLCN7) mRNA, partial cds"
"Z68129_cds1_at"	"5187"	"H-IDH gamma gene (NAD(H)-specific isocitrate dehydrogenase gamma-subunit precursor) extracted from H.sapiens IDH gamma gene and TRAP delta gene"
"Z68747_at"	"5189"	"GB DEF = Imogen 38"
"Z69881_at"	"5191"	"Adenosine triphosphatase, calcium"
"Z69915_at"	"5192"	"GB DEF = mRNA (clone ICRFp507L1876)"
"Z70219_at"	"5194"	"GB DEF = 5'UTR for unknown protein (clone ICRFp507C0696)"
"Z70220_at"	"5195"	"GB DEF = 5'UTR for unknown protein (clone ICRFp507O0882)"
"Z71460_at"	"5201"	"Vacuolar-type H(+)-ATPase 115 kDa subunit"
"Z72499_at"	"5202"	"Herpesvirus associated ubiquitin-specific protease (HAUSP)"
"Z81326_at"	"5214"	"Protease inhibitor 12 (PI12; neuroserpin)"
"Z83821_cds2_at"	"5225"	"5-aminolevulinic acid synthase gene extracted from Human DNA sequence from PAC 296K21 on chromosome X contains cytokeratin exon, delta-aminolevulinate synthase (erythroid); 5-aminolevulinic acid synthase.(EC 2.3.1.37). 6-phosphofructo-2-kinase/fructose-2,6-bisphosphatase (EC 2.7.1.105, EC 3.1.3.46), ESTs and STS"
"Z84721_cds1_at"	"5228"	"Zeta-globin 1 gene extracted from Human DNA sequence from cosmid GG1 from a contig from the tip of the short arm of chromosome 16, spanning 2Mb of 16p13.3 Contains alpha and zeta globin genes and ESTs"
"Z84721_cds2_at"	"5229"	"Alpha-globin 1 gene extracted from Human DNA sequence from cosmid GG1 from a contig from the tip of the short arm of chromosome 16, spanning 2Mb of 16p13.3 Contains alpha and zeta globin genes and ESTs"
"Z93784_at"	"5231"	"GB DEF = DNA sequence from PAC 398C22 on chromosome 22q11.2-qter. Contains Brain Protein E46 like sequences, ESTs"
"Z97054_xpt2_at"	"5234"	"DNA binding protein from  Human DNA sequence from PAC 339A18 on chromosome Xp11.1-Xp11.4. Contains KIAA0178 gene, similar to mitosis-specific chromosome segregation protein SMC1 of S.cerevisiae, DNA binding protein similar to URE-B1, ESTs and STS./ntype=DNA /annot=CDS"
"AB006782_at"	"5238"	"GB DEF = Galectin-9 isoform"
"D00860_at"	"5240"	"PRPS1 Phosphoribosyl pyrophosphate synthetase subunit I"
"D10040_at"	"5241"	"FACL1 Long chain fatty acid acyl-coA ligase"
"D16105_at"	"5244"	"LTK Leukocyte tyrosine kinase"
"D16480_at"	"5245"	"HADHA Hydroxyacyl-Coenzyme A dehydrogenase/3-ketoacyl-Coenzyme A thiolase/enoyl-Coenzyme A hydratase (trifunctional protein), alpha subunit"
"D16481_at"	"5246"	"Mitochondrial 3-ketoacyl-CoA thiolase beta-subunit of trifunctional protein"
"D21235_at"	"5248"	"HHR23A protein"
"D25304_at"	"5249"	"KIAA0006 gene, partial cds"
"D26070_at"	"5250"	"Type 1 inositol 1,4,5-trisphosphate receptor"
"D29805_at"	"5252"	"GGTB2 Glycoprotein-4-beta-galactosyltransferase 2"
"D31889_at"	"5253"	"KIAA0072 gene, partial cds"
"D38073_at"	"5254"	"MCM3 Minichromosome maintenance deficient (S. cerevisiae) 3"
"D38081_at"	"5255"	"TBXA2R Thromboxane A2 receptor"
"D43968_at"	"5258"	"CBFA2 Proto-oncogene AML1 {alternative products}"
"D45132_at"	"5259"	"Kidney mRNA for zinc-finger DNA-binding protein"
"D50405_at"	"5260"	"RPD3 protein"
"D80000_at"	"5263"	"KIAA0178 gene, partial cds"
"D86550_at"	"5266"	"Serine/threonine protein kinase"
"D86988_at"	"5268"	"KIAA0221 gene"
"HG2846-HT2983_at"	"5274"	"Dihydrofolate Reductase, Alt. Splice 6"
"HG3543-HT3739_at"	"5275"	"Insulin-Like Growth Factor 2"
"HG651-HT4201_at"	"5278"	"Adducin, Alpha Subunit, Alt. Splice 2"
"J02783_at"	"5280"	"P4HB Procollagen-proline, 2-oxoglutarate 4-dioxygenase (proline 4-hydroxylase), beta polypeptide (protein disulfide isomerase; thyroid hormone binding protein p55)"
"J04182_at"	"5284"	"LAMP1 Lysosome-associated membrane protein 1"
"L00058_at"	"5290"	"MYC V-myc avian myelocytomatosis viral oncogene homolog"
"L04282_at"	"5292"	"CACCC box-binding protein mRNA"
"L04731_at"	"5294"	"Translocation T(4:11) of ALL-1 gene to chromosome 4"
"L07648_at"	"5298"	"MXI1 mRNA"
"L08895_at"	"5300"	"MEF2C MADS box transcription enhancer factor 2, polypeptide C (myocyte enhancer factor 2C)"
"L10413_at"	"5301"	"FNTA Farnesyltransferase, CAAX box, alpha"
"L11066_at"	"5302"	"MITOCHONDRIAL STRESS-70 PROTEIN PRECURSOR"
"L11284_at"	"5303"	"DUAL SPECIFICITY MITOGEN-ACTIVATED PROTEIN KINASE KINASE 1"
"L13773_at"	"5307"	"AF-4 mRNA"
"L21998_at"	"5311"	"MUC2 Mucin 2, intestinal/tracheal"
"L22454_at"	"5312"	"Nuclear respiratory factor-1 (NRF-1) mRNA"
"L33075_at"	"5314"	"Ras GTPase-activating-like protein (IQGAP1) mRNA"
"L35263_at"	"5315"	"CSaids binding protein (CSBP1) mRNA"
"L40397_at"	"5317"	"(clone S31i125) mRNA, 3' end of cds"
"L49380_at"	"5320"	"Transcription factor ZFM1 isoform B3 mRNA, complete  cds"
"L76517_at"	"5321"	"(clone cc44) senilin 1 (PS1; S182) mRNA"
"M14745_at"	"5328"	"BCL2 B cell lymphoma protein 2"
"M16276_at"	"5331"	"HLA-DQB1 Major histocompatibility complex, class II, DQ beta 1"
"M16342_at"	"5332"	"HnRNP C2 protein mRNA"
"M24283_at"	"5336"	"ICAM1 Intercellular adhesion molecule 1 (CD54), human rhinovirus receptor"
"M24900_at"	"5337"	"V-ERBA RELATED PROTEIN EAR-1"
"M31724_at"	"5339"	"PTPN1 Tyrosine phosphatase 1"
"M58026_at"	"5345"	"CALMODULIN-RELATED PROTEIN NB-1"
"M64231_rna1_at"	"5349"	"Spermidine synthase gene"
"M69013_at"	"5351"	"GNA11 Guanine nucleotide binding protein (G protein), alpha 11 (Gq class)"
"M69181_at"	"5352"	"GB DEF = Nonmuscle myosin heavy chain-B (MYH10) mRNA, partial cds"
"M83664_at"	"5356"	"HLA-DPB1 Major histocompatibility complex, class II, DP beta 1"
"M91463_rna1_at"	"5360"	"Glucose transporter (GLUT4) gene"
"M93651_at"	"5361"	"SET PROTEIN"
"M94046_at"	"5362"	"Zinc finger protein (MAZ) mRNA"
"M96843_at"	"5364"	"ID2 Inhibitor of DNA binding 2, dominant negative helix-loop-helix protein"
"M97676_at"	"5366"	"MSX1 Msh (Drosophila) homeo box homolog 1 (formerly homeo box 7)"
"S68805_at"	"5371"	"L-arginine:glycine amidinotransferase [human, kidney carcinoma cells, mRNA, 2330 nt]"
"S76638_at"	"5373"	"NFKB2 Nuclear factor of kappa light polypeptide gene enhancer in B-cells 2 (p49/p100)"
"U04636_rna1_at"	"5376"	"Cyclooxygenase-2 (hCox-2) gene"
"U07139_at"	"5377"	"CAB3b mRNA for calcium channel beta3 subunit"
"U12767_at"	"5383"	"Mitogen induced nuclear orphan receptor (MINOR) mRNA"
"U13022_at"	"5384"	"Negative regulator of programmed cell death ICH-1S (Ich-1) mRNA"
"U16307_at"	"5386"	"Glioma pathogenesis-related protein (GliPR) mRNA"
"U17838_at"	"5387"	"Zinc finger protein RIZ mRNA"
"U17969_at"	"5388"	"EIF5A Eukaryotic translation initiation factor 5A"
"U18259_at"	"5389"	"Clone CIITA-8 MHC class II transactivator CIITA mRNA"
"U18422_at"	"5390"	"DP2 (Humdp2) mRNA"
"U20938_at"	"5393"	"Lymphocyte dihydropyrimidine dehydrogenase mRNA"
"U25988_at"	"5398"	"PSG13 Pregnancy-specific beta-1 glycoprotein 13"
"U31556_at"	"5402"	"E2F5 E2F transcription factor 5, p130-binding"
"U33841_at"	"5404"	"ATM Ataxia telangiectasia mutated (includes complementation groups A, C and D)"
"U34587_at"	"5405"	"CRHR2 Corticotropin releasing hormone receptor 2"
"U36341_rna1_at"	"5407"	"SLC6A8 gene (creatine transporter) extracted from Human Xq28 cosmid, creatine transporter (SLC6A8) gene, and CDM gene, partial cds"
"U37146_at"	"5408"	"Silencing mediator of retinoid and thyroid hormone action (SMRT) mRNA"
"U37426_at"	"5409"	"Kinesin-like spindle protein HKSP (HKSP) mRNA"
"U38276_at"	"5410"	"Semaphorin III family homolog mRNA"
"U41518_at"	"5414"	"AQP1 Aquaporin 1 (channel-forming integral protein, 28kD)"
"U41654_at"	"5415"	"RagA protein"
"U47077_at"	"5418"	"DNA-dependent protein kinase catalytic subunit (DNA-PKcs) mRNA"
"U53204_at"	"5422"	"Plectin (PLEC1) mRNA"
"U58675_cds2_at"	"5425"	"OR17-40 gene extracted from Human olfactory receptor gene cluster on chromosome 17, OR17-228 and OR17-40, and OR17-24 and OR17-25 pseudogenes"
"U60061_at"	"5426"	"RPS26 Ribosomal protein S26"
"U72649_at"	"5431"	"BTG2 (BTG2) mRNA"
"U83171_at"	"5435"	"Macrophage-derived chemokine precursor (MDC) mRNA"
"U94832_at"	"5436"	"KH type splicing regulatory protein KSRP mRNA"
"U96131_at"	"5439"	"HPV16 E1 protein binding protein mRNA"
"X02160_at"	"5442"	"INSR Insulin receptor"
"X04526_at"	"5445"	"GNB1 Guanine nucleotide binding protein (G protein), beta polypeptide 1"
"X05610_at"	"5447"	"COL4A2 Collagen, type IV, alpha 2"
"X07203_at"	"5449"	"CD20 RECEPTOR"
"X12671_rna1_at"	"5450"	"Hnrnp a1 protein gene extracted from Human gene for heterogeneous nuclear ribonucleoprotein (hnRNP) core protein A1"
"X16323_at"	"5455"	"HGF Hepatocyte growth factor (hepapoietin A; scatter factor)"
"X55990_rna1_at"	"5463"	"ECP gene for eosinophil cationic protein"
"X56841_at"	"5464"	"HLA-E MHC class I antigen HLA-E"
"X57985_rna2_at"	"5465"	"GL105 gene (histone H2B) extracted from H.sapiens genes for histones H2B.1 and H2A"
"X58072_at"	"5466"	"GATA3 GATA-binding protein 3"
"X59739_at"	"5467"	"ZFX Zinc finger protein, X-linked"
"X65463_at"	"5471"	"RETINOIC ACID RECEPTOR RXR-BETA"
"X65488_at"	"5472"	"HETEROGENOUS NUCLEAR RIBONUCLEOPROTEIN U"
"X72727_at"	"5478"	"HNRPK Heterogeneous nuclear ribonucleoprotein K"
"X72889_at"	"5479"	"Transcriptional activator hSNF2a"
"X73478_at"	"5480"	"HPTPA mRNA"
"X75918_at"	"5482"	"IMMEDIATE-EARLY RESPONSE PROTEIN NOT"
"X78338_at"	"5484"	"MULTIDRUG RESISTANCE-ASSOCIATED PROTEIN 1"
"X81625_at"	"5488"	"EUKARYOTIC PEPTIDE CHAIN RELEASE FACTOR SUBUNIT 1"
"X82209_at"	"5489"	"MN1 mRNA"
"Y00264_at"	"5498"	"APP Amyloid A4 protein of Alzheimer's disease"
"Y07909_at"	"5499"	"B4B"
"Z15115_at"	"5501"	"TOP2B Topoisomerase (DNA) II beta (180kD)"
"Z74615_at"	"5506"	"COL1A1 Collagen, type I, alpha 1"
"X95808_s_at"	"5518"	"Protein encoded by a candidate gene, DXS6673E, for mental retardation"
"Z49107_s_at"	"5521"	"Galectin"
"AC002045_xpt2_s_at"	"5523"	"A-589H1.2 from  Homo sapiens Chromosome 16 BAC clone CIT987-SKA-589H1  ~complete genomic sequence, complete sequence./ntype=DNA /annot=mRNA"
"D00408_s_at"	"5533"	"CYP3A7 Cytochrome P450 IIIA7 (P450-HFLa)"
"X83416_s_at"	"5536"	"PrP gene, exon 2"
"M23178_s_at"	"5537"	"MACROPHAGE INFLAMMATORY PROTEIN 1-ALPHA PRECURSOR"
"M18700_s_at"	"5540"	"ELASTASE IIIA PRECURSOR"
"Y00097_s_at"	"5541"	"ANX6 Annexin VI (p68)"
"M37271_s_at"	"5542"	"T-CELL ANTIGEN CD7 PRECURSOR"
"D00749_s_at"	"5543"	"T-CELL ANTIGEN CD7 PRECURSOR"
"X15331_s_at"	"5544"	"PRPS1 Phosphoribosyl pyrophosphate synthetase 1"
"L09229_s_at"	"5545"	"FACL1 Long chain fatty acid acyl-coA ligase"
"L32832_s_at"	"5547"	"Zinc finger homeodomain protein (ATBF1-A) mRNA"
"D10537_s_at"	"5549"	"MPZ Myelin protein zero (Charcot-Marie-Tooth neuropathy 1B)"
"L06797_s_at"	"5552"	"PROBABLE G PROTEIN-COUPLED RECEPTOR LCR1 HOMOLOG"
"D11327_s_at"	"5554"	"PTPN7 Protein tyrosine phosphatase, non-receptor type 7"
"D12775_s_at"	"5556"	"AMPD3 Adenosine monophosphate deaminase (isoform E)"
"M15465_s_at"	"5559"	"PKLR Pyruvate kinase, liver"
"D79206_s_at"	"5560"	"SDC4 Syndecan 4 (amphiglycan, ryudocan)"
"HG1686-HT4572_s_at"	"5561"	"Transcription Factor E4tf1, Respiratory, Gamma 2 Subunit, Alt. Splice 4"
"D13631_s_at"	"5563"	"KIAA0006 gene"
"D13705_s_at"	"5566"	"Fatty acids omega-hydroxylase (cytochrome P-450HKV)"
"HG1400-HT1400_s_at"	"5569"	"Carboxyl Methyltransferase, Aspartate, Alt. Splice 1"
"HG2348-HT2444_s_at"	"5570"	"Peptide Yy"
"D14826_s_at"	"5574"	"CREM CAMP responsive element modulator"
"S68271_s_at"	"5575"	"CREM CAMP responsive element modulator"
"X52213_s_at"	"5577"	"GB DEF = Ltk mRNA"
"Z49835_s_at"	"5578"	"PROBABLE PROTEIN DISULFIDE ISOMERASE ER-60 PRECURSOR"
"HG4541-HT4946_s_at"	"5579"	"Transformation-Related Protein"
"U00802_s_at"	"5585"	"Drebrin E"
"D26156_s_at"	"5593"	"Transcriptional activator hSNF2b"
"D87716_s_at"	"5596"	"KIAA0007 gene, partial cds"
"L15326_s_at"	"5598"	"PTGS2 Prostaglandin-endoperoxide synthase 2 (prostaglandin G/H synthase and cyclooxygenase)"
"D28235_s_at"	"5599"	"Cyclooxygenase-2 (hCox-2) gene"
"D28473_s_at"	"5600"	"IARS Isoleucine-tRNA synthetase"
"X59842_rna1_s_at"	"5602"	"PBX2 mRNA"
"D29640_s_at"	"5604"	"Ras GTPase-activating-like protein (IQGAP1) mRNA"
"D29675_s_at"	"5606"	"GB DEF = Inducible nitric oxide synthase gene, promoter and exon 1"
"U34380_rna1_s_at"	"5607"	"TEC gene extracted from Human protein tyrosine kinase TEC (tec) gene, partial cds, and tyrosine kinase TXK (txk) gene"
"X68688_rna1_s_at"	"5614"	"ZNF33B gene"
"D31840_s_at"	"5617"	"DRPLA Dentatorubral-pallidoluysian atrophy"
"HG4312-HT4582_s_at"	"5621"	"Transcription Factor Iiia"
"X62153_s_at"	"5625"	"MCM3 Minichromosome maintenance deficient (S. cerevisiae) 3"
"U27325_s_at"	"5626"	"TBXA2R Thromboxane A2 receptor"
"D38251_s_at"	"5629"	"DNA-DIRECTED RNA POLYMERASE II 23 KD POLYPEPTIDE"
"U38964_s_at"	"5632"	"GB DEF = PMS2 related (hPMSR2) gene"
"D42040_s_at"	"5635"	"RING3 PROTEIN"
"Z84497_s_at"	"5636"	"RING3 PROTEIN"
"D43682_s_at"	"5637"	"Very-long-chain acyl-CoA dehydrogenase (VLCAD)"
"X89109_s_at"	"5639"	"MacMarcks mRNA"
"M19311_s_at"	"5642"	"CALM1 Calmodulin 1 (phosphorylase kinase, delta)"
"D49487_s_at"	"5646"	"LEP Leptin (murine obesity homolog)"
"D49824_s_at"	"5648"	"GB DEF = HLA-B null allele mRNA"
"L38593_s_at"	"5649"	"GB DEF = Integral membrane protein (NRAMP1) gene, exon 5"
"U50079_s_at"	"5650"	"GB DEF = Histone deacetylase HD1 mRNA"
"U58046_s_at"	"5655"	"KIAA0139 gene"
"D63479_s_at"	"5657"	"DAGK4 Diacylglycerol kinase delta"
"S82447_s_at"	"5661"	"GCN5-like 1"
"M96954_s_at"	"5662"	"TIAL1 TIA1 cytotoxic granule-associated RNA-binding protein-like 1"
"Y10807_s_at"	"5664"	"Suppressor for yeast mutant"
"D78132_s_at"	"5665"	"Ras homologue enriched in brain (RHEB) gene, Ras-related GTP binding protein gene"
"D78577_s_at"	"5666"	"YWHAH Tyrosine 3-monooxygenase/tryptophan 5-monooxygenase activation protein, eta polypeptide"
"D79984_s_at"	"5667"	"KIAA0162 gene"
"S78271_s_at"	"5668"	"SB1.8/DXS423E"
"D83260_s_at"	"5671"	"HXC-26 mRNA"
"D85131_s_at"	"5672"	"Myc-associated zinc-finger protein of human islet"
"D86043_s_at"	"5676"	"SHPS-1"
"Y10375_s_at"	"5677"	"SHPS-1"
"U19713_s_at"	"5683"	"Allograft inflammatory factor-1 (AIF-1) mRNA"
"Z35085_s_at"	"5684"	"KIAA0203 gene"
"U52191_s_at"	"5687"	"SMCY (H-Y) mRNA"
"L33930_s_at"	"5688"	"CD24 signal transducer mRNA and 3' region"
"D90070_s_at"	"5695"	"LRP1 ATL-derived PMA-responsive (APR) peptide"
"J03260_s_at"	"5696"	"GNAZ Guanine nucleotide binding protein (G protein), alpha z polypeptide"
"HG1728-HT1734_s_at"	"5698"	"Non-Specific Cross Reacting Antigen (Gb:D90277), Alt. Splice Form 2"
"X55448_cds1_s_at"	"5703"	"G6PD gene (glucose-6-phosphate dehydrogenase) extracted from H.sapiens G6PD gene for glucose-6-phosphate dehydrogenase"
"HG110-HT110_s_at"	"5704"	"Heterogeneous Nuclear Ribonucleoprotein A/B"
"HG1140-HT4817_s_at"	"5705"	"Collagen, Type Vi, Alpha 2, Alt. Splice 2"
"HG1322-HT5143_s_at"	"5708"	"Small Nuclear Ribonucleoprotein, Polypeptide C, Alt. Splice 2"
"M25079_s_at"	"5710"	"GB DEF = Sickle cell beta-globin mRNA"
"HG1428-HT1428_s_at"	"5711"	"Globin, Beta"
"HG1471-HT3923_s_at"	"5713"	"Transcription Factor Oct-1a/1b, Alt. Splice 2, Oct-1b"
"HG1496-HT1496_s_at"	"5714"	"Adrenal-Specific Protein Pg2"
"X57351_at"	"5715"	"RPS3 Ribosomal protein S3"
"X57351_s_at"	"5716"	"RPS3 Ribosomal protein S3"
"HG1595-HT4788_s_at"	"5717"	"Heterogeneous Nuclear Ribonucleoprotein I, Alt. Splice 2, Ptb-1"
"HG1751-HT1768_at"	"5721"	"Chorionic Somatomammotropin Hormone Cs-5"
"U19247_rna1_s_at"	"5723"	"Interferon-gamma receptor alpha chain gene"
"HG1763-HT1780_s_at"	"5725"	"Prolactin-Induced Protein"
"J03915_s_at"	"5726"	"CHGA Chromogranin A"
"U43901_rna1_s_at"	"5729"	"37 kD laminin receptor precursor/p40 ribosome associated protein gene"
"HG1827-HT1856_s_at"	"5731"	"Cytochrome P450, Subfamily Iic, Alt. Splice Form 2"
"U24183_s_at"	"5732"	"PFKM Phosphofructokinase, muscle"
"Z26248_s_at"	"5735"	"PRG2 Proteoglycan 2, bone marrow (natural killer cell activator, eosinophil granule major basic protein)"
"HG2238-HT2321_s_at"	"5741"	"Nuclear Mitotic Apparatus Protein 1, Alt. Splice Form 2"
"HG4069-HT4339_s_at"	"5742"	"Monocyte Chemotactic Protein 1"
"HG2259-HT2348_s_at"	"5743"	"Tubulin, Alpha 1, Isoform 44"
"L14778_s_at"	"5748"	"PPP3CA Protein phosphatase 3 (formerly 2B), catalytic subunit, alpha isoform (calcineurin A alpha){alternative products}"
"HG2479-HT2575_s_at"	"5760"	"Helix-Loop-Helix Protein Sef2-1d"
"L08835_rna2_s_at"	"5761"	"DM kinase gene (myotonic dystrophy kinase) extracted from Human myotonic dystrophy kinase (DM kinase) gene"
"X06182_s_at"	"5765"	"KIT V-kit Hardy-Zuckerman 4 feline sarcoma viral oncogene homolog"
"U22376_cds2_s_at"	"5772"	"C-myb gene extracted from Human (c-myb) gene, complete primary cds, and five complete alternatively spliced cds"
"HG2639-HT2735_s_at"	"5775"	"Single-Stranded Dna-Binding Protein Mssp-1"
"HG2705-HT2801_s_at"	"5779"	"Serine/Threonine Kinase (Gb:Z25427)"
"HG274-HT274_s_at"	"5786"	"Gamma-Glutamyltransferase 1 (Gb:J04131)"
"HG2797-HT2906_s_at"	"5790"	"Clathrin, Light Polypeptide B, Alt. Splice 2"
"M13452_s_at"	"5794"	"LMNA Lamin A"
"HG2809-HT2920_s_at"	"5795"	"Lung Surfactant Protein D"
"X04654_s_at"	"5796"	"SNRP70 U1 snRNP 70K protein"
"HG2815-HT2931_at"	"5797"	"Myosin, Light Chain, Alkali, Smooth Muscle (Gb:U02629), Non-Muscle, Alt. Splice 2"
"HG2815-HT2931_s_at"	"5798"	"Myosin, Light Chain, Alkali, Smooth Muscle (Gb:U02629), Non-Muscle, Alt. Splice 2"
"HG2981-HT3127_s_at"	"5808"	"Epican, Alt. Splice 11"
"HG2981-HT3125_s_at"	"5810"	"Epican, Alt. Splice 1"
"HG2994-HT4850_s_at"	"5812"	"Elastin, Alt. Splice 2"
"U77846_rna1_at"	"5814"	"Elastin gene, partial cds and partial 3'UTR"
"U77846_rna1_s_at"	"5815"	"Elastin gene, partial cds and partial 3'UTR"
"L07807_s_at"	"5817"	"DNM1 Dynamin 1"
"HG3076-HT3238_s_at"	"5821"	"Heterogeneous Nuclear Ribonucleoprotein K, Alt. Splice 1"
"X75755_rna1_s_at"	"5823"	"PR264 gene"
"HG3107-HT3283_s_at"	"5825"	"Plasma Membrane Calcium Pump Hpmca2a"
"HG3148-HT3324_s_at"	"5827"	"Major Histocompatibility Complex, Class Iii, Rp1, Alt. Splice 1"
"M31520_rna1_at"	"5829"	"Unknown protein gene extracted from Human ribosomal protein S24 mRNA"
"U05572_s_at"	"5833"	"MANB Mannosidase alpha-B (lysosomal)"
"HG3342-HT3519_s_at"	"5836"	"Id1"
"HG3395-HT3573_s_at"	"5838"	"Dnaj Homolog (Gb:X63368), Alt. Splice Form 2"
"HG3417-HT3600_s_at"	"5841"	"Gtp Cyclohydrolase I, Alt. Splice 1"
"HG3437-HT3628_s_at"	"5845"	"Myelin Proteolipid Protein, Alt. Splice 2"
"HG3484-HT3678_s_at"	"5846"	"Protein Kinase (Gb:M59287)"
"HG3523-HT4899_s_at"	"5847"	"Proto-Oncogene C-Myc, Alt. Splice 3, Orf 114"
"M13929_s_at"	"5848"	"MYC V-myc avian myelocytomatosis viral oncogene homolog"
"J03242_s_at"	"5849"	"IGF2 Insulin-like growth factor 2 (somatomedin A)"
"HG3638-HT3849_s_at"	"5852"	"Amyloid Beta (A4) Precursor Protein, Alt. Splice 2, A4(751)"
"HG371-HT26388_s_at"	"5858"	"Mucin 1, Epithelial, Alt. Splice 9"
"HG3725-HT3981_s_at"	"5859"	"Insulin-Like Leydig Hormone"
"HG3730-HT4000_s_at"	"5860"	"Tyrosine Kinase Syk"
"S80267_s_at"	"5861"	"P72syk {G insertion nucleotide 92} [human, Jurkat E6-1 J.CaM1 cells, mRNA Partial Mutant, 1909 nt]"
"HG3920-HT4521_s_at"	"5864"	"Homeotic Protein A1, Class I, Alt. Splice 1"
"HG3925-HT4195_s_at"	"5866"	"Surfacant Protein Sp-A2 Delta"
"X77588_s_at"	"5870"	"GNAS1 Guanine nucleotide binding protein (G protein), alpha stimulating activity polypeptide 1"
"HG4011-HT4804_s_at"	"5871"	"Dystrophin-Associated Glycoprotein, 50 Kda, Alt. Splice 2"
"M74509_s_at"	"5873"	"GB DEF = Endogenous retrovirus type C oncovirus sequence"
"HG4113-HT4383_s_at"	"5879"	"Olfactory Receptor Or17-201"
"HG417-HT417_s_at"	"5882"	"Cathepsin B"
"U09937_rna1_s_at"	"5884"	"Urokinase-type plasminogen activator receptor gene extracted from Human urokinase-type plasminogen receptor"
"M20867_s_at"	"5885"	"GLUD1 Glutamate dehydrogenase"
"HG4264-HT4534_s_at"	"5886"	"Guanine Nucleotide-Binding Protein Rab5c-Like Protein"
"HG4318-HT4588_s_at"	"5887"	"Lim-Domain Transcription Factor Lim-1"
"HG4334-HT4604_s_at"	"5888"	"Glycogenin"
"HG4535-HT4940_s_at"	"5890"	"Dematin"
"HG4668-HT5083_s_at"	"5892"	"Transcription Factor Mef2, Alt. Splice 2"
"HG4755-HT5203_s_at"	"5895"	"Spinal Muscular Atrophy 4"
"HG4757-HT5207_s_at"	"5896"	"Oncogene Mll-Af4, Fusion Activated"
"M79463_s_at"	"5897"	"PML Probable transcription factor PML {alternative products}"
"HG627-HT5097_s_at"	"5899"	"Rhesus (Rh) Blood Group System Ce-Antigen, Alt. Splice 2, Rhvi"
"HG627-HT5098_s_at"	"5900"	"Rhesus (Rh) Blood Group System Ce-Antigenl, Alt. Splice 3, Rhviii"
"HG651-HT5209_s_at"	"5904"	"Adducin, Alpha Subunit, Alt. Splice 3"
"HG721-HT4828_s_at"	"5907"	"Placental Protein 14, Endometrial Alpha 2 Globulin, Alt. Splice 3"
"HG880-HT880_at"	"5912"	"Mucin 6, Gastric (Gb:L07517)"
"L08096_s_at"	"5915"	"CD70 CD70 antigen (CD27 ligand)"
"S76942_s_at"	"5917"	"GB DEF = Dopamine D4 receptor {exon 1} [human, brain tumor tissue, mRNA Partial Mutant, 386 nt]"
"HG982-HT982_s_at"	"5921"	"Pre-T/Nk-Cell-Associated Protein 1f6"
"HG998-HT998_s_at"	"5922"	"Sulfotransferase, Phenol-Preferring"
"M97935_s_at"	"5924"	"SIGNAL TRANSDUCER AND ACTIVATOR OF TRANSCRIPTION 1-ALPHA/BETA"
"L00022_s_at"	"5930"	"IG EPSILON CHAIN C REGION"
"S71043_rna1_s_at"	"5931"	"Ig alpha 2=immunoglobulin A heavy chain allotype 2 {constant region, germ line} [human, peripheral blood neutrophils, Genomic, 1799 nt]"
"M87789_s_at"	"5932"	"(hybridoma H210) anti-hepatitis A IgG variable region, constant region, complementarity-determining regions mRNA"
"J00268_s_at"	"5933"	"INS Insulin"
"V00594_at"	"5934"	"Metallothionein isoform 2"
"V00594_s_at"	"5935"	"Metallothionein isoform 2"
"J02621_s_at"	"5939"	"Non-histone chromosomal protein HMG-14 mRNA"
"J02683_s_at"	"5940"	"ANT2 Adenine nucleotide translocator 2 (fibroblast)"
"X05130_s_at"	"5942"	"P4HB Procollagen-proline, 2-oxoglutarate 4-dioxygenase (proline 4-hydroxylase), beta polypeptide (protein disulfide isomerase; thyroid hormone binding protein p55)"
"M29610_s_at"	"5950"	"GYPE Glycophorin E"
"U05255_s_at"	"5952"	"GLYCOPHORIN B PRECURSOR"
"Y00339_s_at"	"5954"	"CA2 Carbonic anhydrase II"
"U50327_s_at"	"5955"	"Protein kinase C substrate 80K-H gene (PRKCSH)"
"J03077_s_at"	"5956"	"PSAP Sulfated glycoprotein 1"
"U07806_s_at"	"5959"	"TOP1 DNA topoisomerase I"
"J03263_s_at"	"5960"	"LAMP1 Lysosome-associated membrane protein 1"
"Y00285_s_at"	"5965"	"IGF2R Insulin-like growth factor 2 receptor"
"M26004_s_at"	"5966"	"CR2 Complement component (3d/Epstein Barr virus) receptor 2"
"M31551_s_at"	"5970"	"PAI2 Plasminogen activator inhibitor, type II (arginine-serpin)"
"X57579_s_at"	"5972"	"GB DEF = Activin beta-A subunit (exon 2)"
"U01691_s_at"	"5973"	"Annexin V (ANX5) gene, 5'-untranslated region"
"M21119_s_at"	"5976"	"LYZ Lysozyme"
"J03805_s_at"	"5979"	"Phosphatase 2A mRNA, partial cds"
"M96233_s_at"	"5980"	"GSTM4 Glutathione S-transferase M4"
"J05253_s_at"	"5982"	"INTERPHOTORECEPTOR RETINOID-BINDING PROTEIN PRECURSOR"
"J04029_s_at"	"5984"	"Keratin 10 type I intermediate filament (KRT10) mRNA"
"J04046_s_at"	"5985"	"CALMODULIN"
"M69203_s_at"	"5986"	"SCYA4 Small inducible cytokine A4 (homologous to mouse Mip-1b)"
"J04130_s_at"	"5987"	"SCYA4 Small inducible cytokine A4 (homologous to mouse Mip-1b)"
"M61827_rna1_s_at"	"5989"	"Leukosialin (CD43) gene"
"X14684_s_at"	"5990"	"SSB Sjogren syndrome antigen B (autoantigen La)"
"J04430_s_at"	"5991"	"ACP5 Acid phosphatase 5, tartrate resistant"
"U75272_s_at"	"5992"	"PGC Gastricsin (pepsinogen C)"
"X52979_rna1_s_at"	"5995"	"SmB protein gene extracted from Human gene for small nuclear ribonucleoproteins SmB and SmB'"
"S40719_s_at"	"5996"	"GFAP Glial fibrillary acidic protein"
"X03689_s_at"	"5998"	"GB DEF = mRNA fragment for elongation factor TU (N-terminus)"
"J05016_rna1_s_at"	"6000"	"(clone pA3) protein disulfide isomerase related protein (ERp72) mRNA"
"J05036_s_at"	"6001"	"CTSE Cathepsin E"
"M32304_s_at"	"6005"	"TIMP2 Tissue inhibitor of metalloproteinase 2"
"M34996_s_at"	"6007"	"MHC cell surface glycoprotein (HLA-DQA) mRNA, 3'end"
"K01160_s_at"	"6008"	"HLA-DQA1 MHC class II DQ alpha"
"K02777_s_at"	"6012"	"GB DEF = T-cell receptor active alpha-chain mRNA from Jurkat cell line"
"L00634_s_at"	"6021"	"FNTA Farnesyltransferase, CAAX box, alpha"
"L03411_s_at"	"6023"	"RD Radin blood group"
"U09851_s_at"	"6025"	"ZNF148 Zinc finger protein 148 (pHZ-52)"
"L05072_s_at"	"6027"	"IRF1 Interferon regulatory factor 1"
"M26665_s_at"	"6030"	"HISTATIN 3 PRECURSOR"
"L05624_s_at"	"6031"	"DUAL SPECIFICITY MITOGEN-ACTIVATED PROTEIN KINASE KINASE 1"
"S57212_s_at"	"6040"	"MEF2C MADS box transcription enhancer factor 2, polypeptide C (myocyte enhancer factor 2C)"
"L09209_s_at"	"6041"	"APLP2 Amyloid beta (A4) precursor-like protein 2"
"X70940_s_at"	"6044"	"EEF1A2 Eukaryotic translation elongation factor 1 alpha 2"
"U89922_s_at"	"6049"	"LTB Lymphotoxin-beta"
"L12711_s_at"	"6058"	"TKT Transketolase (Wernicke-Korsakoff syndrome)"
"L13939_s_at"	"6061"	"Beta adaptin protein mRNA"
"X67235_s_at"	"6067"	"PRHX Proline-rich homeodomain-containing transcription factor (symbol provisional)"
"U33838_s_at"	"6071"	"GB DEF = NF-kappa-B p65delta3 mRNA, spliced transcript lacking exons 6 and 7, partial cds"
"Z22951_rna1_s_at"	"6072"	"Of p65 gene encoding p65 subunit of transcription factor NF-kappaB"
"L19493_s_at"	"6075"	"FRAGILE X MENTAL RETARDATION 1 PROTEIN"
"U11875_s_at"	"6076"	"GB DEF = Interleukin-8 receptor type B (IL8RB) mRNA, splice variant IL8RB4, partial cds"
"X64624_s_at"	"6077"	"HOMEOBOX/POU DOMAIN PROTEIN RDC-1"
"U59632_s_at"	"6079"	"Cell division control related protein (hCDCrel-1) mRNA"
"L23333_s_at"	"6087"	"GB DEF = Corticotropin releasing factor receptor mRNA"
"M27394_s_at"	"6088"	"GB DEF = B-lymphocyte cell-surface antigen B1 (CD20)"
"M60974_s_at"	"6089"	"DDIT1 DNA-damage-inducible transcript 1"
"L24774_s_at"	"6090"	"DCI Dodecenoyl-Coenzyme A delta isomerase (3,2 trans-enoyl-Coenzyme A isomerase)"
"L25931_s_at"	"6094"	"LBR Lamin B receptor"
"S69265_s_at"	"6096"	"Neuron-specific RNA recognition motifs (RRMs)-containing protein [human, hippocampus, mRNA, 1992 nt]"
"M96995_s_at"	"6103"	"GRB2 Growth factor receptor-bound protein 2"
"S77893_s_at"	"6104"	"GB DEF = GPSAT=glycophorin SAT [human, peripheral bloods, mRNA Partial, 407 nt]"
"L32831_s_at"	"6105"	"PROBABLE G PROTEIN-COUPLED RECEPTOR GPR3"
"S75578_s_at"	"6106"	"GB DEF = 4-aminobutyrate aminotransferase [human, neuroblastoma BE cells, mRNA Partial, 1352 nt]"
"U80226_s_at"	"6107"	"GB DEF = Gamma-aminobutyric acid transaminase mRNA, partial cds"
"L35249_s_at"	"6110"	"ATP6B2 ATPase, H+ transporting, lysosomal (vacuolar proton pump), beta polypeptide, 56/58kD, isoform 2"
"L46720_s_at"	"6112"	"Phosphodiesterase I alpha"
"X95097_rna1_s_at"	"6114"	"VIP2 receptor"
"L37360_s_at"	"6119"	"GB DEF = (clone hEHK1-L) EHK1 receptor tyrosine kinase ligand (EFL-2) mRNA"
"M34458_rna1_s_at"	"6120"	"Lamin B gene extracted from Human lamin B mRNA"
"L38490_s_at"	"6122"	"ARF4L ADP-ribosylation factor 4-like"
"U32986_s_at"	"6124"	"DDB1 Damage-specific DNA binding protein 1 (127 kD)"
"L40386_s_at"	"6126"	"DP2 (Humdp2) mRNA"
"U61734_s_at"	"6127"	"(clone S31i125) mRNA, 3' end of cds"
"U43185_s_at"	"6128"	"STAT5A Signal transducer and activator of transcription 5A"
"M97347_s_at"	"6129"	"GCNT1 Glucosaminyl (N-acetyl) transferase 1, core 2 (beta-1,6-N-acetylglucosaminyltransferase)"
"L42374_s_at"	"6131"	"PP2A B56-beta mRNA"
"L43575_s_at"	"6132"	"(clone EST02946) mRNA"
"L43579_s_at"	"6134"	"GB DEF = Clone 110298 map Xq28, mRNA sequence"
"L44140_cds4_s_at"	"6135"	"DNL1L gene extracted from Homo sapiens chromosome X region from filamin (FLN) gene to glucose-6-phosphate dehydrogenase (G6PD) gene's"
"L47276_s_at"	"6140"	"GB DEF = (cell line HL-60) alpha topoisomerase truncated-form mRNA, 3'UTR"
"Y08765_s_at"	"6141"	"ZFM1 protein alternatively spliced product"
"Y08766_s_at"	"6142"	"GB DEF = Splicing factor, SF1-Bo isoform"
"X62891_s_at"	"6158"	"Mutant coseg gene for vasopressin-neurophysin precursor"
"X05855_s_at"	"6161"	"EEF1G Translation elongation factor 1 gamma"
"X07438_s_at"	"6162"	"GB DEF = DNA for cellular retinol binding protein (CRBP) exons 3 and 4"
"X02875_s_at"	"6164"	"OIAS (2'-5') oligoadenylate synthetase"
"M12959_s_at"	"6167"	"TCRA T cell receptor alpha-chain"
"M13560_s_at"	"6168"	"PROBABLE PROTEIN DISULFIDE ISOMERASE ER-60 PRECURSOR"
"M13690_s_at"	"6169"	"C1NH Complement component 1 inhibitor (angioedema, hereditary)"
"M13829_s_at"	"6171"	"PKS PROTO-ONCOGENE SERINE/THREONINE-PROTEIN KINASE"
"M34353_s_at"	"6172"	"ROS1 Transmembrane tyrosine-specific protein kinase ROS1"
"M13994_s_at"	"6176"	"BCL2 B-cell CLL/lymphoma 2"
"M60891_s_at"	"6177"	"GB DEF = Uroporphyrinogen decarboxylase (URO-D) gene, partial cds"
"M14328_s_at"	"6179"	"ENO1 Enolase 1, (alpha)"
"M16336_s_at"	"6180"	"CD2 CD2 antigen (p50), sheep red blood cell receptor"
"X04602_s_at"	"6182"	"IL6 Interleukin 6 (B cell stimulatory factor 2)"
"Y00081_s_at"	"6183"	"IL6 Interleukin 6 (B cell stimulatory factor 2)"
"X64072_s_at"	"6185"	"SELL Leukocyte adhesion protein beta subunit"
"M36429_s_at"	"6190"	"Transducin beta-2 subunit mRNA"
"M16591_s_at"	"6191"	"HCK Hemopoietic cell kinase"
"M16652_at"	"6192"	"ELA1 Elastase 1, pancreatic (elastase IIA)"
"M16707_rna1_s_at"	"6195"	"Histone H4 gene, clone FO108"
"M16750_s_at"	"6196"	"PIM1 Pim-1 oncogene"
"M16938_s_at"	"6197"	"Homeo box c8 protein, mRNA"
"M28130_rna1_s_at"	"6200"	"Interleukin 8 (IL8) gene"
"Y00787_s_at"	"6201"	"INTERLEUKIN-8 PRECURSOR"
"M17236_at"	"6202"	"HLA CLASS II HISTOCOMPATIBILITY ANTIGEN, DQ(2) ALPHA CHAIN PRECURSOR"
"M17254_s_at"	"6205"	"TRANSFORMING PROTEIN ERG"
"Y00414_s_at"	"6206"	"TH Tyrosine hydroxylase"
"M18255_cds2_s_at"	"6207"	"PRKACB gene (protein kinase C-beta-2) extracted from Human protein kinase C beta 1 and 2 genes, next to last"
"M19508_xpt3_s_at"	"6215"	"MPO from  Human myeloperoxidase gene, exons 1-4./ntype=DNA /annot=exon"
"M27783_s_at"	"6218"	"ELA2 Elastatse 2, neutrophil"
"M20203_s_at"	"6219"	"GB DEF = Neutrophil elastase gene, exon 5"
"M26311_s_at"	"6224"	"GB DEF = Cystic fibrosis antigen mRNA"
"M84371_rna1_s_at"	"6225"	"CD19 gene"
"M26692_s_at"	"6228"	"GB DEF = Lymphocyte-specific protein tyrosine kinase (LCK) gene, exon 1, and downstream promoter region"
"M26730_s_at"	"6233"	"GB DEF = Mitochondrial ubiquinone-binding protein (QP) gene, exon 4"
"M22348_s_at"	"6234"	"UQCRB Ubiquinol-cytochrome c reductase binding protein"
"M23323_s_at"	"6236"	"T-CELL SURFACE GLYCOPROTEIN CD3 EPSILON CHAIN PRECURSOR"
"Z68228_s_at"	"6237"	"JUP Junction plakoglobin"
"X95325_s_at"	"6239"	"DNA-BINDING PROTEIN A"
"M24485_s_at"	"6242"	"SAT Spermidine/spermine N1-acetyltransferase"
"M54915_s_at"	"6247"	"PIM1 Pim-1 oncogene"
"U16799_s_at"	"6250"	"Na,K-ATPase beta-1 subunit mRNA"
"M31776_s_at"	"6251"	"BRAIN NATRIURETIC PEPTIDE PRECURSOR"
"M26041_s_at"	"6253"	"HLA-DQA1 MHC class II DQ alpha"
"Z80345_rna1_s_at"	"6254"	"SCAD gene, exon 1 and joining features"
"M27504_s_at"	"6257"	"GB DEF = Topoisomerase type II (Topo II) mRNA, partial cds"
"X60003_s_at"	"6259"	"CAMP-RESPONSE ELEMENT BINDING PROTEIN"
"S72493_s_at"	"6261"	"KERATIN, TYPE I CYTOSKELETAL 17"
"M29277_at"	"6262"	"CELL SURFACE GLYCOPROTEIN MUC18 PRECURSOR"
"M29277_s_at"	"6263"	"CELL SURFACE GLYCOPROTEIN MUC18 PRECURSOR"
"M28882_s_at"	"6264"	"CELL SURFACE GLYCOPROTEIN MUC18 PRECURSOR"
"U20734_s_at"	"6265"	"JUNB Jun B proto-oncogene"
"Z47055_s_at"	"6268"	"GB DEF = Partial cDNA sequence, farnesyl pyrophosphate synthetase like-4"
"M29932_s_at"	"6269"	"ADRB3 Adrenergic, beta-3-, receptor"
"M29994_s_at"	"6270"	"GB DEF = Alpha-I spectrin gene, exon 12"
"M33493_s_at"	"6271"	"Tryptase-III mRNA, 3' end"
"M30448_s_at"	"6274"	"GB DEF = Casein kinase II beta subunit mRNA"
"M30703_s_at"	"6277"	"Amphiregulin (AR) gene"
"M74587_rna1_s_at"	"6278"	"Insulin-like growth factor binding protein (hIGFBP1) gene"
"X97748_s_at"	"6279"	"GB DEF = PTX3 gene promotor region"
"M31169_s_at"	"6280"	"GB DEF = Propionyl-CoA carboxylase beta-subunit (beta-PCC) gene, partial cds (mutant delta-ATC)"
"M31211_s_at"	"6281"	"MYL1 Myosin light chain (alkali)"
"U05681_s_at"	"6285"	"Proto-oncogene BCL3 gene"
"M32879_at"	"6291"	"CYP11B1 Cytochrome P450 11 beta"
"M32879_s_at"	"6292"	"CYP11B1 Cytochrome P450 11 beta"
"M58286_s_at"	"6293"	"TNFR1 Tumor necrosis factor receptor 1 (55kD)"
"M34338_s_at"	"6295"	"SRM Spermidine synthase"
"S37730_s_at"	"6299"	"GB DEF = Insulin-like growth factor binding protein-2 [human, placenta, Genomic, 1342 nt, segment 4 of 4]"
"U50648_s_at"	"6300"	"Interferon-inducible RNA-dependent protein kinase (Pkr) gene"
"X13955_s_at"	"6302"	"MYL4 Myosin, light polypeptide 4, alkali; atrial, embryonic"
"M36284_s_at"	"6303"	"GYPC Glycophorin C (Gerbich blood group)"
"M36542_s_at"	"6304"	"POU2F2 POU domain, class 2, transcription factor 2"
"X13810_s_at"	"6305"	"POU2F2 POU domain, class 2, transcription factor 2"
"M57731_s_at"	"6308"	"GRO2 GRO2 oncogene"
"X53800_s_at"	"6309"	"GRO3 GRO3 oncogene"
"M37238_s_at"	"6310"	"PLCG2 Phospholipase C, gamma 2 (phosphatidylinositol-specific)"
"M37457_at"	"6311"	"Na+,K+ -ATPase catalytic subunit alpha-III isoform gene"
"M38449_s_at"	"6314"	"Transforming growth factor-beta mRNA, clone pTGF-beta-trp114"
"M86933_s_at"	"6317"	"AMELY Amelogenin (chromosome Y encoded)"
"M55513_s_at"	"6318"	"KCNA5 Potassium voltage-gated channel, shaker-related subfamily, member 5"
"M57466_s_at"	"6323"	"MHC class II HLA-DP light chain mRNA"
"U16720_rna1_s_at"	"6324"	"Interleukin 10 (IL10) gene"
"X13461_s_at"	"6327"	"CALMODULIN-RELATED PROTEIN NB-1"
"M58525_s_at"	"6328"	"COMT Catechol-O-methyltransferase"
"X52282_s_at"	"6330"	"GB DEF = Atrial natriuretic peptide clearance receptor (ANP-C receptor)"
"M60284_s_at"	"6331"	"GB DEF = Neurokinin A receptor (NK-2R) gene, exon 5"
"M60483_rna1_s_at"	"6332"	"Protein phosphatase-2A catalytic subunit-alpha gene extracted from Human protein phosphatase 2A catalytic subunit-alpha gene"
"X69950_s_at"	"6333"	"WT1 Wilms tumor 1"
"M60784_s_at"	"6334"	"U1 SMALL NUCLEAR RIBONUCLEOPROTEIN A"
"M61826_s_at"	"6336"	"SPECTRIN ALPHA CHAIN"
"M61832_s_at"	"6337"	"AHCY S-adenosylhomocysteine hydrolase"
"M62403_s_at"	"6340"	"IGFBP4 Insulin-like growth factor-binding protein 4"
"M62628_s_at"	"6342"	"GB DEF = Alpha-1 Ig germline C-region membrane-coding region, 3' end"
"M63438_s_at"	"6345"	"GLUL Glutamate-ammonia ligase (glutamine synthase)"
"M92843_s_at"	"6346"	"ZFP36 Zinc finger protein homologous to Zfp-36 in mouse"
"M63838_s_at"	"6347"	"Interferon-gamma induced protein (IFI 16) gene"
"Z26491_s_at"	"6352"	"COMT Catechol-O-methyltransferase"
"M72885_rna1_s_at"	"6355"	"G0S2 gene extracted from Human GOS2 gene, 5' flank and cds"
"X63131_s_at"	"6358"	"PML Probable transcription factor PML {alternative products}"
"M74715_s_at"	"6359"	"IDUA Iduronidase, alpha-L-"
"U04285_s_at"	"6360"	"LIPA Lipase A, lysosomal acid, cholesterol esterase"
"Z31690_s_at"	"6361"	"LIPA Lipase A, lysosomal acid, cholesterol esterase"
"M75715_s_at"	"6362"	"EUKARYOTIC PEPTIDE CHAIN RELEASE FACTOR SUBUNIT 1"
"M77348_rna1_s_at"	"6365"	"Pmel 17 mRNA"
"X90824_s_at"	"6366"	"USF2a & USF2b, clone P2"
"M80397_s_at"	"6368"	"POLD1 Polymerase (DNA directed), delta 1, catalytic subunit (125kD)"
"X62083_s_at"	"6369"	"RING3 PROTEIN"
"M81181_s_at"	"6370"	"ATP1B2 ATPase, Na+/K+ transporting, beta 2 polypeptide"
"M81695_s_at"	"6373"	"ITGAX Integrin, alpha X (antigen CD11C (p150), alpha polypeptide)"
"M83652_s_at"	"6376"	"PFC Properdin P factor, complement"
"X62534_s_at"	"6377"	"HMG2 High-mobility group (nonhistone chromosomal) protein 2"
"M83667_rna1_s_at"	"6378"	"NF-IL6-beta protein mRNA"
"S54005_s_at"	"6388"	"THYMOSIN BETA-10"
"S57132_s_at"	"6391"	"COL16A1 Alpha-1 type XVI collagen"
"X75091_s_at"	"6394"	"SET PROTEIN"
"M94172_s_at"	"6395"	"N-type calcium channel alpha-1 subunit mRNA"
"Y10141_s_at"	"6396"	"GB DEF = DAT1 gene, partial, VNTR"
"X68985_s_at"	"6398"	"HLF Hepatic leukemia factor"
"M97796_s_at"	"6401"	"ID2 Inhibitor of DNA binding 2, dominant negative helix-loop-helix protein"
"X59303_s_at"	"6404"	"VALYL-TRNA SYNTHETASE"
"M98399_s_at"	"6405"	"CD36 CD36 antigen (collagen type I receptor, thrombospondin receptor)"
"X66142_s_at"	"6409"	"PDE6B Phosphodiesterase 6B, cGMP-specific, rod, beta"
"X57809_s_at"	"6411"	"IGL@ Immunoglobulin lambda light chain"
"X65784_s_at"	"6414"	"Cellular adhesion regulatory molecule [human, mRNA, 429 nt]"
"S56151_s_at"	"6415"	"HMFG"
"S69272_s_at"	"6422"	"Cytoplasmic antiproteinase"
"X51362_s_at"	"6424"	"DRD2 Dopamine D2 receptor"
"S72024_s_at"	"6425"	"EIF5A Eukaryotic translation initiation factor 5A"
"S72503_s_at"	"6426"	"HRK1"
"S73885_s_at"	"6428"	"TFAP4 Transcription factor AP-4 (activating enhancer-binding protein 4))"
"U31929_s_at"	"6429"	"DAX-1"
"U33052_s_at"	"6432"	"Lipid-activated, protein kinase PRK2 mRNA"
"S77154_s_at"	"6438"	"TINUR"
"S79219_s_at"	"6442"	"PCCA Propionyl-coA carboxylase alpha chain"
"S79873_s_at"	"6443"	"LAMP2 Lysosome-associated membrane protein 2 {alternative products}"
"S80437_s_at"	"6444"	"Fatty acid synthase {3' region} [human, breast and HepG2 cells, mRNA Partial, 2237 nt]"
"X58199_s_at"	"6445"	"GB DEF = Beta adducin"
"S81243_s_at"	"6446"	"Mitogen induced nuclear orphan receptor (MINOR) mRNA"
"S81264_s_at"	"6447"	"GB DEF = Hs-TBX2=T-box gene {T-box region} [human, fetal kidney, mRNA Partial, 283 nt]"
"S82597_rna1_s_at"	"6450"	"Description: UDP-GalNAc:polypeptide N-acetylgalactosaminyltransferase gene extracted from UDP-GalNAc:polypeptide N-acetylgalactosaminyltransferase/GalNAc-transferase {3' region, exon 11} [human, placenta, Genomic, 1902 nt]"
"S83362_s_at"	"6453"	"GB DEF = Differentiation-stimulating factor/leukemia inhibitory factor receptor {5' region, exon 1} [human, placenta, Genomic, 1350 nt]"
"U04806_s_at"	"6461"	"GB DEF = FLT3/FLK2 ligand mRNA"
"X73358_s_at"	"6462"	"HAES-1 mRNA"
"U06155_s_at"	"6464"	"GB DEF = Chromosome 1q subtelomeric sequence D1S553"
"U51010_s_at"	"6469"	"GB DEF = Nicotinamide N-methyltransferase gene, exon 1 and 5' flanking region"
"U18271_cds3_s_at"	"6472"	"Thymopoietin (TMPO) gene"
"U09178_s_at"	"6473"	"Dihydropyrimidine dehydrogenase mRNA"
"U09510_s_at"	"6474"	"GARS Glycyl-tRNA synthetase"
"U09716_s_at"	"6475"	"ERGIC-53 PROTEIN PRECURSOR"
"U09820_s_at"	"6477"	"Helicase II (RAD54L) mRNA"
"X75346_s_at"	"6487"	"MAP KINASE-ACTIVATED PROTEIN KINASE 2"
"X91911_s_at"	"6493"	"Glioma pathogenesis-related protein (GliPR) mRNA"
"X84213_s_at"	"6496"	"Bak protein mRNA"
"X74301_s_at"	"6497"	"MHC CLASS II TRANSACTIVATOR CIITA"
"U19252_s_at"	"6500"	"GT334 protein (GT334) gene mRNA"
"U22431_s_at"	"6506"	"MOP1 mRNA"
"U22970_rna1_s_at"	"6507"	"6-16 gene (interferon-inducible peptide precursor) extracted from Human interferon-inducible peptide (6-16) gene"
"U23852_s_at"	"6510"	"GB DEF = T-lymphocyte specific protein tyrosine kinase p56lck (lck) abberant mRNA"
"U25034_s_at"	"6512"	"Neuronatin alpha mRNA"
"U26173_s_at"	"6514"	"BZIP protein NF-IL3A (IL3BP1) mRNA"
"U26266_s_at"	"6515"	"DHPS Deoxyhypusine synthase"
"U26312_s_at"	"6516"	"Heterochromatin protein HP1Hs-gamma mRNA"
"U75276_s_at"	"6523"	"TFIIB related factor hBRF (HBRF) mRNA"
"Z50115_s_at"	"6524"	"Thimet oligopeptidase (metalloproteinase)"
"U30827_s_at"	"6525"	"Splicing factor SRp40-1 (SRp40) mRNA"
"U45328_s_at"	"6527"	"UBE2I Ubiquitin-conjugating enzyme E2I (homologous to yeast UBC9)"
"U31903_s_at"	"6528"	"CREB-RP (creb-rp) mRNA"
"U41068_cds2_s_at"	"6529"	"Retinoid X receptor beta (RXRbeta) gene, partial 3' transcript, and collagen alpha2(XI) (COL11A2) gene"
"U32674_s_at"	"6530"	"GB DEF = Orphan receptor GPR9 (GPR9) gene, partial cds"
"U43203_s_at"	"6534"	"TTF1 Transcription termination factor, RNA polymerase I"
"X82850_s_at"	"6535"	"TTF1 Transcription termination factor, RNA polymerase I"
"U67092_s_at"	"6537"	"GB DEF = Ataxia-telangiectasia locus protein (ATM) gene, exons 1a, 1b, 2, 3 and 4, partial cds"
"X85116_rna1_s_at"	"6539"	"Epb72 gene exon 1"
"U33936_s_at"	"6540"	"GB DEF = Adenosine kinase mRNA"
"U35835_s_at"	"6545"	"DNA-PK mRNA, partial cds"
"U36759_s_at"	"6547"	"Pre-T cell receptor alpha-type chain precursor, mRNA"
"Z69030_s_at"	"6548"	"PPP2R4 Protein phosphatase 2A, regulatory subunit B' alpha-1"
"X85137_s_at"	"6549"	"Kinesin-related protein"
"U76366_s_at"	"6558"	"TCOF1 Treacher Collins syndrome susceptibility protein"
"U41315_rna1_s_at"	"6559"	"Ring zinc-finger protein (ZNF127-Xp) gene and 5' flanking sequence"
"U41767_s_at"	"6561"	"Metargidin precursor mRNA"
"X96506_s_at"	"6562"	"NC2 alpha subunit"
"U51333_s_at"	"6563"	"HK3 Hexokinase 3 (white cell)"
"U43189_s_at"	"6564"	"Ets transcription factors NERF-1a and NERF-1b (NERF-1a,b) mRNA"
"U43916_s_at"	"6566"	"B4B"
"U44799_s_at"	"6567"	"U1-snRNP binding protein homolog mRNA"
"U45448_s_at"	"6568"	"P2x1 receptor mRNA"
"U47686_s_at"	"6571"	"Signal transducer and activator of transcription Stat5B mRNA"
"U49020_cds2_s_at"	"6573"	"MEF2A gene (myocyte-specific enhancer factor 2A, C9 form) extracted from Human myocyte-specific enhancer factor 2A (MEF2A) gene, first coding"
"Z49148_s_at"	"6574"	"Enhancer of rudimentary homolog mRNA"
"U49835_s_at"	"6575"	"CHIT1 Chitinase 1"
"U52077_s_at"	"6579"	"GB DEF = Mariner1 transposase gene, complete consensus sequence"
"U52696_s_at"	"6582"	"GB DEF = Adrenal Creb-rp homolog (Creb-rp), and tenascin-X (XB), partial cds, mRNA"
"Z54367_s_at"	"6584"	"GB DEF = Plectin"
"U54644_s_at"	"6585"	"TUB Tubby (mouse) homolog"
"U66711_rna1_s_at"	"6586"	"Ly-6-related protein (9804) gene"
"U57971_s_at"	"6590"	"Calcium ATPase isoform 3x/a mRNA"
"U59831_rna1_s_at"	"6592"	"Transcription factor, forkhead related activator 4 (FREAC-4) gene"
"U69140_s_at"	"6593"	"RPS26 Ribosomal protein S26"
"U61276_s_at"	"6595"	"Transmembrane protein Jagged 1 (HJ1) mRNA"
"U67122_s_at"	"6596"	"Ubiquitin-homology domain protein PIC1 mRNA"
"U61397_s_at"	"6598"	"Ubiquitin-homology domain protein PIC1 mRNA"
"U79261_s_at"	"6599"	"Clone 23959 mRNA, partial cds"
"X56687_s_at"	"6605"	"Ribosomal RNA upstream binding transcription factor (UBTF) gene, partial cds"
"X00437_s_at"	"6606"	"TCRB T-cell receptor, beta cluster"
"U70064_s_at"	"6611"	"Lysosomal trafficking regulator (LYST) mRNA, partial cds"
"Z48501_s_at"	"6613"	"GB DEF = Polyadenylate binding protein II"
"U69126_s_at"	"6616"	"FUSE binding protein 2 (FBP2) mRNA, partial cds"
"U70439_s_at"	"6618"	"PHAPI2b protein"
"U72509_s_at"	"6621"	"GB DEF = Alternatively spliced B8 (B7) mRNA, partial sequence"
"U72936_s_at"	"6623"	"X-LINKED HELICASE II"
"U73477_s_at"	"6625"	"HLA-DR ASSOCIATED PROTEIN I"
"Y09392_s_at"	"6626"	"WSL-LR, WSL-S1 and WSL-S2 proteins"
"U79528_s_at"	"6627"	"Sigma receptor mRNA"
"U76764_s_at"	"6629"	"CD97 CD97 antigen (leucocyte antigen)"
"U82108_s_at"	"6635"	"SIP-1 mRNA"
"U83598_at"	"6639"	"Death domain receptor 3 soluble form (DDR3) mRNA, partial cds"
"U86759_s_at"	"6641"	"GB DEF = Netrin-2 like protein (NTN2l) mRNA"
"U90543_s_at"	"6643"	"Butyrophilin (BTF1) mRNA"
"U90552_s_at"	"6645"	"Butyrophilin (BTF5) mRNA"
"X12530_s_at"	"6657"	"CD20 RECEPTOR"
"X65965_s_at"	"6659"	"GB DEF = SOD-2 gene for manganese superoxide dismutase"
"X15729_s_at"	"6665"	"P68 PROTEIN"
"X70944_s_at"	"6669"	"PTB-ASSOCIATED SPLICING FACTOR"
"X53296_s_at"	"6672"	"IL1RN Interleukin 1 receptor antagonist"
"X61755_rna1_s_at"	"6673"	"HOX3D gene for homeoprotein HOX3D"
"X53390_s_at"	"6674"	"NUCLEOLAR TRANSCRIPTION FACTOR 1"
"X55037_s_at"	"6675"	"GATA3 GATA-binding protein 3"
"Y00451_s_at"	"6676"	"ALAS1 Aminolevulinate, delta-, synthase 1"
"X58431_rna2_s_at"	"6677"	"HOX 2.2 gene extracted from Human Hox2.2 gene for a homeobox protein"
"X59932_s_at"	"6678"	"CSK C-src tyrosine kinase"
"X74874_rna1_s_at"	"6681"	"RNA polymerase II largest subunit gene extracted from H.sapiens gene for RNA pol II largest subunit, exon 1"
"X83492_at"	"6682"	"GB DEF = Fas/Apo-1 (clone pCRTM11-Fasdelta(4,7))"
"X89101_s_at"	"6685"	"GB DEF = Fas (Apo-1, CD95)"
"X66276_s_at"	"6688"	"MYBPC1 Myosin-binding protein C, slow-type"
"Z25521_s_at"	"6692"	"GB DEF = Integrin associated protein mRNA,"
"X76223_s_at"	"6696"	"GB DEF = MAL gene exon 4"
"X79200_at"	"6698"	"GB DEF = SYT-SSX, synovial sarcoma translocation junction"
"X97267_rna1_s_at"	"6702"	"LPAP gene"
"X82206_s_at"	"6704"	"ALPHA-CENTRACTIN"
"Z49825_s_at"	"6709"	"HEPATOCYTE NUCLEAR FACTOR 4"
"Z69043_s_at"	"6710"	"mRNA translocon-associated protein delta subunit precursor"
"X90846_at"	"6711"	"MST1 Macrophage stimulating 1 (hepatocyte growth factor-like)"
"X98534_s_at"	"6716"	"VASP gene, exons 4 to 13"
"Z11899_s_at"	"6720"	"POU5F1 Octamer binding protein 3"
"Z35402_rna1_s_at"	"6721"	"Gene encoding E-cadherin, exon 3 and joined CDS"
"AF000424_s_at"	"6723"	"LST1 mRNA, cLST1/E splice variant"
"U46006_s_at"	"6725"	"GB DEF = Smooth muscle LIM protein (h-SmLIM) mRNA"
"HG3546-HT3744_s_at"	"6726"	"Pre-Mrna Splicing Factor Sf2p33, Alt. Splice Form 1"
"K02882_cds1_s_at"	"6728"	"IGHD gene (immunoglobulin delta-chain) extracted from Human germline IgD chain gene, C-region, C-delta-1 domain"
"M36430_s_at"	"6729"	"GNB1 Guanine nucleotide binding protein (G protein), beta polypeptide 1"
"M95936_s_at"	"6730"	"AKT2 V-akt murine thymoma viral oncogene homolog 2"
"S82297_at"	"6731"	"BETA-2-MICROGLOBULIN PRECURSOR"
"X89399_s_at"	"6732"	"Ins(1,3,4,5)P4-binding protein"
"M21305_at"	"6734"	"GB DEF = Alpha satellite and satellite 3 junction DNA sequence"
"HG2147-HT2217_r_at"	"6740"	"Mucin 3, Intestinal (Gb:M55405)"
"HG2239-HT2324_r_at"	"6744"	"Potassium Channel Protein (Gb:Z11585)"
"HG3033-HT3194_r_at"	"6747"	"Spliceosomal Protein Sap 62"
"HG3565-HT3768_r_at"	"6750"	"Zinc Finger Protein (Gb:M88357)"
"HG4557-HT4962_at"	"6758"	"Small Nuclear Ribonucleoprotein U1, 1snrp"
"HG4557-HT4962_r_at"	"6759"	"Small Nuclear Ribonucleoprotein U1, 1snrp"
"L11672_at"	"6760"	"ZNF91 Zinc finger protein 91 (HPF7, HTF10)"
"L11672_r_at"	"6761"	"ZNF91 Zinc finger protein 91 (HPF7, HTF10)"
"M21388_r_at"	"6763"	"GB DEF = Unproductively rearranged Ig mu-chain mRNA V-region (VD), 5' end, clone mu-3A1A"
"M55422_at"	"6764"	"Krueppel-related zinc finger protein (H-plk) mRNA"
"U57341_at"	"6766"	"GB DEF = Neurofilament triplet L protein mRNA, partial cds"
"U90546_at"	"6768"	"Butyrophilin (BTF4) mRNA"
"X87344_cds10_at"	"6770"	"DMA gene extracted from H.sapiens DMA, DMB, HLA-Z1, IPP2, LMP2, TAP1, LMP7, TAP2, DOB, DQB2 and RING8, 9, 13 and 14 genes"
"X87344_cds10_r_at"	"6771"	"DMA gene extracted from H.sapiens DMA, DMB, HLA-Z1, IPP2, LMP2, TAP1, LMP7, TAP2, DOB, DQB2 and RING8, 9, 13 and 14 genes"
"X94563_xpt2_r_at"	"6781"	"Exon 1b; used only in type 2 transcripts from  H.sapiens dbi/acbp gene exon 1 & 2./ntype=DNA /annot=exon"
"Z46632_r_at"	"6783"	"PDE4C Phosphodiesterase 4C, cAMP-specific (dunce (Drosophila)-homolog phosphodiesterase E1)"
"AF001359_f_at"	"6784"	"GB DEF = DNA mismatch repair protein (hMLH1) mRNA, alternatively spliced, partial cds"
"HG2148-HT2218_f_at"	"6786"	"Mucin 3, Intestinal (Gb:M55406)"
"HG3236-HT3413_f_at"	"6788"	"Neurofibromatosis 2 Tumor Suppressor (Gb:L27065)"
"HG3576-HT3779_f_at"	"6789"	"Major Histocompatibility Complex, Class Ii Beta W52"
"HG3597-HT3800_f_at"	"6790"	"Major Histocompatibility Complex, Class I (Gb:X12432)"
"HG3921-HT4191_f_at"	"6793"	"Homeotic Protein C6, Class I"
"HG688-HT688_f_at"	"6795"	"Major Histocompatibility Complex, Class Ii, Dr Beta 2 (Gb:X65561)"
"J02982_f_at"	"6796"	"GYPB Glycophorin B"
"J03801_f_at"	"6797"	"LYZ Lysozyme"
"M19045_f_at"	"6803"	"LYZ Lysozyme"
"X14008_rna1_f_at"	"6806"	"Lysozyme gene (EC 3.2.1.17)"
"X59244_f_at"	"6807"	"ZNF43 Zinc finger protein 43 (HTF6)"
"D17793_at"	"6810"	"DDH1 Dihydrodiol dehydrogenase"
"D38024_at"	"6811"	"GB DEF = Facioscapulohumeral muscular dystrophy (FSHD) gene region, D4Z4 tandem repeat unit"
"D49728_at"	"6812"	"NAK1 mRNA for DNA binding protein"
"HG1980-HT2023_at"	"6815"	"Tubulin, Beta 2"
"HG3636-HT3846_at"	"6822"	"Myosin, Heavy Polypeptide 9, Non-Muscle"
"HG4322-HT4592_at"	"6826"	"Tubulin, Beta"
"HG4593-HT4998_at"	"6827"	"Sodium Channel 1"
"HG881-HT881_at"	"6829"	"Mucin 6, Gastric (Gb:L07518)"
"L05187_at"	"6837"	"GB DEF = Small proline-rich protein 1 (SPRR1A) gene"
"L08010_at"	"6838"	"Regenerating protein I beta"
"L13740_at"	"6839"	"HMR Hormone receptor (growth factor-inducible nuclear protein N10)"
"M10942_at"	"6844"	"Metallothionein-Ie gene (hMT-Ie)"
"M12125_at"	"6846"	"Skeletal beta-tropomyosin"
"M13485_at"	"6847"	"Metallothionein I-B gene"
"M30838_at"	"6854"	"PULMONARY SURFACTANT-ASSOCIATED PROTEIN A PRECURSOR"
"M31523_at"	"6855"	"TCF3 Transcription factor 3 (E2A immunoglobulin enhancer binding factors E12/E47)"
"M31932_at"	"6856"	"FCGR2A Fc fragment of IgG, low affinity IIa, receptor for (CD32)"
"M32578_at"	"6857"	"HLA-DRB1 Major histocompatibility complex, class II, DR beta 1"
"M60746_at"	"6865"	"GB DEF = Histone H3.1 (H1F3) gene"
"M99439_at"	"6877"	"GB DEF = Transducin-like enhancer protein (TLE4) mRNA, 3' end"
"S72043_rna1_at"	"6879"	"GIF=growth inhibitory factor [human, brain, Genomic, 2015 nt]"
"U01317_cds4_at"	"6884"	"Delta-globin gene extracted from Human beta globin region on chromosome 11"
"U03858_at"	"6886"	"FLT3LG Fms-related tyrosine kinase 3 ligand"
"U19765_at"	"6889"	"CELLULAR NUCLEIC ACID BINDING PROTEIN"
"U24685_at"	"6893"	"GB DEF = Anti-B cell autoantibody IgM heavy chain variable V-D-J region (VH4) gene, clone E11, VH4-63 non-productive rearrangement"
"U25975_at"	"6894"	"Serine kinase (hPAK65) mRNA, partial cds"
"U27460_at"	"6895"	"Uridine diphosphoglucose pyrophosphorylase mRNA"
"U28014_at"	"6896"	"ICH-2 PROTEASE PRECURSOR"
"U40279_at"	"6898"	"GB DEF = Beta-2 integrin alphaD subunit (ITGAD) gene, exons 25-30, and partial cds"
"U66061_cds3_at"	"6904"	"TRY8 gene (trypsinogen E) extracted from Human germline T-cell receptor beta chain TCRBV17S1A1T, TCRBV2S1, TCRBV10S1P, TCRBV29S1P, TCRBV19S1P, TCRBV15S1, TCRBV11S1A1T, HVB relic, TCRBV28S1P, TCRBV34S1, TCRBV14S1, TCRBV3S1, TCRBV4S1A1T, TRY4, TRY5, TRY6, TRY7, TRY8, TCRBD1, TCRBJ1S1, TCRBJ1S2, TCRBJ1S3, TCRBJ1S4, TCRBJ1S5, TCRBJ1S6, TCRBC1, TCRBD2, TCRBJ2S1, TCRBJ2S2, TCRBJ2S3, TCRBJ2S4, TCRBJ2S5, TCRBJ2S6, TCRBJ2S7, TCRBC2, TCRBV20S1A1N2 genes from bases 452324 to 684973 (section 3 of 3)"
"U76388_at"	"6906"	"Steroidogenic factor 1 mRNA"
"U84388_at"	"6910"	"Death domain containing protein CRADD mRNA"
"U92027_at"	"6911"	"Clone 61501 defective mariner transposon Hsmar2 mRNA sequence"
"X01703_at"	"6915"	"Alpha-tubulin mRNA"
"X16546_at"	"6919"	"RNS2 Ribonuclease 2 (eosinophil-derived neurotoxin; EDN)"
"X17093_at"	"6920"	"HLA CLASS I HISTOCOMPATIBILITY ANTIGEN, F ALPHA CHAIN PRECURSOR"
"X55989_rna1_at"	"6922"	"ECRP gene for eosinophil cationic related protein"
"X58399_at"	"6923"	"L2-9 transcript of unrearranged immunoglobulin V(H)5 pseudogene"
"X69115_at"	"6926"	"ZNF37A Zinc finger protein 37a (KOX 21)"
"X69654_at"	"6927"	"RPS26 Ribosomal protein S26"
"X72475_at"	"6929"	"GLUL Glutamate-ammonia ligase (glutamine synthase)"
"X87211_at"	"6931"	"GB DEF = Anion exchange protein"
"X90530_at"	"6932"	"GB DEF = RagB protein"
"X98296_at"	"6934"	"Ubiquitin hydrolase"
"Z30643_at"	"6939"	"GB DEF = Chloride channel (putative) 2139bp"
"Z30644_at"	"6940"	"GB DEF = Chloride channel (putative) 2163bp"
"Z49105_at"	"6943"	"HD21 mRNA"
"Z80783_at"	"6947"	"GB DEF = H2B/l gene"
"Z80787_at"	"6948"	"H4/j gene"
"J00314_at"	"6957"	"mRNA fragment encoding beta-tubulin. (from clone D-beta-1)"
"L08904_at"	"6960"	"H2K binding factor 2 (KBF2) mRNA"
"L35594_at"	"6964"	"Autotaxin mRNA"
"L37112_at"	"6966"	"AVPR1B Arginine vasopressin receptor 1B"
"M15395_at"	"6967"	"SELL Leukocyte adhesion protein beta subunit"
"M24069_at"	"6971"	"DNA-BINDING PROTEIN A"
"M25296_at"	"6972"	"NPPB Natriuretic peptide precursor B"
"M25667_at"	"6973"	"GAP43 Growth associated protein 43"
"U01337_at"	"6982"	"ARAF1 V-raf murine sarcoma 3611 viral oncogene homolog 1"
"U03494_at"	"6984"	"Transcription factor LSF mRNA"
"U04241_at"	"6985"	"Homolog of Drosophila enhancer of split m9/m10 mRNA"
"U09587_at"	"6986"	"GARS Glycyl-tRNA synthetase"
"U20499_at"	"6989"	"Estrogen sulfotransferase mRNA"
"U35234_at"	"6991"	"Protein tyrosine phosphatase sigma mRNA"
"U47677_at"	"6993"	"Transcription factor E2F like protein [human, mRNA, 2492 nt]"
"X06318_at"	"6999"	"PRKCB1 Protein kinase C, beta 1"
"X07730_at"	"7001"	"APS Prostate specific antigen"
"X12953_at"	"7002"	"RAB2 RAB2, member RAS oncogene family"
"X14767_at"	"7003"	"GABRB1 Gamma-aminobutyric acid (GABA) A receptor, beta 1"
"X16105_at"	"7004"	"RD Radin blood group"
"X51345_at"	"7005"	"JUNB Jun B proto-oncogene"
"X52889_at"	"7006"	"MYH7 Myosin, heavy polypeptide 7, cardiac muscle, beta"
"X53683_at"	"7007"	"SCYA4 Small inducible cytokine A4 (homologous to mouse Mip-1b)"
"X80878_at"	"7009"	"GB DEF = R kappa B mRNA"
"X95876_at"	"7011"	"GB DEF = G-protein coupled receptor"
"Y00477_at"	"7014"	"GB DEF = Bone marrow serine protease gene (medullasin) (leukocyte neutrophil elastase gene)"
"Z14978_at"	"7016"	"ALPHA-CENTRACTIN"
"M27749_at"	"7019"	"GB DEF = Immunoglobulin-related 14.1 protein mRNA"
"M27749_r_at"	"7020"	"GB DEF = Immunoglobulin-related 14.1 protein mRNA"
"M34516_at"	"7022"	"GB DEF = Omega light chain protein 14.1 (Ig lambda chain related) gene, exon 3"
"M34516_r_at"	"7023"	"GB DEF = Omega light chain protein 14.1 (Ig lambda chain related) gene, exon 3"
"U88898_r_at"	"7027"	"GB DEF = Endogenous retroviral H protease/integrase-derived ORF1 mRNA, and putative envelope protein mRNA, partial cds"
"D32129_f_at"	"7030"	"HLA-A MHC class I protein HLA-A (HLA-A28,-B40, -Cw3)"
"D38437_f_at"	"7031"	"PMS8 mRNA (yeast mismatch repair gene PMS1 homologue), partial cds (C-terminal region)"
"D38498_f_at"	"7032"	"PMS8 mRNA (yeast mismatch repair gene PMS1 homologue), partial cds (C-terminal region)"
"HG2915-HT3059_f_at"	"7036"	"Major Histocompatibility Complex, Class I, E (Gb:M20022)"
"HG2917-HT3061_f_at"	"7037"	"Major Histocompatibility Complex, Class I, E (Gb:M21533)"
"HG3527-HT3721_f_at"	"7038"	"Luteinizing Hormone, Beta Subunit"
"HG4490-HT4876_f_at"	"7042"	"Proline-Rich Protein Prb4, Allele"
"J00212_f_at"	"7048"	"IFNA21 Interferon, alpha 21"
"K02405_f_at"	"7050"	"HLA CLASS II HISTOCOMPATIBILITY ANTIGEN, DQ(1) BETA CHAIN PRECURSOR"
"K03183_f_at"	"7051"	"Chorionic gonadotropin beta subunit gene"
"K03189_f_at"	"7052"	"Chorionic gonadotropin (hcg) beta subunit mRNA"
"K03207_f_at"	"7055"	"PRH1 Proline-rich protein HaeIII subfamily 1"
"L00389_f_at"	"7056"	"Cytochrome P-450 4 gene"
"L02326_f_at"	"7057"	"(clone Hu lambda-17) lambda-like gene"
"L42601_f_at"	"7062"	"KERATIN, TYPE II CYTOSKELETAL 6D"
"L42611_f_at"	"7063"	"KERATIN, TYPE II CYTOSKELETAL 6D"
"L76568_xpt3_f_at"	"7064"	"S26 from  Homo sapiens excision and cross link repair protein (ERCC4) gene, complete genomic sequence./ntype=DNA /annot=exon"
"M22612_f_at"	"7066"	"PRSS1 Protease, serine, 1 (trypsin 1)"
"M33600_f_at"	"7070"	"HLA-DRB1 Major histocompatibility complex, class II, DR beta 5"
"M60750_f_at"	"7073"	"GB DEF = Histone H2B.1 (H2B) gene"
"M90356_f_at"	"7075"	"GB DEF = BTF3 protein homologue gene"
"U10690_f_at"	"7079"	"MAGE-5a antigen (MAGE5a) gene"
"X13930_f_at"	"7089"	"CYTOCHROME P450 IIA6"
"X64177_f_at"	"7091"	"Metallothionein"
"X67491_f_at"	"7092"	"GB DEF = Glutamate dehydrogenase"
"X71345_f_at"	"7093"	"PRSS3 Protease, serine, 3 (trypsin 3)"
"X97444_f_at"	"7094"	"GB DEF = Transmembrane protein Tmp21-IIex"
"Z80780_f_at"	"7095"	"GB DEF = H2B/h gene"
"X00351_f_at"	"7096"	"ACTB Actin, beta"
"X01677_f_at"	"7097"	"GAPD Glyceraldehyde-3-phosphate dehydrogenase"
"M31667_f_at"	"7098"	"CYTOCHROME P450 IA2"
"L41268_f_at"	"7099"	"Nkat2b mRNA"
"X99479_f_at"	"7100"	"Natural killer cell receptor (KIR) mRNA"
"HG658-HT658_f_at"	"7101"	"Major Histocompatibility Complex, Class I, C (Gb:X58536)"
"M94880_f_at"	"7102"	"HLA-A MHC class I protein HLA-A (HLA-A28,-B40, -Cw3)"
"S80905_f_at"	"7103"	"PRB2 locus salivary proline-rich protein mRNA, clone cP7"
"X03068_f_at"	"7104"	"HLA CLASS II HISTOCOMPATIBILITY ANTIGEN, DQ(W1.1) BETA CHAIN PRECURSOR"
"U88902_cds1_f_at"	"7107"	"Integrase gene extracted from Human endogenous retrovirus H clone g10.34 integrase and putative envelope protein genes, partial cds"
"D64015_at"	"7109"	"TIAL1 TIA1 cytotoxic granule-associated RNA-binding protein-like 1"
"L78833_cds4_at"	"7113"	"Ifp35 gene extracted from Human BRCA1, Rho7 and vatI genes, and ipf35 gene, partial cds"
"M93143_at"	"7116"	"PLGL Plasminogen-like protein"
"U29175_at"	"7119"	"Transcriptional activator hSNF2b"
"U58516_at"	"7121"	"Breast epithelial antigen BA46 mRNA"
"X06956_at"	"7123"	"TUBULIN ALPHA-4 CHAIN"
"X83863_at"	"7125"	"PTGER3 Prostaglandin E receptor 3 (subtype EP3) {alternative products}"
"Z17240_at"	"7126"	"HMG2 High-mobility group (nonhistone chromosomal) protein 2"
"M71243_f_at"	"7128"	"GB DEF = Glycophorin Sta (type A) exons 3 and 4, partial"
