"feature_id"	"A7"	"A8"	"A9"	"B7"	"B8"	"B9"
"P00918ups|CAH2_HUMAN_UPS"	"0x1.146fd7f5a79c8p+4"	"0x1.0eba9f7087435p+4"	"0x1.0bd1d1f555395p+4"	"0x1.306ce7d4e4033p+4"	"0x1.32e95bd7fcfcdp+4"	"0x1.34acd0c8c7d86p+4"
"P01008ups|ANT3_HUMAN_UPS;CON__P41361"	"0x1.3d226a0e5725ep+4"	"0x1.0ef9a44e24f0bp+4"	"0x1.0bf33a30a16e2p+4"	"0x1.3c957653b33f5p+4"	"0x1.1d6425f9c671ap+4"	"0x1.20a93bed24251p+4"
"P01127ups|PDGFB_HUMAN_UPS"	"0x1.28d8025deaa6p+4"	"0x1.226efce552c44p+4"	"0x1.2338690393294p+4"	"0x1.50c2f8cec5fb5p+4"	"0x1.50f4ec9ef4bdfp+4"	"0x1.47e4cc7073c9ap+4"
"P02144ups|MYG_HUMAN_UPS"	"0x1.0daa2655d90fcp+4"	"0x1.07f4f7400dfd9p+4"	"0x1.1632e81981a72p+4"	"0x1.31d7dd2f29342p+4"	"0x1.3577929add159p+4"	"0x1.35e17002ed13ap+4"
"P02753ups|RETBP_HUMAN_UPS"	"0x1.302f81f39a274p+4"	"0x1.264c0385d1df6p+4"	"0x1.2428bc9dba8eep+4"	"0x1.3f96f3231cd19p+4"	"0x1.370965d1c7acbp+4"	"0x1.4431ac0c8c77bp+4"
"P02787ups|TRFE_HUMAN_UPS;CON__Q2HJF0"	"0x1.403066eac887ap+4"	"0x1.2fff1eec3e9e5p+4"	"0x1.2e2c46a419ecbp+4"	"0x1.5d40e5ce19ca1p+4"	"0x1.5c6461a5aa0bfp+4"	"0x1.5b820e24e77d4p+4"
"P04040ups|CATA_HUMAN_UPS"	"0x1.09355926d07b3p+4"	"0x1.d023eb03f7327p+3"	"0x1.08e88d61b92fap+4"	"0x1.46aabf29faaecp+4"	"0x1.27d97f9be546dp+4"	"0x1.3aaf2bde4c72fp+4"
"P06732ups|KCRM_HUMAN_UPS"	"0x1.29e67e1f79228p+4"	"0x1.ee6b4edb10cadp+3"	"0x1.08c23d4fbe788p+4"	"0x1.45686ee81c1b4p+4"	"0x1.454673822a60dp+4"	"0x1.484e56a199fd3p+4"
"P08263ups|GSTA1_HUMAN_UPS"	"0x1.2585c945cfed1p+4"	"0x1.2e16a4b6c3ddcp+4"	"0x1.12375826e994ep+4"	"0x1.4964c6babd80ep+4"	"0x1.44c0aa082dc7dp+4"	"0x1.4f6c0e864e99cp+4"
"P08311ups|CATG_HUMAN_UPS"	"0x1.2a30becb9e018p+4"	"0x1.315080f6ec2b1p+4"	"0x1.2e0fa8fd4de68p+4"	"0x1.56516aafdcdd3p+4"	"0x1.4c3f09470c0bep+4"	"0x1.50fe60e56763ap+4"
"P10145ups|IL8_HUMAN_UPS"	"0x1.05c0f8d6b7a6fp+4"	"0x1.113beb3fc825ap+4"	"0x1.1f4ff6ffaef6cp+4"	"0x1.422ce41cb9a89p+4"	"0x1.3962c00a613f8p+4"	"0x1.45276dcecf0d8p+4"
"P10636-8ups|TAU_HUMAN_UPS"	"0x1.412fd554746a4p+4"	"0x1.3c5c349c68e0fp+4"	"0x1.3faefe98c6e04p+4"	"0x1.5f1c5b8df3258p+4"	"0x1.5e469170406e2p+4"	"0x1.5bb8e95d3f7dap+4"
"P51965ups|UB2E1_HUMAN_UPS"	"0x1.201834a694c8fp+4"	"0x1.0185fc8f924cp+4"	"0x1.184961a6aab2dp+4"	"0x1.6842550faa332p+4"	"0x1.2f78779dce4e4p+4"	"0x1.1473ef28d442cp+4"
"P61769ups|B2MG_HUMAN_UPS"	"0x1.210227ec4aa86p+4"	"0x1.137e61edce773p+4"	"0x1.0e02c645b436ap+4"	"0x1.3a21b8df4c3acp+4"	"0x1.3168695467bc5p+4"	"0x1.37ec7add813ecp+4"
"P62937ups|PPIA_HUMAN_UPS"	"0x1.253e5fc6ccc51p+4"	"0x1.02781c1b5d3c7p+4"	"0x1.0c3aca8377d94p+4"	"0x1.3314d0a3cb4e2p+4"	"0x1.2b6b59d093d09p+4"	"0x1.315bfdd48ae2cp+4"
"P63165ups|SUMO1_HUMAN_UPS"	"0x1.15c3ec3f08677p+4"	"0x1.088d505e4ec46p+4"	"0x1.0c9459ec03cfap+4"	"0x1.352d32343bc94p+4"	"0x1.2501b6b8f85d6p+4"	"0x1.277dfc35e47d7p+4"
"P63279ups|UBC9_HUMAN_UPS"	"0x1.09eae5201d6f2p+4"	"0x1.08012767350d7p+4"	"0x1.07dfd932e4956p+4"	"0x1.384e2e5cce791p+4"	"0x1.23802048fb854p+4"	"0x1.265f33b47f71dp+4"
"P99999ups|CYC_HUMAN_UPS;CON__P62894"	"0x1.18241c5b24c4bp+4"	"0x1.f1d2549830a2p+3"	"0x1.18dc76d2a2906p+4"	"0x1.37edc25ac3c85p+4"	"0x1.3c11d7666ef15p+4"	"0x1.3f9381bcd383ep+4"
"Q06830ups|PRDX1_HUMAN_UPS"	"0x1.2f14cc25c3e3ap+4"	"0x1.183809ec84e44p+4"	"0x1.074e0428134b2p+4"	"0x1.46bcdf6adcd15p+4"	"0x1.44a0edfd6fd83p+4"	"0x1.4d072bc9403ebp+4"
"sp|D6VTK4|STE2_YEAST"	"0x1.0f73da38d9d4bp+4"	"0x1.1a5ba4f23ddc3p+4"	"0x1.180178ff053d8p+4"	"0x1.0a45ba698c8a5p+4"	"0x1.18759c5502623p+4"	"0x1.1dd9d875d6e1ep+4"
"sp|O13516|RS9A_YEAST"	"0x1.303269f68349fp+4"	"0x1.2ff5145c5cea3p+4"	"0x1.2fde56cfda52ep+4"	"0x1.2a82849b353a2p+4"	"0x1.2f265d4885555p+4"	"0x1.2ae23f067ccd7p+4"
"sp|O13547|CCW14_YEAST"	"0x1.56cb2a67af535p+4"	"0x1.59ddd33b7bc91p+4"	"0x1.580e7c59a5b62p+4"	"0x1.55dacb5554952p+4"	"0x1.5994f90dc8fcdp+4"	"0x1.550bddfe5dbadp+4"
"sp|O13563|RPN13_YEAST"	"0x1.2bcda185972c2p+4"	"0x1.325d35dcbfbf3p+4"	"0x1.315676924e67bp+4"	"0x1.2b18940db22cap+4"	"0x1.31642b12ad7e8p+4"	"0x1.326bbdbaa2a06p+4"
"sp|O14455|RL36B_YEAST"	"0x1.9033a66a1f16ep+4"	"0x1.8c2d1b2e8927bp+4"	"0x1.8ebf1fcc56f61p+4"	"0x1.8e616a98775ffp+4"	"0x1.8b7988bfbabfp+4"	"0x1.8b8d6d13428c6p+4"
"sp|O14467|MBF1_YEAST"	"0x1.6822ec25e9006p+4"	"0x1.60e6718eda17ep+4"	"0x1.6618913c92a71p+4"	"0x1.66f626992ce95p+4"	"0x1.6100ac17e2e54p+4"	"0x1.68b0b5fa731b3p+4"
"sp|O43137|YB085_YEAST"	"0x1.ed222566edb1cp+3"	"0x1.e86314baaa155p+3"	"0x1.feba011e544d1p+3"	"0x1.f87045c75da09p+3"	"0x1.f22e27e7ddd25p+3"	"0x1.ef2e0cec6696p+3"
"sp|O74700|TIM9_YEAST"	"0x1.1542530554c71p+4"	"0x1.1c1a967c4c741p+4"	"0x1.13f244fe9df38p+4"	"0x1.1620f4f2fbeb1p+4"	"0x1.1aefbc5bf2de5p+4"	"0x1.0f12918e20cd4p+4"
"sp|P00330|ADH1_YEAST;sp|P00331|ADH2_YEAST;sp|P38113|ADH5_YEAST"	"0x1.b499bf9eaf39ep+4"	"0x1.b531194515455p+4"	"0x1.b6a613128589p+4"	"0x1.b4ce2e15a5f2ap+4"	"0x1.b2838961bac84p+4"	"0x1.b81ef8d9d0e9ep+4"
"sp|P00358|G3P2_YEAST"	"0x1.4bf4f9295cb61p+4"	"0x1.3a6e409cc062p+4"	"0x1.39f57282c3defp+4"	"0x1.49b71b67c0c66p+4"	"0x1.3852e5f5598b5p+4"	"0x1.24130c413149cp+4"
"sp|P00359|G3P3_YEAST"	"0x1.d0c2a70423bb3p+4"	"0x1.ccea252b152p+4"	"0x1.d14f40e08b49p+4"	"0x1.d2846ccbe6546p+4"	"0x1.c9634b090fe9fp+4"	"0x1.d075098a41761p+4"
"sp|P00360|G3P1_YEAST"	"0x1.3b07e5d40da6ap+4"	"0x1.3b978363f683fp+4"	"0x1.3e9022398ec2p+4"	"0x1.39f8e32b78d0bp+4"	"0x1.392f303f7ec48p+4"	"0x1.3afe1ad4cef94p+4"
"sp|P00445|SODC_YEAST"	"0x1.7bf1c87aa29a4p+4"	"0x1.7910e6d7cf7a5p+4"	"0x1.78c63ba7e0c74p+4"	"0x1.7aae9f194b6a1p+4"	"0x1.6e1bad3b0f75ap+4"	"0x1.74863cd20446ap+4"
"sp|P00498|HIS1_YEAST"	"0x1.4d2b984d9756fp+4"	"0x1.417b5ccbd390ep+4"	"0x1.4637a4d56c376p+4"	"0x1.4e0761362306dp+4"	"0x1.48df9c7d2041ap+4"	"0x1.4abba52d89997p+4"
"sp|P00549|KPYK1_YEAST"	"0x1.c6163bea7585bp+4"	"0x1.c1473d79ae42cp+4"	"0x1.c5443ace14aa6p+4"	"0x1.c41905f114bdfp+4"	"0x1.c17be8510d0e5p+4"	"0x1.c6792d57ac1ep+4"
"sp|P00560|PGK_YEAST"	"0x1.bf145139bfea4p+4"	"0x1.bb9f3aa899b48p+4"	"0x1.b9834e86bb73p+4"	"0x1.bc8c8f7e7c777p+4"	"0x1.b72c87ca31dacp+4"	"0x1.bc544f33c9481p+4"
"sp|P24031|PPA3_YEAST;sp|P00635|PPA5_YEAST;sp|P38693|PPAC_YEAST;sp|P35842|PPAB_YEAST"	"0x1.24867e0b420a6p+4"	"0x1.17d836feaa0a9p+4"	"0x1.255e9dcce785ep+4"	"0x1.2a03a2444aab3p+4"	"0x1.204cf393a38b5p+4"	"0x1.3000b2e23427p+4"
"sp|P00812|ARGI_YEAST"	"0x1.3b3d319c97672p+4"	"0x1.39938f08bff27p+4"	"0x1.3e4c559513288p+4"	"0x1.409a35a8ba59ep+4"	"0x1.373f14e3772e7p+4"	"0x1.3ee446c7a5a39p+4"
"sp|P00815|HIS2_YEAST"	"0x1.563994ac0d885p+4"	"0x1.5b3a3fd4367cbp+4"	"0x1.5918207fdb415p+4"	"0x1.55b7b4bf3337ap+4"	"0x1.5122f8cf335c9p+4"	"0x1.5a136cf6bb513p+4"
"sp|P00817|IPYR_YEAST"	"0x1.770b445e81ce3p+4"	"0x1.7d2a29514d7ebp+4"	"0x1.7f09f3febb9f1p+4"	"0x1.7af52790c8a7ap+4"	"0x1.7c09aae0d57d3p+4"	"0x1.80acc76d0575fp+4"
"sp|P00830|ATPB_YEAST"	"0x1.66295017e1ed8p+4"	"0x1.69e935350162ep+4"	"0x1.6efd292e477d3p+4"	"0x1.612bf3783270bp+4"	"0x1.6a2410b305021p+4"	"0x1.693ba62131ff4p+4"
"sp|P00890|CISY1_YEAST"	"0x1.12e9a8254a4d8p+4"	"0x1.146032e0f075p+4"	"0x1.1c9baaaa6564dp+4"	"0x1.118c911e3661fp+4"	"0x1.e63a3004c03fbp+3"	"0x1.22bbfa9846676p+4"
"sp|P00899|TRPE_YEAST"	"0x1.48499e1a52195p+4"	"0x1.442a9e77ed3b5p+4"	"0x1.4ad18d6a9cd47p+4"	"0x1.4adb113af51cdp+4"	"0x1.47506e36c6422p+4"	"0x1.4db7aa5513698p+4"
"sp|P00924|ENO1_YEAST"	"0x1.659b7c138d9f7p+4"	"0x1.61eb43f136efdp+4"	"0x1.63f5ed024a0b7p+4"	"0x1.64fbe19abebe6p+4"	"0x1.60e811c1853fdp+4"	"0x1.655c9b3dc0f12p+4"
"sp|P00925|ENO2_YEAST"	"0x1.c4747a2fab6c3p+4"	"0x1.c028776d46d9bp+4"	"0x1.c213eea5d867dp+4"	"0x1.c26b341aaa08fp+4"	"0x1.bffccc0e7984ap+4"	"0x1.c2fa8f8dd0eeep+4"
"sp|P00927|THDH_YEAST"	"0x1.4049806ba3625p+4"	"0x1.409cf443340c1p+4"	"0x1.430568c5eb8fbp+4"	"0x1.3accf73787455p+4"	"0x1.3d46fcfb7cfffp+4"	"0x1.3dfc427842c77p+4"
"sp|P00931|TRP_YEAST"	"0x1.66df63cb644bcp+4"	"0x1.632c181a1e1fbp+4"	"0x1.654c63c8f3b37p+4"	"0x1.66137af276d8dp+4"	"0x1.6425e98cbad6ap+4"	"0x1.686b77023435fp+4"
"sp|P00937|TRPG_YEAST"	"0x1.39bf17b8e568ap+4"	"0x1.34069074265dap+4"	"0x1.2c73b6b6b4383p+4"	"0x1.2e72bb9e74b8dp+4"	"0x1.2a49c57f1601p+4"	"0x1.27faef7581cb2p+4"
"sp|P00942|TPIS_YEAST"	"0x1.a19213e86cb26p+4"	"0x1.9d3992d6967cap+4"	"0x1.9cc6756c2db37p+4"	"0x1.9b6e98e356735p+4"	"0x1.9ee258deaef71p+4"	"0x1.9d9197dbaa2fbp+4"
"sp|P00950|PMG1_YEAST"	"0x1.afa11f9bacc11p+4"	"0x1.a8e62dabc130ep+4"	"0x1.a900e3089b64bp+4"	"0x1.abd10c2d4afbfp+4"	"0x1.a79691a272acep+4"	"0x1.a6e36a7929bf5p+4"
"sp|P00958|SYMC_YEAST"	"0x1.63e5e20c3be7fp+4"	"0x1.65291e7ebb476p+4"	"0x1.688429e09d3b3p+4"	"0x1.662934799cd25p+4"	"0x1.642b35040ea4cp+4"	"0x1.6b0a106342054p+4"
"sp|P01120|RAS2_YEAST"	"0x1.36ae8b8eec9f9p+4"	"0x1.35b5c5275ddc2p+4"	"0x1.3bc583ad10f92p+4"	"0x1.354a377bd06e1p+4"	"0x1.39b238bd36965p+4"	"0x1.3c1561b0593ep+4"
"sp|P01123|YPT1_YEAST"	"0x1.511ddf89a8bc7p+4"	"0x1.4f33bd1f3b89cp+4"	"0x1.5330c2354ffdbp+4"	"0x1.4fde39cafc9dfp+4"	"0x1.4f63ac0fa8061p+4"	"0x1.4fb1d9b95b55cp+4"
"sp|P02294|H2B2_YEAST;sp|P02293|H2B1_YEAST"	"0x1.83db48626fe35p+4"	"0x1.7f8c53d665d91p+4"	"0x1.80cf915221234p+4"	"0x1.862bbd5ed7284p+4"	"0x1.6b1551b7755d5p+4"	"0x1.80d19b915b06cp+4"
"sp|P02309|H4_YEAST"	"0x1.7a877766d30cfp+4"	"0x1.6cea7f58907c8p+4"	"0x1.7008dd1970145p+4"	"0x1.71cfe939bc28dp+4"	"0x1.6d24066decd4ap+4"	"0x1.7032b50f23d5ap+4"
"sp|P02400|RLA4_YEAST"	"0x1.8662c0069e925p+4"	"0x1.8846aa482f063p+4"	"0x1.88d9b5834e1ep+4"	"0x1.83615503481dep+4"	"0x1.856fd73feebc7p+4"	"0x1.876ea0d7082dap+4"
"sp|P02406|RL28_YEAST"	"0x1.841ab803f77b9p+4"	"0x1.82bdd7e4314b6p+4"	"0x1.807fcc02cae51p+4"	"0x1.82c6e8292d7a6p+4"	"0x1.8125fd23177bap+4"	"0x1.84b98cdc9c5e5p+4"
"sp|P14127|RS17B_YEAST;sp|P02407|RS17A_YEAST"	"0x1.96b7df5fc16f8p+4"	"0x1.997c2135e689fp+4"	"0x1.97954d113cb56p+4"	"0x1.93f844e888bffp+4"	"0x1.959ddc2a2e085p+4"	"0x1.9045f3cc68a73p+4"
"sp|P02557|TBB_YEAST"	"0x1.2035519bcb5cp+4"	"0x1.162ec4eb22bf2p+4"	"0x1.3ab71cc11268p+4"	"0x1.32ee6c7434a79p+4"	"0x1.20b88c5773742p+4"	"0x1.3bebb3433b432p+4"
"sp|P02829|HSP82_YEAST"	"0x1.511a1d0996213p+4"	"0x1.57e799a95967fp+4"	"0x1.58480b0b9c888p+4"	"0x1.569c29d9f05dep+4"	"0x1.5395024fbd764p+4"	"0x1.5b41de064a72ep+4"
"sp|P02992|EFTU_YEAST"	"0x1.38a16f0ae2a97p+4"	"0x1.3ef7a36efd5f1p+4"	"0x1.4199693bf1cb8p+4"	"0x1.38371761bee86p+4"	"0x1.3ffa7f4620145p+4"	"0x1.42e0b5693adc2p+4"
"sp|P02994|EF1A_YEAST"	"0x1.c4af5a1f9a0c1p+4"	"0x1.bf28370bc37d4p+4"	"0x1.c22535850c9f4p+4"	"0x1.c1ef67952157ap+4"	"0x1.be2c54cad341p+4"	"0x1.c1a7826e0d182p+4"
"sp|P03965|CARB_YEAST"	"0x1.60d96bd8932cdp+4"	"0x1.5a35338b1450dp+4"	"0x1.5b4ed47005b21p+4"	"0x1.5fc7a72fe1e38p+4"	"0x1.5abac29a41d4ap+4"	"0x1.5c02e39d2cc1ap+4"
"sp|P04037|COX4_YEAST"	"0x1.1884979b5bef4p+4"	"0x1.20bf5148e8f14p+4"	"0x1.19f077752cc0bp+4"	"0x1.13fe6ab3f391cp+4"	"0x1.1d64a73206c3bp+4"	"0x1.1a058855c6a71p+4"
"sp|P04046|PUR1_YEAST"	"0x1.3cf5a5652d9afp+4"	"0x1.3c65d4b0a1d11p+4"	"0x1.340bf5497633fp+4"	"0x1.3875105209c99p+4"	"0x1.2dddcd893f193p+4"	"0x1.439298863a35dp+4"
"sp|P04050|RPB1_YEAST"	"0x1.4554c8832499bp+4"	"0x1.444290ab81724p+4"	"0x1.4e8efe7a6b4aep+4"	"0x1.43566e211756p+4"	"0x1.4af72b83e0e37p+4"	"0x1.492c9d1a804a1p+4"
"sp|P04076|ARLY_YEAST"	"0x1.3843de6c66c5ep+4"	"0x1.3b0ac33c07e26p+4"	"0x1.3ca4683a4c3d1p+4"	"0x1.3330a91431b9p+4"	"0x1.334763ef6f72cp+4"	"0x1.39e21647bb6b2p+4"
"sp|P04147|PABP_YEAST"	"0x1.8750afe4dd007p+4"	"0x1.84974b8d4d9e8p+4"	"0x1.85942fdbad5d2p+4"	"0x1.83b3cfc8f9737p+4"	"0x1.85fe45ea1f87ap+4"	"0x1.854996dd1ff4fp+4"
"sp|P04449|RL24A_YEAST"	"0x1.86910b1a424cp+4"	"0x1.730d605a7510cp+4"	"0x1.8600b7bb79accp+4"	"0x1.83df7422e410bp+4"	"0x1.83d03ed5fbd9ep+4"	"0x1.7093348abe20fp+4"
"sp|P04456|RL25_YEAST"	"0x1.937be4b69cdcdp+4"	"0x1.93129ec2ef182p+4"	"0x1.9767dc294d4e4p+4"	"0x1.919f63ad53031p+4"	"0x1.86678e504817cp+4"	"0x1.96d373ca34602p+4"
"sp|P04650|RL39_YEAST"	"0x1.5e1aaebf5c48cp+4"	"0x1.5aa3863488b7dp+4"	"0x1.59428a04844a8p+4"	"0x1.5c8dbf1e3df39p+4"	"0x1.58d28d1ebbe3ep+4"	"0x1.5c1af46ba54f4p+4"
"sp|P04801|SYTC_YEAST"	"0x1.768eec41becf8p+4"	"0x1.6fac47b2cc975p+4"	"0x1.7353ee26b63dcp+4"	"0x1.6f1d876560a12p+4"	"0x1.6c6ded7b4f65bp+4"	"0x1.753cb0a4a3458p+4"
"sp|P04802|SYDC_YEAST"	"0x1.7316c00e56636p+4"	"0x1.6ffac77962977p+4"	"0x1.750960317b17bp+4"	"0x1.71c15ec5feee1p+4"	"0x1.6f2d51734f77p+4"	"0x1.75a0e5989c281p+4"
"sp|P04806|HXKA_YEAST"	"0x1.1fde73d4938ccp+4"	"0x1.219f1659e49ccp+4"	"0x1.5bade1090097ep+4"	"0x1.6d41d988512e9p+4"	"0x1.293052f4af23ap+4"	"0x1.22709c4ed7d6ep+4"
"sp|P04807|HXKB_YEAST"	"0x1.7d78e31348819p+4"	"0x1.691dd328a0217p+4"	"0x1.7c043a8a3e566p+4"	"0x1.7e20a50145799p+4"	"0x1.6e8442ff9907fp+4"	"0x1.789d25c4d360fp+4"
"sp|P04840|VDAC1_YEAST"	"0x1.772d6f0ee0109p+4"	"0x1.7891fb22ed689p+4"	"0x1.7bee6c562ea69p+4"	"0x1.6fde03617a95ep+4"	"0x1.73f70d990bf34p+4"	"0x1.7bf44d43d9d61p+4"
"sp|P04912|H2A2_YEAST;sp|P04911|H2A1_YEAST"	"0x1.73cca94ea311dp+4"	"0x1.5b04a59b9e478p+4"	"0x1.69a2b97609be5p+4"	"0x1.71d0c1f27994ep+4"	"0x1.5f7268d8d8632p+4"	"0x1.6ce270cc58b95p+4"
"sp|P05030|PMA1_YEAST"	"0x1.aa142d426bc1ap+4"	"0x1.a56887dfbe86cp+4"	"0x1.a8bbfd0825cddp+4"	"0x1.aa48dc33c5d99p+4"	"0x1.a4ab09a3989b6p+4"	"0x1.a8a7cf11479ep+4"
"sp|P05317|RLA0_YEAST"	"0x1.91318a14469f2p+4"	"0x1.8af55fa7d3046p+4"	"0x1.8b95f60fe5f1p+4"	"0x1.8d079c9894b38p+4"	"0x1.882cc4b10bde8p+4"	"0x1.8cc116f037133p+4"
"sp|P05318|RLA1_YEAST"	"0x1.6b133a1220626p+4"	"0x1.5d0352e8026fcp+4"	"0x1.62bde7e7ca2ecp+4"	"0x1.6f2b58c8ab81ap+4"	"0x1.5e4fab88b5b9cp+4"	"0x1.650e049ad82e9p+4"
"sp|P05319|RLA2_YEAST"	"0x1.615286c0efc07p+4"	"0x1.84a03ce51aec9p+4"	"0x1.83da637b84219p+4"	"0x1.719d7c1f1e5ddp+4"	"0x1.84d99c266afa9p+4"	"0x1.8471a52c82d08p+4"
"sp|P05453|ERF3_YEAST"	"0x1.541f510caf2dep+4"	"0x1.4ddc9105d6539p+4"	"0x1.5274836d22fc8p+4"	"0x1.4d006fd34c796p+4"	"0x1.4af99f63e9125p+4"	"0x1.50416cf591151p+4"
"sp|P05626|ATPF_YEAST"	"0x1.26fd56321b431p+4"	"0x1.2aeb1a2a250cbp+4"	"0x1.2a67b899c1dedp+4"	"0x1.28283a785ebc2p+4"	"0x1.2a0dff0bf4c97p+4"	"0x1.2d178ec03584bp+4"
"sp|P05694|METE_YEAST"	"0x1.6e7b7757cda3fp+4"	"0x1.6bd51407c4f8ep+4"	"0x1.6d11fa53f6317p+4"	"0x1.6c5feea6e432ep+4"	"0x1.6a52d29fff428p+4"	"0x1.6de787c45a8dep+4"
"sp|P05737|RL7A_YEAST"	"0x1.8fb3e26fcdf3ep+4"	"0x1.85fc196a262a6p+4"	"0x1.93053165b84c7p+4"	"0x1.90f4598d06ad1p+4"	"0x1.8982aa4de8e7ep+4"	"0x1.917958e1b8b9bp+4"
"sp|P05738|RL9A_YEAST"	"0x1.8618d679d710cp+4"	"0x1.831879b10c9d8p+4"	"0x1.851420681b2e4p+4"	"0x1.864325ee9440ap+4"	"0x1.82565a0ec1371p+4"	"0x1.88153d5a4f6c9p+4"
"sp|P05739|RL6B_YEAST"	"0x1.8f09c4fe47c57p+4"	"0x1.8aaaa0fdd961p+4"	"0x1.8d9906275aa73p+4"	"0x1.8b18536019365p+4"	"0x1.8b8aa64642d2ap+4"	"0x1.8fc9f6c8137a8p+4"
"sp|P05740|RL17A_YEAST"	"0x1.949701a4fc8eep+4"	"0x1.955f65dc081e7p+4"	"0x1.959e698baf437p+4"	"0x1.92cbbed8d7bb3p+4"	"0x1.94431f1ca91e3p+4"	"0x1.949f3a981b38dp+4"
"sp|P05744|RL33A_YEAST"	"0x1.81d64a35682c8p+4"	"0x1.78744347b3a77p+4"	"0x1.7e353c584754dp+4"	"0x1.7acfc9e8ba8c6p+4"	"0x1.79a0aeace7929p+4"	"0x1.7ed5f34bfcdcap+4"
"sp|P05745|RL36A_YEAST"	"0x1.47afb79ecb49bp+4"	"0x1.227efe19d9671p+4"	"0x1.43b82163fcbd3p+4"	"0x1.400e34fc9e34cp+4"	"0x1.3f10ecfb21255p+4"	"0x1.4728e3c030c12p+4"
"sp|P05747|RL29_YEAST"	"0x1.48130e2f90ac7p+4"	"0x1.2ef693d7c3f09p+4"	"0x1.34ac436505494p+4"	"0x1.49fc9e32eb6aap+4"	"0x1.31318bcaaca3bp+4"	"0x1.3cf3f96cd7a6ap+4"
"sp|P05748|RL15A_YEAST"	"0x1.93ea0446af6ffp+4"	"0x1.8f51ab8abd6c3p+4"	"0x1.89178e8e5e63p+4"	"0x1.93a32305bf3dcp+4"	"0x1.8f4f7e3b0412ap+4"	"0x1.934d37cc5366ep+4"
"sp|P05749|RL22A_YEAST"	"0x1.64d03d31b7f1cp+4"	"0x1.5305297c818f2p+4"	"0x1.583c6b2cecaeep+4"	"0x1.6545aa9a5b3cdp+4"	"0x1.534bb0fdb1e81p+4"	"0x1.59d67843f668fp+4"
"sp|P05750|RS3_YEAST"	"0x1.a0088c11362d1p+4"	"0x1.9eea3282fdc32p+4"	"0x1.9e24bfdb81696p+4"	"0x1.a0df1ae85dbcp+4"	"0x1.9da233b05a14cp+4"	"0x1.9e923c77014f1p+4"
"sp|P05755|RS9B_YEAST"	"0x1.9dbbffcd0e738p+4"	"0x1.96a74340cba3ep+4"	"0x1.975ee8ac1282cp+4"	"0x1.9c989d3e8424ep+4"	"0x1.9377326b9aa21p+4"	"0x1.957e4b88e7718p+4"
"sp|P05756|RS13_YEAST"	"0x1.84aa517ada142p+4"	"0x1.7ccf76b68eb9dp+4"	"0x1.7d4d1aa99851p+4"	"0x1.8397d7e3a01a5p+4"	"0x1.7a60f2ec7f6c1p+4"	"0x1.7f160ee3295c3p+4"
"sp|P05759|RS27A_YEAST"	"0x1.89b54da1c6aa8p+4"	"0x1.a4ffbd6f62f04p+4"	"0x1.8c26de22abb17p+4"	"0x1.8a303842a116fp+4"	"0x1.8827d29c9c34bp+4"	"0x1.8fe572a46508cp+4"
"sp|P06101|CDC37_YEAST"	"0x1.2bff4de78d2a7p+4"	"0x1.25ef4fd6409e2p+4"	"0x1.3052bbd7e26afp+4"	"0x1.29d887bb84f7cp+4"	"0x1.2f81afa413aeep+4"	"0x1.2e6329623c8fcp+4"
"sp|P06103|EIF3B_YEAST"	"0x1.5ee36b48c27c1p+4"	"0x1.5dee291900952p+4"	"0x1.60efa680162a7p+4"	"0x1.5c36e875bd4d1p+4"	"0x1.5d864fcf3efbep+4"	"0x1.60ca540fa3889p+4"
"sp|P06105|SC160_YEAST"	"0x1.7516632eba2e8p+4"	"0x1.71e4e8bf97d4dp+4"	"0x1.78e12557468ap+4"	"0x1.75f890aa5b627p+4"	"0x1.6e50f55741c01p+4"	"0x1.756e72f9c4263p+4"
"sp|P06168|ILV5_YEAST"	"0x1.7827149bbd6fbp+4"	"0x1.7ad584d0c9661p+4"	"0x1.7b1dc4b030a7cp+4"	"0x1.7766744ccab97p+4"	"0x1.77c84e79c4a52p+4"	"0x1.79f2bcdd7e554p+4"
"sp|P06169|PDC1_YEAST;sp|P26263|PDC6_YEAST;sp|P16467|PDC5_YEAST;sp|Q07471|THI3_YEAST"	"0x1.c11bf7eb371cbp+4"	"0x1.b95febbd6223fp+4"	"0x1.bc245ed831d94p+4"	"0x1.ba2f24c61e65bp+4"	"0x1.ba9df7c159bacp+4"	"0x1.bc1c8f513c693p+4"
"sp|P06208|LEU1_YEAST"	"0x1.4f6cec661b5b5p+4"	"0x1.48e0c3232fbffp+4"	"0x1.4890d0886a871p+4"	"0x1.4d38527d541d3p+4"	"0x1.4a7a8188b97a2p+4"	"0x1.484a67975e291p+4"
"sp|P06634|DED1_YEAST;sp|P24784|DBP1_YEAST"	"0x1.71fc7bcf09487p+4"	"0x1.6d0e60b59b912p+4"	"0x1.7407a41d8be7fp+4"	"0x1.6f788a1182801p+4"	"0x1.6bdaa5196e326p+4"	"0x1.73dffd5d2f391p+4"
"sp|P06780|RHO1_YEAST"	"0x1.4ca97d2abce42p+4"	"0x1.4d21b65f8041dp+4"	"0x1.4c04bb1e03a9dp+4"	"0x1.43a28143d3b9p+4"	"0x1.4aa27532d44e4p+4"	"0x1.4e044f5aa6b33p+4"
"sp|P06785|TYSY_YEAST"	"0x1.001be2e579de3p+4"	"0x1.ea835b2e75ad7p+3"	"0x1.f2c6e94859c31p+3"	"0x1.f82355da799f8p+3"	"0x1.ed5075c1e16bdp+3"	"0x1.f6b1417ea2fe3p+3"
"sp|P06786|TOP2_YEAST"	"0x1.06fc5ee9d2ba5p+4"	"0x1.29fb4d32db031p+4"	"0x1.1b2900e1f4d11p+4"	"0x1.0b3300cfc09aap+4"	"0x1.2af5c49cc16dap+4"	"0x1.1da06a10cffc4p+4"
"sp|P06787|CALM_YEAST"	"0x1.537e87215be8cp+4"	"0x1.592baab2e1cep+4"	"0x1.5c1cf4b0b6f26p+4"	"0x1.4ec71d36e9a51p+4"	"0x1.58fff1e1930bp+4"	"0x1.5c093fd21ffdp+4"
"sp|P07149|FAS1_YEAST"	"0x1.8129ac8ed8dafp+4"	"0x1.7d86a01b8cf8cp+4"	"0x1.7d93288a4aa4dp+4"	"0x1.80a6f5ffd20dep+4"	"0x1.7bf9c15bfa0c9p+4"	"0x1.803ce53b4bd68p+4"
"sp|P07170|KAD2_YEAST"	"0x1.782d03f7bfefbp+4"	"0x1.76921a73d1e56p+4"	"0x1.790391a652692p+4"	"0x1.771d690ff90a1p+4"	"0x1.76a95fde30474p+4"	"0x1.78dae8be79fa2p+4"
"sp|P07172|HIS8_YEAST"	"0x1.007d6fa08bc1cp+4"	"0x1.12545a3e3c751p+4"	"0x1.06ae3dca2d11fp+4"	"0x1.09d2c9e703ef2p+4"	"0x1.0a785baace182p+4"	"0x1.0618607d7f834p+4"
"sp|P07213|TOM70_YEAST"	"0x1.3fb820f618088p+4"	"0x1.42e1b41bc5c76p+4"	"0x1.3e6f0e15af704p+4"	"0x1.464a2037055b8p+4"	"0x1.3f7ece8758b8cp+4"	"0x1.4342e3f95eed3p+4"
"sp|P07244|PUR2_YEAST"	"0x1.6496504074712p+4"	"0x1.5a119ab0e6699p+4"	"0x1.5ad51406f006p+4"	"0x1.5de182adce22ep+4"	"0x1.563ef5261b1e9p+4"	"0x1.57378ad9aadd3p+4"
"sp|P07245|C1TC_YEAST"	"0x1.6a84f746d2bb3p+4"	"0x1.684caab89ef22p+4"	"0x1.6a910319f27f2p+4"	"0x1.647a2e4f59573p+4"	"0x1.640ae4da98ea8p+4"	"0x1.67fdddb7e48c3p+4"
"sp|P07246|ADH3_YEAST"	"0x1.506c7684f3674p+4"	"0x1.4f76bcb39fc3dp+4"	"0x1.4eb9224d29ed1p+4"	"0x1.522ff7ac9be1fp+4"	"0x1.4c4d466b486ecp+4"	"0x1.50a22a4f87788p+4"
"sp|P07251|ATPA_YEAST"	"0x1.6c1146005bf87p+4"	"0x1.6800286587535p+4"	"0x1.69e589d40f801p+4"	"0x1.6daae5e0e0fa1p+4"	"0x1.650a6524e412ap+4"	"0x1.6f07e57de7d42p+4"
"sp|P07256|QCR1_YEAST"	"0x1.1a5ccba9724cp+4"	"0x1.201eb66b1c6ep+4"	"0x1.da2adebea7787p+3"	"0x1.2ad350ca023b8p+4"	"0x1.cd738c60129efp+3"	"0x1.1bc0c647aff28p+4"
"sp|P07257|QCR2_YEAST"	"0x1.3ef382f931beap+4"	"0x1.3d704034f592ep+4"	"0x1.3b4d72d1f53e4p+4"	"0x1.3c1f74c8a05c3p+4"	"0x1.3a5d27bfaf187p+4"	"0x1.42574e7e71457p+4"
"sp|P07258|CARA_YEAST"	"0x1.2097063ae7e26p+4"	"0x1.1f6d62b7ed6e9p+4"	"0x1.259726bf068f7p+4"	"0x1.13c606691e21ap+4"	"0x1.1691f4776435ep+4"	"0x1.20d5f892299dbp+4"
"sp|P07259|PYR1_YEAST"	"0x1.8bf9f7078cfb2p+4"	"0x1.8c4e0f7e6c1bbp+4"	"0x1.8f777543e6a7p+4"	"0x1.8bde041fe6e4ap+4"	"0x1.8b7c519c66f5bp+4"	"0x1.8dff204b1b86cp+4"
"sp|P07260|IF4E_YEAST"	"0x1.60279787107bdp+4"	"0x1.5af9f910c176p+4"	"0x1.5fcee71b9a336p+4"	"0x1.5a9823974b08ep+4"	"0x1.58b669a626f1p+4"	"0x1.5f05531ae08b5p+4"
"sp|P07262|DHE4_YEAST;sp|P39708|DHE5_YEAST"	"0x1.663fd144da181p+4"	"0x1.5bbf035792a44p+4"	"0x1.605c88b759da8p+4"	"0x1.61c73e35ff153p+4"	"0x1.59f462b6f0fc8p+4"	"0x1.610724d524d59p+4"
"sp|P07263|SYH_YEAST"	"0x1.48e3d49637b51p+4"	"0x1.4c829cefbb2c8p+4"	"0x1.4e17edcd20de1p+4"	"0x1.48bb0c23bcbb1p+4"	"0x1.543b883f2b9fcp+4"	"0x1.5b5112e3c27p+4"
"sp|P07264|LEUC_YEAST"	"0x1.4a3fdffb9c792p+4"	"0x1.4ceae666498c9p+4"	"0x1.4c7e59bd8a30ap+4"	"0x1.4a0e246068e43p+4"	"0x1.4d18c5a1f3694p+4"	"0x1.5000fb02139a9p+4"
"sp|P07267|CARP_YEAST"	"0x1.3edf7c393c471p+4"	"0x1.3d6ac51b64debp+4"	"0x1.3da906f9a8866p+4"	"0x1.41c031e812eaap+4"	"0x1.3b2a52e6333a8p+4"	"0x1.3d307f8929d9dp+4"
"sp|P07273|TFS2_YEAST"	"0x1.2a2443d619facp+4"	"0x1.1e31468d0a9fbp+4"	"0x1.27f5fcdf13695p+4"	"0x1.2a55e281953b9p+4"	"0x1.27474f685c1ecp+4"	"0x1.2c48d76edb09p+4"
"sp|P07278|KAPR_YEAST"	"0x1.3c717a97673d2p+4"	"0x1.401a8ffc3fa68p+4"	"0x1.3c6ccf2ad80c4p+4"	"0x1.391fcc7fc5ab5p+4"	"0x1.34c5863759ed1p+4"	"0x1.419a766f6af58p+4"
"sp|P07281|RS19B_YEAST;sp|P07280|RS19A_YEAST"	"0x1.90e4c89237872p+4"	"0x1.911c990b348p+4"	"0x1.9489db0740654p+4"	"0x1.9244fa933d20dp+4"	"0x1.9019c183935acp+4"	"0x1.9570421d982a8p+4"
"sp|P07283|PMM_YEAST"	"0x1.6b329f1db202ep+4"	"0x1.6678ee54f815ep+4"	"0x1.68b21077e4ac8p+4"	"0x1.65a6db06eeee1p+4"	"0x1.6495bc689c31ep+4"	"0x1.6ca9bbaf1582bp+4"
"sp|P07284|SYSC_YEAST"	"0x1.6ad4761bee8dap+4"	"0x1.69611e1414c06p+4"	"0x1.6a22b3fdd8aa3p+4"	"0x1.6a52d29fff428p+4"	"0x1.680a35fd5179ep+4"	"0x1.6c69d096ba833p+4"
"sp|P07285|TRPD_YEAST"	"0x1.096dd534e9f48p+4"	"0x1.05c0f8d6b7a6fp+4"	"0x1.10e09d3dba1a1p+4"	"0x1.0727c830f1ec8p+4"	"0x1.0da926e825b21p+4"	"0x1.0acd1b5c167c1p+4"
"sp|P07342|ILVB_YEAST"	"0x1.5e517d1f6d3e6p+4"	"0x1.60ea19d7a5c6ep+4"	"0x1.5f159e4fbf026p+4"	"0x1.5e3fbb822e82ep+4"	"0x1.5b2bda3147d05p+4"	"0x1.5fa1b2349d14dp+4"
"sp|P07347|ARD1_YEAST"	"0x1.25e88279574b5p+4"	"0x1.26652f7f27453p+4"	"0x1.285a8433a48b2p+4"	"0x1.2a9e551be7193p+4"	"0x1.2d2a31794a42dp+4"	"0x1.2bec3cfb51dafp+4"
"sp|P07560|SEC4_YEAST"	"0x1.513d336f82c36p+4"	"0x1.51d0e3494498fp+4"	"0x1.54ebda1d4ea6ap+4"	"0x1.5395bb9933c52p+4"	"0x1.4eb3c56890da9p+4"	"0x1.4fa86ba970fdbp+4"
"sp|P07702|LYS2_YEAST"	"0x1.548782e90661dp+4"	"0x1.4e2699b960201p+4"	"0x1.50284aa6501cbp+4"	"0x1.558f18669eafap+4"	"0x1.1c9a9f45cf84ep+4"	"0x1.5361e13362344p+4"
"sp|P07703|RPAC1_YEAST"	"0x1.4ade3c4c26844p+4"	"0x1.44bcfe58cf674p+4"	"0x1.4ac47d11088a5p+4"	"0x1.4b041f55fd057p+4"	"0x1.44e8e439be9f1p+4"	"0x1.48bcfa3c7443ap+4"
"sp|P07806|SYV_YEAST"	"0x1.74876544c488ep+4"	"0x1.74a31ea77bc95p+4"	"0x1.75409e6e1a676p+4"	"0x1.7384f14780bafp+4"	"0x1.735c18c8b3d82p+4"	"0x1.71f90e92d784bp+4"
"sp|P07991|OAT_YEAST"	"0x1.4a30ac3d51763p+4"	"0x1.45e4d7fc70f0ap+4"	"0x1.45d82b7c81c59p+4"	"0x1.4324f7b31be45p+4"	"0x1.4227c298d38ddp+4"	"0x1.456e39f6c93a1p+4"
"sp|P08417|FUMH_YEAST"	"0x1.42330ad395a1bp+4"	"0x1.41f74f7c0ce9cp+4"	"0x1.44aa9b2570332p+4"	"0x1.40185162ea2cp+4"	"0x1.3da996a97ff58p+4"	"0x1.447999c2e1bc6p+4"
"sp|P08456|PSS_YEAST"	"0x1.174be9c7425c7p+4"	"0x1.149d0dfd97e0cp+4"	"0x1.101c3eca98366p+4"	"0x1.10dbd686ddcc7p+4"	"0x1.12877bda305acp+4"	"0x1.1874ac4de284dp+4"
"sp|P08518|RPB2_YEAST"	"0x1.30fb07deba4e2p+4"	"0x1.30415eb0ea69fp+4"	"0x1.335c92637ba6ap+4"	"0x1.2d3b7ff0de3d3p+4"	"0x1.323829d660ad2p+4"	"0x1.2d3e2ae6f2751p+4"
"sp|P08524|FPPS_YEAST"	"0x1.63e4b1626a922p+4"	"0x1.5dec2826e97ap+4"	"0x1.64c437cba86d2p+4"	"0x1.634bd04260698p+4"	"0x1.5f1a99ae462d5p+4"	"0x1.64e6f47a39634p+4"
"sp|P08566|ARO1_YEAST"	"0x1.533279e796265p+4"	"0x1.4c1e74c761b44p+4"	"0x1.5234111e9d9afp+4"	"0x1.500ccd22e59ffp+4"	"0x1.4ed76e94c44bcp+4"	"0x1.529be75714137p+4"
"sp|P09064|IF2B_YEAST"	"0x1.51ff11894bed9p+4"	"0x1.539db0423434p+4"	"0x1.54b020d853989p+4"	"0x1.4fa7d93b2faf4p+4"	"0x1.4f1841a413eap+4"	"0x1.58651a47b684p+4"
"sp|P09232|PRTB_YEAST"	"0x1.33615820d4ca6p+4"	"0x1.3533c47613da2p+4"	"0x1.3fe7498e693b8p+4"	"0x1.35564dd24c673p+4"	"0x1.3a68394853d2dp+4"	"0x1.413d336f82c36p+4"
"sp|P09436|SYIC_YEAST"	"0x1.6c07e92f9ec52p+4"	"0x1.6827f89c0d183p+4"	"0x1.6b9a238e01101p+4"	"0x1.6f92ca0c4c4e8p+4"	"0x1.69628665c0545p+4"	"0x1.6ae1c0f93608bp+4"
"sp|P09440|C1TM_YEAST"	"0x1.4379eca46bf59p+4"	"0x1.5c4e1a13735d1p+4"	"0x1.64788e563aa57p+4"	"0x1.4ba42ff80b14ap+4"	"0x1.5de2e67439ba8p+4"	"0x1.4650217a11fdep+4"
"sp|P09457|ATPO_YEAST"	"0x1.263c088036e48p+4"	"0x1.28de4e7bf5a6cp+4"	"0x1.31d28df60279cp+4"	"0x1.2978d99392f5p+4"	"0x1.1729f6cb8828fp+4"	"0x1.2f686a4c229a2p+4"
"sp|P09624|DLDH_YEAST"	"0x1.57ee661296f88p+4"	"0x1.55a254f85956cp+4"	"0x1.520e09dbd06fp+4"	"0x1.54c8af8f6c8c9p+4"	"0x1.51d1ab4e139acp+4"	"0x1.57bed88259e0bp+4"
"sp|P09733|TBA1_YEAST"	"0x1.464d210a88c3ap+4"	"0x1.43dcf3935f224p+4"	"0x1.447922e96b4cp+4"	"0x1.457391a696d23p+4"	"0x1.446777b303f4fp+4"	"0x1.4444e855cc61ep+4"
"sp|P09734|TBA3_YEAST"	"0x1.0eef438ef6366p+4"	"0x1.057371c08bd73p+4"	"0x1.1564547aab169p+4"	"0x1.1197848d2e06dp+4"	"0x1.12ca2dc899148p+4"	"0x1.0c293f5761d84p+4"
"sp|P09938|RIR2_YEAST"	"0x1.4ef6c11c80c3p+4"	"0x1.4d0edb9fd3dc4p+4"	"0x1.527d5fb2dfb52p+4"	"0x1.4abb4a8d4491p+4"	"0x1.4bcc361ad3253p+4"	"0x1.52b4c40ec1e92p+4"
"sp|Q3E792|RS25A_YEAST;sp|P0C0T4|RS25B_YEAST"	"0x1.8380e38645a43p+4"	"0x1.75e3dc81ab58bp+4"	"0x1.804d9ae4168fep+4"	"0x1.85aa8c9632a85p+4"	"0x1.7648842ed5b1fp+4"	"0x1.8014ab3284aa2p+4"
"sp|Q3E754|RS21B_YEAST;sp|P0C0V8|RS21A_YEAST"	"0x1.82a97a52cd312p+4"	"0x1.83467f7db17cdp+4"	"0x1.843fc0c1fdfa1p+4"	"0x1.8237654218d4bp+4"	"0x1.7b8c926722a7ep+4"	"0x1.83d7b49188b5fp+4"
"sp|Q3E757|RL11B_YEAST;sp|P0C0W9|RL11A_YEAST"	"0x1.939351e3102bep+4"	"0x1.8ddd392dc25d7p+4"	"0x1.927aaf79b9072p+4"	"0x1.91cf9e3302f12p+4"	"0x1.8df1167989c27p+4"	"0x1.9396c9c496b69p+4"
"sp|Q3E7X9|RS28A_YEAST;sp|P0C0X0|RS28B_YEAST"	"0x1.7fab7e7beb595p+4"	"0x1.81af20995db0bp+4"	"0x1.8255b71402faap+4"	"0x1.7db198b45056p+4"	"0x1.7c84fd2579c75p+4"	"0x1.82cdc5fe90725p+4"
"sp|P0C2H7|RL27B_YEAST;sp|P0C2H6|RL27A_YEAST"	"0x1.963074adf475dp+4"	"0x1.8f0cb4d8ac7a6p+4"	"0x1.917b7e9ed99bdp+4"	"0x1.9060dde729c39p+4"	"0x1.8a069e5a1c49cp+4"	"0x1.8c338bb194267p+4"
"sp|P0C2H8|RL31A_YEAST"	"0x1.87aa0f3239a5ap+4"	"0x1.848a00109a1e9p+4"	"0x1.8794cb388f872p+4"	"0x1.870b01e9b92f1p+4"	"0x1.8284a461ad4a9p+4"	"0x1.884d8d46e1dc4p+4"
"sp|P0C2I9|YP12B_YEAST;sp|Q07793|YD13B_YEAST;sp|Q99337|YN12B_YEAST;sp|P0CX58|YP12A_YEAST;sp|P0CX57|YA11A_YEAST;sp|O74302|YD13A_YEAST;sp|Q12470|YN12A_YEAST"	"0x1.f68d761f6a4ccp+3"	"0x1.fd9a889812503p+3"	"0x1.f7468ce7855a3p+3"	"0x1.eccc5a5f9784p+3"	"0x1.f908dec8ea092p+3"	"0x1.030e7fe3090b3p+4"
"sp|P0CH09|RL402_YEAST;sp|P0CH08|RL401_YEAST;sp|P0CG63|UBI4P_YEAST"	"0x1.5975725a308f2p+4"	"0x1.4e0b0fb3a62ccp+4"	"0x1.3ddcc0810787ep+4"	"0x1.497bfd5699943p+4"	"0x1.27037ebc65403p+4"	"0x1.1a02e7469c7a6p+4"
"sp|P0CS90|HSP77_YEAST;sp|P39987|HSP7E_YEAST"	"0x1.8868878173458p+4"	"0x1.86e5c47e3b36cp+4"	"0x1.8b69a8821a79dp+4"	"0x1.876b907a044e2p+4"	"0x1.87db6221b53p+4"	"0x1.8d2bf4091a458p+4"
"sp|P0CT04|IPB2_YEAST"	"0x1.1d35c769d5ff9p+4"	"0x1.1cac17e1acb19p+4"	"0x1.1ea3b68a7abdep+4"	"0x1.1f4ecdb4ad4edp+4"	"0x1.1fd902510255p+4"	"0x1.1f9ccc56be7a1p+4"
"sp|P0CX24|RL20B_YEAST;sp|P0CX23|RL20A_YEAST"	"0x1.976f238714dc1p+4"	"0x1.96725acee6839p+4"	"0x1.98db825612ac6p+4"	"0x1.95bf51297f391p+4"	"0x1.95c2e2b75daa8p+4"	"0x1.99979f9b78a6dp+4"
"sp|P0CX26|RL43B_YEAST;sp|P0CX25|RL43A_YEAST"	"0x1.772633ebcf043p+4"	"0x1.697e6b00fe527p+4"	"0x1.7070ae2e9425ep+4"	"0x1.73a0b3015d9a4p+4"	"0x1.67f2fe467187bp+4"	"0x1.71d6bec8689bap+4"
"sp|P0CX28|RL44B_YEAST;sp|P0CX27|RL44A_YEAST"	"0x1.5dfec7c8013a3p+4"	"0x1.51b85a98c0402p+4"	"0x1.5e6ed05303f19p+4"	"0x1.5a5c5d2677947p+4"	"0x1.50a41581745d4p+4"	"0x1.614fbb5723cadp+4"
"sp|P0CX30|RS23B_YEAST;sp|P0CX29|RS23A_YEAST"	"0x1.6357c56ba8105p+4"	"0x1.489c77eb610bep+4"	"0x1.6dc6bb9421bbcp+4"	"0x1.5bf727b0bff6p+4"	"0x1.4c52e51a3661dp+4"	"0x1.5715d94b8d71fp+4"
"sp|P0CX32|RS24B_YEAST;sp|P0CX31|RS24A_YEAST"	"0x1.893256d315465p+4"	"0x1.8366ce4ebb181p+4"	"0x1.7f8a2c0821737p+4"	"0x1.88cf60bf09d17p+4"	"0x1.7d89c2da9b795p+4"	"0x1.82775ce28583dp+4"
"sp|P0CX34|RS30B_YEAST;sp|P0CX33|RS30A_YEAST"	"0x1.69bd64970499bp+4"	"0x1.57c2ac11a91cdp+4"	"0x1.5e033c35223bp+4"	"0x1.665f027173bd7p+4"	"0x1.56eb32e9687e1p+4"	"0x1.5fb4225f1e179p+4"
"sp|P0CX36|RS4B_YEAST;sp|P0CX35|RS4A_YEAST"	"0x1.942a9e77ed3b5p+4"	"0x1.8bb08de0436e9p+4"	"0x1.89eb688ded34ap+4"	"0x1.939486c6343d5p+4"	"0x1.8949b43629e56p+4"	"0x1.8e10013fc6acp+4"
"sp|P0CX38|RS6B_YEAST;sp|P0CX37|RS6A_YEAST"	"0x1.952ccec3fc7c7p+4"	"0x1.972a13e223007p+4"	"0x1.9723e06e721abp+4"	"0x1.9961181288a3p+4"	"0x1.968a8c0598f05p+4"	"0x1.9d3d8b5e6d0ddp+4"
"sp|P0CX40|RS8B_YEAST;sp|P0CX39|RS8A_YEAST"	"0x1.8ef2f56d5ba0cp+4"	"0x1.91368de7d80e3p+4"	"0x1.91bbb864b8813p+4"	"0x1.90147e4515d12p+4"	"0x1.92724bd38eb05p+4"	"0x1.92c3287b1e4b8p+4"
"sp|P0CX42|RL23B_YEAST;sp|P0CX41|RL23A_YEAST"	"0x1.7161bd84e594p+4"	"0x1.69bd64970499bp+4"	"0x1.676b42049684fp+4"	"0x1.70cb13be10db9p+4"	"0x1.66a3e1de0a8bcp+4"	"0x1.6a1bfa85d8af1p+4"
"sp|P0CX44|RL1B_YEAST;sp|P0CX43|RL1A_YEAST"	"0x1.992e8de971365p+4"	"0x1.89d8d0b736d1p+4"	"0x1.8f4980908ac41p+4"	"0x1.977a5bcde2948p+4"	"0x1.811a95622b9b3p+4"	"0x1.8fd5267782c4dp+4"
"sp|P0CX46|RL2B_YEAST;sp|P0CX45|RL2A_YEAST"	"0x1.860cecf197017p+4"	"0x1.85a6237de70f8p+4"	"0x1.868273191902ap+4"	"0x1.8bef0da68e177p+4"	"0x1.80188743a9db8p+4"	"0x1.88c63ba7e0c74p+4"
"sp|P0CX48|RS11B_YEAST;sp|P0CX47|RS11A_YEAST"	"0x1.9dec146b7b14bp+4"	"0x1.98701c2013613p+4"	"0x1.9e290ace3eb44p+4"	"0x1.b3a0bab5f83c6p+4"	"0x1.982811f0e0457p+4"	"0x1.9db62b0d9d72ap+4"
"sp|P0CX50|RL18B_YEAST;sp|P0CX49|RL18A_YEAST"	"0x1.8c5b7acc6a531p+4"	"0x1.83fd74f3ed3d8p+4"	"0x1.85ea683f77cfep+4"	"0x1.8e2414d692705p+4"	"0x1.822146a749c1dp+4"	"0x1.8d698a70c43cep+4"
"sp|P0CX52|RS16B_YEAST;sp|P0CX51|RS16A_YEAST"	"0x1.90714d6945c1fp+4"	"0x1.861806bf9ab74p+4"	"0x1.888e178fdb1a9p+4"	"0x1.8f1179cfae60ap+4"	"0x1.896d65f862342p+4"	"0x1.9090a99263734p+4"
"sp|P0CX54|RL12B_YEAST;sp|P0CX53|RL12A_YEAST"	"0x1.93da637b84219p+4"	"0x1.8f9886f0bdae3p+4"	"0x1.9597eb7c3908ep+4"	"0x1.8f880406513c4p+4"	"0x1.8f225240c0ddp+4"	"0x1.89d55d9e41aa7p+4"
"sp|P0CX56|RS18B_YEAST;sp|P0CX55|RS18A_YEAST"	"0x1.a34160660fb97p+4"	"0x1.9927ce7f5cf41p+4"	"0x1.9eebf35c63e0fp+4"	"0x1.9b9699cf18601p+4"	"0x1.9edb696fcc1ebp+4"	"0x1.9f426a0b2193ep+4"
"sp|P0CX83|RL19B_YEAST;sp|P0CX82|RL19A_YEAST"	"0x1.91d28c4b65138p+4"	"0x1.96f697f8b77bp+4"	"0x1.9454aa6531309p+4"	"0x1.914d3c4ae2a2p+4"	"0x1.923cd524f04d3p+4"	"0x1.94ff07e5a0012p+4"
"sp|P0CX85|RL35B_YEAST;sp|P0CX84|RL35A_YEAST"	"0x1.881046383d945p+4"	"0x1.885a132d266fbp+4"	"0x1.8b5bad8974627p+4"	"0x1.86db0c041dcedp+4"	"0x1.887b572ca71d6p+4"	"0x1.8b6fe28d7279fp+4"
"sp|P10080|SSBP1_YEAST"	"0x1.4b17ac1771475p+4"	"0x1.4d85af335cf2bp+4"	"0x1.4ec8e57cf9f1ep+4"	"0x1.6b236c5fa3c26p+4"	"0x1.49b4844d4fc83p+4"	"0x1.4fb4b47f857e2p+4"
"sp|P10081|IF4A_YEAST"	"0x1.8c231f1903945p+4"	"0x1.86fa5ea217dfcp+4"	"0x1.8981f721fd217p+4"	"0x1.86dd66e3901e7p+4"	"0x1.846b3ff88d12fp+4"	"0x1.881ced802b96fp+4"
"sp|P10591|HSP71_YEAST"	"0x1.8a5c010d1276cp+4"	"0x1.8954876a3978p+4"	"0x1.8cb4b646f9506p+4"	"0x1.887ff91a1d819p+4"	"0x1.8b71d0ea234edp+4"	"0x1.8d0f37cdd096dp+4"
"sp|P10592|HSP72_YEAST"	"0x1.bc922e8cf795p+4"	"0x1.b81d6c63db23bp+4"	"0x1.b7da7187fd608p+4"	"0x1.b9dd4bf8e6066p+4"	"0x1.b7844922731e9p+4"	"0x1.b8c99a95981cbp+4"
"sp|P10614|CP51_YEAST"	"0x1.38bc5c248f37bp+4"	"0x1.32f5911294fe6p+4"	"0x1.396d3f9c67a6p+4"	"0x1.36ce9b8b3083p+4"	"0x1.2e426ff1eee3fp+4"	"0x1.322f8eb08e097p+4"
"sp|P10622|RLA3_YEAST"	"0x1.12cafa52c0e09p+4"	"0x1.1407e3b8f7435p+4"	"0x1.216fd46778424p+4"	"0x1.08417110e4b25p+4"	"0x1.0ca82fb30d8bcp+4"	"0x1.1b1fd27836d64p+4"
"sp|P10659|METK1_YEAST"	"0x1.7a041bcc69463p+4"	"0x1.74941e5ef677ep+4"	"0x1.74514e99291dp+4"	"0x1.75eec460e47c2p+4"	"0x1.7415ffd957e82p+4"	"0x1.785acf8c1a825p+4"
"sp|P10664|RL4A_YEAST"	"0x1.a3031b5002f14p+4"	"0x1.a03363600f516p+4"	"0x1.a562e2a86b0ffp+4"	"0x1.a17e0dd13a915p+4"	"0x1.9f29b8c650438p+4"	"0x1.a823dcfc02ea5p+4"
"sp|P10869|AK_YEAST"	"0x1.2597815592013p+4"	"0x1.2c7029f2a3737p+4"	"0x1.37229acc4576cp+4"	"0x1.30148011262b7p+4"	"0x1.33844a0c2c28fp+4"	"0x1.391639f78b513p+4"
"sp|P10964|RPA1_YEAST"	"0x1.66e3fda7e3696p+4"	"0x1.642a07e7f5db5p+4"	"0x1.6328a7a1786c3p+4"	"0x1.648eaf8ed363ap+4"	"0x1.62221c6966cfp+4"	"0x1.66e3ad604f91fp+4"
"sp|P11075|SEC7_YEAST"	"0x1.0cb7cc7761b6p+4"	"0x1.0c6a5fd3457cp+4"	"0x1.1a95c9c0acac2p+4"	"0x1.0c39bab355573p+4"	"0x1.1fa3e679155d2p+4"	"0x1.1137a4c7a45a4p+4"
"sp|P11076|ARF1_YEAST;sp|P19146|ARF2_YEAST"	"0x1.62fd7e48317ddp+4"	"0x1.5d1f28ccec0edp+4"	"0x1.697bb59758693p+4"	"0x1.60e6fc4daa4e5p+4"	"0x1.6cf344530f76fp+4"	"0x1.68aa9dca587cp+4"
"sp|P11154|PYC1_YEAST"	"0x1.67a2fab6b439ep+4"	"0x1.6045be55475c3p+4"	"0x1.5f04e235bbe5ep+4"	"0x1.67ec19a0d2f8p+4"	"0x1.5f2eec8929007p+4"	"0x1.5d14c6c123205p+4"
"sp|P11412|G6PD_YEAST"	"0x1.3371ad79901bdp+4"	"0x1.3430eb8e7078bp+4"	"0x1.33c6376a1ec8cp+4"	"0x1.2f5b90b842e28p+4"	"0x1.2e68d6f31b27ap+4"	"0x1.31fa9f2f82588p+4"
"sp|P11484|HSP75_YEAST"	"0x1.6e979c6027319p+4"	"0x1.702d53b3eb6ap+4"	"0x1.6f0c7312fb949p+4"	"0x1.6dc365784fa05p+4"	"0x1.703b9210faf87p+4"	"0x1.728658e7ee36ap+4"
"sp|P11633|NHP6B_YEAST"	"0x1.2542dcdd8b7d4p+4"	"0x1.29a6e17c0ffaep+4"	"0x1.268433e7f2e5ap+4"	"0x1.1e30c9bab62a7p+4"	"0x1.27eaa3f9a35c8p+4"	"0x1.2b8057ecdec7p+4"
"sp|P11745|RNA1_YEAST"	"0x1.40185162ea2cp+4"	"0x1.31df5a02cb2efp+4"	"0x1.21c780fee648bp+4"	"0x1.40c227699c31ap+4"	"0x1.2d9aea5b41543p+4"	"0x1.34e9fc1b0e8p+4"
"sp|P11938|RAP1_YEAST"	"0x1.2515d28262d78p+4"	"0x1.194fbb12a9806p+4"	"0x1.1874ac4de284dp+4"	"0x1.22378c9379ee6p+4"	"0x1.21c45f623ac97p+4"	"0x1.1ffc138d051f6p+4"
"sp|P12385|ERF1_YEAST"	"0x1.5a4f37e43862p+4"	"0x1.57a058f3d2757p+4"	"0x1.5b62d29f8c871p+4"	"0x1.55f874d185222p+4"	"0x1.5ac4aa4f4d208p+4"	"0x1.5cef15bdb8a52p+4"
"sp|P12612|TCPA_YEAST"	"0x1.4844e49bae802p+4"	"0x1.47ad4b0972f96p+4"	"0x1.504a9d5dac76fp+4"	"0x1.4576aee5b83bp+4"	"0x1.48cc6535a9055p+4"	"0x1.4dacc4a14cd0ep+4"
"sp|P12630|BAR1_YEAST"	"0x1.e36efdf03a382p+3"	"0x1.eab1822bc8366p+3"	"0x1.e95939e2ca209p+3"	"0x1.d0b5f98170166p+3"	"0x1.dcf51419d326p+3"	"0x1.df0a00b2d0a5fp+3"
"sp|P12683|HMDH1_YEAST"	"0x1.0f6b130720cc2p+4"	"0x1.0b6ea6137488bp+4"	"0x1.195270d8f2dfcp+4"	"0x1.1211f49682ca1p+4"	"0x1.08fd0d360fb49p+4"	"0x1.1a91cbe728743p+4"
"sp|P12695|ODP2_YEAST"	"0x1.41e52b32e1d5p+4"	"0x1.4820f0ffb5b27p+4"	"0x1.443f48bd360e5p+4"	"0x1.40c8264df1354p+4"	"0x1.3b1477047aca3p+4"	"0x1.4666cf004f457p+4"
"sp|P12709|G6PI_YEAST"	"0x1.96fecb2cae68p+4"	"0x1.90385c9d3f953p+4"	"0x1.959970a44de52p+4"	"0x1.972eda6884d45p+4"	"0x1.91e39c73eff6ap+4"	"0x1.95cc1255ee925p+4"
"sp|P12754|EI2BD_YEAST"	"0x1.0cdb08e689bcep+4"	"0x1.04e3961267c98p+4"	"0x1.04a74f027398bp+4"	"0x1.08cb0e3b4b3bcp+4"	"0x1.fc19307731cc5p+3"	"0x1.05c6cd4ddc327p+4"
"sp|P12945|NAT1_YEAST"	"0x1.34e9877ec99e8p+4"	"0x1.375dcc4913a71p+4"	"0x1.3fbf8a397f87cp+4"	"0x1.37fa4c16826bcp+4"	"0x1.39f53a47f7137p+4"	"0x1.45585c5fdfd3p+4"
"sp|P12962|CAF20_YEAST"	"0x1.463e18ff28c76p+4"	"0x1.3ead172d7664ep+4"	"0x1.3c0a8dd0a4b13p+4"	"0x1.3f256dc5f2dd5p+4"	"0x1.3720c8ba97fccp+4"	"0x1.3befbbd9b12d9p+4"
"sp|P13188|SYQ_YEAST"	"0x1.604242f732e13p+4"	"0x1.5e48d84c86351p+4"	"0x1.5e3f949922e7ap+4"	"0x1.5d32c1e578e7bp+4"	"0x1.5d50becf923dp+4"	"0x1.6054113cd8937p+4"
"sp|P13298|PYRE_YEAST"	"0x1.4aef747ebcb7ap+4"	"0x1.4d9789e2cb5d3p+4"	"0x1.501a005b27208p+4"	"0x1.3a5f628fef6e4p+4"	"0x1.4b404f534d96ap+4"	"0x1.521d3a51eb122p+4"
"sp|P13517|CAPZB_YEAST"	"0x1.0a54bb7215899p+4"	"0x1.10bc7acef0dbbp+4"	"0x1.105882a9b00adp+4"	"0x1.0fa07700e615ap+4"	"0x1.109f261c429b2p+4"	"0x1.126ab9e5501e9p+4"
"sp|P13586|ATC1_YEAST"	"0x1.2eabf4db72ba6p+4"	"0x1.21097cf3ea543p+4"	"0x1.24a6d45bbd6c8p+4"	"0x1.2fd7a5bcbf58fp+4"	"0x1.1f69eb18816f6p+4"	"0x1.22b92cc3cc63cp+4"
"sp|P13663|DHAS_YEAST"	"0x1.6e8395e9c0de4p+4"	"0x1.63387bd619a45p+4"	"0x1.6bf2b4eeb78ap+4"	"0x1.700dc90a670b8p+4"	"0x1.5eb437dd2278p+4"	"0x1.6a034972ee669p+4"
"sp|P13856|RSR1_YEAST"	"0x1.1b4cc1fafd429p+4"	"0x1.173c722eb40acp+4"	"0x1.03b015dbb7d69p+4"	"0x1.16c7f94807521p+4"	"0x1.10c921520542ap+4"	"0x1.11565b578e45cp+4"
"sp|P14020|DPM1_YEAST"	"0x1.46592071d44a4p+4"	"0x1.49acbd3f12ea6p+4"	"0x1.49348fc57f464p+4"	"0x1.498b4a580b67bp+4"	"0x1.46ce860f0226ap+4"	"0x1.4a7a25e74a74bp+4"
"sp|P14065|GCY1_YEAST"	"0x1.34bed4432c447p+4"	"0x1.2afe2cc0ce1c1p+4"	"0x1.2fc452e261d8ep+4"	"0x1.21d258a21a04bp+4"	"0x1.297eadefef88dp+4"	"0x1.2f6cec661b5b5p+4"
"sp|P14120|RL30_YEAST"	"0x1.6f3b9beae136ap+4"	"0x1.6b067b774d677p+4"	"0x1.6cb5ee3e48c4ep+4"	"0x1.73bc62d98a163p+4"	"0x1.7454cfc444f36p+4"	"0x1.75fbd3d67782bp+4"
"sp|P14126|RL3_YEAST"	"0x1.9ef806705a2d8p+4"	"0x1.9c76f203e2826p+4"	"0x1.9b380a3ecd92p+4"	"0x1.9fd0cd749c9a9p+4"	"0x1.97acb65152835p+4"	"0x1.9f329267ca455p+4"
"sp|P14540|ALF_YEAST"	"0x1.b1ef33c220229p+4"	"0x1.b1437d6c571b7p+4"	"0x1.b07410e4e8853p+4"	"0x1.b425e98cbad6ap+4"	"0x1.b01bc5a3bbee8p+4"	"0x1.b21ec94f67e88p+4"
"sp|P14742|GFA1_YEAST"	"0x1.4aa713df2a7b9p+4"	"0x1.45458de665c0bp+4"	"0x1.4a1d11d0239bdp+4"	"0x1.4af72b83e0e37p+4"	"0x1.3ea9bf5628a0dp+4"	"0x1.4e578c0d169adp+4"
"sp|P14743|NMT_YEAST"	"0x1.26621be970332p+4"	"0x1.16f7d6b46e6d7p+4"	"0x1.2a1cd9f5895ap+4"	"0x1.1a84f2b40f362p+4"	"0x1.1cf9b1e5d3f16p+4"	"0x1.252a391e00195p+4"
"sp|P14832|CYPH_YEAST"	"0x1.7e1a8797aa253p+4"	"0x1.74e34edd11059p+4"	"0x1.7ab77bfa8d137p+4"	"0x1.7cece98ff368cp+4"	"0x1.76c43bd33c9bdp+4"	"0x1.79ee9dba0c44ep+4"
"sp|P14843|AROF_YEAST"	"0x1.268bad535b3c6p+4"	"0x1.239b916ad2da7p+4"	"0x1.236e15932e05p+4"	"0x1.2519ccb6f46b8p+4"	"0x1.1dd8db15d74edp+4"	"0x1.23059b66903cfp+4"
"sp|P14904|AMPL_YEAST"	"0x1.31788201a528ap+4"	"0x1.33bab85dc1fdep+4"	"0x1.312d0c8eee88ap+4"	"0x1.326ab9e5501e9p+4"	"0x1.326d5d5e97bb5p+4"	"0x1.2e55d9f391515p+4"
"sp|P14906|SEC63_YEAST"	"0x1.3ec7787af1aa3p+4"	"0x1.3faafe6cb36cp+4"	"0x1.3c05444116234p+4"	"0x1.42af3ffd04e14p+4"	"0x1.43a377bee3f85p+4"	"0x1.403eeac227498p+4"
"sp|P14907|NSP1_YEAST"	"0x1.41a68acf2a439p+4"	"0x1.279ac1828446ap+4"	"0x1.27000024fc144p+4"	"0x1.3b510a0db9951p+4"	"0x1.27ad5fba24e3p+4"	"0x1.28040594fb20ap+4"
"sp|P15019|TAL1_YEAST;sp|P53228|TAL2_YEAST"	"0x1.6d309c0d3cd95p+4"	"0x1.6c7233b6a687ep+4"	"0x1.722fc676b0d83p+4"	"0x1.6e4753c0105f6p+4"	"0x1.6b9de34582707p+4"	"0x1.7534d30f917bap+4"
"sp|P15108|HSC82_YEAST"	"0x1.b135b8029d712p+4"	"0x1.a46c0cb7dbdfap+4"	"0x1.a51182ebc155p+4"	"0x1.a86c81138f31ep+4"	"0x1.a3b7c9201864fp+4"	"0x1.adf8664b870f1p+4"
"sp|P15180|SYKC_YEAST"	"0x1.6790d60951385p+4"	"0x1.6378d56464f14p+4"	"0x1.5e50e1f1437ap+4"	"0x1.5f3f650c4a1c2p+4"	"0x1.6960ee078812dp+4"	"0x1.63358ac24eff1p+4"
"sp|P15303|SEC23_YEAST"	"0x1.5291530bbed05p+4"	"0x1.4a01bc0ad01b4p+4"	"0x1.428a02330cc23p+4"	"0x1.5183d007646e3p+4"	"0x1.41c4e503e4c6p+4"	"0x1.3e1e2b354325p+4"
"sp|P15454|KGUA_YEAST"	"0x1.5ec2f40a588f9p+4"	"0x1.65d0823a0917p+4"	"0x1.648e1b8617cf2p+4"	"0x1.62d2834e36c28p+4"	"0x1.64d686ab83e69p+4"	"0x1.655d7ff4af87fp+4"
"sp|P15496|IDI1_YEAST"	"0x1.4161f079cc421p+4"	"0x1.45276dcecf0d8p+4"	"0x1.4780ac52e6c3ap+4"	"0x1.3e86d48ac9191p+4"	"0x1.42174faae9204p+4"	"0x1.41a14b1350f57p+4"
"sp|P15565|TRM1_YEAST"	"0x1.28ee6742c40fep+4"	"0x1.3570cf2abfc2cp+4"	"0x1.31919fa7ee4d6p+4"	"0x1.2fe76687e4e7bp+4"	"0x1.2f475da557579p+4"	"0x1.3126d5517515dp+4"
"sp|P15624|SYFB_YEAST"	"0x1.697f4222e54ep+4"	"0x1.66d44a72a6d4cp+4"	"0x1.6701cf7b2875dp+4"	"0x1.61c180330aa8ep+4"	"0x1.6569c5479d805p+4"	"0x1.6a2fc445a9f1dp+4"
"sp|P15625|SYFA_YEAST"	"0x1.5822ec25e9006p+4"	"0x1.49d84f3a1aba7p+4"	"0x1.5a6f6666c5e08p+4"	"0x1.5ab29c8411b0ep+4"	"0x1.4e9dac2a8c8bfp+4"	"0x1.5a378e07c2544p+4"
"sp|P15646|FBRL_YEAST"	"0x1.6bbdd3c01dab2p+4"	"0x1.67264e61c3f99p+4"	"0x1.6be7315f6bf61p+4"	"0x1.6ae9d67edb4c7p+4"	"0x1.610d9bc26c175p+4"	"0x1.6b5d9292082b3p+4"
"sp|P15700|KCY_YEAST"	"0x1.123d13570324dp+4"	"0x1.000ff03475237p+4"	"0x1.31b13c54a61cap+4"	"0x1.3596004c29c86p+4"	"0x1.413752a9a8552p+4"	"0x1.3769a9f78feep+4"
"sp|P15703|BGL2_YEAST"	"0x1.61b72d453559dp+4"	"0x1.6b12f71a0bab4p+4"	"0x1.700f8ac3f5d92p+4"	"0x1.6079dd8842624p+4"	"0x1.6b46471a17763p+4"	"0x1.7154a79a7adf4p+4"
"sp|P15705|STI1_YEAST"	"0x1.7bfe5daa0f388p+4"	"0x1.795cfca5b358p+4"	"0x1.7b3f2f4f85edfp+4"	"0x1.79e6d2ad60eb2p+4"	"0x1.76f56bd8f4198p+4"	"0x1.7b4a6cfe634aep+4"
"sp|P15873|PCNA_YEAST"	"0x1.3a66dbfa427b7p+4"	"0x1.41dde57c1a9dbp+4"	"0x1.324bfdd4a6a18p+4"	"0x1.3bb79f68377a1p+4"	"0x1.31907716bf829p+4"	"0x1.3c24eb82fe725p+4"
"sp|P15891|ABP1_YEAST"	"0x1.7019ca7dd782dp+4"	"0x1.6bf131fd4aeeap+4"	"0x1.6cbcfe60fcafbp+4"	"0x1.684401b85de4cp+4"	"0x1.5de76045832a7p+4"	"0x1.6ffc1e60d30aap+4"
"sp|P15992|HSP26_YEAST"	"0x1.35f37e730d398p+4"	"0x1.3284401ff4527p+4"	"0x1.3855ce298b92cp+4"	"0x1.308b7a21efa8p+4"	"0x1.3aa306cee8793p+4"	"0x1.382dd88e6e41ep+4"
"sp|P16120|THRC_YEAST"	"0x1.6a2b531e0f5dep+4"	"0x1.6c5647e212197p+4"	"0x1.6a2c80e5148ccp+4"	"0x1.6c1b5f285d37ep+4"	"0x1.6761bfc70a731p+4"	"0x1.6c9268159e9c3p+4"
"sp|P16140|VATB_YEAST"	"0x1.78d5a075c7631p+4"	"0x1.7cf5c232517d8p+4"	"0x1.77df64438f989p+4"	"0x1.758f34bfb36ebp+4"	"0x1.78c3d2fa0986fp+4"	"0x1.78bff7c45b46ap+4"
"sp|P16387|ODPA_YEAST"	"0x1.4eb1167e956f1p+4"	"0x1.418f696e92b09p+4"	"0x1.470b0f345703bp+4"	"0x1.4c88d658d1333p+4"	"0x1.443a1fe7a4192p+4"	"0x1.4c5730597b1cep+4"
"sp|P16451|ODPX_YEAST"	"0x1.106ab12f755acp+4"	"0x1.0e742de5ea0f8p+4"	"0x1.19bf50782ba56p+4"	"0x1.101fd56f3719ep+4"	"0x1.150440f5894c3p+4"	"0x1.0f5903e1941c6p+4"
"sp|P16474|GRP78_YEAST"	"0x1.7096b55dbf9a8p+4"	"0x1.6fba56bd9d095p+4"	"0x1.709d80be79d8p+4"	"0x1.6e38d01309cb7p+4"	"0x1.6e288217544c5p+4"	"0x1.73a679bd39ec9p+4"
"sp|P16521|EF3A_YEAST"	"0x1.ac627c9fd735dp+4"	"0x1.a9174289d5369p+4"	"0x1.ab8eb50646ff9p+4"	"0x1.ad0b84225cc53p+4"	"0x1.a56b1b9349e7bp+4"	"0x1.abd10c2d4afbfp+4"
"sp|P16550|APA1_YEAST"	"0x1.539cb9896507ep+4"	"0x1.4abb4a8d4491p+4"	"0x1.4cdd0950fb876p+4"	"0x1.4b2860be3fd13p+4"	"0x1.428b04a9344d9p+4"	"0x1.4e4816097cd33p+4"
"sp|P16603|NCPR_YEAST"	"0x1.46de72c15b688p+4"	"0x1.4878a828db68ep+4"	"0x1.41cc329e28a04p+4"	"0x1.47d72bf17492bp+4"	"0x1.431c1bdbe9a05p+4"	"0x1.4b921f3562949p+4"
"sp|P16649|TUP1_YEAST"	"0x1.399982be07e22p+4"	"0x1.2fd91f5c6fa96p+4"	"0x1.3b0d2327c8683p+4"	"0x1.3c34e1eef8058p+4"	"0x1.2ea430f56211p+4"	"0x1.3fb9d700a66c7p+4"
"sp|P16861|PFKA1_YEAST"	"0x1.80d5af856c42p+4"	"0x1.7e5cb1175a073p+4"	"0x1.806f9310f8cfap+4"	"0x1.82d1d3c1427d1p+4"	"0x1.7fe1335b8241ep+4"	"0x1.8282bf34e5931p+4"
"sp|P16862|PFKA2_YEAST"	"0x1.8078e631990ap+4"	"0x1.7a78b7535859p+4"	"0x1.805ce17b28c0dp+4"	"0x1.807e6b032825cp+4"	"0x1.7b537d495b5f8p+4"	"0x1.810918f304cb5p+4"
"sp|P17076|RL8A_YEAST"	"0x1.46f1ab0cd4338p+4"	"0x1.44347dada2252p+4"	"0x1.43d4d7842aa0fp+4"	"0x1.44f1fefab1a8p+4"	"0x1.37b7252820683p+4"	"0x1.46ce1aa0ee5d7p+4"
"sp|P17106|CBF1_YEAST"	"0x1.2022860d024bcp+4"	"0x1.1dbf1065453d7p+4"	"0x1.229f12e244412p+4"	"0x1.0e31c35cbc2aap+4"	"0x1.14c23938adeacp+4"	"0x1.1c9d3baa97d7ep+4"
"sp|P17255|VATA_YEAST"	"0x1.88816f69929acp+4"	"0x1.8507ad2cd9973p+4"	"0x1.8472844aa663bp+4"	"0x1.8877ae4236c63p+4"	"0x1.84ba1fcfc6cacp+4"	"0x1.85d81d7c82bebp+4"
"sp|P17423|KHSE_YEAST"	"0x1.4dbe31b00aa6p+4"	"0x1.2e0c983b98e63p+4"	"0x1.408c77bd232abp+4"	"0x1.436ec3a727e5cp+4"	"0x1.3d688022119f6p+4"	"0x1.4e2c65df087a3p+4"
"sp|P17505|MDHM_YEAST"	"0x1.434bb0fdb1e81p+4"	"0x1.3e831ad1722ebp+4"	"0x1.4752e49fe673bp+4"	"0x1.3f0787743fd1ep+4"	"0x1.3f9135da3b8c1p+4"	"0x1.43d2745e32e0cp+4"
"sp|P17536|TPM1_YEAST"	"0x1.66bc8e9ac8817p+4"	"0x1.675540859025cp+4"	"0x1.6c4a21da47521p+4"	"0x1.69be511724db2p+4"	"0x1.6854d2c872c1dp+4"	"0x1.67ba9d196f71ep+4"
"sp|P17555|CAP_YEAST"	"0x1.3d62b2684f539p+4"	"0x1.330e4d55e1a4dp+4"	"0x1.32919395e07a2p+4"	"0x1.3e4dab3889b95p+4"	"0x1.22fce62f88becp+4"	"0x1.4299227e55b01p+4"
"sp|P17695|GLRX2_YEAST"	"0x1.37683134fc05dp+4"	"0x1.3443209c7c709p+4"	"0x1.3729cc7bd9dcep+4"	"0x1.37a603c200d31p+4"	"0x1.34c8a3d56e8c8p+4"	"0x1.3cb5d972936f4p+4"
"sp|P17709|HXKG_YEAST"	"0x1.33eb549f57c6cp+4"	"0x1.21e6eefbd5d24p+4"	"0x1.36cabee9f963ep+4"	"0x1.380e0c67cb5ap+4"	"0x1.20e7fcf2e21a1p+4"	"0x1.38781c385be39p+4"
"sp|P17891|CLC1_YEAST"	"0x1.2e842fc48836cp+4"	"0x1.289d7a33e95fap+4"	"0x1.36f26b42271e2p+4"	"0x1.3a90037f43727p+4"	"0x1.33485e3ee006p+4"	"0x1.3ba5af46c4d15p+4"
"sp|P17967|PDI_YEAST"	"0x1.680ee21c669a9p+4"	"0x1.62ed220d0bcadp+4"	"0x1.62b805d7d57ep+4"	"0x1.6da2dd8387eb1p+4"	"0x1.5c41da868e4aep+4"	"0x1.6330836251067p+4"
"sp|P18239|ADT2_YEAST;sp|P18238|ADT3_YEAST"	"0x1.637c1afce65a1p+4"	"0x1.5e6914c5c4943p+4"	"0x1.5bd11c63b58d7p+4"	"0x1.60404f91ffcecp+4"	"0x1.62d91dee8842dp+4"	"0x1.5d17d0347616p+4"
"sp|P18562|UPP_YEAST"	"0x1.56cd43beeaa99p+4"	"0x1.43e13d837a8a3p+4"	"0x1.4c9fb65df0c93p+4"	"0x1.4c6aa339dae1cp+4"	"0x1.46418969c063dp+4"	"0x1.4c3118684700ap+4"
"sp|P18759|SEC18_YEAST"	"0x1.3ab58da722723p+4"	"0x1.38339dba5e556p+4"	"0x1.2fc3a3fe5d016p+4"	"0x1.365454a1a6f7p+4"	"0x1.36525c0fec426p+4"	"0x1.36614110c5c6p+4"
"sp|P18899|DDR48_YEAST"	"0x1.36bbdccd1e3d9p+4"	"0x1.355f26fc9422cp+4"	"0x1.3c10b496b50e4p+4"	"0x1.2cfe519a678f4p+4"	"0x1.29c68d0a63555p+4"	"0x1.3a99c6e99be9bp+4"
"sp|P19097|FAS2_YEAST"	"0x1.87fae024caf81p+4"	"0x1.847aa5236f2fap+4"	"0x1.84c2279cc1583p+4"	"0x1.842ebbfc54d52p+4"	"0x1.826f209989d96p+4"	"0x1.85024acac3e8p+4"
"sp|P19358|METK2_YEAST"	"0x1.1aa76eceeddefp+4"	"0x1.0f53e95bafcb8p+4"	"0x1.1a304f74f2fbap+4"	"0x1.2795ba21335d5p+4"	"0x1.1bc9fad82a31ap+4"	"0x1.208489b285ac3p+4"
"sp|P19414|ACON_YEAST"	"0x1.600167303c437p+4"	"0x1.60c01bcc3b1e9p+4"	"0x1.60b251660563bp+4"	"0x1.5f607d16861acp+4"	"0x1.5c954424479bep+4"	"0x1.5d883188b5cb7p+4"
"sp|P19454|CSK22_YEAST"	"0x1.15689c8f970bbp+4"	"0x1.14d9a7d7cd2edp+4"	"0x1.1416a30200b6ap+4"	"0x1.1300a9344927dp+4"	"0x1.0a656c337498ep+4"	"0x1.209230300190dp+4"
"sp|P19524|MYO2_YEAST"	"0x1.298bcfea9b0a2p+4"	"0x1.24133c9fbe919p+4"	"0x1.336747b125e36p+4"	"0x1.2cefebeb1b9ebp+4"	"0x1.1bedda1054b41p+4"	"0x1.297bb0ced4abap+4"
"sp|P19881|PNPP_YEAST"	"0x1.2835fc5ded09p+4"	"0x1.1d986a0e2b5c1p+4"	"0x1.309b32a24879cp+4"	"0x1.2559137afde4cp+4"	"0x1.1c3e3d9199096p+4"	"0x1.19758f14fc881p+4"
"sp|P19882|HSP60_YEAST"	"0x1.84debf090b4f6p+4"	"0x1.8450236c83082p+4"	"0x1.87df64438f989p+4"	"0x1.849ac2290830cp+4"	"0x1.8386f02695e23p+4"	"0x1.8819f3f0d1104p+4"
"sp|P20051|PYRC_YEAST"	"0x1.2d19fc73573b1p+4"	"0x1.37ae815c44a86p+4"	"0x1.38aaa7b391e87p+4"	"0x1.389a9af9096ffp+4"	"0x1.3abc90c7bc1ffp+4"	"0x1.36a62f77138dap+4"
"sp|P20081|FKBP_YEAST"	"0x1.73fea4579d049p+4"	"0x1.704c25140af3ep+4"	"0x1.7352e4b70d339p+4"	"0x1.715b2afc77b99p+4"	"0x1.72339e5f38d8cp+4"	"0x1.7504d7ddefe4ep+4"
"sp|P20107|ZRC1_YEAST"	"0x1.0e12f811d60adp+4"	"0x1.0574a79888652p+4"	"0x1.17ad5fba24e3p+4"	"0x1.0f615b659de1bp+4"	"0x1.029f46654f66cp+4"	"0x1.142e016a8496p+4"
"sp|P20424|SRP54_YEAST"	"0x1.2e9b93ecbd663p+4"	"0x1.316cdd0f798f7p+4"	"0x1.3607518983f1ap+4"	"0x1.355da2428fdffp+4"	"0x1.348a7989cd68p+4"	"0x1.38209fd6d6868p+4"
"sp|P20433|RPB4_YEAST"	"0x1.fdcc0167778d3p+3"	"0x1.fcbce4581d5e6p+3"	"0x1.fbfd4a52d5a4ap+3"	"0x1.ecfe8aed9e6fap+3"	"0x1.030173ddecfe9p+4"	"0x1.ff7ffdcd9c4d4p+3"
"sp|P20434|RPAB1_YEAST"	"0x1.e6eb3c787b69fp+3"	"0x1.fae3d36f8c798p+3"	"0x1.f6b7df5fc16f7p+3"	"0x1.df44c72388f3dp+3"	"0x1.e12d41f290538p+3"	"0x1.f3a0dcf6b07fap+3"
"sp|P20436|RPAB3_YEAST"	"0x1.2f3ec115bec2cp+4"	"0x1.30f4a769cc42p+4"	"0x1.2c5d53bb17a78p+4"	"0x1.33b8cd4d12096p+4"	"0x1.281c2f2588455p+4"	"0x1.3330db5652e7p+4"
"sp|P20447|DBP3_YEAST"	"0x1.3ec5733c200c7p+4"	"0x1.4119d84394b51p+4"	"0x1.3f8d3080e1556p+4"	"0x1.32e00318eadafp+4"	"0x1.3a1cc75737e62p+4"	"0x1.3b1d2d2872f04p+4"
"sp|P20448|DBP4_YEAST"	"0x1.0866f78dcd36ap+4"	"0x1.0d1f59d405f31p+4"	"0x1.0d2b15d45dc7dp+4"	"0x1.d6a4e50c055bbp+3"	"0x1.1c8461f8a258p+4"	"0x1.fc2e8f6620e3bp+3"
"sp|P20449|DBP5_YEAST"	"0x1.4c40b1952f05cp+4"	"0x1.41bea0a857f14p+4"	"0x1.4baaa6771291bp+4"	"0x1.4d3101e3cedb7p+4"	"0x1.498fc2de5b6c7p+4"	"0x1.49525d948a5bcp+4"
"sp|P20459|IF2A_YEAST"	"0x1.2b2807c4fb2d7p+4"	"0x1.33c8e54d7ffa6p+4"	"0x1.364e129771411p+4"	"0x1.324970a9bce67p+4"	"0x1.3190ad03b4e3dp+4"	"0x1.38767852fa007p+4"
"sp|P20484|MAK11_YEAST"	"0x1.185b9d78fecccp+4"	"0x1.07aa450504fa8p+4"	"0x1.1eb96e896746p+4"	"0x1.03b029886ee38p+4"	"0x1.14e0f58b6b1ecp+4"	"0x1.242558e51c53fp+4"
"sp|P20606|SAR1_YEAST"	"0x1.46182272752c8p+4"	"0x1.496826d0e253p+4"	"0x1.48a49ccb78c42p+4"	"0x1.477dd27f226bdp+4"	"0x1.461ce4af8a7e7p+4"	"0x1.4aa9905020f82p+4"
"sp|P20676|NUP1_YEAST"	"0x1.7e509458a75b2p+4"	"0x1.714501c8c9b6cp+4"	"0x1.71d722b24b4b8p+4"	"0x1.69bf847c5c261p+4"	"0x1.cfb71a7c88bddp+3"	"0x1.72739031fe207p+4"
"sp|P20967|ODO1_YEAST"	"0x1.2389391e699cp+4"	"0x1.2416d359096a4p+4"	"0x1.207516943b3f6p+4"	"0x1.1a5ba4f23ddc3p+4"	"0x1.1ee4de233bbffp+4"	"0x1.2387de7f9452ep+4"
"sp|P21147|ACO1_YEAST"	"0x1.3c755b40fae18p+4"	"0x1.2c9e04207d346p+4"	"0x1.3112a3f8384b4p+4"	"0x1.3c8d179be4634p+4"	"0x1.36ead2b172fe4p+4"	"0x1.386e43180f5c4p+4"
"sp|P21243|PSA1_YEAST"	"0x1.4bee975afa98fp+4"	"0x1.3fc9c94851481p+4"	"0x1.3e42bdba23998p+4"	"0x1.4b5cf8422a9d2p+4"	"0x1.3e1d500e55684p+4"	"0x1.4180a52dd85dp+4"
"sp|P21264|PUR6_YEAST"	"0x1.31a130304818dp+4"	"0x1.21714feee375ep+4"	"0x1.305110fdf07bep+4"	"0x1.2b6acd0f08da6p+4"	"0x1.3336a534fa44cp+4"	"0x1.32ab08cae9a5ap+4"
"sp|P21304|PWP1_YEAST"	"0x1.3af2310647e2p+4"	"0x1.30736e33cfd52p+4"	"0x1.4a9d7a84002f4p+4"	"0x1.4110b41aa7bbap+4"	"0x1.310b89004025p+4"	"0x1.3fbb8ceabea5ap+4"
"sp|P21306|ATP5E_YEAST"	"0x1.1240c1c7ff9cfp+4"	"0x1.1b6432f6cde6dp+4"	"0x1.14de09f0f471ap+4"	"0x1.1da528c2e1371p+4"	"0x1.0de8ac00606a9p+4"	"0x1.1748f45c16161p+4"
"sp|P21524|RIR1_YEAST;sp|P21672|RIR3_YEAST"	"0x1.461b98893d9dep+4"	"0x1.4897cf45509e5p+4"	"0x1.4b494d78bb19bp+4"	"0x1.44cdf3816780dp+4"	"0x1.46d67dc7bca27p+4"	"0x1.4c9b78887539p+4"
"sp|P21538|REB1_YEAST"	"0x1.10a69ad5754b8p+4"	"0x1.ef2a6a5a556e5p+3"	"0x1.ffb9756131b89p+3"	"0x1.edced41052e6dp+3"	"0x1.066213289b753p+4"	"0x1.0b1f8b301ad62p+4"
"sp|P21576|VPS1_YEAST"	"0x1.551112b53473fp+4"	"0x1.5532e9a4a99e7p+4"	"0x1.5b67cf77f1c66p+4"	"0x1.52397169a63bfp+4"	"0x1.58a629969ec3ap+4"	"0x1.5b9276996282bp+4"
"sp|P21734|UBC1_YEAST"	"0x1.263ec91ef9052p+4"	"0x1.2cee607d8f9bp+4"	"0x1.25625dd7c4e13p+4"	"0x1.26504d602b442p+4"	"0x1.27ef4727f1a01p+4"	"0x1.2814b934665dbp+4"
"sp|P21827|RCC1_YEAST"	"0x1.1d378f3236658p+4"	"0x1.087b1bba8f136p+4"	"0x1.11432e0818874p+4"	"0x1.17406620f779bp+4"	"0x1.034b3deb0aa65p+4"	"0x1.140baca497b48p+4"
"sp|P21954|IDHP_YEAST"	"0x1.4feb3f55d3618p+4"	"0x1.4ac3c8147f572p+4"	"0x1.48e55d2898b9p+4"	"0x1.4cfc43a04f2fep+4"	"0x1.3fd403cccedeap+4"	"0x1.4b2ce4ece4567p+4"
"sp|P21965|MCK1_YEAST"	"0x1.3b16c418150bp+4"	"0x1.3984e058d7e86p+4"	"0x1.38602a2e57f1cp+4"	"0x1.373c4800d8edcp+4"	"0x1.33b2a8d205be6p+4"	"0x1.39aabcd638d33p+4"
"sp|P22137|CLH_YEAST"	"0x1.5ce13b2c62b8cp+4"	"0x1.5f55c49686fd6p+4"	"0x1.5dac74d941ac7p+4"	"0x1.5b4b3403f4ddp+4"	"0x1.57a32e876fc6dp+4"	"0x1.62160631d0dc7p+4"
"sp|P22138|RPA2_YEAST"	"0x1.43b72bc53111ap+4"	"0x1.433c094e0aa26p+4"	"0x1.488523404508ep+4"	"0x1.4876b451003b1p+4"	"0x1.47017f9b07bb6p+4"	"0x1.455ff4be1e852p+4"
"sp|P22141|PSB4_YEAST"	"0x1.2e73d156398cap+4"	"0x1.303aad887c5b5p+4"	"0x1.36bfd1765411ap+4"	"0x1.3126678409aa3p+4"	"0x1.2e4423791a06dp+4"	"0x1.36ce9b8b3083p+4"
"sp|P22146|GAS1_YEAST"	"0x1.66a4842a364ffp+4"	"0x1.65f5f4320ab68p+4"	"0x1.6764eba0538e6p+4"	"0x1.66930ea02c4e4p+4"	"0x1.63f9f599751a5p+4"	"0x1.6abffae81a2cdp+4"
"sp|P22147|XRN1_YEAST"	"0x1.50c5270d9c5ccp+4"	"0x1.4c963f0d1ed41p+4"	"0x1.4e2adf7285264p+4"	"0x1.4781148e5e5eap+4"	"0x1.42ca475a412cep+4"	"0x1.4b77c6ecb8c3ap+4"
"sp|P22203|VATE_YEAST"	"0x1.695ded0996228p+4"	"0x1.6c1f1f741c45fp+4"	"0x1.6fc0e49545a8ap+4"	"0x1.6933fe875d581p+4"	"0x1.6c20b4ba96c9dp+4"	"0x1.6c6bca119ed7ap+4"
"sp|P22217|TRX1_YEAST"	"0x1.5dc37956a3b25p+4"	"0x1.6195baa72a80ap+4"	"0x1.63bda4ef128e4p+4"	"0x1.5ba250b2a971fp+4"	"0x1.61049541c41fep+4"	"0x1.61a88266df725p+4"
"sp|P22276|RPC2_YEAST"	"0x1.2b46f3b5c6cf5p+4"	"0x1.25b1a1d7aadd2p+4"	"0x1.2ed005353f192p+4"	"0x1.fdb08bf1cc02p+3"	"0x1.295f859cf4668p+4"	"0x1.31582a2d40fb7p+4"
"sp|P22336|RFA1_YEAST"	"0x1.25d8151618da8p+4"	"0x1.25925f46ad69cp+4"	"0x1.0c30b250d7f6cp+4"	"0x1.0be6db39ebbfep+4"	"0x1.2a65da8b19a61p+4"	"0x1.1d89a2c09415cp+4"
"sp|P22515|UBA1_YEAST"	"0x1.65a92bd5c7458p+4"	"0x1.5cc4f08b56a23p+4"	"0x1.5df1b430e9b74p+4"	"0x1.5f5d72bfcfcafp+4"	"0x1.5ca9fa32c4d1dp+4"	"0x1.5eebb1391ace7p+4"
"sp|P22696|ESS1_YEAST"	"0x1.145cd744096a7p+4"	"0x1.2199336360cacp+4"	"0x1.227f65af0d8c3p+4"	"0x1.0e72402c257f8p+4"	"0x1.201bcbebf91e3p+4"	"0x1.1ec2f40a588f9p+4"
"sp|P22768|ASSY_YEAST"	"0x1.2f71328097f8ep+4"	"0x1.2e07517f92355p+4"	"0x1.2a29a33d25e4ap+4"	"0x1.36a05a17b794fp+4"	"0x1.2de9891d46854p+4"	"0x1.2c54e08be654fp+4"
"sp|P22803|TRX2_YEAST"	"0x1.75bc6ee371daep+4"	"0x1.719cc3254633fp+4"	"0x1.762474c5e07c2p+4"	"0x1.73200c353bbf5p+4"	"0x1.702ffb9805931p+4"	"0x1.7603f9c0e653p+4"
"sp|P22943|HSP12_YEAST"	"0x1.49f31a9ea3de4p+4"	"0x1.410678571867cp+4"	"0x1.46fa6bf64dae9p+4"	"0x1.4ddb547178a62p+4"	"0x1.466f57fcf2aa2p+4"	"0x1.4537a2814bd3bp+4"
"sp|P23248|RS3A2_YEAST"	"0x1.a5151da5fa6cap+4"	"0x1.9ae55b9c3708cp+4"	"0x1.9d1a4f41a3232p+4"	"0x1.a12eb217f859dp+4"	"0x1.9837a257cd736p+4"	"0x1.9ae53f7d46c1p+4"
"sp|P23254|TKT1_YEAST"	"0x1.79365b9d5efefp+4"	"0x1.779754576b3c5p+4"	"0x1.77e4e60f697e4p+4"	"0x1.789085df6e31ep+4"	"0x1.73c520af00296p+4"	"0x1.79e832efa169bp+4"
"sp|P23301|IF5A1_YEAST;sp|P19211|IF5A2_YEAST"	"0x1.7e2f246160dffp+4"	"0x1.7d9db65f4e176p+4"	"0x1.7eef163b866b9p+4"	"0x1.834370e2d16e3p+4"	"0x1.7d24fb59b811cp+4"	"0x1.7530533ce490dp+4"
"sp|P23542|AATC_YEAST"	"0x1.62bae70a27707p+4"	"0x1.5f238726d47bcp+4"	"0x1.635feeb22194ap+4"	"0x1.5e48d84c86351p+4"	"0x1.5c083eda1be58p+4"	"0x1.62f4f26d08508p+4"
"sp|P23585|HXT2_YEAST;sp|P32467|HXT4_YEAST"	"0x1.3d08c5f6acbd5p+4"	"0x1.3ec675e131a86p+4"	"0x1.497ddb90b4fb1p+4"	"0x1.40ed9ee6f4fdfp+4"	"0x1.414312b68f8dp+4"	"0x1.477fdbd673671p+4"
"sp|P23638|PSA3_YEAST"	"0x1.48e80bea079d3p+4"	"0x1.30d6d72d52ed2p+4"	"0x1.3d630330e078ap+4"	"0x1.44f9450009d87p+4"	"0x1.3d376ea510cc2p+4"	"0x1.3bf6847310d26p+4"
"sp|P23639|PSA2_YEAST"	"0x1.3549c4c1c46ccp+4"	"0x1.3b88022836cadp+4"	"0x1.3b0c5e80789e5p+4"	"0x1.374f86ff5fa63p+4"	"0x1.374a05ea6e729p+4"	"0x1.4111c79ae2353p+4"
"sp|P23641|MPCP_YEAST"	"0x1.4592a345c9cb3p+4"	"0x1.4d0e37bc4caedp+4"	"0x1.4c19741ab1669p+4"	"0x1.3e8997c16580bp+4"	"0x1.46e8e6d04bf2ap+4"	"0x1.4767c888e4cb9p+4"
"sp|P23644|TOM40_YEAST"	"0x1.33482c2fd5d91p+4"	"0x1.1d05811566394p+4"	"0x1.1f374bd7e9a5bp+4"	"0x1.193188fb86888p+4"	"0x1.1cca7ab08f94bp+4"	"0x1.3841d1eaeed49p+4"
"sp|P23724|PSB6_YEAST"	"0x1.2fa03c5aa1adep+4"	"0x1.1cd97c1281f1cp+4"	"0x1.1b196a2400d85p+4"	"0x1.2d5e5727a6aa6p+4"	"0x1.155aaf6344184p+4"	"0x1.1e867845c4e4p+4"
"sp|P24000|RL24B_YEAST"	"0x1.4c61160782129p+4"	"0x1.4efa9598b352bp+4"	"0x1.576d81498c371p+4"	"0x1.525b60fa7f8f6p+4"	"0x1.45c7f5d2de06cp+4"	"0x1.5456724363d69p+4"
"sp|P24276|SSD1_YEAST"	"0x1.3f2316d508b58p+4"	"0x1.394cde68f3baap+4"	"0x1.2c78d669983dfp+4"	"0x1.3d3c229424651p+4"	"0x1.34833fb72ba87p+4"	"0x1.36f0955f6ee07p+4"
"sp|P24279|MCM3_YEAST"	"0x1.8a49fced68fc1p+4"	"0x1.dda6dfa0592ebp+3"	"0x1.02e5eb8cab138p+4"	"0x1.f3e329202f029p+3"	"0x1.fea71496a9d3bp+3"	"0x1.0afe9847a4bcp+4"
"sp|P24280|SEC14_YEAST;sp|P33324|YKJ1_YEAST"	"0x1.4eb6c047d48ccp+4"	"0x1.49f2bcdd7e554p+4"	"0x1.41f32b309bbbfp+4"	"0x1.4a785baace182p+4"	"0x1.3fa79002b2abcp+4"	"0x1.4c1b748113935p+4"
"sp|P24783|DBP2_YEAST"	"0x1.4a1e290d3befp+4"	"0x1.4fc6a84667918p+4"	"0x1.4f36a7a7cd1a2p+4"	"0x1.498d27559d93cp+4"	"0x1.456d55e55d47dp+4"	"0x1.52e2b2c356dbdp+4"
"sp|P25040|TSR4_YEAST"	"0x1.188fcdb208466p+4"	"0x1.1147725dfd22p+4"	"0x1.1a4ead6ed2b7ep+4"	"0x1.0cee1e93659e1p+4"	"0x1.110b6d6c8ca07p+4"	"0x1.15d841e2d4f4p+4"
"sp|P25045|LCB1_YEAST"	"0x1.25fdc327ccbc9p+4"	"0x1.24fafee4bd254p+4"	"0x1.26118d72601e5p+4"	"0x1.27eef54fb7538p+4"	"0x1.2a256d539ec62p+4"	"0x1.2db35f01bec58p+4"
"sp|P25087|ERG6_YEAST"	"0x1.61911f999c0f8p+4"	"0x1.5fe98cf1162d6p+4"	"0x1.613e22b17dc85p+4"	"0x1.61907716bf829p+4"	"0x1.5d78cef4590c7p+4"	"0x1.5d0702c324798p+4"
"sp|P25293|NAP1_YEAST"	"0x1.2911d09bd0a9ap+4"	"0x1.411c87dba0f9cp+4"	"0x1.4986d0f3e3bbep+4"	"0x1.286a597b41612p+4"	"0x1.426712204f3cap+4"	"0x1.478b400839f55p+4"
"sp|P25294|SIS1_YEAST"	"0x1.4fcc5856404fp+4"	"0x1.5896a4f62c64cp+4"	"0x1.5fd0771b2b0d5p+4"	"0x1.564e3386fbac7p+4"	"0x1.529418d46f4ddp+4"	"0x1.55e00a21fe291p+4"
"sp|P25296|CANB_YEAST"	"0x1.291a2dc76034fp+4"	"0x1.1df6b8f75c22bp+4"	"0x1.2dc447f47ebf3p+4"	"0x1.24df51102bc17p+4"	"0x1.2fd5f1e67f419p+4"	"0x1.2f2dba19d70ep+4"
"sp|P25297|PHO84_YEAST"	"0x1.1d1314d85fe2dp+4"	"0x1.1e4ad14357162p+4"	"0x1.1b360e26157f5p+4"	"0x1.1cde64568facap+4"	"0x1.20378d652035p+4"	"0x1.2471e3a670686p+4"
"sp|P25340|ERG4_YEAST"	"0x1.2fd4cf45cd1a5p+4"	"0x1.1835830eff054p+4"	"0x1.2dad245cbb05fp+4"	"0x1.2cfbe0fc34226p+4"	"0x1.2855ce298b92cp+4"	"0x1.330173ddecfe9p+4"
"sp|P25342|CDC10_YEAST"	"0x1.22cfc4fb18f8fp+4"	"0x1.26b9813104b3ap+4"	"0x1.252a391e00195p+4"	"0x1.1dfa2b1fe192fp+4"	"0x1.260a71500d9cep+4"	"0x1.2743db06e14b7p+4"
"sp|P25343|RV161_YEAST"	"0x1.309c83de2e313p+4"	"0x1.2b0b0ac46ca9ap+4"	"0x1.311a98d2612c1p+4"	"0x1.32e01c926f311p+4"	"0x1.2bf89910c1679p+4"	"0x1.2df8b11ea3d54p+4"
"sp|P25349|YCP4_YEAST"	"0x1.1c9179910206fp+4"	"0x1.47f1322182cf1p+4"	"0x1.48b5a3cf62a94p+4"	"0x1.417f0f97555f6p+4"	"0x1.460e9b05d560fp+4"	"0x1.3c20db1e23fabp+4"
"sp|P25367|RNQ1_YEAST"	"0x1.07afa2f032fa4p+4"	"0x1.1e20eb6913b4p+4"	"0x1.2286acf67fb28p+4"	"0x1.19e2617ef2536p+4"	"0x1.16a7f5ad672f2p+4"	"0x1.1e270721cd19ap+4"
"sp|P25373|GLRX1_YEAST"	"0x1.1e398ef1a32eap+4"	"0x1.35b87f7156219p+4"	"0x1.30321422577e6p+4"	"0x1.32791f5a37d0ap+4"	"0x1.2c08252717bd8p+4"	"0x1.382b2810e2f66p+4"
"sp|P25375|PRTD_YEAST"	"0x1.27e799a95967fp+4"	"0x1.25fb2745f5a1p+4"	"0x1.2a83cdfbd1134p+4"	"0x1.20d4aa99b1b8cp+4"	"0x1.2883f7ff6b8f2p+4"	"0x1.294a4e918bb19p+4"
"sp|P25379|STDH_YEAST"	"0x1.308d049ce14f2p+4"	"0x1.23cd1a7fc7841p+4"	"0x1.29c4305e699e6p+4"	"0x1.2ddf888b2550cp+4"	"0x1.1718165403525p+4"	"0x1.2ad8881036ddfp+4"
"sp|P25382|NLE1_YEAST"	"0x1.1c582de897541p+4"	"0x1.116db60e0093cp+4"	"0x1.1dd8db15d74edp+4"	"0x1.23d1b0bf93b53p+4"	"0x1.1b70d8a7b99dcp+4"	"0x1.2853225019d37p+4"
"sp|P25443|RS2_YEAST"	"0x1.909680a065c0dp+4"	"0x1.84a48f6624c61p+4"	"0x1.8d5b897bc832ap+4"	"0x1.923c5a61df4dbp+4"	"0x1.855d2a311f9fcp+4"	"0x1.89faf8efd612cp+4"
"sp|P25491|MAS5_YEAST"	"0x1.64f7569fd5648p+4"	"0x1.6b1fc51ac25a9p+4"	"0x1.670c68bde0b34p+4"	"0x1.604cb37e77ab1p+4"	"0x1.67dc49127652ap+4"	"0x1.672b93448be59p+4"
"sp|P25567|SRO9_YEAST"	"0x1.4b513f11bbfacp+4"	"0x1.435f33b6d144bp+4"	"0x1.49925e1bb98e4p+4"	"0x1.4126309c90141p+4"	"0x1.37c2305ebf9e3p+4"	"0x1.38489820afdb5p+4"
"sp|P25582|SPB1_YEAST"	"0x1.de52aaf3f1ac4p+3"	"0x1.f88bdb360b68ep+3"	"0x1.e13f86c7e3e51p+3"	"0x1.e423bef8295cep+3"	"0x1.e280e50ba3494p+3"	"0x1.e2cd8390905c1p+3"
"sp|P25586|KRR1_YEAST"	"0x1.288f563791becp+4"	"0x1.2eda7406bddap+4"	"0x1.2b07210014cb6p+4"	"0x1.2807d7eedf574p+4"	"0x1.302dd48c3845ap+4"	"0x1.3232a1e58308ep+4"
"sp|P25605|ILV6_YEAST"	"0x1.460f09fdb81bfp+4"	"0x1.43976bd8b142dp+4"	"0x1.4105ee5507e82p+4"	"0x1.45483e9ef1986p+4"	"0x1.3b5d73b594c85p+4"	"0x1.42229ff0b4993p+4"
"sp|P25694|CDC48_YEAST"	"0x1.6c21df48873fbp+4"	"0x1.6fa357980f16fp+4"	"0x1.6dd0a730efb99p+4"	"0x1.6b5536d8086ccp+4"	"0x1.6d4216754cf65p+4"	"0x1.7363e31ca4fcbp+4"
"sp|P25719|CYPC_YEAST"	"0x1.483fc53ae4aeep+4"	"0x1.28cd656823b5cp+4"	"0x1.4660663000359p+4"	"0x1.44f5a246b4f34p+4"	"0x1.25b0ed75d267cp+4"	"0x1.2f24f60105999p+4"
"sp|P25847|MSH2_YEAST"	"0x1.2cadc916a8c38p+4"	"0x1.ee4f4ca8d9322p+3"	"0x1.283e091f137cdp+4"	"0x1.30c5c088d8edcp+4"	"0x1.dd36019dc8d91p+3"	"0x1.29a3057cd2c5ap+4"
"sp|P26321|RL5_YEAST"	"0x1.899f4a208428cp+4"	"0x1.84848009ff8fep+4"	"0x1.8675f32f55427p+4"	"0x1.90c4acf45f029p+4"	"0x1.87913dfbe7123p+4"	"0x1.8aae9f194b6a1p+4"
"sp|P26637|SYLC_YEAST;sp|Q12165|ATPD_YEAST"	"0x1.7086111d7f176p+4"	"0x1.7019ca7dd782dp+4"	"0x1.703c9dd5b0827p+4"	"0x1.6f1b2fa74e0e9p+4"	"0x1.6f9ae47176db5p+4"	"0x1.722a43140024ep+4"
"sp|P26755|RFA3_YEAST"	"0x1.0d790f571994p+4"	"0x1.1011ea94b9729p+4"	"0x1.1510eff4cf0d7p+4"	"0x1.127cf81496afdp+4"	"0x1.180310e530df9p+4"	"0x1.173f14e3772e7p+4"
"sp|P26783|RS5_YEAST"	"0x1.87e6264909baap+4"	"0x1.7f3a96e44224cp+4"	"0x1.7fd7fce3bd9abp+4"	"0x1.85ee38e83db9dp+4"	"0x1.80b8bd4855db7p+4"	"0x1.7f160ee3295c3p+4"
"sp|P26784|RL16A_YEAST"	"0x1.75fc5efd031cdp+4"	"0x1.7255967aec702p+4"	"0x1.72e60de7e47ep+4"	"0x1.7487f9789128bp+4"	"0x1.7652b3d351951p+4"	"0x1.722b7b025ad74p+4"
"sp|P26785|RL16B_YEAST"	"0x1.9720e72fc7ca8p+4"	"0x1.8e5a3bc43e3efp+4"	"0x1.94b94361a8524p+4"	"0x1.977ba1dac08e8p+4"	"0x1.8ea02d7dbac62p+4"	"0x1.94a0d079c00aap+4"
"sp|P26786|RS7A_YEAST"	"0x1.808b812d81613p+4"	"0x1.7a4d2510939dfp+4"	"0x1.7a1c4059a83a2p+4"	"0x1.8047582f95158p+4"	"0x1.79edb326cca36p+4"	"0x1.7d66634dd7f5cp+4"
"sp|P27476|NSR1_YEAST"	"0x1.73bdc39adfda3p+4"	"0x1.6f57b9a530441p+4"	"0x1.70c8f77cbf788p+4"	"0x1.7134eaa463e8fp+4"	"0x1.6c073dd6eaa86p+4"	"0x1.73389b34d7ab8p+4"
"sp|P27514|PHO91_YEAST"	"0x1.1ae5571c64cfcp+4"	"0x1.10cc2dfe1a4a9p+4"	"0x1.1a0126673b154p+4"	"0x1.1d45c885d190dp+4"	"0x1.1acb214822943p+4"	"0x1.1effc402c1e8bp+4"
"sp|P27614|CBPS_YEAST"	"0x1.2dfbe402c6cc7p+4"	"0x1.27eb1ed48686p+4"	"0x1.1c64d7b7514d3p+4"	"0x1.2c65c3d38c4c3p+4"	"0x1.2b8d113c97dd7p+4"	"0x1.3074de009a589p+4"
"sp|P27616|PUR7_YEAST"	"0x1.3e235d17d34b6p+4"	"0x1.352347c1e34f2p+4"	"0x1.3ee2077b73bf6p+4"	"0x1.33ff2cd8fdbe9p+4"	"0x1.2e5d1d8093f21p+4"	"0x1.3af6e3bdcc337p+4"
"sp|P27692|SPT5_YEAST"	"0x1.4a20b4687e07fp+4"	"0x1.3e17fd786722fp+4"	"0x1.46ef2a2dea625p+4"	"0x1.39047bf17dc62p+4"	"0x1.412c15c05e4e2p+4"	"0x1.4276495a5be57p+4"
"sp|P27809|KRE2_YEAST"	"0x1.2a45956e918e1p+4"	"0x1.19fd59638a7d4p+4"	"0x1.24af7bfb476d4p+4"	"0x1.1576dc710ce85p+4"	"0x1.2342027cdd77p+4"	"0x1.28a425bc87ed2p+4"
"sp|P27810|KTR1_YEAST"	"0x1.29f8d0700ea46p+4"	"0x1.1f932991c3ebfp+4"	"0x1.28fec3033033ap+4"	"0x1.2a4f411f21a1dp+4"	"0x1.2c24fc8fb635fp+4"	"0x1.26043156ad493p+4"
"sp|P28000|RPAC2_YEAST"	"0x1.2c160ca038c63p+4"	"0x1.2c0712fff6e2p+4"	"0x1.328c07140e597p+4"	"0x1.215dcc3954c5ep+4"	"0x1.33a9252a3e12dp+4"	"0x1.2a54bb7215899p+4"
"sp|P28007|GAR1_YEAST"	"0x1.20f4545c235d8p+4"	"0x1.2219c80e0432dp+4"	"0x1.31d168a28f2d2p+4"	"0x1.20be020805a03p+4"	"0x1.1ffab908cdc16p+4"	"0x1.2c741ba76b78ap+4"
"sp|P28241|IDH2_YEAST"	"0x1.266a4f3a41adbp+4"	"0x1.205049c0e0c26p+4"	"0x1.2c8c3dd1bcd34p+4"	"0x1.2f050f5e7336fp+4"	"0x1.21bde55f24ce7p+4"	"0x1.2cbd1f9c97f29p+4"
"sp|P28272|PYRD_YEAST"	"0x1.5dcb628d89331p+4"	"0x1.5252b8d6e2c25p+4"	"0x1.4c22c9d20b214p+4"	"0x1.619ba53aab521p+4"	"0x1.4ea822869e4f3p+4"	"0x1.54cf52f2289b1p+4"
"sp|P28274|URA7_YEAST"	"0x1.59a04f9aa345bp+4"	"0x1.4fe07e113d06cp+4"	"0x1.52229ff0b4993p+4"	"0x1.56362311b7566p+4"	"0x1.4c35bef76b1ccp+4"	"0x1.52392fe73f663p+4"
"sp|P28319|CWP1_YEAST"	"0x1.466e1070f068ep+4"	"0x1.41ef0626c9103p+4"	"0x1.4258d582843d4p+4"	"0x1.4571c9e47d668p+4"	"0x1.45c4e37865e0cp+4"	"0x1.4be833c863dabp+4"
"sp|P28495|CAPZA_YEAST"	"0x1.174948893bcd9p+4"	"0x1.1027e6580aecbp+4"	"0x1.2a0045eac075bp+4"	"0x1.0fed656356294p+4"	"0x1.17a9d11701d97p+4"	"0x1.25e23947ed8fdp+4"
"sp|P28707|SBA1_YEAST"	"0x1.4b48f4fe0588cp+4"	"0x1.473e5728697afp+4"	"0x1.484613128d892p+4"	"0x1.4ad241fb4ef61p+4"	"0x1.47a058f3d2757p+4"	"0x1.4ab9855711291p+4"
"sp|P28777|AROC_YEAST"	"0x1.5bcd0e6f5a974p+4"	"0x1.587cc14b0353bp+4"	"0x1.5926ee178b244p+4"	"0x1.5a4800bbf8e6ap+4"	"0x1.567e09b05d9c7p+4"	"0x1.59ab71261b5b6p+4"
"sp|P28834|IDH1_YEAST"	"0x1.47cebd4214764p+4"	"0x1.4cc75eb399df1p+4"	"0x1.47555ac5cd033p+4"	"0x1.4af02826209f5p+4"	"0x1.45285496fa167p+4"	"0x1.4913f1ebdfa89p+4"
"sp|P29029|CHIT_YEAST"	"0x1.0852e1ef471d4p+4"	"0x1.1c160ca038c63p+4"	"0x1.1e5065c966128p+4"	"0x1.19a79f68fbe1p+4"	"0x1.0a98ec268c40dp+4"	"0x1.225284a7e4c8bp+4"
"sp|P29311|BMH1_YEAST"	"0x1.82d5414de59aap+4"	"0x1.80aa0ab3b088p+4"	"0x1.85da0768a5969p+4"	"0x1.8244d1b643b16p+4"	"0x1.7fbfd32615c7cp+4"	"0x1.877eb016a9fb9p+4"
"sp|P29453|RL8B_YEAST"	"0x1.9f11d7b0d9e56p+4"	"0x1.9bb5540919e7p+4"	"0x1.9a39f3db5803p+4"	"0x1.9d56e50a1bbb8p+4"	"0x1.9807f2ad0e4a4p+4"	"0x1.9b612a9ab841dp+4"
"sp|P29509|TRXB1_YEAST;sp|P38816|TRXB2_YEAST"	"0x1.5b6b1370399fp+4"	"0x1.5ade3c4c26844p+4"	"0x1.5d3c229424651p+4"	"0x1.5a1283d86a301p+4"	"0x1.5ae49120deb69p+4"	"0x1.5ed134f299c46p+4"
"sp|P29547|EF1G1_YEAST"	"0x1.52675321005a2p+4"	"0x1.429499d87e4fep+4"	"0x1.3a15232113b92p+4"	"0x1.56fe609e5904dp+4"	"0x1.43d1058f785d5p+4"	"0x1.4b185e86e83d2p+4"
"sp|P29704|FDFT_YEAST"	"0x1.358f01b8db6c3p+4"	"0x1.41f9e5caa47bep+4"	"0x1.3a419c1de064fp+4"	"0x1.3ad56e4230695p+4"	"0x1.3827fdad065a9p+4"	"0x1.3cc167e2cf735p+4"
"sp|P29952|MPI_YEAST"	"0x1.4b4dcb3b753c7p+4"	"0x1.37e064b03132ap+4"	"0x1.47fa6082a193cp+4"	"0x1.483910a24aa61p+4"	"0x1.384facdf48047p+4"	"0x1.3d7b32822cefdp+4"
"sp|P30624|LCF1_YEAST"	"0x1.431aa18e0a438p+4"	"0x1.38a5ee1372436p+4"	"0x1.40202b8754107p+4"	"0x1.3fd49523f255cp+4"	"0x1.336d1cdb75b8bp+4"	"0x1.3fe10f19e6505p+4"
"sp|P30656|PSB5_YEAST"	"0x1.3b6e3c91b0e35p+4"	"0x1.346e5afad5b5fp+4"	"0x1.2a1f2da0c0d29p+4"	"0x1.3531286427e26p+4"	"0x1.350cf438e4d3p+4"	"0x1.38057489ac4c5p+4"
"sp|P30822|XPO1_YEAST"	"0x1.373d450f77a2fp+4"	"0x1.3b166adad36a5p+4"	"0x1.3ef419f10434ap+4"	"0x1.36f9415d96a3dp+4"	"0x1.320333b2e09d5p+4"	"0x1.3b66d02f887a7p+4"
"sp|P30902|ATP7_YEAST"	"0x1.1cf27ebc3d8p+4"	"0x1.07deb1c4545p+4"	"0x1.18a9922b014fp+4"	"0x1.1e222448bb707p+4"	"0x1.122f8eb08e097p+4"	"0x1.0bb37b95931efp+4"
"sp|P31116|DHOM_YEAST"	"0x1.740121431261bp+4"	"0x1.6d0315547afc9p+4"	"0x1.6e9f2b1457bcfp+4"	"0x1.72e8c99667c1dp+4"	"0x1.63c43aebf3904p+4"	"0x1.713d559e19e3cp+4"
"sp|P31373|CYS3_YEAST"	"0x1.6d90bb70098f4p+4"	"0x1.6c7a2ac38734dp+4"	"0x1.6b91b1f6915fcp+4"	"0x1.6d4a69505ce55p+4"	"0x1.66fe10b256296p+4"	"0x1.6cb1379e2a0f7p+4"
"sp|P31382|PMT2_YEAST"	"0x1.3dbe01f5d43cap+4"	"0x1.3934690a9c62p+4"	"0x1.355800d03010fp+4"	"0x1.3b7435b304ca9p+4"	"0x1.3014f31419bebp+4"	"0x1.348386e785935p+4"
"sp|P31383|2AAA_YEAST"	"0x1.16bb86960570ep+4"	"0x1.29f6c3d854a7bp+4"	"0x1.2d5c10f519dc2p+4"	"0x1.2d6edd85de63cp+4"	"0x1.275323a6b6e7dp+4"	"0x1.2f4080370faf4p+4"
"sp|P31412|VATC_YEAST"	"0x1.506b5b3397fb9p+4"	"0x1.4225b4df12b6cp+4"	"0x1.40280300dd748p+4"	"0x1.4d22ab63d62b5p+4"	"0x1.422a537f4597ap+4"	"0x1.3d27843318838p+4"
"sp|P31539|HS104_YEAST"	"0x1.6a9b9c3b84575p+4"	"0x1.6473cb78af4dp+4"	"0x1.6354f78a7386ep+4"	"0x1.5fdd3bda5457ep+4"	"0x1.5f516a8869de2p+4"	"0x1.643ed0b5fe0f1p+4"
"sp|P31688|TPS2_YEAST"	"0x1.ffc90ccf920b1p+3"	"0x1.05b2442b05693p+4"	"0x1.013c9a4a70556p+4"	"0x1.ddf2e815b38aap+3"	"0x1.0633f0c7721e1p+4"	"0x1.0196163e6850dp+4"
"sp|P31787|ACBP_YEAST"	"0x1.5c96e64d18a56p+4"	"0x1.5b164728588fap+4"	"0x1.5c46fcdbabf96p+4"	"0x1.597ddb90b4fb1p+4"	"0x1.5b57ccf034deep+4"	"0x1.5060d5085fe3fp+4"
"sp|P32074|COPG_YEAST"	"0x1.48bfadb347c38p+4"	"0x1.49a6ce7da2702p+4"	"0x1.46b4ded3ea5eep+4"	"0x1.46e3e2e57bd1ep+4"	"0x1.4ba9f8648fc2bp+4"	"0x1.49e23be375821p+4"
"sp|P32178|CHMU_YEAST"	"0x1.2af72b83e0e37p+4"	"0x1.310693f0b8b21p+4"	"0x1.366ad2568ec9dp+4"	"0x1.262307df2a42fp+4"	"0x1.30209e5031e11p+4"	"0x1.3574312238908p+4"
"sp|P32179|MET22_YEAST"	"0x1.0c4018d8b9616p+4"	"0x1.197111781cd8p+4"	"0x1.dcc8b12a79c5dp+3"	"0x1.12ec701c9d659p+4"	"0x1.19f77f386fb94p+4"	"0x1.dc200e440dfbbp+3"
"sp|P32263|P5CR_YEAST"	"0x1.4d3bd143108e1p+4"	"0x1.4db7aa5513698p+4"	"0x1.50bdca26064dfp+4"	"0x1.4c59d4699a6a9p+4"	"0x1.4cae5f0410427p+4"	"0x1.48b8bb02b927ap+4"
"sp|P32264|PROB_YEAST"	"0x1.14eecf9fb758bp+4"	"0x1.15dddac7215d7p+4"	"0x1.18349069aa351p+4"	"0x1.0ce13b2c62b8cp+4"	"0x1.f4a5155811ba3p+3"	"0x1.1ab35b1aa3946p+4"
"sp|P32288|GLNA_YEAST"	"0x1.5a7d5e610fa2ep+4"	"0x1.4fd12ce379e72p+4"	"0x1.5ecd7f8f0341cp+4"	"0x1.55b5f236e3294p+4"	"0x1.580b80ed1e895p+4"	"0x1.568fe08fbf676p+4"
"sp|P32324|EF2_YEAST"	"0x1.b2a824cf47113p+4"	"0x1.b0975c5cebe94p+4"	"0x1.aeb5a23fa5952p+4"	"0x1.afbbe82218d23p+4"	"0x1.ad5f7c30bb2b4p+4"	"0x1.b04a79c02bae7p+4"
"sp|P32327|PYC2_YEAST"	"0x1.5977e0b4db122p+4"	"0x1.4c43ad08497e4p+4"	"0x1.4a56f712bc31p+4"	"0x1.2c44788dcb4afp+4"	"0x1.45c16047a8313p+4"	"0x1.4d57b473c9336p+4"
"sp|P32337|IMB3_YEAST"	"0x1.2806692024d3ep+4"	"0x1.2a1c450159383p+4"	"0x1.316f67f32878ap+4"	"0x1.296393613535p+4"	"0x1.2c324aa3ff5ffp+4"	"0x1.31aa1bddee1c6p+4"
"sp|P32342|SRP21_YEAST"	"0x1.321a4bc4d047bp+4"	"0x1.2c6a3e1fb0fb6p+4"	"0x1.0e5446bf4ee56p+4"	"0x1.30e562f7cb752p+4"	"0x1.2edf122d9d712p+4"	"0x1.159bbff7d7aa2p+4"
"sp|P32352|ERG2_YEAST"	"0x1.2eedf72304a25p+4"	"0x1.2a489dd4930b7p+4"	"0x1.2d92c862dbda6p+4"	"0x1.3014d6539292cp+4"	"0x1.2aae1b6638f1bp+4"	"0x1.2ebe134f774b5p+4"
"sp|P32366|VA0D_YEAST"	"0x1.2e0bbc6d8f06bp+4"	"0x1.33de7a0b7e68ep+4"	"0x1.3853af2174d69p+4"	"0x1.2de37ca520d16p+4"	"0x1.349c3955ab2a7p+4"	"0x1.35ed64e2dd9fdp+4"
"sp|P32368|SAC1_YEAST"	"0x1.48ceb45e514bfp+4"	"0x1.42fcff893fcccp+4"	"0x1.3be2f3917db19p+4"	"0x1.4237a6c99575ap+4"	"0x1.3fff021079f7cp+4"	"0x1.414e44770cbb4p+4"
"sp|P32377|MVD1_YEAST"	"0x1.3796604e0968dp+4"	"0x1.380b583311231p+4"	"0x1.3d333c0e93e6ap+4"	"0x1.38246d77c2e23p+4"	"0x1.31b18cc5638fcp+4"	"0x1.40ff7540a9ffp+4"
"sp|P32379|PSA5_YEAST"	"0x1.3de1b21ed50e9p+4"	"0x1.40b6b0d5309f4p+4"	"0x1.43ff2cd8fdbe9p+4"	"0x1.41a1d180a789ap+4"	"0x1.44fce726de84ep+4"	"0x1.42b1419ee094ep+4"
"sp|P32381|ARP2_YEAST"	"0x1.2e761b7671c0ep+4"	"0x1.17c96ecac2464p+4"	"0x1.2f6c93a72fc5p+4"	"0x1.29f52789945f4p+4"	"0x1.3246e33698f03p+4"	"0x1.1d3c229424651p+4"
"sp|P32386|YBT1_YEAST"	"0x1.256b76d751ecdp+4"	"0x1.3090356c6316fp+4"	"0x1.2dbed0c4a2095p+4"	"0x1.31c766483a971p+4"	"0x1.2eadddc9266a3p+4"	"0x1.36607c13a4906p+4"
"sp|P32445|RIM1_YEAST"	"0x1.4930665596995p+4"	"0x1.44e12441eebd8p+4"	"0x1.4869cd33e940cp+4"	"0x1.46b622794b695p+4"	"0x1.4615898a22206p+4"	"0x1.4a3900ac1db8cp+4"
"sp|P32449|AROG_YEAST"	"0x1.5cd7392d8314cp+4"	"0x1.56ab6145eab8fp+4"	"0x1.578ee8300f764p+4"	"0x1.58f4de388eaf6p+4"	"0x1.5689efcd5027bp+4"	"0x1.5e2204ffe97d3p+4"
"sp|P32453|ATP11_YEAST"	"0x1.d58a64100db86p+3"	"0x1.de6eaf913b2cbp+3"	"0x1.e5c12db05fc44p+3"	"0x1.d253134313517p+3"	"0x1.d5efbdde88a86p+3"	"0x1.d6d64307200dp+3"
"sp|P32454|APE2_YEAST"	"0x1.4f28efbd8e739p+4"	"0x1.44bc13559cdb9p+4"	"0x1.4ae3291802d3ep+4"	"0x1.47017f9b07bb6p+4"	"0x1.4a3c4248f5897p+4"	"0x1.4e58270e79cf7p+4"
"sp|P32457|CDC3_YEAST"	"0x1.3a98a3390f9c4p+4"	"0x1.3d302e0f0ce1bp+4"	"0x1.3c38ccd2f5221p+4"	"0x1.2eb655806bdb6p+4"	"0x1.356885bbe4dcfp+4"	"0x1.333c094e0aa26p+4"
"sp|P32458|CDC11_YEAST"	"0x1.1fb5bb7d8b3d9p+4"	"0x1.132ba6ed61f3dp+4"	"0x1.20f2d0b79f4bap+4"	"0x1.1eab992a5ff0dp+4"	"0x1.10f261f1a9264p+4"	"0x1.267cb810315fbp+4"
"sp|P32463|ACPM_YEAST"	"0x1.2991c59f4fa43p+4"	"0x1.2e50e1f1437ap+4"	"0x1.34d544e96ae24p+4"	"0x1.28d2520d93685p+4"	"0x1.11820499c6c28p+4"	"0x1.3200d358858dfp+4"
"sp|P32466|HXT3_YEAST"	"0x1.352c4b9cb20ebp+4"	"0x1.375bfedcc7e5bp+4"	"0x1.1b282b5c0c965p+4"	"0x1.341672aa92c6ep+4"	"0x1.39392c8fa7a9dp+4"	"0x1.1e6b7edcd299cp+4"
"sp|P32468|CDC12_YEAST"	"0x1.454a0998100d8p+4"	"0x1.40fc38081956fp+4"	"0x1.3e4a740d34d24p+4"	"0x1.42b443bdfe5d7p+4"	"0x1.3ce4a6374fd7bp+4"	"0x1.408810463b0bap+4"
"sp|P32469|DPH5_YEAST"	"0x1.21805411f840fp+4"	"0x1.2408d602c4a8bp+4"	"0x1.199747881690fp+4"	"0x1.0c7a268ff82eap+4"	"0x1.0f5f81192c5cap+4"	"0x1.15d2a7a2c101ep+4"
"sp|P32471|EF1B_YEAST"	"0x1.873dabda4fbf6p+4"	"0x1.7d9f463bceafdp+4"	"0x1.752f3325217d6p+4"	"0x1.84ba6947fd36cp+4"	"0x1.7c8bf26c5a2e9p+4"	"0x1.81fd8488d5309p+4"
"sp|P32473|ODPB_YEAST"	"0x1.54a0edfd6fd83p+4"	"0x1.4c36bdf6e56e5p+4"	"0x1.4e31e2903f1c2p+4"	"0x1.4fa3d7d1c0b3fp+4"	"0x1.4a49fced68fc1p+4"	"0x1.5211637f48244p+4"
"sp|P32476|ERG1_YEAST"	"0x1.3286acf67fb28p+4"	"0x1.258817bafdb9ap+4"	"0x1.2b52481ea5c31p+4"	"0x1.2f8fd502fec84p+4"	"0x1.278b2b38db3a9p+4"	"0x1.2ecda58baf746p+4"
"sp|P32478|HS150_YEAST"	"0x1.5886b229d5938p+4"	"0x1.5f91111a20d8fp+4"	"0x1.6d0a4b87766fcp+4"	"0x1.695fcdb4075bp+4"	"0x1.616694fa25b51p+4"	"0x1.69380f2076aedp+4"
"sp|P32481|IF2G_YEAST"	"0x1.6980a89f54f08p+4"	"0x1.682fc87af3ba5p+4"	"0x1.65fe005cfe002p+4"	"0x1.6a05057c62dd9p+4"	"0x1.65b21834e2eefp+4"	"0x1.6817b884ddad9p+4"
"sp|P32485|HOG1_YEAST;sp|P41808|SMK1_YEAST;sp|Q00772|SLT2_YEAST"	"0x1.1cbf96e59de07p+4"	"0x1.188c614d2f72cp+4"	"0x1.2363319942fb7p+4"	"0x1.1c8d06db655f3p+4"	"0x1.26c0e970b76a2p+4"	"0x1.25964440966c4p+4"
"sp|P32486|KRE6_YEAST"	"0x1.227c90747c7ffp+4"	"0x1.26c6200209967p+4"	"0x1.1a42d6a1f4c98p+4"	"0x1.1cdc5382e0e09p+4"	"0x1.2730e6ccc6b8p+4"	"0x1.290cf170e0659p+4"
"sp|P32495|NHP2_YEAST"	"0x1.2e6f7a28cdf5ap+4"	"0x1.35f351db0e8b3p+4"	"0x1.3d22ecb89c476p+4"	"0x1.2af678130ab2dp+4"	"0x1.22b25c0b4624cp+4"	"0x1.36560b4025757p+4"
"sp|P32496|RPN12_YEAST"	"0x1.2ffc4d4bbf56ap+4"	"0x1.2413cdb90652ep+4"	"0x1.24291cffb6398p+4"	"0x1.08cb8c64bb4a7p+4"	"0x1.2b1294e00547ep+4"	"0x1.2b0478da14a45p+4"
"sp|P32497|EIF3C_YEAST"	"0x1.59f491945ac7ap+4"	"0x1.4c3712f446f0cp+4"	"0x1.57ba02435ecd4p+4"	"0x1.5095442667cf9p+4"	"0x1.525d69f397794p+4"	"0x1.588523404508ep+4"
"sp|P32499|NUP2_YEAST"	"0x1.3ec3aab1e8ec9p+4"	"0x1.4811dd193712cp+4"	"0x1.40af9554cb028p+4"	"0x1.41b8e0800f893p+4"	"0x1.3e36f0d8c6341p+4"	"0x1.4056d83a86d1fp+4"
"sp|P32502|EI2BB_YEAST"	"0x1.1289198bd802dp+4"	"0x1.166ad2568ec9dp+4"	"0x1.1af8fdf628c7cp+4"	"0x1.1a12a9259043p+4"	"0x1.1b2872898acaep+4"	"0x1.1c9845773d8d7p+4"
"sp|P32521|PAN1_YEAST"	"0x1.2103e1c962325p+4"	"0x1.23ae3d96e6b3ep+4"	"0x1.26cc2c5a36cb8p+4"	"0x1.177e4fa2867e1p+4"	"0x1.2d224963524a5p+4"	"0x1.1f2949820397dp+4"
"sp|P32527|ZUO1_YEAST"	"0x1.70aed4c18314ap+4"	"0x1.6afb060f20a73p+4"	"0x1.6dea3ac55c371p+4"	"0x1.6eb1890075b01p+4"	"0x1.65b4840ed5966p+4"	"0x1.6f397f2bcba22p+4"
"sp|P32529|RPA12_YEAST"	"0x1.1c60e365b5435p+4"	"0x1.2600e4399ddcbp+4"	"0x1.213eb23ad4922p+4"	"0x1.1c706d485364ep+4"	"0x1.223c7635906e8p+4"	"0x1.24f7b9832efd7p+4"
"sp|P32558|SPT16_YEAST"	"0x1.49a13d456fe6p+4"	"0x1.3b74e55cc50bbp+4"	"0x1.3ceb2859a597ap+4"	"0x1.49a5b18de395p+4"	"0x1.432a5fee314e7p+4"	"0x1.389757f443f01p+4"
"sp|P32563|VPH1_YEAST"	"0x1.4ce663cc49313p+4"	"0x1.4db9d7a7edb47p+4"	"0x1.4ddc9105d6539p+4"	"0x1.43938fab6211bp+4"	"0x1.3d5b4ed7806fap+4"	"0x1.3cb5fab879608p+4"
"sp|P32565|RPN2_YEAST;sp|P47169|MET5_YEAST"	"0x1.48bf4af066b3cp+4"	"0x1.4b206105da86ep+4"	"0x1.4519702dc9ae5p+4"	"0x1.488586fd2f7ebp+4"	"0x1.4660d3a1666bdp+4"	"0x1.4d73258cd6b51p+4"
"sp|P32568|SNQ2_YEAST;sp|P53756|PDR18_YEAST;sp|Q02785|PDR12_YEAST"	"0x1.4826e1efcf35cp+4"	"0x1.430ecbb5f4943p+4"	"0x1.476b7652fd573p+4"	"0x1.496dc5dd3db86p+4"	"0x1.46205a0fc70eep+4"	"0x1.4b2d3dd36ba64p+4"
"sp|P32582|CBS_YEAST"	"0x1.7e6bcc1b28d9ap+4"	"0x1.7b0c558ffbba6p+4"	"0x1.7ecc4fa0d6dbep+4"	"0x1.7d78e31348819p+4"	"0x1.75ff168c9adeep+4"	"0x1.7d659973e1e8ap+4"
"sp|P32583|SRP40_YEAST"	"0x1.31d5430d08bc1p+4"	"0x1.2b2c9dcd1b288p+4"	"0x1.2d4b1bc38061ep+4"	"0x1.303ae6ab7022p+4"	"0x1.30afcd593944dp+4"	"0x1.3aae9a8ec1377p+4"
"sp|P32588|PUB1_YEAST"	"0x1.491944580540dp+4"	"0x1.4bb73731f5281p+4"	"0x1.469016d899508p+4"	"0x1.4bd4519944d36p+4"	"0x1.4aefce531d72ep+4"	"0x1.4ebbd047eca15p+4"
"sp|P32589|HSP7F_YEAST"	"0x1.9140924b679eap+4"	"0x1.89a89187ce9a3p+4"	"0x1.8963ca9c7950ep+4"	"0x1.8eef74a8f58dfp+4"	"0x1.7cd31a3177081p+4"	"0x1.8c08d4c179eep+4"
"sp|P32598|PP12_YEAST"	"0x1.3bf3c3bbd761ep+4"	"0x1.37c1c947ad4ccp+4"	"0x1.3d6f7ec0d25bbp+4"	"0x1.3ae9e87a9d943p+4"	"0x1.36cfb2d26fa62p+4"	"0x1.3d9d7a624bb55p+4"
"sp|P32599|FIMB_YEAST;REV__sp|P32599|FIMB_YEAST"	"0x1.52bb472b547f5p+4"	"0x1.48fe3a3691fd1p+4"	"0x1.4e7cab75a61e2p+4"	"0x1.574b4c039a70dp+4"	"0x1.46ff6afe944b6p+4"	"0x1.4c8b74c13d261p+4"
"sp|P32602|SEC17_YEAST"	"0x1.2f3bf566d6b94p+4"	"0x1.330600a68c7ddp+4"	"0x1.30ab88a2ff639p+4"	"0x1.25b7cb451d37dp+4"	"0x1.2d5dd5cc0a7ffp+4"	"0x1.332996aa9e6c5p+4"
"sp|P32610|VATD_YEAST"	"0x1.2b144174261e3p+4"	"0x1.2018a79713b52p+4"	"0x1.1e2c2769011e4p+4"	"0x1.297482eac8bb4p+4"	"0x1.1f59f14f434f4p+4"	"0x1.211aeb56cd1cfp+4"
"sp|P32614|FRDS_YEAST"	"0x1.3b7c3bae866f8p+4"	"0x1.3c96b420ccf09p+4"	"0x1.39b084a86879ep+4"	"0x1.4283f2808ca0ap+4"	"0x1.40e23dd989e63p+4"	"0x1.47f994463cdf3p+4"
"sp|P32621|GDA1_YEAST"	"0x1.2a6ee5e02f909p+4"	"0x1.36e73af659f9ep+4"	"0x1.3395e0a732914p+4"	"0x1.344c4db75fc3dp+4"	"0x1.35dc04c283d52p+4"	"0x1.3ba7cb3a0eefcp+4"
"sp|P32623|CRH2_YEAST"	"0x1.3fa2696eac64bp+4"	"0x1.3dfac899434b8p+4"	"0x1.40e23dd989e63p+4"	"0x1.3665199ff7a5bp+4"	"0x1.3c413955d5785p+4"	"0x1.3f461624e267bp+4"
"sp|P32628|RAD23_YEAST"	"0x1.3e0cc7546626ep+4"	"0x1.437c590379833p+4"	"0x1.4720346770d2fp+4"	"0x1.3c123e06af50cp+4"	"0x1.3d5add989faf4p+4"	"0x1.45c9b6fc2bdc7p+4"
"sp|P32771|FADH_YEAST"	"0x1.2ab9dffe49bfep+4"	"0x1.1f07ffd242dcdp+4"	"0x1.2e345273e3dacp+4"	"0x1.26dff4664b374p+4"	"0x1.2667680d952c2p+4"	"0x1.2e9762df0ce9ap+4"
"sp|P32787|MG101_YEAST"	"0x1.18901d57aa6a6p+4"	"0x1.106ab12f755acp+4"	"0x1.08ab8d9e8211ep+4"	"0x1.06fd09750e94bp+4"	"0x1.ecf730f4745b2p+3"	"0x1.f72254f9d1a0ap+3"
"sp|P32790|SLA1_YEAST"	"0x1.2f4545b26a1f2p+4"	"0x1.1a5830746571ep+4"	"0x1.27b4ce046e9d4p+4"	"0x1.2be35b0308c0ap+4"	"0x1.280b583311231p+4"	"0x1.20544a2116c31p+4"
"sp|P32791|FRE1_YEAST"	"0x1.406d91c8ba164p+4"	"0x1.335ecffb2a01p+4"	"0x1.34b90b88b8cdp+4"	"0x1.412382241214ap+4"	"0x1.2e7677fcf47a9p+4"	"0x1.345b412ae7bbfp+4"
"sp|P32802|TMN1_YEAST;sp|Q04562|TMN2_YEAST"	"0x1.049b810235a3p+4"	"0x1.0fbbe47c11e51p+4"	"0x1.1aca4856e2874p+4"	"0x1.06606ef177a46p+4"	"0x1.1c48d76edb09p+4"	"0x1.1cfc43a04f2fep+4"
"sp|P32832|RSC7_YEAST"	"0x1.063dc9bbee36cp+4"	"0x1.12bafa441d472p+4"	"0x1.1d4d63a249eecp+4"	"0x1.17729174cb7aep+4"	"0x1.207e956062f5ep+4"	"0x1.1c4c486445ea1p+4"
"sp|P32835|GSP1_YEAST;sp|P32836|GSP2_YEAST"	"0x1.6dcc8c26658a4p+4"	"0x1.731b6e7b3a30ep+4"	"0x1.7b90d772dfb32p+4"	"0x1.73706739179a5p+4"	"0x1.74b3ce93d49c4p+4"	"0x1.77d25ac93c84ap+4"
"sp|P32860|NFU1_YEAST"	"0x1.1ea284741f9ffp+4"	"0x1.1e591f083d6dp+4"	"0x1.110bdbba95087p+4"	"0x1.1e23da32d3a9ap+4"	"0x1.11071deeeb2a2p+4"	"0x1.20236b851cc6ap+4"
"sp|P32861|UGPA1_YEAST"	"0x1.6049806ba3625p+4"	"0x1.5cf05f3b68a49p+4"	"0x1.5d9197dbaa2fbp+4"	"0x1.60a24d66bc334p+4"	"0x1.5afbb95c92e19p+4"	"0x1.60bc49e5fbff2p+4"
"sp|P32895|KPR1_YEAST"	"0x1.29ff6565be5afp+4"	"0x1.2fe370176ae85p+4"	"0x1.2936fb512a4ecp+4"	"0x1.1f0ed0122226bp+4"	"0x1.2747f7cd72eb7p+4"	"0x1.284ebb4c63749p+4"
"sp|P32899|IMP3_YEAST"	"0x1.fe903851c8dbdp+3"	"0x1.09f31a9ea3de3p+4"	"0x1.1a886085d3996p+4"	"0x1.14632e91b5559p+4"	"0x1.161e30c32d066p+4"	"0x1.2022134d9d89ap+4"
"sp|P32905|RSSA1_YEAST"	"0x1.439c3e29206fep+4"	"0x1.3310de5f292b9p+4"	"0x1.33688b5612935p+4"	"0x1.428d09739be2fp+4"	"0x1.2e1ef6ad8ffe8p+4"	"0x1.3d47e03a6ace5p+4"
"sp|P32910|RPC6_YEAST"	"0x1.f7e227c787517p+3"	"0x1.027a228db3515p+4"	"0x1.f79ac674b8b47p+3"	"0x1.f1555f42acc4p+3"	"0x1.023d13570324dp+4"	"0x1.04f99415d5664p+4"
"sp|P32911|SUI1_YEAST"	"0x1.52544028a3f58p+4"	"0x1.4dc732b7e03c7p+4"	"0x1.498c688e6845p+4"	"0x1.44fb8a6976dd6p+4"	"0x1.4e3c8a2e68197p+4"	"0x1.4d427bfee0998p+4"
"sp|P32915|SC61A_YEAST"	"0x1.35d2eae58942fp+4"	"0x1.2d80d9f0c44e8p+4"	"0x1.391dbfb81a57bp+4"	"0x1.3361d4bd76fb9p+4"	"0x1.07de4f46dbe1fp+4"	"0x1.11425378475bdp+4"
"sp|P32939|YPT7_YEAST"	"0x1.7463f95c13b44p+4"	"0x1.7b7951e644dbfp+4"	"0x1.772d6f0ee0109p+4"	"0x1.72ebe449a8dd8p+4"	"0x1.78cd742fa2ce7p+4"	"0x1.799422b5e72a2p+4"
"sp|P33201|MRT4_YEAST"	"0x1.393baaf70d7efp+4"	"0x1.3520647fe90a4p+4"	"0x1.381d4b665c1dep+4"	"0x1.377e647d7fe27p+4"	"0x1.3696316812695p+4"	"0x1.37a9e5cad1aebp+4"
"sp|P33204|ARPC4_YEAST"	"0x1.27a357fae5467p+4"	"0x1.27a4a38c1a07ep+4"	"0x1.22cf91e3d518ap+4"	"0x1.2506113e26637p+4"	"0x1.2c3b96575d946p+4"	"0x1.306caf2d313ccp+4"
"sp|P33297|PRS6A_YEAST"	"0x1.3e0b8d52a1272p+4"	"0x1.2d7121df1dd34p+4"	"0x1.41c0b7a1ee2cdp+4"	"0x1.3f7b598508d07p+4"	"0x1.4060d5085fe3fp+4"	"0x1.426077132716p+4"
"sp|P33298|PRS6B_YEAST"	"0x1.26ac035d686adp+4"	"0x1.1fb3ad75cae1bp+4"	"0x1.1e1140e6f0b19p+4"	"0x1.2b5d2d2acd87ep+4"	"0x1.17b3835b24521p+4"	"0x1.1b41f899cce0ep+4"
"sp|P33299|PRS7_YEAST"	"0x1.35e91ed501191p+4"	"0x1.1abcb506022bp+4"	"0x1.361e894dcb397p+4"	"0x1.34cbefe9697c4p+4"	"0x1.2c0f5e62d2025p+4"	"0x1.31a08edb8135dp+4"
"sp|P33302|PDR5_YEAST"	"0x1.635d7f5567a42p+4"	"0x1.5f71663b19cf6p+4"	"0x1.666a1e0ee4c28p+4"	"0x1.5fa79002b2abcp+4"	"0x1.5de5d54293dcp+4"	"0x1.644d9108264fdp+4"
"sp|P33307|CSE1_YEAST"	"0x1.e15bed7a3276p+3"	"0x1.177486e6aa5c9p+4"	"0x1.0080156c9ca58p+4"	"0x1.03100005acdc3p+4"	"0x1.059cab4d79354p+4"	"0x1.fff2d3fc6aedcp+3"
"sp|P33317|DUT_YEAST"	"0x1.2adc79c21ec86p+4"	"0x1.2a3a4e2c2a57cp+4"	"0x1.219f1659e49ccp+4"	"0x1.35cb4b1dc34dbp+4"	"0x1.ff37f21e35aa3p+3"	"0x1.0d19bb053fb03p+4"
"sp|P33322|CBF5_YEAST"	"0x1.5ba1a2613f62cp+4"	"0x1.53d1fa1bd1abep+4"	"0x1.5b9db7a946c18p+4"	"0x1.5a59d8568cf2ap+4"	"0x1.54fc38cabd499p+4"	"0x1.5a3c7095561e6p+4"
"sp|P33330|SERC_YEAST"	"0x1.4807ec4f05ecp+4"	"0x1.4526fa6758334p+4"	"0x1.471db88fbefdfp+4"	"0x1.403f797e46f7p+4"	"0x1.3dbf30355512fp+4"	"0x1.45dbab374d26fp+4"
"sp|P33331|NTF2_YEAST"	"0x1.4de4e83423d13p+4"	"0x1.518d0a872c692p+4"	"0x1.2f8cf5a98ea8fp+4"	"0x1.4b4d72d1f53e4p+4"	"0x1.4b4dcb3b753c7p+4"	"0x1.3666cf004f457p+4"
"sp|P33333|PLSC_YEAST"	"0x1.0db89935e0af7p+4"	"0x1.0b2370d36c546p+4"	"0x1.04fc8ecfdf825p+4"	"0x1.0914d3c771d37p+4"	"0x1.092ac00391decp+4"	"0x1.09c538f143eaep+4"
"sp|P33338|SLA2_YEAST"	"0x1.295cd15f7b841p+4"	"0x1.291182b0d74dfp+4"	"0x1.21a0fa69d86bp+4"	"0x1.20c6bba7002eep+4"	"0x1.226b89c415b35p+4"	"0x1.2277b46570147p+4"
"sp|P33399|LHP1_YEAST"	"0x1.39ab2eb8793d1p+4"	"0x1.3e4480c8bf737p+4"	"0x1.33d9fec12e824p+4"	"0x1.3e8efe7a6b4aep+4"	"0x1.2f25c7980d05ep+4"	"0x1.3f2c712cca851p+4"
"sp|P33401|PGM1_YEAST"	"0x1.3e79b8766215dp+4"	"0x1.3a3a984610a6ep+4"	"0x1.3e3c5b76a956ep+4"	"0x1.32719fe1f76ebp+4"	"0x1.369bde01ebd9p+4"	"0x1.3cce6da76a486p+4"
"sp|P33442|RS3A1_YEAST"	"0x1.5e7355e9b775ep+4"	"0x1.6223e8b628c73p+4"	"0x1.63606b566314cp+4"	"0x1.61fa28019ea78p+4"	"0x1.625c245d4a774p+4"	"0x1.64afc8870d39dp+4"
"sp|P33734|HIS5_YEAST"	"0x1.32fe490da6686p+4"	"0x1.209e45657299ep+4"	"0x1.36ad06acf2614p+4"	"0x1.37cfc8b0e7a77p+4"	"0x1.28ade7ff17323p+4"	"0x1.362bd6375c4p+4"
"sp|P33750|DCA13_YEAST"	"0x1.00fe92a4dd52ap+4"	"0x1.0b25aa9c053bp+4"	"0x1.fec84521dd8b3p+3"	"0x1.01997400cc85dp+4"	"0x1.fca5d69209322p+3"	"0x1.0b43140d21d7cp+4"
"sp|P33767|OSTB_YEAST"	"0x1.2a1bd547be49dp+4"	"0x1.26947f861a16fp+4"	"0x1.2b39858adb453p+4"	"0x1.1aafab00f7f72p+4"	"0x1.0d022b5137a5dp+4"	"0x1.2d48b3362b99p+4"
"sp|P33775|PMT1_YEAST"	"0x1.39c314d87e8d4p+4"	"0x1.1efde1d0175e6p+4"	"0x1.3d772c615b33bp+4"	"0x1.3dcef2ffa1b79p+4"	"0x1.31ce12ffe0f13p+4"	"0x1.39296e782f282p+4"
"sp|P33892|GCN1_YEAST"	"0x1.5024eeab95ea7p+4"	"0x1.508a8a939588cp+4"	"0x1.4ce56c44c81ccp+4"	"0x1.51cae4edfb85bp+4"	"0x1.4cb67fce3190ep+4"	"0x1.4fd44c78d2fe1p+4"
"sp|P34078|LTV1_YEAST"	"0x1.1dbb955dfa367p+4"	"0x1.160de974e1b2p+4"	"0x1.f62db3057c84ep+3"	"0x1.18ff112d8c593p+4"	"0x1.03ff196f2c9abp+4"	"0x1.fc08e3e17e6bep+3"
"sp|P34087|RPB7_YEAST"	"0x1.0ab70a9d918c7p+4"	"0x1.09cfd796cc207p+4"	"0x1.15a87731c37ep+4"	"0x1.0bdec63ccaf1p+4"	"0x1.0db51d34cc424p+4"	"0x1.15f430cfaa875p+4"
"sp|P34167|IF4B_YEAST"	"0x1.629962f2a4c77p+4"	"0x1.5734098bd538ap+4"	"0x1.5769d3d2cf796p+4"	"0x1.6226177576fcap+4"	"0x1.5b4817c573ac5p+4"	"0x1.5d0f7f7ecf904p+4"
"sp|P34216|EDE1_YEAST"	"0x1.2fb12a4925922p+4"	"0x1.280150334132ap+4"	"0x1.370f3624d84adp+4"	"0x1.36d53be6d5e6dp+4"	"0x1.307b622019f2fp+4"	"0x1.3c90c16bea656p+4"
"sp|P34223|UBX1_YEAST"	"0x1.2b76794f625f8p+4"	"0x1.2da3c93d38308p+4"	"0x1.287a73de984abp+4"	"0x1.2a66b734358ffp+4"	"0x1.29a3e98b4fa11p+4"	"0x1.285413b4f113fp+4"
"sp|P34227|PRX1_YEAST"	"0x1.1216e63e7a996p+4"	"0x1.2fc8a60e5da22p+4"	"0x1.2d3eacf47dab2p+4"	"0x1.1f44ce9245e36p+4"	"0x1.3226f05423369p+4"	"0x1.30949b55e0e36p+4"
"sp|P34241|URB1_YEAST"	"0x1.0dd06faec6ce2p+4"	"0x1.15361b2b79f99p+4"	"0x1.161c75fa2e90dp+4"	"0x1.0e3895a3ddfdbp+4"	"0x1.1e8395e9c0de4p+4"	"0x1.1bed953980378p+4"
"sp|P34253|KTI12_YEAST"	"0x1.f718b695bc176p+3"	"0x1.00a74e5abcbe6p+4"	"0x1.fe13da742a61p+3"	"0x1.f9dfbd7a6e8eep+3"	"0x1.01786184c897fp+4"	"0x1.f7fe805ae3199p+3"
"sp|P34730|BMH2_YEAST"	"0x1.540c6e5a425e1p+4"	"0x1.52d83ebff0edep+4"	"0x1.5a12b278d05cbp+4"	"0x1.5252b8d6e2c25p+4"	"0x1.5306e4702c773p+4"	"0x1.5975a23c1b509p+4"
"sp|P34760|TSA1_YEAST;sp|Q04120|TSA2_YEAST"	"0x1.8a24e1e2a5e6cp+4"	"0x1.7e81419423913p+4"	"0x1.81665116820fbp+4"	"0x1.882753f20acd7p+4"	"0x1.7c3acec29efe4p+4"	"0x1.83c82d9cf8c51p+4"
"sp|P35176|CYPD_YEAST"	"0x1.2985d8ab954e2p+4"	"0x1.1d370cfc8c90cp+4"	"0x1.1521ed4679d45p+4"	"0x1.29bf04ce59a93p+4"	"0x1.16cc5756dfd1ap+4"	"0x1.1de1436bd7e58p+4"
"sp|P35178|RRP1_YEAST"	"0x1.0bdec63ccaf1p+4"	"0x1.17e651d4a79e6p+4"	"0x1.1c379aed8b534p+4"	"0x1.11caa22ee2c9fp+4"	"0x1.1b054fab2b8e4p+4"	"0x1.1bf08a4889faep+4"
"sp|P35179|SC61G_YEAST"	"0x1.5142ce6a2ba77p+4"	"0x1.530271283405ap+4"	"0x1.517be416c25edp+4"	"0x1.4fca121490264p+4"	"0x1.4f4e835f96919p+4"	"0x1.556d8eea8b86dp+4"
"sp|P35180|TOM20_YEAST"	"0x1.18dcc5717866p+4"	"0x1.26e9d21490991p+4"	"0x1.293d546b039e8p+4"	"0x1.1d68f11e2234dp+4"	"0x1.24823aa93606ap+4"	"0x1.20f6b54fe037cp+4"
"sp|P35184|SQT1_YEAST"	"0x1.21874b764297ep+4"	"0x1.236eaac930006p+4"	"0x1.20c990dea213fp+4"	"0x1.21052d198674bp+4"	"0x1.296b6009a809cp+4"	"0x1.258d3c135216p+4"
"sp|P35189|TAF14_YEAST"	"0x1.225adeb50c112p+4"	"0x1.27cc019838022p+4"	"0x1.2b9b43889f82dp+4"	"0x1.2555ad87a2799p+4"	"0x1.204bd6be72348p+4"	"0x1.2f9abc157abb4p+4"
"sp|P35197|GCS1_YEAST"	"0x1.3684b671818dcp+4"	"0x1.2c8c1c4f767f7p+4"	"0x1.3d2164b1219fep+4"	"0x1.337c590379833p+4"	"0x1.304cba9d4c70ap+4"	"0x1.379ac1828446ap+4"
"sp|P35691|TCTP_YEAST"	"0x1.831f3f7103862p+4"	"0x1.81148958dd068p+4"	"0x1.830f8940ffda9p+4"	"0x1.82fe3c6183486p+4"	"0x1.7d30ed85d5993p+4"	"0x1.84fbc48a760bbp+4"
"sp|P35719|MRP8_YEAST"	"0x1.378ff6865dc28p+4"	"0x1.35b5c5275ddc2p+4"	"0x1.388523404508ep+4"	"0x1.31099889ef104p+4"	"0x1.37e3ff74c648ep+4"	"0x1.3b530a75e5594p+4"
"sp|P35723|YET1_YEAST"	"0x1.26b5f75333939p+4"	"0x1.281c805e056b3p+4"	"0x1.24594b5dc9e39p+4"	"0x1.1c18fc84f153p+4"	"0x1.20dea928c5525p+4"	"0x1.1d3fb106fe352p+4"
"sp|P35732|DEF1_YEAST"	"0x1.402b5e88edafbp+4"	"0x1.402d0c1e18292p+4"	"0x1.41f9e5caa47bep+4"	"0x1.3e3ac68410015p+4"	"0x1.41a471757d7dcp+4"	"0x1.3f6b309e2ce24p+4"
"sp|P35844|KES1_YEAST"	"0x1.46a4d54ea04edp+4"	"0x1.38006fcd8205fp+4"	"0x1.407ad4d491e5fp+4"	"0x1.3471b40ca6268p+4"	"0x1.4323fbe29b1c9p+4"	"0x1.38b0c4d45b571p+4"
"sp|P38711|RS27B_YEAST;sp|P35997|RS27_YEAST"	"0x1.932ec3afa21e2p+4"	"0x1.8f56ed87e6428p+4"	"0x1.8f5662589d38bp+4"	"0x1.8e5248c5d514ep+4"	"0x1.8c9f243e0d887p+4"	"0x1.93c4e36acb588p+4"
"sp|P36008|EF1G2_YEAST"	"0x1.82cdc5fe90725p+4"	"0x1.7db4b5a2ce617p+4"	"0x1.82a24135d2e2ep+4"	"0x1.850cc5dab72fdp+4"	"0x1.7ec0cc2332f87p+4"	"0x1.84d7e599d3bd7p+4"
"sp|P36010|NDK_YEAST"	"0x1.4e0ac12eee21p+4"	"0x1.4bdc13f1fb5fcp+4"	"0x1.4c992f87bec1cp+4"	"0x1.4b38b09d8b0b5p+4"	"0x1.4afd7986648aep+4"	"0x1.4f1219672ecb2p+4"
"sp|P36013|MAOM_YEAST"	"0x1.37bfda597e32cp+4"	"0x1.2f57469a33a3cp+4"	"0x1.326ec8f6146c1p+4"	"0x1.2dad642e27ef4p+4"	"0x1.2c31e491daa5bp+4"	"0x1.28d165c309d7ap+4"
"sp|P36015|YKT6_YEAST"	"0x1.479be40e98452p+4"	"0x1.4da777c5fc327p+4"	"0x1.4f00c41dac5b4p+4"	"0x1.4a3be5af1dc62p+4"	"0x1.4a3fdffb9c792p+4"	"0x1.435cc4465c83bp+4"
"sp|P36016|LHS1_YEAST"	"0x1.1443c8868844cp+4"	"0x1.2e19f2cb410c1p+4"	"0x1.36945420f3daap+4"	"0x1.4f3da5d58acabp+4"	"0x1.11769a9df6a8ep+4"	"0x1.12326d6dc6dbcp+4"
"sp|P36017|VPS21_YEAST"	"0x1.0abc240b9489ep+4"	"0x1.1bc85b3f2b58dp+4"	"0x1.0ee1152fa9b51p+4"	"0x1.0da2a991c24c2p+4"	"0x1.16924b4a4c36cp+4"	"0x1.1bbb9fc6969f5p+4"
"sp|P36018|YPT52_YEAST;sp|P36019|YPT53_YEAST"	"0x1.27c3a36fb7b93p+4"	"0x1.1dfe1aad09f2ep+4"	"0x1.2b870d046aeb4p+4"	"0x1.2bc51bb5739ddp+4"	"0x1.2cc9b3bb5f399p+4"	"0x1.2d41370d4a326p+4"
"sp|P36046|MIA40_YEAST"	"0x1.30ce23a4005dbp+4"	"0x1.37f6a05c953d1p+4"	"0x1.1f45f85e1fe44p+4"	"0x1.3378784c1e786p+4"	"0x1.36f055494203p+4"	"0x1.3d8c24a807e3cp+4"
"sp|P36049|EBP2_YEAST"	"0x1.3c8ea9998e41ap+4"	"0x1.3c25b8185c88dp+4"	"0x1.3bdea3baf790dp+4"	"0x1.40939e140b4a4p+4"	"0x1.33ae9ffdaf21cp+4"	"0x1.38a54f5d62bedp+4"
"sp|P36051|MCD4_YEAST"	"0x1.0f43a4b7693efp+4"	"0x1.16c2ee2fd2bc7p+4"	"0x1.0c9a9f45cf84ep+4"	"0x1.0cfafacc3838ep+4"	"0x1.10fb767b383aap+4"	"0x1.114030ed5bfe9p+4"
"sp|P36060|MCR1_YEAST"	"0x1.1b6506544676bp+4"	"0x1.0d7b930c0c4dp+4"	"0x1.1dc9fd5bea5bep+4"	"0x1.21b6933c658a7p+4"	"0x1.125adeb50c113p+4"	"0x1.14e3836505c1cp+4"
"sp|P36105|RL14A_YEAST"	"0x1.6cddec8abf7e7p+4"	"0x1.468ed11c02aeap+4"	"0x1.6e0ee4d6a59fdp+4"	"0x1.73e7e7d5afa76p+4"	"0x1.55fefabba20aap+4"	"0x1.611aeb56cd1cfp+4"
"sp|P36114|YKR18_YEAST"	"0x1.2c9c94987c104p+4"	"0x1.2c9972662fc59p+4"	"0x1.282e6643f836fp+4"	"0x1.2bdfb7c3ee5b7p+4"	"0x1.30cb4efc07eaep+4"	"0x1.2fec26f5f7343p+4"
"sp|P36136|SHB17_YEAST"	"0x1.25c47319c9729p+4"	"0x1.1faafe6cb36cp+4"	"0x1.28113a5c2fe42p+4"	"0x1.1c27ea8e9caf3p+4"	"0x1.fd7a32e19ffddp+3"	"0x1.209e45657299ep+4"
"sp|P36152|DRE2_YEAST"	"0x1.063c9e4294c8dp+4"	"0x1.099f6d4f68ee4p+4"	"0x1.13b0ee43fb27ep+4"	"0x1.f87857984fc3dp+3"	"0x1.05d8e327770c1p+4"	"0x1.09970a96f7dacp+4"
"sp|P36160|RPF2_YEAST"	"0x1.102db7ea9e3b7p+4"	"0x1.2ab7bffe18c5fp+4"	"0x1.17c1622ece8bbp+4"	"0x1.272d6f0ee0109p+4"	"0x1.1e3b04d2938d9p+4"	"0x1.1b256365f3331p+4"
"sp|P36421|SYYC_YEAST"	"0x1.88245bb998a69p+4"	"0x1.71816feea9e74p+4"	"0x1.70a9900ab63aep+4"	"0x1.84672d30f082dp+4"	"0x1.6c19741ab1669p+4"	"0x1.758a3890592aap+4"
"sp|P37262|SOL2_YEAST;sp|P50278|SOL1_YEAST"	"0x1.0b03a2012e4f9p+4"	"0x1.0f5e93e4ac3bap+4"	"0x1.0deb23aab6b8dp+4"	"0x1.0758c8576d291p+4"	"0x1.ed2d89cbee79dp+3"	"0x1.0ead450336b08p+4"
"sp|P37263|YC16_YEAST"	"0x1.2151acc23ff9dp+4"	"0x1.233d817a0e04dp+4"	"0x1.298dbff08c49ap+4"	"0x1.1e30c9bab62a7p+4"	"0x1.1f3a181765567p+4"	"0x1.1d6a746df56a5p+4"
"sp|P37291|GLYC_YEAST"	"0x1.665d9e9d7b72p+4"	"0x1.5f350d1b8f468p+4"	"0x1.6b1ff1a77ddf1p+4"	"0x1.6655982017c5dp+4"	"0x1.5cc9f60dd88d7p+4"	"0x1.64b95213ebd7fp+4"
"sp|P37292|GLYM_YEAST"	"0x1.527b9a50f5a26p+4"	"0x1.50c70f5958e86p+4"	"0x1.556b8da81b8cap+4"	"0x1.53147844aec6fp+4"	"0x1.4f424e1c5b14ap+4"	"0x1.55288e479c5a9p+4"
"sp|P37302|APE3_YEAST"	"0x1.55a101dbdcc3fp+4"	"0x1.4a0caf0942c93p+4"	"0x1.4f5b468c39818p+4"	"0x1.54192f779b166p+4"	"0x1.486bc2236c87ap+4"	"0x1.54b95213ebd7fp+4"
"sp|P37303|GLY1_YEAST"	"0x1.61194eb52b1bap+4"	"0x1.590d79e66560ap+4"	"0x1.5e89715414d8p+4"	"0x1.5dc3f08b3501dp+4"	"0x1.59b62e9db5572p+4"	"0x1.5bbca4190f067p+4"
"sp|P37838|NOP4_YEAST"	"0x1.28cec811dabcfp+4"	"0x1.21b4e6892d229p+4"	"0x1.20d63039bd348p+4"	"0x1.28155bd8cb016p+4"	"0x1.208f5423efe25p+4"	"0x1.2013b6c698de4p+4"
"sp|P37898|AAP1_YEAST"	"0x1.42fb047247dcdp+4"	"0x1.3d7131fd3a003p+4"	"0x1.423b3be6219bdp+4"	"0x1.4227c298d38ddp+4"	"0x1.3d7ce4e22f1fdp+4"	"0x1.4581592100042p+4"
"sp|P38009|PUR92_YEAST"	"0x1.4ee7b471b3a96p+4"	"0x1.4961c63ced8e6p+4"	"0x1.48cc02a922263p+4"	"0x1.5284b48d26799p+4"	"0x1.4acfc9e8ba8c6p+4"	"0x1.48b1c63a26babp+4"
"sp|P38011|GBLP_YEAST"	"0x1.8b40443fb9961p+4"	"0x1.8eb9bac4a8dbp+4"	"0x1.9069de68e001dp+4"	"0x1.89ac81f2d765ep+4"	"0x1.8d879b02f88dap+4"	"0x1.8a3485b44fc94p+4"
"sp|P38013|AHP1_YEAST"	"0x1.91fe5351bc6p+4"	"0x1.9a015e8504a55p+4"	"0x1.9a9b85740d523p+4"	"0x1.933c18fb052d4p+4"	"0x1.96eadc0c4aaf6p+4"	"0x1.9c4feb9df0e15p+4"
"sp|P38061|RL32_YEAST"	"0x1.94c99a1261a9cp+4"	"0x1.912eb217f859dp+4"	"0x1.8a2ac7d0b2c27p+4"	"0x1.93509337fa852p+4"	"0x1.8e11276929afcp+4"	"0x1.910bca7e8676fp+4"
"sp|P38071|ETR1_YEAST"	"0x1.151262992a71fp+4"	"0x1.1e3ee9617e2a3p+4"	"0x1.1e0ecd4c7355ep+4"	"0x1.089c2c69b4d5cp+4"	"0x1.1f55fffb320c1p+4"	"0x1.2b170b7b5128cp+4"
"sp|P38075|PDX3_YEAST"	"0x1.2a68953104e71p+4"	"0x1.1e12b956d95e3p+4"	"0x1.316e228a47355p+4"	"0x1.31ae682cb26cap+4"	"0x1.1e24d460e28bdp+4"	"0x1.306b06322332bp+4"
"sp|P38077|ATPG_YEAST"	"0x1.34d1b3ea8111p+4"	"0x1.2f17068653ce5p+4"	"0x1.35b6a67188d09p+4"	"0x1.37d769931cfcdp+4"	"0x1.31f32b309bbbfp+4"	"0x1.36ed13e9b54b6p+4"
"sp|P38088|SYG_YEAST"	"0x1.79878fe955dc5p+4"	"0x1.7831767c9baf1p+4"	"0x1.78f07842f0b25p+4"	"0x1.79de8f6673bc1p+4"	"0x1.76e9f228c8e9dp+4"	"0x1.7aa9bdc34a11bp+4"
"sp|P38115|ARA1_YEAST"	"0x1.3bb4296069b6ep+4"	"0x1.3440c8c3ee57cp+4"	"0x1.2bb39e5826b87p+4"	"0x1.286ffb97eec56p+4"	"0x1.2f04b50cac3b2p+4"	"0x1.34e4ca36b3be6p+4"
"sp|P38116|ARL1_YEAST"	"0x1.28429bac15938p+4"	"0x1.2a21810ff2e19p+4"	"0x1.28424af94015ap+4"	"0x1.26d941ac07341p+4"	"0x1.2bec81d6290c1p+4"	"0x1.29cecf7d91175p+4"
"sp|P38130|KTR3_YEAST"	"0x1.2951899fe7287p+4"	"0x1.21cfa3337d46cp+4"	"0x1.1946b030c0531p+4"	"0x1.2b528ecac0042p+4"	"0x1.1d662ac9d4582p+4"	"0x1.2a3a73393b3b7p+4"
"sp|P38137|FAT2_YEAST"	"0x1.0cfa773f0f432p+4"	"0x1.076fe3e120e5dp+4"	"0x1.21cd5833d99e8p+4"	"0x1.0a7610ec12c6fp+4"	"0x1.26e0ca9a9ba71p+4"	"0x1.116759d6b0e07p+4"
"sp|P38143|GPX2_YEAST"	"0x1.288afaa15d0f2p+4"	"0x1.2472d1a1a377bp+4"	"0x1.1ea2c1ad102a1p+4"	"0x1.2383397b6b053p+4"	"0x1.262e6c9eb31bcp+4"	"0x1.36937b226cd65p+4"
"sp|P38144|ISW1_YEAST"	"0x1.2dbf30355512fp+4"	"0x1.325fc0d94a2afp+4"	"0x1.2e8808111a743p+4"	"0x1.2d7223bb9a4dbp+4"	"0x1.2bb65560c1ed1p+4"	"0x1.3869e13e4e9bbp+4"
"sp|P38174|MAP2_YEAST"	"0x1.1033880614c22p+4"	"0x1.012ba80beb833p+4"	"0x1.02c1768178991p+4"	"0x1.0e9df8c1b15dap+4"	"0x1.0b25aa9c053bp+4"	"0x1.111ec93206473p+4"
"sp|P38197|YBD6_YEAST"	"0x1.20ebe35ede076p+4"	"0x1.28c763928c7a7p+4"	"0x1.287bdb8b8976ap+4"	"0x1.2b25f1d13b95fp+4"	"0x1.2a25dcded43bfp+4"	"0x1.2701aa34d52eep+4"
"sp|P38199|HEK2_YEAST"	"0x1.2c6c7af26b5efp+4"	"0x1.186aa9a2874c8p+4"	"0x1.1a2879f5e16acp+4"	"0x1.2baf8b31ded17p+4"	"0x1.254d71426cd17p+4"	"0x1.1abf4140eeda5p+4"
"sp|P38203|LSM2_YEAST"	"0x1.178bfb4f425cap+4"	"0x1.1062b77fefe8cp+4"	"0x1.107cd16e46642p+4"	"0x1.237798d8ac80bp+4"	"0x1.27681c45ea25fp+4"	"0x1.2dbab68727bc8p+4"
"sp|P38205|NCL1_YEAST"	"0x1.478ce02c3d85dp+4"	"0x1.48bd5d093d9f2p+4"	"0x1.51b9a95556337p+4"	"0x1.4d2443a9d346ap+4"	"0x1.4dc467bd5ec4cp+4"	"0x1.5008050108283p+4"
"sp|P38217|IMB2_YEAST"	"0x1.1d98ea23232cep+4"	"0x1.01fe0e2c70d3dp+4"	"0x1.0366c63703adap+4"	"0x1.fe59063c8822dp+3"	"0x1.00b10701d2e8bp+4"	"0x1.02f11f8675f9bp+4"
"sp|P38219|OLA1_YEAST"	"0x1.7857ddec40474p+4"	"0x1.73a7044bdfb7dp+4"	"0x1.7555e6c75ef13p+4"	"0x1.75b1fc068689ep+4"	"0x1.72f4340726762p+4"	"0x1.74fd786fb6e91p+4"
"sp|P38237|UBP14_YEAST"	"0x1.0f9af6c9badbfp+4"	"0x1.e4879079c9e6dp+3"	"0x1.08463b657fdap+4"	"0x1.0749cf35601ep+4"	"0x1.edc3dbbf12d8bp+3"	"0x1.e551d9cfd4a83p+3"
"sp|P38248|ECM33_YEAST"	"0x1.632bf8aa5a66fp+4"	"0x1.5aaaa0fdd961p+4"	"0x1.62d89e673a04p+4"	"0x1.617be416c25edp+4"	"0x1.5de7d6c13e9bap+4"	"0x1.622f74713ff77p+4"
"sp|P38249|EIF3A_YEAST"	"0x1.60e16d8f4de13p+4"	"0x1.60958a7bde57ap+4"	"0x1.689628a616082p+4"	"0x1.63801a162b542p+4"	"0x1.60f9ec6443f1dp+4"	"0x1.666e1070f068ep+4"
"sp|P38250|IST2_YEAST"	"0x1.34ab402556f42p+4"	"0x1.3b24e6c542fd3p+4"	"0x1.40e1281f982cbp+4"	"0x1.3910ac655d403p+4"	"0x1.40789f84a666cp+4"	"0x1.3cf1da0ed7b71p+4"
"sp|P38256|YBU6_YEAST"	"0x1.044787ad979d4p+4"	"0x1.08386aee0a95p+4"	"0x1.03571ce7cc5ccp+4"	"0x1.057d9e1bb6cfdp+4"	"0x1.0ad8f446f52d5p+4"	"0x1.0e70cdc5bdfbfp+4"
"sp|P38260|FES1_YEAST"	"0x1.1c6d886f8d9bp+4"	"0x1.078ce45569988p+4"	"0x1.0e4fe99eecd32p+4"	"0x1.019f00d56b4d3p+4"	"0x1.068bea2adcd95p+4"	"0x1.1045d3b830568p+4"
"sp|P38264|PHO88_YEAST"	"0x1.69dfc11f7fb68p+4"	"0x1.671ad26841c6bp+4"	"0x1.6ce14fd12789dp+4"	"0x1.6b9727b565621p+4"	"0x1.6135da3c4abc8p+4"	"0x1.6d4bea93ab855p+4"
"sp|P38281|APD1_YEAST"	"0x1.128b85e00af3ap+4"	"0x1.2005fe3fce9dbp+4"	"0x1.0f9e2c6806a6dp+4"	"0x1.18e81f87fbdcep+4"	"0x1.183a3fb449cdp+4"	"0x1.1a2f268393b68p+4"
"sp|P38286|MKAR_YEAST"	"0x1.28ffd492ecd27p+4"	"0x1.26e523fa57cd7p+4"	"0x1.2e906efdac8ddp+4"	"0x1.2713c683eeb56p+4"	"0x1.29507bd1e9a25p+4"	"0x1.2a3d0dfcb4bf3p+4"
"sp|P38288|TOS1_YEAST"	"0x1.3a08d13cfbe11p+4"	"0x1.0c76792784363p+4"	"0x1.37d687948ee89p+4"	"0x1.3bdd2819953a7p+4"	"0x1.1cbe8d1fee8e2p+4"	"0x1.362256eb1241ep+4"
"sp|P38295|MCFS2_YEAST"	"0x1.04a659b27b7fp+4"	"0x1.0b7165446cec5p+4"	"0x1.08b84c4478f16p+4"	"0x1.09adbb7d2a5c1p+4"	"0x1.5ddf80a2429c5p+4"	"0x1.5e79cf9486df5p+4"
"sp|P38328|ARPC1_YEAST"	"0x1.1f432d8edcb61p+4"	"0x1.2468c5735881fp+4"	"0x1.2212c79aaad92p+4"	"0x1.241e8ff5424bep+4"	"0x1.23b89c2f8e978p+4"	"0x1.266e3c1e4188bp+4"
"sp|P38333|ENP1_YEAST"	"0x1.2b07b026877f4p+4"	"0x1.38d13e605d121p+4"	"0x1.28deebac09604p+4"	"0x1.27ed0a268a102p+4"	"0x1.23a0f6cfefb35p+4"	"0x1.450af618eaf7ap+4"
"sp|P38353|SSH1_YEAST"	"0x1.2b9e88faa915ep+4"	"0x1.36e97c8875cc3p+4"	"0x1.321d7c23daa7cp+4"	"0x1.32daef51d8f29p+4"	"0x1.2b19d52c3fa8ep+4"	"0x1.35686ee81c1b4p+4"
"sp|P38426|TPS3_YEAST"	"0x1.fd34483681605p+3"	"0x1.102a236e16723p+4"	"0x1.218ff04432ddcp+4"	"0x1.fe4aff79c1b6fp+3"	"0x1.22ed6e4de0615p+4"	"0x1.238f68a8a57a2p+4"
"sp|P38431|IF5_YEAST"	"0x1.5e29f525073e4p+4"	"0x1.5e2c3ed557af3p+4"	"0x1.5e8b17f8ce598p+4"	"0x1.5b0e9a83928afp+4"	"0x1.5f5737c1e9471p+4"	"0x1.5fe4084cfe247p+4"
"sp|P38523|GRPE_YEAST"	"0x1.399aec65c706fp+4"	"0x1.33cd0206a28fp+4"	"0x1.3706bcf45da52p+4"	"0x1.379922587998dp+4"	"0x1.3330db5652e7p+4"	"0x1.3842ec5dd0f5fp+4"
"sp|P38555|YPT31_YEAST;sp|P51996|YPT32_YEAST"	"0x1.40d7ed637c3a6p+4"	"0x1.43509337fa852p+4"	"0x1.4526fa6758334p+4"	"0x1.3ed06f8618ac6p+4"	"0x1.42f512281547dp+4"	"0x1.44d0b24e04456p+4"
"sp|P38623|RCK2_YEAST"	"0x1.19290d75c272ep+4"	"0x1.10fbe515a4283p+4"	"0x1.1aff6f4f7381ap+4"	"0x1.ffa0086aacbbdp+3"	"0x1.0f6fb22d812a4p+4"	"0x1.05797e561df84p+4"
"sp|P38625|GUAA_YEAST"	"0x1.72b010ac2891ap+4"	"0x1.68ef21696995bp+4"	"0x1.6da66044f6eafp+4"	"0x1.6a9fe13a9e9edp+4"	"0x1.632dd02543c25p+4"	"0x1.6b61ca505169bp+4"
"sp|P38626|NCB5R_YEAST"	"0x1.467696bfb20bcp+4"	"0x1.3fdd17927ccedp+4"	"0x1.46930ea02c4e4p+4"	"0x1.4eff96cfadc97p+4"	"0x1.440b03206cbcap+4"	"0x1.500c8527ec413p+4"
"sp|P38627|URA8_YEAST"	"0x1.07c049b919472p+4"	"0x1.0c7d4d047c27p+4"	"0x1.fef0bffec2fc7p+3"	"0x1.f8093884f80afp+3"	"0x1.d58b4bacc9fc9p+3"	"0x1.f8bd226057884p+3"
"sp|P38631|FKS1_YEAST;sp|Q04952|FKS3_YEAST"	"0x1.5f93cb3509efep+4"	"0x1.63e3dc15657dbp+4"	"0x1.5edab0ac071d5p+4"	"0x1.5f72b2bab18e8p+4"	"0x1.5d9761da27685p+4"	"0x1.63161285620dfp+4"
"sp|P38682|GLO3_YEAST"	"0x1.3dfc52365c87bp+4"	"0x1.40107491ce935p+4"	"0x1.3f0078cb9d6a4p+4"	"0x1.3bf9bd10ca2fp+4"	"0x1.412f4c48d6932p+4"	"0x1.427c5ca3c0f2fp+4"
"sp|P38687|SRP68_YEAST"	"0x1.22ff13cc2656ep+4"	"0x1.29c4a1c35f131p+4"	"0x1.1e7d1749198d6p+4"	"0x1.1cefaa055aaafp+4"	"0x1.1b00464f6f73p+4"	"0x1.2738fc2c7b393p+4"
"sp|P38688|SRP72_YEAST"	"0x1.1acc427d6a422p+4"	"0x1.280f7abd3ee12p+4"	"0x1.082deccd24f1bp+4"	"0x1.1a7ea80b2ba99p+4"	"0x1.2a041273428f3p+4"	"0x1.2ab15ed0ca53cp+4"
"sp|P38689|KPR3_YEAST"	"0x1.39b907cee6afdp+4"	"0x1.3aa9eb3619aebp+4"	"0x1.3acb8dbdc617bp+4"	"0x1.37756caca3763p+4"	"0x1.37334b75e91d6p+4"	"0x1.3e493d4e23c42p+4"
"sp|P38694|MSC7_YEAST"	"0x1.f4c1e0537da07p+3"	"0x1.fafbc607f35bdp+3"	"0x1.0b39a906ff07dp+4"	"0x1.f45c366e5d1fep+3"	"0x1.07a1b96b38246p+4"	"0x1.02bf244eee4b6p+4"
"sp|P38697|IMDH2_YEAST"	"0x1.1ef3fbbfc2b36p+4"	"0x1.1f47221af8c4dp+4"	"0x1.2e9e734b0eecep+4"	"0x1.2acb214822943p+4"	"0x1.19bfe7c8e7a2ap+4"	"0x1.25c7421f2f436p+4"
"sp|P38701|RS20_YEAST"	"0x1.9528b98bb7703p+4"	"0x1.91853b14c4aecp+4"	"0x1.96d4801b8b906p+4"	"0x1.977eb016a9fb9p+4"	"0x1.97b3a7868f29ep+4"	"0x1.9ba3610794322p+4"
"sp|P38707|SYNC_YEAST"	"0x1.73b70d109fd4dp+4"	"0x1.774836f21ec69p+4"	"0x1.728f7f0d34f8ep+4"	"0x1.70e88b201c7cbp+4"	"0x1.72127bc60a80dp+4"	"0x1.7415ffd957e82p+4"
"sp|P38708|YHI0_YEAST"	"0x1.6eef0358a83dp+4"	"0x1.6a7efa72d31ap+4"	"0x1.6a63a4f42314fp+4"	"0x1.6f00d6f209b0fp+4"	"0x1.697d93d7420a8p+4"	"0x1.6b24e6c542fd3p+4"
"sp|P38715|GRE3_YEAST"	"0x1.683b6eb6be95p+4"	"0x1.5899c0526dd1bp+4"	"0x1.2e5b4cd42c7a2p+4"	"0x1.361dee5a577c5p+4"	"0x1.59452e083592cp+4"	"0x1.2ffc6a2ae646ep+4"
"sp|P38720|6PGD1_YEAST;sp|P53319|6PGD2_YEAST"	"0x1.7af597be55173p+4"	"0x1.77743dc8b598p+4"	"0x1.799d6e9930d29p+4"	"0x1.75516d6337456p+4"	"0x1.78e76041273dfp+4"	"0x1.7add00ef22e03p+4"
"sp|P38737|ECM29_YEAST"	"0x1.213ffa4316394p+4"	"0x1.10ce5b5e790fcp+4"	"0x1.135cf628d191cp+4"	"0x1.22c0fb9666211p+4"	"0x1.0eaf2dd51c23bp+4"	"0x1.164d62ec1ff22p+4"
"sp|P38755|OSH7_YEAST"	"0x1.f0c80af1f40e4p+3"	"0x1.d4dcc355375adp+3"	"0x1.1346508bcd9bep+4"	"0x1.cd5214ed61539p+3"	"0x1.15201f2cfb842p+4"	"0x1.18f9dfd0bbb8dp+4"
"sp|P38764|RPN1_YEAST"	"0x1.54603ed075df9p+4"	"0x1.538ff0aabbb53p+4"	"0x1.5636914c33be6p+4"	"0x1.52e8a9ca73a46p+4"	"0x1.535b4e1681b7ap+4"	"0x1.57e7667150853p+4"
"sp|P38777|FSH1_YEAST"	"0x1.3489eb531308fp+4"	"0x1.30c6143ec03a2p+4"	"0x1.28ba95884bf9p+4"	"0x1.27fc87cf3eacbp+4"	"0x1.303de9cd3dc92p+4"	"0x1.2fff3bc7df30ep+4"
"sp|P38779|CIC1_YEAST"	"0x1.31239d9b0fc87p+4"	"0x1.234a39b89b82dp+4"	"0x1.16771996537aap+4"	"0x1.1e59d8fcbc2b6p+4"	"0x1.1b54c40d26ac1p+4"	"0x1.1e28fb2e8769p+4"
"sp|P38787|PANE_YEAST"	"0x1.2deba1f7e156ap+4"	"0x1.34c75b74338dfp+4"	"0x1.38b76acd0c594p+4"	"0x1.2f2d249916653p+4"	"0x1.2c85d302a8f26p+4"	"0x1.394ad59e32a16p+4"
"sp|P38788|SSZ1_YEAST"	"0x1.75a0584652024p+4"	"0x1.72043c1fad1ep+4"	"0x1.72ffe804209e8p+4"	"0x1.74e6ba24b8efbp+4"	"0x1.72c52862cfc17p+4"	"0x1.79eb688ded34ap+4"
"sp|P38791|DHYS_YEAST"	"0x1.52d8fe0cf6c06p+4"	"0x1.4ca2a5a44eaf3p+4"	"0x1.508e1e524ac62p+4"	"0x1.4e79f61be611ep+4"	"0x1.4522046066f0bp+4"	"0x1.4c3f09470c0bep+4"
"sp|P38792|RRP4_YEAST"	"0x1.0cc86813d5c95p+4"	"0x1.198519a7f0ba9p+4"	"0x1.0ce34b8fc3a8bp+4"	"0x1.00371b0e15d6bp+4"	"0x1.0d193826e42bbp+4"	"0x1.0b97b7c713ad3p+4"
"sp|P38793|TRM5_YEAST"	"0x1.211e2443aab75p+4"	"0x1.1a1d6ee5f8638p+4"	"0x1.21730190627f7p+4"	"0x1.225909a33d0a2p+4"	"0x1.19d3ac1f827dcp+4"	"0x1.22a0146cfe933p+4"
"sp|P38795|NADE_YEAST"	"0x1.1df7760b216cp+4"	"0x1.2252507870d59p+4"	"0x1.20492aed25e2fp+4"	"0x1.1a4931abade9fp+4"	"0x1.1bb491a476741p+4"	"0x1.1070720638df7p+4"
"sp|P38805|RPF1_YEAST"	"0x1.e590ae7988193p+3"	"0x1.1214d70419e05p+4"	"0x1.1dbad65d373b5p+4"	"0x1.0548913f0e611p+4"	"0x1.f75365843e1ccp+3"	"0x1.ffc2e36eb6639p+3"
"sp|P38810|SFB3_YEAST"	"0x1.1f7bed0ea01d4p+4"	"0x1.feab892d0dfacp+3"	"0x1.0248708b5b83ap+4"	"0x1.25185a8997656p+4"	"0x1.f36182acd34c5p+3"	"0x1.148e44f98d4eep+4"
"sp|P38817|GGA2_YEAST"	"0x1.220f4694f1a45p+4"	"0x1.3490c45c5db6p+4"	"0x1.3683448eefd43p+4"	"0x1.31aa1bddee1c6p+4"	"0x1.2e6dc9d077592p+4"	"0x1.0855b6081ca56p+4"
"sp|P38825|TOM71_YEAST"	"0x1.119fed8252a32p+4"	"0x1.1bcc24cc0a523p+4"	"0x1.1c3756f14d41p+4"	"0x1.07b4393a8a8a2p+4"	"0x1.13f8b9d2b3499p+4"	"0x1.17847fd2f0122p+4"
"sp|P38840|ARO9_YEAST"	"0x1.d7d1cdd7a1913p+3"	"0x1.0be53da7a1c18p+4"	"0x1.148386e785935p+4"	"0x1.d178c030d1149p+3"	"0x1.04ecd836b90ap+4"	"0x1.0f9a8160a54dep+4"
"sp|P38845|CRP1_YEAST"	"0x1.4d48d3ab00917p+4"	"0x1.4bf19d7bc9183p+4"	"0x1.4dc37956a3b25p+4"	"0x1.4ebaeba7da098p+4"	"0x1.4a2b98c38270fp+4"	"0x1.4acdabec1d77ep+4"
"sp|P38858|SOL3_YEAST"	"0x1.297ed42efda94p+4"	"0x1.2cf3862e884afp+4"	"0x1.2a7256f9cf629p+4"	"0x1.25a10d29eceb7p+4"	"0x1.2e396fc87dc6ap+4"	"0x1.24e1df184bfc6p+4"
"sp|P38861|NMD3_YEAST"	"0x1.31b60d47bb286p+4"	"0x1.3580d0bbfa98p+4"	"0x1.3ed833c57902ep+4"	"0x1.35812baa57c1ap+4"	"0x1.3298d52509337p+4"	"0x1.38af38bf63f52p+4"
"sp|P38879|NACA_YEAST"	"0x1.76b3ec0c3f1f9p+4"	"0x1.79835d74661cdp+4"	"0x1.7bdc54ac6bddp+4"	"0x1.76e4b8f55409ep+4"	"0x1.7ab94158bd12p+4"	"0x1.7c1989752df05p+4"
"sp|P38882|UTP9_YEAST"	"0x1.0a84f2b40f362p+4"	"0x1.62a87930dac92p+4"	"0x1.608d917943caap+4"	"0x1.70b3af4f8b245p+4"	"0x1.621689fe0ee58p+4"	"0x1.670c1902649d8p+4"
"sp|P38886|RPN10_YEAST"	"0x1.21689f9f405d4p+4"	"0x1.18059d4e1f08dp+4"	"0x1.349fa36552fc3p+4"	"0x1.09d652950caaep+4"	"0x1.2d3ce5b8902c2p+4"	"0x1.2e37bb773062bp+4"
"sp|P38891|BCA1_YEAST"	"0x1.465cfa5bce8f6p+4"	"0x1.46ef2a2dea625p+4"	"0x1.4b37a66a1c456p+4"	"0x1.3b4a7a433bfc1p+4"	"0x1.47eb334e177b5p+4"	"0x1.4988ae4def8aep+4"
"sp|P38910|CH10_YEAST"	"0x1.62390f25c643p+4"	"0x1.6a1f86070d158p+4"	"0x1.62f78ca1537cp+4"	"0x1.5c1ef4c963efep+4"	"0x1.5942ea9c10b7p+4"	"0x1.6421e89d1a61p+4"
"sp|P38911|FKBP3_YEAST"	"0x1.4a304f74f2fbap+4"	"0x1.3cd090499f258p+4"	"0x1.4ad51406f006p+4"	"0x1.44f1fefab1a8p+4"	"0x1.2f3f73f3ee7bcp+4"	"0x1.417d79e4f9fbbp+4"
"sp|P38912|IF1A_YEAST"	"0x1.5f7f61fad959ep+4"	"0x1.586c5862ffa4bp+4"	"0x1.5f565911141c9p+4"	"0x1.5eb379199f23cp+4"	"0x1.5653fce472303p+4"	"0x1.5f1e683cf72dap+4"
"sp|P38934|BFR1_YEAST"	"0x1.6d0e753227bc3p+4"	"0x1.675e107033ea7p+4"	"0x1.6be62eeb26bc3p+4"	"0x1.6c2cdb5510c8ap+4"	"0x1.637dcd1d4119ap+4"	"0x1.6ce93586f8d6ep+4"
"sp|P38968|SEC31_YEAST"	"0x1.4867d819eb615p+4"	"0x1.440d60746a113p+4"	"0x1.4c201f6df6511p+4"	"0x1.4c7b11d2a801ep+4"	"0x1.3fdb642301a71p+4"	"0x1.4d077dd49d11fp+4"
"sp|P38972|PUR4_YEAST"	"0x1.64e057e0b4eecp+4"	"0x1.5f1df7d23daa1p+4"	"0x1.69beafae24f5p+4"	"0x1.642734ff80f61p+4"	"0x1.5c111b3c026fep+4"	"0x1.67e14b6ed91dp+4"
"sp|P38985|SRP14_YEAST"	"0x1.1a4cf247bf199p+4"	"0x1.1a1db95cc78e4p+4"	"0x1.1a353cd06aaa5p+4"	"0x1.12dc87369c304p+4"	"0x1.15c0c2dddb2bfp+4"	"0x1.1a1e4e47954e3p+4"
"sp|P38986|ASPG1_YEAST"	"0x1.486968fee979fp+4"	"0x1.482cd158d75bfp+4"	"0x1.48af742aa0c23p+4"	"0x1.4340eed9013e4p+4"	"0x1.4cc4211a0645p+4"	"0x1.4d64a73206c3bp+4"
"sp|P38993|FET3_YEAST"	"0x1.255fb02911816p+4"	"0x1.2153cdafe40d2p+4"	"0x1.216d7fcf1e0e5p+4"	"0x1.1b7e900afdccfp+4"	"0x1.228b5230d8b07p+4"	"0x1.28309cf826d91p+4"
"sp|P38998|LYS1_YEAST"	"0x1.470751eb810e4p+4"	"0x1.443ed0b5fe0f1p+4"	"0x1.41c4e503e4c6p+4"	"0x1.465bb1cac1ab1p+4"	"0x1.438683cc68edap+4"	"0x1.453396659c636p+4"
"sp|P38999|LYS9_YEAST"	"0x1.344b5e2dc35abp+4"	"0x1.396b4cda044ecp+4"	"0x1.3b72d64fd91bp+4"	"0x1.2dc0ade8b7de4p+4"	"0x1.29c89dee2126ap+4"	"0x1.233ceb04ec487p+4"
"sp|P39004|HXT7_YEAST;sp|P39003|HXT6_YEAST"	"0x1.21736df3c99f8p+4"	"0x1.282747473c6ebp+4"	"0x1.1ad07e8738dd2p+4"	"0x1.1da129ecb06acp+4"	"0x1.2304065545302p+4"	"0x1.1fcd32a018b73p+4"
"sp|P39007|STT3_YEAST"	"0x1.2b40963682f19p+4"	"0x1.2126b9de4b324p+4"	"0x1.159ccf813347p+4"	"0x1.2c7a8b648db61p+4"	"0x1.1b9359ca89524p+4"	"0x1.20d2ed3108cf6p+4"
"sp|P39010|AKR1_YEAST"	"0x1.151431c5ee015p+4"	"0x1.104ebb329915cp+4"	"0x1.0d491494219b4p+4"	"0x1.13d8c143ec8b1p+4"	"0x1.07ac77fb05a67p+4"	"0x1.18a854ecae70ap+4"
"sp|P39015|STM1_YEAST"	"0x1.885c86fcfb612p+4"	"0x1.7afbb95c92e19p+4"	"0x1.89bfeee0981c5p+4"	"0x1.87c9d099e63a1p+4"	"0x1.821ad9593f1bdp+4"	"0x1.87fd9def6c13ap+4"
"sp|P39076|TCPB_YEAST"	"0x1.4a3f8370453eep+4"	"0x1.4cbab8af9c98bp+4"	"0x1.52c148699e603p+4"	"0x1.4a0edf0323f32p+4"	"0x1.4c54e08be654fp+4"	"0x1.54e455802d5a2p+4"
"sp|P39077|TCPG_YEAST"	"0x1.56dfb421e2a4fp+4"	"0x1.4f3f650c4a1c2p+4"	"0x1.452dbc8ad674p+4"	"0x1.53ef46bbd1f8dp+4"	"0x1.4eb7f1525e605p+4"	"0x1.471db88fbefdfp+4"
"sp|P39078|TCPD_YEAST"	"0x1.4786c70dfe1e3p+4"	"0x1.47562cc381505p+4"	"0x1.467b45ad6e262p+4"	"0x1.48543bef74e04p+4"	"0x1.4452f157d4386p+4"	"0x1.4895171fe31e3p+4"
"sp|P39079|TCPZ_YEAST"	"0x1.3763c65d0a3cbp+4"	"0x1.3c2ae936b724ep+4"	"0x1.3e845debc8dc3p+4"	"0x1.447dc6fc88a54p+4"	"0x1.37ef84895eeb6p+4"	"0x1.3d785e45d7f3fp+4"
"sp|P39101|CAJ1_YEAST"	"0x1.25f9966702aa6p+4"	"0x1.22c4953b24346p+4"	"0x1.2a25dcded43bfp+4"	"0x1.2894c78b6a5b3p+4"	"0x1.25fece39ce30dp+4"	"0x1.26a97ae4c297ap+4"
"sp|P39105|PLB1_YEAST"	"0x1.0cb21435feef2p+4"	"0x1.0d5f59d6608acp+4"	"0x1.0e222448bb707p+4"	"0x1.0e81a97922d1bp+4"	"0x1.1167c670df99cp+4"	"0x1.12517fb60520fp+4"
"sp|P39109|YCFI_YEAST"	"0x1.29d5251517c46p+4"	"0x1.25903f319dc47p+4"	"0x1.233a2cafa3742p+4"	"0x1.217cbc8835b2p+4"	"0x1.1db35f01bec58p+4"	"0x1.241fb19607f6ep+4"
"sp|P39111|VATF_YEAST"	"0x1.2164ce0fab1fap+4"	"0x1.1c1d41840b9a8p+4"	"0x1.1dbb55b3be285p+4"	"0x1.1e8730ce5c803p+4"	"0x1.216bcdc61bbefp+4"	"0x1.20e143e5f9ebep+4"
"sp|P39516|RS14B_YEAST"	"0x1.8cc0475c49ce3p+4"	"0x1.920d01df3c781p+4"	"0x1.98d0f0d55487fp+4"	"0x1.8b55a5368c1b2p+4"	"0x1.91af4a82b721ap+4"	"0x1.96c56a7522d96p+4"
"sp|P39517|DHH1_YEAST"	"0x1.4a94939f08b85p+4"	"0x1.4af56adf9188ep+4"	"0x1.4f71d5126090bp+4"	"0x1.49d7f10be0eeep+4"	"0x1.4778ee8b641c7p+4"	"0x1.4a43d998bfb68p+4"
"sp|P39522|ILV3_YEAST"	"0x1.64936ce43b591p+4"	"0x1.611e2443aab75p+4"	"0x1.5d5ceb4ec7815p+4"	"0x1.62cd662a4b5a5p+4"	"0x1.59c6123c76737p+4"	"0x1.5d37d86f232bp+4"
"sp|P39533|ACON2_YEAST"	"0x1.1994e600996b2p+4"	"0x1.1cac5a896e889p+4"	"0x1.1e9463f030ff4p+4"	"0x1.00440b695120ep+4"	"0x1.22cbc6d5d47dfp+4"	"0x1.0c3b5266d8fb2p+4"
"sp|P39676|FHP_YEAST"	"0x1.59bedef913a8fp+4"	"0x1.5cc4211a0645p+4"	"0x1.5dc48f7839401p+4"	"0x1.55f25c9111b19p+4"	"0x1.535a92f5b14cp+4"	"0x1.5cb6d2fa3f114p+4"
"sp|P39683|NPT1_YEAST"	"0x1.3747254e56764p+4"	"0x1.2c7b11d2a801ep+4"	"0x1.2866bf697057ap+4"	"0x1.3a094152c5c8ap+4"	"0x1.21006dee265e5p+4"	"0x1.346c37273c31cp+4"
"sp|P39704|ERP2_YEAST"	"0x1.13049e3f02581p+4"	"0x1.17a832fb895a1p+4"	"0x1.0a72a060aeecbp+4"	"0x1.0d96298d72e69p+4"	"0x1.129a0a8428368p+4"	"0x1.114c2306a245fp+4"
"sp|P39715|ECM1_YEAST"	"0x1.f5579d65b2712p+3"	"0x1.06959de67f148p+4"	"0x1.0590c73b94082p+4"	"0x1.fbc5e30add9a9p+3"	"0x1.05da7f34a5dafp+4"	"0x1.0609317406de2p+4"
"sp|P39727|ERV46_YEAST"	"0x1.23ec911d89402p+4"	"0x1.25ef4fd6409e2p+4"	"0x1.22eaa6752ead5p+4"	"0x1.1b97b7c713ad3p+4"	"0x1.2130cbfaf4d48p+4"	"0x1.2625f7b1784adp+4"
"sp|P39729|RBG1_YEAST"	"0x1.1ece98a3cef76p+4"	"0x1.1c90f3a525709p+4"	"0x1.2286acf67fb28p+4"	"0x1.1affb6fafb544p+4"	"0x1.197972b4f602fp+4"	"0x1.153c37e75ad6p+4"
"sp|P39730|IF2P_YEAST"	"0x1.63ec4e2ba3bc1p+4"	"0x1.5dd07f8ae01ep+4"	"0x1.63e15c00203f7p+4"	"0x1.61d6398deee89p+4"	"0x1.5bc0e04aa4e5p+4"	"0x1.6561682cfb333p+4"
"sp|P39743|RV167_YEAST"	"0x1.254ce7a955fc2p+4"	"0x1.240997d0422b4p+4"	"0x1.1fab38f7a8cc8p+4"	"0x1.20c53501b4c44p+4"	"0x1.1f4ada78ec02ap+4"	"0x1.24add3f6e38ccp+4"
"sp|P39744|NOC2_YEAST"	"0x1.1acecd018fcfep+4"	"0x1.3033ddd4d9fcp+4"	"0x1.25f1673ce5e5dp+4"	"0x1.2cb9e09257a3ep+4"	"0x1.2cdbf055eb1e3p+4"	"0x1.32f42dae50af5p+4"
"sp|P39926|SSO2_YEAST;sp|P32867|SSO1_YEAST"	"0x1.2e9fa5975b6a6p+4"	"0x1.25fb2745f5a1p+4"	"0x1.3261fd7c39f82p+4"	"0x1.32d9a3d33dcc5p+4"	"0x1.26caa96a3288ep+4"	"0x1.305282efce73ep+4"
"sp|P39929|SNF7_YEAST"	"0x1.22b228b2c0527p+4"	"0x1.242ef2258fa33p+4"	"0x1.29400c5b16188p+4"	"0x1.235b98eec5f57p+4"	"0x1.1aa44e60f82p+4"	"0x1.26dac3a7ba9e1p+4"
"sp|P39931|SS120_YEAST"	"0x1.216db60e0093cp+4"	"0x1.276ef9b575c85p+4"	"0x1.34b84f66bd44bp+4"	"0x1.1c231f1903945p+4"	"0x1.2f20bfa763965p+4"	"0x1.2bc5a65488091p+4"
"sp|P39935|IF4F1_YEAST"	"0x1.5d464a687bf0ep+4"	"0x1.5ee262554fe0fp+4"	"0x1.637f9e1c89edcp+4"	"0x1.5df93ee1f0685p+4"	"0x1.5bf9abe402bc3p+4"	"0x1.6463bdb7de0fp+4"
"sp|P39938|RS26A_YEAST;sp|P39939|RS26B_YEAST"	"0x1.7f52f08ba5597p+4"	"0x1.749262a223aa4p+4"	"0x1.7c742c7a09c46p+4"	"0x1.7e2e61458c55fp+4"	"0x1.712866b728b6fp+4"	"0x1.7bb9acb31f951p+4"
"sp|P39940|RSP5_YEAST"	"0x1.3387f74274c0dp+4"	"0x1.3065d1d0ea34ap+4"	"0x1.38d9da624a052p+4"	"0x1.3105b7201a434p+4"	"0x1.1aa9b4ac49021p+4"	"0x1.3a0206db2edf8p+4"
"sp|P39954|SAHH_YEAST"	"0x1.7bb05788ef7e9p+4"	"0x1.7b530ee08824ap+4"	"0x1.80532a17f9e5dp+4"	"0x1.76fe45fa76d01p+4"	"0x1.777542e6661b2p+4"	"0x1.82733f1c0d92ep+4"
"sp|P39958|GDI1_YEAST"	"0x1.2ae8dab47c1cep+4"	"0x1.31ad410c73d95p+4"	"0x1.33e2622999c88p+4"	"0x1.2e6f9909552c4p+4"	"0x1.30d9c63b1b63p+4"	"0x1.30f9d7a5b296bp+4"
"sp|P39966|PP2C2_YEAST"	"0x1.28d2796e69db4p+4"	"0x1.2ff6e2ce74862p+4"	"0x1.1fdd8baacc34ap+4"	"0x1.320aa2872325bp+4"	"0x1.2b5597f81d498p+4"	"0x1.31d3989254fe7p+4"
"sp|P39976|DLD3_YEAST"	"0x1.526035ff21e57p+4"	"0x1.58fbefca53bb3p+4"	"0x1.56a13d70aa959p+4"	"0x1.4d4505ac77823p+4"	"0x1.59401604f46bfp+4"	"0x1.5ba870a828e03p+4"
"sp|P39985|DPO5_YEAST"	"0x1.25dc47ea08e69p+4"	"0x1.2a8985041d2bcp+4"	"0x1.2ffc6a2ae646ep+4"	"0x1.16e624cb45883p+4"	"0x1.2baac946f59dap+4"	"0x1.2c8c80d5b78dep+4"
"sp|P39986|ATC6_YEAST"	"0x1.55211d59135b2p+4"	"0x1.4d6ebd4659a68p+4"	"0x1.521373087f2dp+4"	"0x1.5594a1262fa47p+4"	"0x1.556f57002fe6cp+4"	"0x1.574e2c1b4e4edp+4"
"sp|P39990|SNU13_YEAST"	"0x1.3d58462150759p+4"	"0x1.3bc59500d301fp+4"	"0x1.36a90ec9bb7a9p+4"	"0x1.3ce3e02334105p+4"	"0x1.36d5a733c0332p+4"	"0x1.39be5a8cb64f2p+4"
"sp|P40005|PFD2_YEAST"	"0x1.0d88217aa096p+4"	"0x1.1d2f6a7efea92p+4"	"0x1.17bf20b57c20fp+4"	"0x1.08b73f4938be7p+4"	"0x1.185d7f879a82ep+4"	"0x1.1c05331ce0621p+4"
"sp|P40008|FMP52_YEAST"	"0x1.184c36e9b5e0cp+4"	"0x1.1064eee93e748p+4"	"0x1.12912c5220ccp+4"	"0x1.0b2bc8689c953p+4"	"0x1.0e9c8916590a8p+4"	"0x1.17862070b5258p+4"
"sp|P40010|NUG1_YEAST"	"0x1.4188087c7e93fp+4"	"0x1.39f4a4533741bp+4"	"0x1.362baa0bb27c2p+4"	"0x1.41d40333e4abfp+4"	"0x1.37ffcc956e1f2p+4"	"0x1.46835a519c7bcp+4"
"sp|P40016|RPN3_YEAST"	"0x1.2128033bd7bf9p+4"	"0x1.1e0e8e862288cp+4"	"0x1.26b7d1e4e6801p+4"	"0x1.25fc5efd031cdp+4"	"0x1.19f2cf9dd781p+4"	"0x1.1baf686927d1p+4"
"sp|P40024|ARB1_YEAST"	"0x1.693ae4b3a7654p+4"	"0x1.635b8c75761abp+4"	"0x1.6ac3f55426addp+4"	"0x1.671e8c89e9c7bp+4"	"0x1.63137bbff03adp+4"	"0x1.6bc0488d1d779p+4"
"sp|P40032|TPA1_YEAST"	"0x1.30d19f0c8091ap+4"	"0x1.37242d325409ep+4"	"0x1.39874387e5c6dp+4"	"0x1.304ad6593b6c4p+4"	"0x1.2cf9701bf3decp+4"	"0x1.3258bb71fbb1ap+4"
"sp|P40037|HMF1_YEAST"	"0x1.34c1db4dcfa13p+4"	"0x1.16ce05244802p+4"	"0x1.3efa9598b352bp+4"	"0x1.318b3252c13d3p+4"	"0x1.2b87300a27706p+4"	"0x1.16a5417d71f82p+4"
"sp|P40040|THO1_YEAST"	"0x1.19745c9a9e6ccp+4"	"0x1.20ba83a89fa1ep+4"	"0x1.0ead450336b08p+4"	"0x1.1f317691ee364p+4"	"0x1.20af254a56a52p+4"	"0x1.2255fb881c7a3p+4"
"sp|P40043|RGI1_YEAST"	"0x1.151a5781fd09dp+4"	"0x1.16ac035d686acp+4"	"0x1.1be1783700fdp+4"	"0x1.11484cbd5862ap+4"	"0x1.10ab6c9baae56p+4"	"0x1.1ba44164e36fbp+4"
"sp|P40047|ALDH5_YEAST"	"0x1.3f8ae3fd474f5p+4"	"0x1.43a7514462b27p+4"	"0x1.3c7d5dd068af7p+4"	"0x1.446003229d137p+4"	"0x1.36378ecaeaf79p+4"	"0x1.4287fd24d1388p+4"
"sp|P40053|AIM9_YEAST"	"0x1.180a12588ab7ap+4"	"0x1.232625d259cdep+4"	"0x1.218aab616af1dp+4"	"0x1.252e2fd088be8p+4"	"0x1.1f5032734a44cp+4"	"0x1.1fbafaf5a6f5ep+4"
"sp|P40054|SERA_YEAST"	"0x1.3ce56c44c81ccp+4"	"0x1.3597540a78b88p+4"	"0x1.2d73c6a9e65bbp+4"	"0x1.3bd5ab3cd8f5bp+4"	"0x1.2fd60ef5c7d58p+4"	"0x1.430d508d9fd98p+4"
"sp|P40055|UTP7_YEAST"	"0x1.1db59caae94cep+4"	"0x1.18f549e0a371ep+4"	"0x1.10c455bc3a086p+4"	"0x1.1b32b9c2c7b9ap+4"	"0x1.0f91c8d85d4a1p+4"	"0x1.281c0688de861p+4"
"sp|P40066|GLE2_YEAST"	"0x1.f4a976e42b132p+3"	"0x1.185230e165c59p+4"	"0x1.03abc7ab13c09p+4"	"0x1.f15dcb1d4eeddp+3"	"0x1.07a336d1c06e7p+4"	"0x1.1234111e9d9afp+4"
"sp|P40069|IMB4_YEAST"	"0x1.5f7aeadb6c729p+4"	"0x1.5f8344e64cc9ap+4"	"0x1.62c22876a37cbp+4"	"0x1.617c498ced20fp+4"	"0x1.6c2ec4c6b5c9dp+4"	"0x1.656bc6b1b0f41p+4"
"sp|P40070|LSM4_YEAST"	"0x1.0178a27e54004p+4"	"0x1.09e9226cd9836p+4"	"0x1.f2d045f40cdf7p+3"	"0x1.fb49850473ccbp+3"	"0x1.ebedf4189d704p+3"	"0x1.f1cd2e490d962p+3"
"sp|P40075|SCS2_YEAST"	"0x1.580ab5480ceaep+4"	"0x1.5d452e44f1e8cp+4"	"0x1.5f3cc62d795c6p+4"	"0x1.55e8fd53ff037p+4"	"0x1.5ae0dfdad0834p+4"	"0x1.5f2eec8929007p+4"
"sp|P40078|NSA2_YEAST"	"0x1.2733df4e99cd7p+4"	"0x1.03ecb81053b3ep+4"	"0x1.09e21647bb6b2p+4"	"0x1.1b3eecd680da1p+4"	"0x1.fd4a1a920a077p+3"	"0x1.fcc43e8591959p+3"
"sp|P40093|YEY6_YEAST"	"0x1.36f9ebffd8327p+4"	"0x1.248444b99972fp+4"	"0x1.386787e8db5b5p+4"	"0x1.35858520cd589p+4"	"0x1.3644f9513f742p+4"	"0x1.3ebb565a0d92fp+4"
"sp|P40096|NCB1_YEAST"	"0x1.00db51147afb9p+4"	"0x1.ee80aa897f56cp+3"	"0x1.0ab55738c81ebp+4"	"0x1.116e228a47355p+4"	"0x1.ea62db07fdaa3p+3"	"0x1.156d3f16568aep+4"
"sp|P40106|GPP2_YEAST"	"0x1.166816f353b8bp+4"	"0x1.216dec4c639ffp+4"	"0x1.18283a785ebc1p+4"	"0x1.16d815650c87p+4"	"0x1.1c74e583adea3p+4"	"0x1.1c22526c9dfd2p+4"
"sp|P40150|HSP76_YEAST"	"0x1.abe4042b7d48p+4"	"0x1.abd6d99b65f3ep+4"	"0x1.a82cb4df43bfep+4"	"0x1.ada2b08fdec93p+4"	"0x1.a88ba8feb7e15p+4"	"0x1.abbcf5707aa31p+4"
"sp|P40160|RIO2_YEAST"	"0x1.096822fa066fcp+4"	"0x1.182fd29977da2p+4"	"0x1.22daef51d8f29p+4"	"0x1.05eb4430d767p+4"	"0x1.19b37afab1ea4p+4"	"0x1.25faa1a954ce4p+4"
"sp|P40185|MMF1_YEAST"	"0x1.5715d94b8d71fp+4"	"0x1.5df2a0bc156d1p+4"	"0x1.5b99a0a31535dp+4"	"0x1.58fb2c43fa459p+4"	"0x1.5809b6afd8063p+4"	"0x1.5dd9c8a02862bp+4"
"sp|P40202|CCS1_YEAST"	"0x1.37e770afc1cap+4"	"0x1.2bfb8cb6f5dc9p+4"	"0x1.26c44696214a3p+4"	"0x1.3475caeb7f265p+4"	"0x1.2f67f3e0d357ep+4"	"0x1.372500f13facdp+4"
"sp|P40212|RL13B_YEAST"	"0x1.9aeb9da2aacb3p+4"	"0x1.8fdfc8c167cf2p+4"	"0x1.93f385acd48edp+4"	"0x1.9ac1541d899d7p+4"	"0x1.8c9ff4fcc9502p+4"	"0x1.9351a4917b8a3p+4"
"sp|P40215|NDH1_YEAST"	"0x1.200b9ecbb68a1p+4"	"0x1.2ab1163062a19p+4"	"0x1.2237c0ff93399p+4"	"0x1.332cedda7b57dp+4"	"0x1.26a84c2db2ad6p+4"	"0x1.382b5092f681fp+4"
"sp|P40217|EIF3I_YEAST"	"0x1.57f33164c7b0fp+4"	"0x1.528c07140e597p+4"	"0x1.4ea5bebf4f16fp+4"	"0x1.5477476ba8d2fp+4"	"0x1.4853d75ca7ebcp+4"	"0x1.530fc86dff1a3p+4"
"sp|P40302|PSA6_YEAST"	"0x1.4e3f46c646eap+4"	"0x1.47e4cc7073c9ap+4"	"0x1.495e051309887p+4"	"0x1.43ea48c4dc337p+4"	"0x1.4952bde9f41f7p+4"	"0x1.45deba8b6dda1p+4"
"sp|P40303|PSA4_YEAST"	"0x1.407e24671957p+4"	"0x1.39a5529040f0ap+4"	"0x1.3d3258041242p+4"	"0x1.3eb44ec0fb7ep+4"	"0x1.38067d818f3a8p+4"	"0x1.3fa94748057c3p+4"
"sp|P40319|ELO3_YEAST"	"0x1.33af1afbdbd27p+4"	"0x1.3784415256b11p+4"	"0x1.3a6af3a68b0d1p+4"	"0x1.2fa5bb507bdcdp+4"	"0x1.33f7c6df8e787p+4"	"0x1.3bd77db99e71ap+4"
"sp|P40327|PRS4_YEAST"	"0x1.42064cd5c988dp+4"	"0x1.47135c5649555p+4"	"0x1.409b4ebd57cedp+4"	"0x1.430bd54cf59ccp+4"	"0x1.4112db0e4521ep+4"	"0x1.3e55baf0863c5p+4"
"sp|P40413|TCPE_YEAST"	"0x1.4ca4edb579c4fp+4"	"0x1.474d2541effd2p+4"	"0x1.4bf3a15956ba6p+4"	"0x1.50efc922455edp+4"	"0x1.47eb99acdbde3p+4"	"0x1.4c336bcdd4bf6p+4"
"sp|P40414|TPM2_YEAST"	"0x1.36c0a8d5a6812p+4"	"0x1.2907001053297p+4"	"0x1.2e1a50c60df76p+4"	"0x1.2f0c3ab217ed9p+4"	"0x1.297eadefef88dp+4"	"0x1.38296a67b7456p+4"
"sp|P40462|TM108_YEAST"	"0x1.127f65af0d8c3p+4"	"0x1.1ad8f446f52d5p+4"	"0x1.0c4018d8b9616p+4"	"0x1.150f7d3932dc6p+4"	"0x1.0efa9598b352bp+4"	"0x1.13e2ab50ddedcp+4"
"sp|P40477|NU159_YEAST"	"0x1.fa849004c49f4p+3"	"0x1.2907ea38ade6dp+4"	"0x1.f78a1bb1212cbp+3"	"0x1.f19796f0e1829p+3"	"0x1.2445a82d85cb3p+4"	"0x1.fd732641b2be4p+3"
"sp|P40482|SEC24_YEAST;sp|P53953|SFB2_YEAST"	"0x1.4aedb3445c3fp+4"	"0x1.427cde2cbbc09p+4"	"0x1.48d7eeb23fdaap+4"	"0x1.4d5160dd6e5bp+4"	"0x1.442d70f5958d5p+4"	"0x1.402b5e88edafbp+4"
"sp|P40495|LYS12_YEAST"	"0x1.4c326ca9a7527p+4"	"0x1.47f06593d0bcbp+4"	"0x1.475767b212924p+4"	"0x1.490d79e66560ap+4"	"0x1.4c181e6869e99p+4"	"0x1.489a8718c53cp+4"
"sp|P40509|COPE_YEAST"	"0x1.1c4a6e17d465p+4"	"0x1.242afed20d535p+4"	"0x1.1b760ff15d3e6p+4"	"0x1.1c0600cc1d62cp+4"	"0x1.1f267b3828ea9p+4"	"0x1.2081abf4f2609p+4"
"sp|P40510|SER33_YEAST"	"0x1.25d7351154003p+4"	"0x1.233f129fae7cp+4"	"0x1.2a757e334920fp+4"	"0x1.274e60abc6d4bp+4"	"0x1.2888f46649652p+4"	"0x1.1a5d5eff89a56p+4"
"sp|P40513|MAM33_YEAST"	"0x1.2210833d1a018p+4"	"0x1.2a7aef7bc501p+4"	"0x1.282c2f596b768p+4"	"0x1.20b624f2e3891p+4"	"0x1.2628365d126b2p+4"	"0x1.2bbfb0cbb073bp+4"
"sp|P40516|SEE1_YEAST"	"0x1.15bd990dc2e76p+4"	"0x1.16c8a5581575bp+4"	"0x1.1fa126f035486p+4"	"0x1.13de7a0b7e68ep+4"	"0x1.138ddceddd1e5p+4"	"0x1.1c0577ad6b074p+4"
"sp|P40517|YRB2_YEAST"	"0x1.274a6f1dced6cp+4"	"0x1.29bc8183c0345p+4"	"0x1.203cafaf2c0b8p+4"	"0x1.2118571327d7ap+4"	"0x1.219fb7b8f3243p+4"	"0x1.1dcbb9daa601fp+4"
"sp|P40518|ARPC5_YEAST"	"0x1.2045289ebdad2p+4"	"0x1.14c874ed3af9ap+4"	"0x1.1acc8ac886101p+4"	"0x1.f23f6a5bdd22cp+3"	"0x1.1835830eff054p+4"	"0x1.0b8f86dff0424p+4"
"sp|P87262|RL34A_YEAST;sp|P40525|RL34B_YEAST"	"0x1.801c08f284cfdp+4"	"0x1.84664da513043p+4"	"0x1.7a6b4654a822bp+4"	"0x1.86605881aef26p+4"	"0x1.82bbf7641774ep+4"	"0x1.7bb50296c6279p+4"
"sp|P40531|GVP36_YEAST"	"0x1.5e0ff7715823dp+4"	"0x1.5e3c8a2e68197p+4"	"0x1.61c7a263116d7p+4"	"0x1.5b93255d81e83p+4"	"0x1.5e101eaaf945cp+4"	"0x1.62444ef13f5a1p+4"
"sp|P40541|SCC3_YEAST"	"0x1.36a62f77138dap+4"	"0x1.2f3982e6a97cp+4"	"0x1.325bfd4a0c968p+4"	"0x1.35a09c1c5237dp+4"	"0x1.2edb29f4bbaccp+4"	"0x1.33c839dc1e31fp+4"
"sp|P40581|GPX3_YEAST"	"0x1.27cee6679c2b6p+4"	"0x1.2367dd132974dp+4"	"0x1.2c57ea4c06885p+4"	"0x1.2d7060725dd3bp+4"	"0x1.27f9a8b2fea99p+4"	"0x1.2ea1eb62ffd0fp+4"
"sp|P40582|GST1_YEAST"	"0x1.1d95e97bac99ap+4"	"0x1.0af98d7460c99p+4"	"0x1.13b58a1fcda8ep+4"	"0x1.04af69238d581p+4"	"0x1.109c137705085p+4"	"0x1.16745fa6cfb97p+4"
"sp|P40693|RLP7_YEAST"	"0x1.2bfc7d11c45d1p+4"	"0x1.3138b678aee66p+4"	"0x1.27fc87cf3eacbp+4"	"0x1.2ad1e7b3a673bp+4"	"0x1.288da00c885fdp+4"	"0x1.2e7c7d3eff06p+4"
"sp|P40825|SYA_YEAST"	"0x1.79bddad8439d5p+4"	"0x1.76533cf203f08p+4"	"0x1.77d75f4d8c588p+4"	"0x1.7a91478f37aeap+4"	"0x1.7295cc36d86b9p+4"	"0x1.7acd9555d80ep+4"
"sp|P40893|REE1_YEAST"	"0x1.448d1106a0a13p+4"	"0x1.2c63eb91a6d3ep+4"	"0x1.28da505d7df5fp+4"	"0x1.3cc484ad7be6dp+4"	"0x1.42426474a76eap+4"	"0x1.2b0cdba5e1991p+4"
"sp|P40961|PHB1_YEAST"	"0x1.2b5597f81d498p+4"	"0x1.287c536afc9ap+4"	"0x1.1febd01afa231p+4"	"0x1.1fe505f2e829ap+4"	"0x1.2c1efd51f5838p+4"	"0x1.2ac239d566f8p+4"
"sp|P40970|LCB2_YEAST"	"0x1.301d975910513p+4"	"0x1.0a4aed1ace96fp+4"	"0x1.27512b5d5fc81p+4"	"0x1.2ec517f01a89fp+4"	"0x1.287c2b761b63bp+4"	"0x1.3039733e5f321p+4"
"sp|P40991|NOP2_YEAST"	"0x1.43f80fc32602dp+4"	"0x1.43dcf3935f224p+4"	"0x1.41772204cbe6ep+4"	"0x1.43f4bd2bf27f8p+4"	"0x1.4011046e588cdp+4"	"0x1.424d1d229647bp+4"
"sp|P41056|RL33B_YEAST"	"0x1.07ee30ddbe7fep+4"	"0x1.0d41780bd63c1p+4"	"0x1.20dfbf00bfb5ep+4"	"0x1.039b3891f55e7p+4"	"0x1.02b6cf78d8c41p+4"	"0x1.124e3c628eab4p+4"
"sp|P41057|RS29A_YEAST"	"0x1.6c33eb5bca091p+4"	"0x1.6021d9ed153dcp+4"	"0x1.61eb6521cef9p+4"	"0x1.6b4b7659a8173p+4"	"0x1.5c2e451c46b0dp+4"	"0x1.61a9b07a1a43fp+4"
"sp|P41058|RS29B_YEAST"	"0x1.6d67e2bf60d9p+4"	"0x1.5bec6804306b4p+4"	"0x1.5d44dd13b5b62p+4"	"0x1.6a54438f94312p+4"	"0x1.574691f0e5e49p+4"	"0x1.5ed3ba3128983p+4"
"sp|P41277|GPP1_YEAST"	"0x1.8bae01a756aap+4"	"0x1.89dd6960ae2dbp+4"	"0x1.8ab180dbac46dp+4"	"0x1.885a132d266fbp+4"	"0x1.884a5affc0ee4p+4"	"0x1.8cd586dc8982bp+4"
"sp|P41338|THIL_YEAST"	"0x1.6484d9017af92p+4"	"0x1.6511dd68c6a86p+4"	"0x1.64bb0ae6d77e8p+4"	"0x1.60cef49c8f4bep+4"	"0x1.625f9349f2269p+4"	"0x1.633b6c89f7ac8p+4"
"sp|P41805|RL10_YEAST"	"0x1.8aa984f348b62p+4"	"0x1.877dec91648c5p+4"	"0x1.8b7f1a231ea86p+4"	"0x1.8a83e4dabb9bep+4"	"0x1.8121f74777417p+4"	"0x1.89fa0eda0880dp+4"
"sp|P41807|VATH_YEAST"	"0x1.4f1eb32d980cap+4"	"0x1.50677b2bd1e46p+4"	"0x1.4261fd7c39f82p+4"	"0x1.50b6f6c5194c4p+4"	"0x1.50b50d2459e01p+4"	"0x1.4b348787d4f8dp+4"
"sp|P41810|COPB_YEAST"	"0x1.4a14b344edacbp+4"	"0x1.3e69432356fd5p+4"	"0x1.40e7a9b799f2cp+4"	"0x1.48c9b33b72f95p+4"	"0x1.442b8f564b6e2p+4"	"0x1.48f8e18a19c6fp+4"
"sp|P41811|COPB2_YEAST"	"0x1.55be14cda02b7p+4"	"0x1.5022b1143506bp+4"	"0x1.51e07ea54aeadp+4"	"0x1.565e0c1c10133p+4"	"0x1.5076234a12131p+4"	"0x1.537d13134b174p+4"
"sp|P41819|DIM1_YEAST"	"0x1.3373e905d1f51p+4"	"0x1.2d6a33e26ad21p+4"	"0x1.346eba3bd7b4cp+4"	"0x1.3156feb62d4a6p+4"	"0x1.34d2cce580b62p+4"	"0x1.34efe7394c187p+4"
"sp|P41911|GPD2_YEAST"	"0x1.30a44da1d16b2p+4"	"0x1.30de55cbd4669p+4"	"0x1.2b795aacefd6ep+4"	"0x1.2e047e845e2f4p+4"	"0x1.2c14fb1e0d123p+4"	"0x1.2b98f21002454p+4"
"sp|P41920|YRB1_YEAST"	"0x1.58e9011bc6985p+4"	"0x1.5b473a849964bp+4"	"0x1.5e03b22235bebp+4"	"0x1.5727716b78d4dp+4"	"0x1.632d71dc7dd9bp+4"	"0x1.5f471aa9a226p+4"
"sp|P41921|GSHR_YEAST"	"0x1.39bf50782ba56p+4"	"0x1.368758b4f67c2p+4"	"0x1.35b26cbf29b24p+4"	"0x1.366b96fb8e4dcp+4"	"0x1.328b5230d8b07p+4"	"0x1.35b5818f70f8ap+4"
"sp|P41940|MPG1_YEAST"	"0x1.73caa1208aad4p+4"	"0x1.6d1efff15c443p+4"	"0x1.7585c945cfed1p+4"	"0x1.74172dfb28e46p+4"	"0x1.6b444a03b6282p+4"	"0x1.776d9b6e42c95p+4"
"sp|P42838|LEM3_YEAST"	"0x1.18ad497fd672ap+4"	"0x1.1041d0d528d46p+4"	"0x1.1c4b3961d2f9bp+4"	"0x1.1733df4e99cd7p+4"	"0x1.1c605c5ec970fp+4"	"0x1.1f254fd4f1ceap+4"
"sp|P42842|EMW1_YEAST"	"0x1.1af5e881a61adp+4"	"0x1.1d7bd36716408p+4"	"0x1.2cab0d3b2053ep+4"	"0x1.1830747f5e945p+4"	"0x1.1b0ed02106592p+4"	"0x1.28c9daab00cfap+4"
"sp|P42846|KRI1_YEAST"	"0x1.31b930d630afp+4"	"0x1.22254bb44f159p+4"	"0x1.33f5f929420bep+4"	"0x1.27c1622ece8bbp+4"	"0x1.25a1c207fe7a2p+4"	"0x1.2e91df69f4177p+4"
"sp|P42940|ETFB_YEAST"	"0x1.0ab4c6100e602p+4"	"0x1.12c9c780dd75dp+4"	"0x1.0f8b59b5e35c9p+4"	"0x1.0a386c6d29b6dp+4"	"0x1.0f8bcf6c2718ap+4"	"0x1.1027e6580aecbp+4"
"sp|P42941|SERB_YEAST"	"0x1.2c65805ebb049p+4"	"0x1.2a053d90c3e27p+4"	"0x1.2be46ed3a193cp+4"	"0x1.282c06d8ded69p+4"	"0x1.25280f5bdf71p+4"	"0x1.2826a520eb4e3p+4"
"sp|P42942|YG4I_YEAST"	"0x1.09c244e51b7bdp+4"	"0x1.f89aaeb49738p+3"	"0x1.1035c3fbafe6cp+4"	"0x1.0bccf47a1bc7cp+4"	"0x1.0be7eee0b4106p+4"	"0x1.15ab49a0b32cdp+4"
"sp|P42943|TCPH_YEAST"	"0x1.488a3354f169ep+4"	"0x1.4448a74e298ep+4"	"0x1.436cd23be7016p+4"	"0x1.48957a97f8482p+4"	"0x1.47eb99acdbde3p+4"	"0x1.3d022b5137a5dp+4"
"sp|P42945|UTP10_YEAST"	"0x1.2d72a4a5a0742p+4"	"0x1.2f922108b043cp+4"	"0x1.378ad7faa4b1ep+4"	"0x1.2feb9632f1303p+4"	"0x1.37a0d55c99256p+4"	"0x1.36aad4c78faafp+4"
"sp|P43123|UAP1_YEAST"	"0x1.1642656fe8ee9p+4"	"0x1.1ef34694fc486p+4"	"0x1.14ace85914138p+4"	"0x1.23760b84cae6bp+4"	"0x1.1f9414ac56878p+4"	"0x1.159561b977926p+4"
"sp|P43535|GCN20_YEAST"	"0x1.3423d714cf986p+4"	"0x1.3c189602a8b41p+4"	"0x1.3973c357793b9p+4"	"0x1.2f69cd7fd4042p+4"	"0x1.2fc8e04e4de9cp+4"	"0x1.3906c584c94dep+4"
"sp|P43555|EMP47_YEAST"	"0x1.32f96ea6f75e3p+4"	"0x1.2eaae1c3f5977p+4"	"0x1.2d236f5ffdd36p+4"	"0x1.3145f423b1624p+4"	"0x1.316613fc2a751p+4"	"0x1.2fef8b3daa607p+4"
"sp|P43561|FET5_YEAST"	"0x1.c8091d1e28c7fp+3"	"0x1.174c920ac8978p+4"	"0x1.1777233c543bbp+4"	"0x1.0c7f666a606ffp+4"	"0x1.d15d8bba9b7d6p+3"	"0x1.14fa16558ac11p+4"
"sp|P43577|GNA1_YEAST"	"0x1.0e6e643cca2f6p+4"	"0x1.0d491494219b4p+4"	"0x1.1e1eb81323adap+4"	"0x1.0f720167e7d8ep+4"	"0x1.109349a65a9p+4"	"0x1.2310de5f292b9p+4"
"sp|P43585|VTC2_YEAST"	"0x1.35c7c8e6757cbp+4"	"0x1.243163ddfe141p+4"	"0x1.2635519ced70ep+4"	"0x1.2b095d85124c4p+4"	"0x1.248357720cb1p+4"	"0x1.1f748b7d742b8p+4"
"sp|P43586|LOC1_YEAST"	"0x1.215f1288d09dp+4"	"0x1.0ba6fa3c92af3p+4"	"0x1.19be21cb13724p+4"	"0x1.1f8cbad1a5fd3p+4"	"0x1.1cf8271f96862p+4"	"0x1.136f3ffb6d916p+4"
"sp|P43588|RPN11_YEAST"	"0x1.306d91c8ba164p+4"	"0x1.2f6bc48f30636p+4"	"0x1.2f88973f0b072p+4"	"0x1.31305e5ce4af6p+4"	"0x1.2844d07112b46p+4"	"0x1.27e398f444dc8p+4"
"sp|P43590|YFH6_YEAST"	"0x1.1ae59f191f23ap+4"	"0x1.191a2dc76034fp+4"	"0x1.1bd3b6090fd1dp+4"	"0x1.0f6bffbb5b84bp+4"	"0x1.0f7f61fad959ep+4"	"0x1.1e3e6cd8d1539p+4"
"sp|P43593|UBP6_YEAST"	"0x1.213438a249c81p+4"	"0x1.2c5caad7e8e54p+4"	"0x1.2f4651b1f4344p+4"	"0x1.235c60802ef8ep+4"	"0x1.2c46fcdbabf96p+4"	"0x1.295e51fd6c36p+4"
"sp|P43603|LSB3_YEAST;sp|P32793|YSC84_YEAST"	"0x1.2e9fe2d7e96f3p+4"	"0x1.2893892ecf537p+4"	"0x1.26911b628b453p+4"	"0x1.2dbe31b00aa6p+4"	"0x1.27b20f46919c4p+4"	"0x1.2e33d5b207ca2p+4"
"sp|P43609|RSC8_YEAST"	"0x1.0ea5a026e171cp+4"	"0x1.09948a8d40994p+4"	"0x1.0e599b01385e1p+4"	"0x1.05b9deb7c5c67p+4"	"0x1.0628015382e07p+4"	"0x1.0d8b23ed6abe9p+4"
"sp|P43616|DUG1_YEAST"	"0x1.57a058f3d2757p+4"	"0x1.57d429567a2ccp+4"	"0x1.530e8c864198ap+4"	"0x1.506d042889418p+4"	"0x1.56bd4b293fd42p+4"	"0x1.5ad29c4196665p+4"
"sp|P43621|COPD_YEAST"	"0x1.36cc825338cacp+4"	"0x1.268ad4036f15dp+4"	"0x1.24d19c7fa6b2ep+4"	"0x1.1bf33a30a16e2p+4"	"0x1.23d73a6af4294p+4"	"0x1.428b85e00af3ap+4"
"sp|P45978|SCD6_YEAST"	"0x1.26c2c3219f961p+4"	"0x1.2be2ae9a1f6fep+4"	"0x1.2c9c94987c104p+4"	"0x1.1dade3cef07aep+4"	"0x1.249b93ea36aa1p+4"	"0x1.25672f49dede9p+4"
"sp|P46367|ALDH4_YEAST"	"0x1.4b6643524f189p+4"	"0x1.4c3118684700ap+4"	"0x1.4602e3cc2b7bp+4"	"0x1.46dfb421e2a4fp+4"	"0x1.470394077e3a6p+4"	"0x1.4d9bea66ab062p+4"
"sp|P46654|RSSA2_YEAST"	"0x1.93207a749119ep+4"	"0x1.888fcb34d6c7ap+4"	"0x1.8fbf4a69bf116p+4"	"0x1.853bd907c246p+4"	"0x1.89431ae73f5c7p+4"	"0x1.90cbd36646ab4p+4"
"sp|P46655|SYEC_YEAST"	"0x1.7c47a65dc1728p+4"	"0x1.74bc6b77e835cp+4"	"0x1.7ee51e75c8a28p+4"	"0x1.7afd097f1fd28p+4"	"0x1.7955f080953fdp+4"	"0x1.7ddb1913c3ac1p+4"
"sp|P46672|ARC1_YEAST"	"0x1.6cfce8037e502p+4"	"0x1.6623ceeb7004p+4"	"0x1.5de7114709a64p+4"	"0x1.6ae3561a516efp+4"	"0x1.5cbda4892691ep+4"	"0x1.6908864e6d992p+4"
"sp|P46683|YAR1_YEAST"	"0x1.126d91510833dp+4"	"0x1.063037b75cb96p+4"	"0x1.068ef83396d53p+4"	"0x1.1179fcfa8082cp+4"	"0x1.08293dd4f335fp+4"	"0x1.081fbc91aa933p+4"
"sp|P46985|MNN11_YEAST"	"0x1.1b0d2327c8683p+4"	"0x1.27b4ce046e9d4p+4"	"0x1.2714c5501999bp+4"	"0x1.1fb24eabefcf8p+4"	"0x1.1c3e8179871fdp+4"	"0x1.2380b50a8cd21p+4"
"sp|P46989|ATG27_YEAST"	"0x1.198ea4d18eeffp+4"	"0x1.1bda308d9e3ecp+4"	"0x1.1d7d95d0bd214p+4"	"0x1.16c8fb5e3b9aap+4"	"0x1.173433c8c3598p+4"	"0x1.225db814feadcp+4"
"sp|P46990|RL17B_YEAST"	"0x1.62128c42428d5p+4"	"0x1.58c828d16e695p+4"	"0x1.59b2aa7a90f7dp+4"	"0x1.643a1fe7a4192p+4"	"0x1.581c94abf80dap+4"	"0x1.59e4fcdf091fep+4"
"sp|P47001|CIS3_YEAST"	"0x1.1e936e7002378p+4"	"0x1.229daa4062fecp+4"	"0x1.23e061fd5fe28p+4"	"0x1.1c339ed3bea53p+4"	"0x1.1bf2f569d3188p+4"	"0x1.23c8215dccd8bp+4"
"sp|P47018|MTC1_YEAST"	"0x1.3480d69adbc4bp+4"	"0x1.3c35e0f7fc0d4p+4"	"0x1.36b893fe3fc03p+4"	"0x1.32cd46388693ep+4"	"0x1.381cbd47a7be1p+4"	"0x1.3dcc980d7ab71p+4"
"sp|P47035|NET1_YEAST"	"0x1.fe2733b66b58cp+3"	"0x1.f7ff92e22cc6ap+3"	"0x1.075e288d9ceb9p+4"	"0x1.f81ac79160dc6p+3"	"0x1.117c866c97208p+4"	"0x1.172751ac45f4ep+4"
"sp|P47047|MTR4_YEAST"	"0x1.1ee91f7778713p+4"	"0x1.167d3ac418b4dp+4"	"0x1.1c5cee668fe13p+4"	"0x1.184cd808f7d25p+4"	"0x1.13c4e05a913c7p+4"	"0x1.1e16e3671abdfp+4"
"sp|P47068|BBC1_YEAST"	"0x1.1226f05423369p+4"	"0x1.1ef9a44e24f0bp+4"	"0x1.1bb818fa87989p+4"	"0x1.1c98cb38aa017p+4"	"0x1.f81c7dc079cabp+3"	"0x1.1cab0d3b2053ep+4"
"sp|P47075|VTC4_YEAST"	"0x1.479f8994b5182p+4"	"0x1.3f05c3fddd157p+4"	"0x1.3f0f2a3c679c6p+4"	"0x1.43237df654767p+4"	"0x1.5297e02e3e331p+4"	"0x1.3d691165c15f6p+4"
"sp|P47079|TCPQ_YEAST"	"0x1.59ce8d756a2a5p+4"	"0x1.59c0b7d196b8ep+4"	"0x1.59dae253ab49ep+4"	"0x1.547fa1f487634p+4"	"0x1.57590b80ba22ap+4"	"0x1.59f433d9280abp+4"
"sp|P47089|DENR_YEAST"	"0x1.40e71efcdc0f4p+4"	"0x1.42a33286f2f33p+4"	"0x1.37db80ecff1b2p+4"	"0x1.3c17b7e246d1fp+4"	"0x1.41ac4f8a03c57p+4"	"0x1.469aae981d689p+4"
"sp|P47096|3HAO_YEAST"	"0x1.29d8d311e6219p+4"	"0x1.17be292711496p+4"	"0x1.1e4349b987a41p+4"	"0x1.26baaf06c679ap+4"	"0x1.1b023bdba7111p+4"	"0x1.206527a3fa80cp+4"
"sp|P47117|ARP3_YEAST"	"0x1.3343482df1f39p+4"	"0x1.3895b6459da5fp+4"	"0x1.36993e14f8fc5p+4"	"0x1.339e4445beddep+4"	"0x1.33e60082c07f1p+4"	"0x1.39e73a03d79f4p+4"
"sp|P47119|ITPA_YEAST"	"0x1.2bb4b4656760dp+4"	"0x1.2137008a882b3p+4"	"0x1.19cb1fe7a18b2p+4"	"0x1.26748b4832486p+4"	"0x1.15fefabba20a9p+4"	"0x1.1709d02d4a774p+4"
"sp|P47120|DOHH_YEAST"	"0x1.5517db44a42bfp+4"	"0x1.51d125f64a2ep+4"	"0x1.57db95746ee55p+4"	"0x1.56b1b568e25d9p+4"	"0x1.4c4aa0eafbe31p+4"	"0x1.5a344bc0eb542p+4"
"sp|P47122|GPN1_YEAST"	"0x1.1fc7bd08de6cbp+4"	"0x1.23bf21362aa4fp+4"	"0x1.22be94d8acb6ap+4"	"0x1.1303d3b127f47p+4"	"0x1.21ed929cb8707p+4"	"0x1.2c56fda1f4039p+4"
"sp|P47143|ADK_YEAST"	"0x1.6440cec3d6888p+4"	"0x1.7d716a6643fe3p+4"	"0x1.6aee0d1f91632p+4"	"0x1.5a95a54517496p+4"	"0x1.6625a4ca42dbap+4"	"0x1.684f849cd17cp+4"
"sp|P47154|STE24_YEAST"	"0x1.37886782a8379p+4"	"0x1.3e9031940f8a8p+4"	"0x1.37f5bf8ed82c8p+4"	"0x1.38534a8c4258bp+4"	"0x1.4033c13abbaf1p+4"	"0x1.3cdcc7353a6bcp+4"
"sp|P47160|ENT3_YEAST"	"0x1.1a6ce3a9e03cfp+4"	"0x1.159341eb5679p+4"	"0x1.19c2908446cfcp+4"	"0x1.14885850168f6p+4"	"0x1.2206326767b1fp+4"	"0x1.19d4d9b2b329ap+4"
"sp|P47176|BCA2_YEAST"	"0x1.3f61ef95b3158p+4"	"0x1.38ec4278d7fd7p+4"	"0x1.3ae880c50995ap+4"	"0x1.3b723829340efp+4"	"0x1.3276e4f41fb73p+4"	"0x1.372eeb9529dfdp+4"
"sp|P47912|LCF4_YEAST"	"0x1.4ad29c4196665p+4"	"0x1.4fa8b4df35542p+4"	"0x1.4d74b84d41a5dp+4"	"0x1.4d9699aae20c4p+4"	"0x1.42ea274e9ab78p+4"	"0x1.454c471d593ep+4"
"sp|P48164|RS7B_YEAST"	"0x1.8c3d169118085p+4"	"0x1.8774c058ff114p+4"	"0x1.93e07ef4de85p+4"	"0x1.8af9c104e30b1p+4"	"0x1.8729d1c5d3e43p+4"	"0x1.8b98bb80fd92ep+4"
"sp|P48231|TCB2_YEAST"	"0x1.24885850168f6p+4"	"0x1.2188fb7ba071p+4"	"0x1.137cd50eabde5p+4"	"0x1.23c9a936b428ep+4"	"0x1.17067d1b95e0dp+4"	"0x1.064c6cf381672p+4"
"sp|P48234|NOL10_YEAST"	"0x1.f2b7c5b902b8dp+3"	"0x1.0bc2abc156d3ap+4"	"0x1.081ea88d59011p+4"	"0x1.0a3900ac1db8dp+4"	"0x1.08e48154b7a86p+4"	"0x1.0abdd6f0322acp+4"
"sp|P48415|SEC16_YEAST"	"0x1.1283099c37343p+4"	"0x1.eefe2fab47658p+3"	"0x1.0272c28db0c5dp+4"	"0x1.0cb9e09257a3fp+4"	"0x1.ea52b746c0aep+3"	"0x1.edc172effa2b1p+3"
"sp|P48439|OST3_YEAST"	"0x1.f2f7524f32d93p+3"	"0x1.f6870ad5511dp+3"	"0x1.031834ee5cb84p+4"	"0x1.eb59ada35c989p+3"	"0x1.1d4546a04c47fp+4"	"0x1.f71f7da8e9a2cp+3"
"sp|P48570|HOSC_YEAST"	"0x1.5a910319f27f2p+4"	"0x1.579b7c4bebcdp+4"	"0x1.5cb1760d97f8cp+4"	"0x1.5ad07e8738dd2p+4"	"0x1.593bbe4e715cbp+4"	"0x1.6084585277be9p+4"
"sp|P48589|RS12_YEAST"	"0x1.93792ab95bbc4p+4"	"0x1.8ed2fc715dd8p+4"	"0x1.8fa3fc7402e9dp+4"	"0x1.8cf0ef5c9ee92p+4"	"0x1.8aff398e3b99dp+4"	"0x1.8c6bbf8a2af98p+4"
"sp|P48606|TBCA_YEAST"	"0x1.2e4f6d71d79fep+4"	"0x1.2ed2de14aca5cp+4"	"0x1.348f31d0e21a5p+4"	"0x1.2e91df69f4177p+4"	"0x1.2cd8b59e7f5b4p+4"	"0x1.324ef326e7db4p+4"
"sp|P48836|VATG_YEAST"	"0x1.5cee70f7fcb18p+4"	"0x1.58d915ba61ec9p+4"	"0x1.5a1bcbf82e4cep+4"	"0x1.5d17a74be37b3p+4"	"0x1.5a31c28daf934p+4"	"0x1.5dfe79197792fp+4"
"sp|P48837|NUP57_YEAST"	"0x1.1eee51cdf2c17p+4"	"0x1.2518b7171b36ep+4"	"0x1.24820b3111f6dp+4"	"0x1.1c87ca19bf25cp+4"	"0x1.28ff112d8c593p+4"	"0x1.2d51b1e2b1cf1p+4"
"sp|P49089|ASNS1_YEAST"	"0x1.6fbb686dcf3f1p+4"	"0x1.6b9ad2180df9p+4"	"0x1.6c06a7e53996bp+4"	"0x1.6ee7da4357e34p+4"	"0x1.6928d340571f2p+4"	"0x1.6e64532b52167p+4"
"sp|P49090|ASNS2_YEAST"	"0x1.566e7da1a044cp+4"	"0x1.5d98f2245b113p+4"	"0x1.5d8c6cda81ac1p+4"	"0x1.59345f5bd981ap+4"	"0x1.5380b50a8cd21p+4"	"0x1.5acc6fac762b3p+4"
"sp|P49166|RL37A_YEAST"	"0x1.5e72e231a618cp+4"	"0x1.62aa9b8b9ec93p+4"	"0x1.663485a413d7ep+4"	"0x1.674a106fa7433p+4"	"0x1.600263943d18ap+4"	"0x1.66b2c3438c2bap+4"
"sp|P49167|RL38_YEAST"	"0x1.718df6933c577p+4"	"0x1.70c64f898c66p+4"	"0x1.6bee975afa98fp+4"	"0x1.6d2773e137b71p+4"	"0x1.6de1475ffc5d8p+4"	"0x1.6fdfb69f8427bp+4"
"sp|P49334|TOM22_YEAST"	"0x1.2d32fae7e705ep+4"	"0x1.20ad9d1503e8bp+4"	"0x1.22bec81598347p+4"	"0x1.246032e0f0751p+4"	"0x1.1fe919151880ep+4"	"0x1.24e63fa27e834p+4"
"sp|P49367|LYS4_YEAST"	"0x1.22915ff43a61dp+4"	"0x1.0e8395e9c0de4p+4"	"0x1.10f792b039bf7p+4"	"0x1.204a0ee65f9b4p+4"	"0x1.23c3ba3d619c4p+4"	"0x1.2962f9ae7239ep+4"
"sp|P49435|APT1_YEAST"	"0x1.462c70cd94ddbp+4"	"0x1.46ed13e9b54b6p+4"	"0x1.446e72cb3b0f7p+4"	"0x1.41f32b309bbbfp+4"	"0x1.432300075ed26p+4"	"0x1.452b08b96c291p+4"
"sp|P49573|CTR1_YEAST"	"0x1.365ff8bc93102p+4"	"0x1.2b054fab2b8e4p+4"	"0x1.2f4386ed7fc73p+4"	"0x1.39dc4800f12dfp+4"	"0x1.2c55cd4ba500dp+4"	"0x1.39ca2a79e14eep+4"
"sp|P49626|RL4B_YEAST"	"0x1.622af7ad79c8fp+4"	"0x1.5c1ef4c963efep+4"	"0x1.5b2434b69355p+4"	"0x1.5e99ee7574c2bp+4"	"0x1.5d629a2beca6ep+4"	"0x1.60815036d7b66p+4"
"sp|P49723|RIR4_YEAST"	"0x1.6ab352076afb1p+4"	"0x1.607fa8b6fa535p+4"	"0x1.6b2a33c4eef26p+4"	"0x1.67db6221b53p+4"	"0x1.68302dab555b1p+4"	"0x1.6a4915f3a0ffdp+4"
"sp|P50085|PHB2_YEAST"	"0x1.34e253db46611p+4"	"0x1.254f0dfa790cbp+4"	"0x1.2b3dadba65ddbp+4"	"0x1.323c7635906e8p+4"	"0x1.2c05bc3d2a05fp+4"	"0x1.2fa2fbff6e62ep+4"
"sp|P50094|IMDH4_YEAST;sp|O42831|YA075_YEAST"	"0x1.7476006f0006cp+4"	"0x1.7047d4e6d0df5p+4"	"0x1.744ef830b6a92p+4"	"0x1.72a413b8b5a3dp+4"	"0x1.702a999a1f3f3p+4"	"0x1.74b61adcd80ccp+4"
"sp|P50095|IMDH3_YEAST"	"0x1.4625f7b1784adp+4"	"0x1.5174c09d9c27p+4"	"0x1.580950d64a22bp+4"	"0x1.443314e81b458p+4"	"0x1.544ac27582282p+4"	"0x1.56bdecc3257b1p+4"
"sp|P50107|LGUL_YEAST"	"0x1.0cc9716827554p+4"	"0x1.1072a81e8485fp+4"	"0x1.ff6384aab9ep+3"	"0x1.0aec15dc00d79p+4"	"0x1.0f1a12b14ab5ap+4"	"0x1.1c276238cceaap+4"
"sp|P50861|RIB4_YEAST"	"0x1.522845fff537ep+4"	"0x1.3ac1cd33e63f4p+4"	"0x1.50c683da1c6dfp+4"	"0x1.41aabcf00331fp+4"	"0x1.47eb334e177b5p+4"	"0x1.3ba03cf711bddp+4"
"sp|P51402|RL37B_YEAST"	"0x1.4d89c2da9b795p+4"	"0x1.413ecd918c19fp+4"	"0x1.49d84f3a1aba7p+4"	"0x1.4a49a08a94bb6p+4"	"0x1.44cc93fbbe7a4p+4"	"0x1.48318fc7067bcp+4"
"sp|P51601|GCH1_YEAST"	"0x1.1fa80529719cdp+4"	"0x1.1c097bc61ef5dp+4"	"0x1.2b5574a6d09edp+4"	"0x1.1eb379199f23bp+4"	"0x1.2284db5bb4b3cp+4"	"0x1.227e2ee9fe815p+4"
"sp|P52553|PFD6_YEAST"	"0x1.2dc840bbbcdf8p+4"	"0x1.2b68537e96c23p+4"	"0x1.29f608724864ap+4"	"0x1.2254f6bd64801p+4"	"0x1.2f07ffd242dcdp+4"	"0x1.2a747d6723d9dp+4"
"sp|P52870|SC6B1_YEAST"	"0x1.26d7ea7e3c1adp+4"	"0x1.0d8ba44c1e3b8p+4"	"0x1.1367dd132974dp+4"	"0x1.270453a7eb32bp+4"	"0x1.1611b9d01d451p+4"	"0x1.141158dc67dc1p+4"
"sp|P52871|SC6B2_YEAST"	"0x1.245df5db90dd4p+4"	"0x1.2860020899b1ep+4"	"0x1.3040b3766a6b3p+4"	"0x1.28dd140f4277dp+4"	"0x1.23664eb010ab8p+4"	"0x1.3075c04bde023p+4"
"sp|P52910|ACS2_YEAST"	"0x1.5b3f71c7cb97ep+4"	"0x1.52a93a0b5d1c9p+4"	"0x1.572ee1038abe5p+4"	"0x1.59102402bdd4fp+4"	"0x1.4e5a92eb61105p+4"	"0x1.58267c96a50a2p+4"
"sp|P53011|SEH1_YEAST"	"0x1.092ca0fb4f6a7p+4"	"0x1.1c9ecc8f95f07p+4"	"0x1.1f8bcf6c2718ap+4"	"0x1.1691f4776435ep+4"	"0x1.192a43de50331p+4"	"0x1.216e228a47355p+4"
"sp|P53043|PPT1_YEAST"	"0x1.237c0e951b51cp+4"	"0x1.fe02ebb70cca2p+3"	"0x1.f4285a0d82732p+3"	"0x1.1d570261ede13p+4"	"0x1.1b13d65207df2p+4"	"0x1.1a1d6ee5f8638p+4"
"sp|P53066|YGZ2_YEAST"	"0x1.14ae031552dd5p+4"	"0x1.1c9a198efae5fp+4"	"0x1.30f94d580d19p+4"	"0x1.20017cd2d45bbp+4"	"0x1.2772bb3fe8d09p+4"	"0x1.128d234957ca6p+4"
"sp|P53073|EMC4_YEAST"	"0x1.0c7aad005dae9p+4"	"0x1.f72025847ab0cp+3"	"0x1.1189317a13b7bp+4"	"0x1.09332b6af78b9p+4"	"0x1.1656a4bcba9fep+4"	"0x1.fa412722e1196p+3"
"sp|P53075|SHE10_YEAST"	"0x1.176d03caea15ap+4"	"0x1.1deb62d1a269fp+4"	"0x1.2705d2d621b9dp+4"	"0x1.1391ba0f25f59p+4"	"0x1.1cbe8d1fee8e2p+4"	"0x1.256f90006ae88p+4"
"sp|P53081|GTPC1_YEAST"	"0x1.38bdfb1a437afp+4"	"0x1.3ab6afeb37734p+4"	"0x1.3e137585d0001p+4"	"0x1.38127fd1c30e6p+4"	"0x1.39e6b67e36122p+4"	"0x1.3b421c08f5db2p+4"
"sp|P53090|ARO8_YEAST"	"0x1.62f70dc1ba15p+4"	"0x1.5f526e8d6daf8p+4"	"0x1.6328e689de352p+4"	"0x1.6226bbc1cbd49p+4"	"0x1.5c7b8fd719b36p+4"	"0x1.69725c1285e2bp+4"
"sp|P53111|ARI1_YEAST"	"0x1.15177321761cfp+4"	"0x1.21eae05e507c4p+4"	"0x1.1abc240b9489ep+4"	"0x1.1c379aed8b534p+4"	"0x1.23284f8e3049ap+4"	"0x1.255de6ddb7a0cp+4"
"sp|P53131|PRP43_YEAST"	"0x1.3f51203bbc771p+4"	"0x1.4270b64477f56p+4"	"0x1.3890096e5ba4fp+4"	"0x1.3f5a680287339p+4"	"0x1.3bf7dc181a2d8p+4"	"0x1.3511d79e4194dp+4"
"sp|P53141|MLC1_YEAST"	"0x1.4ded3c600822ap+4"	"0x1.4b9ebd4dd91c6p+4"	"0x1.4c48a497c4133p+4"	"0x1.4d828be671d89p+4"	"0x1.4310c51b3b449p+4"	"0x1.4d6a542846adbp+4"
"sp|P53145|LSG1_YEAST"	"0x1.23a878cc65159p+4"	"0x1.1809c0df1a4c1p+4"	"0x1.209695b8fe8dap+4"	"0x1.2411893e85996p+4"	"0x1.188edebab0bedp+4"	"0x1.0e3a8834e4453p+4"
"sp|P53163|MNP1_YEAST"	"0x1.d4258df96d0b5p+3"	"0x1.04aee53bc8103p+4"	"0x1.0210b802251cbp+4"	"0x1.f1df8fe59eeap+3"	"0x1.ecf5d450154fp+3"	"0x1.04080a7dc3081p+4"
"sp|P53183|YGD9_YEAST"	"0x1.120593cea10c6p+4"	"0x1.1d74478ac94b8p+4"	"0x1.19c3735bfa84dp+4"	"0x1.1b94b7402db91p+4"	"0x1.22c561f6e702fp+4"	"0x1.1f6d278f50347p+4"
"sp|P53184|PNC1_YEAST"	"0x1.3304065545302p+4"	"0x1.0efe5a6072645p+4"	"0x1.0cf7e5515124ep+4"	"0x1.3833b1f4061ccp+4"	"0x1.047eed7c115b4p+4"	"0x1.1abcb506022bp+4"
"sp|P53200|AML1_YEAST"	"0x1.1f7577d0a749dp+4"	"0x1.1e4480c8bf736p+4"	"0x1.22874821f2072p+4"	"0x1.2bf85459f1c4ep+4"	"0x1.2446c7e56eed3p+4"	"0x1.292cb07e8567ep+4"
"sp|P53221|RL26B_YEAST"	"0x1.9581e7318cbd3p+4"	"0x1.89e9586c22f59p+4"	"0x1.9032c6f04a9f6p+4"	"0x1.92bf68311b1ffp+4"	"0x1.89a3b2e8a4498p+4"	"0x1.87ab11f1f10ddp+4"
"sp|P53235|EIF2A_YEAST"	"0x1.42a433e3b0682p+4"	"0x1.35bddc8e02336p+4"	"0x1.3f35326f4e48bp+4"	"0x1.440dd97dc5ce3p+4"	"0x1.2d84be415a4c5p+4"	"0x1.3dd2ca3c9e399p+4"
"sp|P53250|TWF1_YEAST"	"0x1.eacd83611a48ep+3"	"0x1.fdef22a875a35p+3"	"0x1.0282f4e82faadp+4"	"0x1.f1959e4b21392p+3"	"0x1.f1dbe35c253a6p+3"	"0x1.fba0df5d8d9c3p+3"
"sp|P53252|PIL1_YEAST"	"0x1.6002f3c88b453p+4"	"0x1.5fc5179cb79eap+4"	"0x1.6368b0ace286ap+4"	"0x1.5ff61fbabc592p+4"	"0x1.5cb0a5ecee257p+4"	"0x1.5f88973f0b072p+4"
"sp|P53254|UTP22_YEAST"	"0x1.1a4cf247bf199p+4"	"0x1.26a10750173f8p+4"	"0x1.1436a6b1be2c1p+4"	"0x1.0fc65f6f64187p+4"	"0x1.29afa1165744p+4"	"0x1.33ad915f167c3p+4"
"sp|P53261|PESC_YEAST"	"0x1.54eecf9fb758bp+4"	"0x1.4e433a2b8a027p+4"	"0x1.52e56ed795503p+4"	"0x1.4fb0fe6c47c6ep+4"	"0x1.443e58ac55e2fp+4"	"0x1.4977e0b4db122p+4"
"sp|P53276|UTP8_YEAST"	"0x1.256bffbab96cbp+4"	"0x1.2598eba1dd5b2p+4"	"0x1.2416a30200b6ap+4"	"0x1.1a1b1b0db4eap+4"	"0x1.264810cb3bcb2p+4"	"0x1.1fed2b7f45cap+4"
"sp|P53295|RBG2_YEAST"	"0x1.2ba7cb3a0eefcp+4"	"0x1.1c554603cf17ep+4"	"0x1.1fc699b512dc9p+4"	"0x1.1e9d40eee13c5p+4"	"0x1.27a42737d45c4p+4"	"0x1.2012972ba0691p+4"
"sp|P53297|PBP1_YEAST"	"0x1.234df0395bc0fp+4"	"0x1.0950741c4da64p+4"	"0x1.10b5ecfdd7552p+4"	"0x1.1fc452e261d8ep+4"	"0x1.06c7f94807521p+4"	"0x1.1027e6580aecbp+4"
"sp|P53299|TIM13_YEAST"	"0x1.05c6f13fbe91ap+4"	"0x1.1ad1573e20beap+4"	"0x1.17767c2dffbfp+4"	"0x1.03b0da97ebc74p+4"	"0x1.1f0696b0de83fp+4"	"0x1.20447d8056a0cp+4"
"sp|P53301|CRH1_YEAST"	"0x1.3632d20a79f21p+4"	"0x1.45cda91c58d67p+4"	"0x1.3b8e5d940d5ecp+4"	"0x1.35c45ca035511p+4"	"0x1.37e7852c96b08p+4"	"0x1.3c5d102d993abp+4"
"sp|P53303|ZPR1_YEAST"	"0x1.28f8589a9cb7ap+4"	"0x1.243ca875605d2p+4"	"0x1.2cf30276dabbep+4"	"0x1.271a685b01554p+4"	"0x1.26ed7ec803a4ep+4"	"0x1.2de2406fa0d67p+4"
"sp|P53312|SUCB_YEAST"	"0x1.151ab4078886p+4"	"0x1.1ed944c2f931dp+4"	"0x1.223e4d8d60477p+4"	"0x1.1f2155787f11bp+4"	"0x1.1cd61feba59d1p+4"	"0x1.1c8c3dd1bcd34p+4"
"sp|P53326|YG5L_YEAST"	"0x1.c9262849bc0ep+3"	"0x1.09c2dc227a69p+4"	"0x1.dee63a3a06602p+3"	"0x1.09a66f8494483p+4"	"0x1.0821b3c3a794bp+4"	"0x1.11cc4d4f47629p+4"
"sp|P53332|COAD_YEAST"	"0x1.09086717354a9p+4"	"0x1.fd0cbf552d15dp+3"	"0x1.ed9e0dedd8bcp+3"	"0x1.f747a3bd2ee54p+3"	"0x1.f8748539ed5dbp+3"	"0x1.f9959487ec00fp+3"
"sp|P53334|SCW4_YEAST"	"0x1.35e494edd0a95p+4"	"0x1.21b22da395936p+4"	"0x1.307a2b4245aa6p+4"	"0x1.353bade770617p+4"	"0x1.2ad0eae3ab217p+4"	"0x1.2a1a3b8d1d672p+4"
"sp|P53335|PXR1_YEAST"	"0x1.15845dccad2bep+4"	"0x1.142ec200efdd5p+4"	"0x1.12b55e0598b7ep+4"	"0x1.1eca8f3831552p+4"	"0x1.1aa5717e3a21dp+4"	"0x1.1e010de63b61fp+4"
"sp|P53337|ERV29_YEAST"	"0x1.2e3e0f7096c1ep+4"	"0x1.3174ce291e835p+4"	"0x1.3080756bc4d08p+4"	"0x1.2b7c81daa52ecp+4"	"0x1.2b2acf69a0901p+4"	"0x1.27f183f1ce87dp+4"
"sp|P53549|PRS10_YEAST"	"0x1.381ecd16305fbp+4"	"0x1.38b14f6f06202p+4"	"0x1.392ea890b64efp+4"	"0x1.33e219016dcb4p+4"	"0x1.3a653506dc43ap+4"	"0x1.3e38f32243799p+4"
"sp|P53551|H1_YEAST"	"0x1.26e478be3067cp+4"	"0x1.106ab12f755acp+4"	"0x1.17613ccb18546p+4"	"0x1.2ecd0d97878f1p+4"	"0x1.119eaac2bd786p+4"	"0x1.10c3766e4f636p+4"
"sp|P53598|SUCA_YEAST"	"0x1.3dee291900952p+4"	"0x1.3ded3c600822ap+4"	"0x1.40831adf1f70dp+4"	"0x1.3e5efd83d22ap+4"	"0x1.3d9e8a4fdc7a8p+4"	"0x1.3d0311398e3fep+4"
"sp|P53600|COPZ_YEAST"	"0x1.313ad9b4bf9fbp+4"	"0x1.2fe5d0d63348ap+4"	"0x1.2efcb45c7065p+4"	"0x1.1f3390517a92ap+4"	"0x1.2bfee6f2f7105p+4"	"0x1.30cb4efc07eaep+4"
"sp|P53615|CAN_YEAST"	"0x1.2ee3ebf53bf47p+4"	"0x1.34323c6704272p+4"	"0x1.2a56bfc38a481p+4"	"0x1.360231e1001a1p+4"	"0x1.25c1a3bcdc09ep+4"	"0x1.34350df67a511p+4"
"sp|P53622|COPA_YEAST"	"0x1.471c7a8a3c315p+4"	"0x1.4355f146d976ep+4"	"0x1.4664ac42d2a78p+4"	"0x1.43ac9b4fca1ep+4"	"0x1.352f8994225cp+4"	"0x1.36d5a733c0332p+4"
"sp|P53633|PRA1_YEAST"	"0x1.2fb2a6605a5d5p+4"	"0x1.202e63b225d08p+4"	"0x1.2cfd08e394dccp+4"	"0x1.32de058382d2dp+4"	"0x1.2f072d2c219c7p+4"	"0x1.38ffd492ecd27p+4"
"sp|P53691|PPID_YEAST"	"0x1.5274836d22fc8p+4"	"0x1.51acd5b741194p+4"	"0x1.5b9e0ee16bbbbp+4"	"0x1.4c4feb9df0e15p+4"	"0x1.53b6361c2f67bp+4"	"0x1.5df2ef930961cp+4"
"sp|P53723|YN8B_YEAST"	"0x1.38b8445b60069p+4"	"0x1.318ae15bec209p+4"	"0x1.38356ed6eeb3dp+4"	"0x1.36bb0541046bfp+4"	"0x1.2b97dab38fbbfp+4"	"0x1.39ab54ae11db6p+4"
"sp|P53731|ARPC2_YEAST"	"0x1.32d8d7cadad1p+4"	"0x1.2f79d9dadaebbp+4"	"0x1.3023a4e1befe3p+4"	"0x1.24ad75b8e45bcp+4"	"0x1.2de065ffa4bfdp+4"	"0x1.274c67fa5a058p+4"
"sp|P53738|TR112_YEAST"	"0x1.1a33c9ef93ecbp+4"	"0x1.22261e07f73bfp+4"	"0x1.1dc20bb7805d8p+4"	"0x1.22f068a014d65p+4"	"0x1.152e2fd088be9p+4"	"0x1.1629f044e728cp+4"
"sp|P53742|NOG2_YEAST"	"0x1.2091f7e387177p+4"	"0x1.277ff0b006e0fp+4"	"0x1.1d1085a6eee3fp+4"	"0x1.29eb303aa6a6p+4"	"0x1.23d4bf1338a17p+4"	"0x1.2a3768f60b6f3p+4"
"sp|P53834|HCH1_YEAST"	"0x1.32b7df5eed61ap+4"	"0x1.393e2919829aep+4"	"0x1.3be9e25e3b65ep+4"	"0x1.330ffaf7e86a1p+4"	"0x1.3776e497823aep+4"	"0x1.399427795cd45p+4"
"sp|P53849|GIS2_YEAST"	"0x1.2147725dfd22p+4"	"0x1.26df1e2a36bf1p+4"	"0x1.31537bf5d911p+4"	"0x1.2728a44599e7p+4"	"0x1.2855050fec553p+4"	"0x1.2ee51aad2eb88p+4"
"sp|P53852|SYC_YEAST"	"0x1.3f5e763d70d0bp+4"	"0x1.3f3b06c3efc09p+4"	"0x1.3e6fa879894a8p+4"	"0x1.35682a6c3a62ep+4"	"0x1.3b416adb08fdap+4"	"0x1.39c6fe63bf151p+4"
"sp|P53860|PDR16_YEAST"	"0x1.2f9a0bf53a80fp+4"	"0x1.23b6b0f1f70ap+4"	"0x1.2ed44a62af9bfp+4"	"0x1.309776baace4ap+4"	"0x1.2d772c615b33bp+4"	"0x1.2ce411a8da5c9p+4"
"sp|P53883|NOP13_YEAST"	"0x1.389ddd87e147cp+4"	"0x1.3410c7b3ae1d8p+4"	"0x1.2a15232113b92p+4"	"0x1.2ecd4a600f8dbp+4"	"0x1.1bc266694258cp+4"	"0x1.336b75f1815bbp+4"
"sp|P53889|FMP41_YEAST"	"0x1.00843ab23cb11p+4"	"0x1.0dc10d51b679fp+4"	"0x1.02baa83b507f1p+4"	"0x1.0aff27a30d25ap+4"	"0x1.ff0daf4be229cp+3"	"0x1.0508ad8f9d416p+4"
"sp|P53900|PFD4_YEAST"	"0x1.1a304f74f2fbap+4"	"0x1.24a52bb83ae96p+4"	"0x1.25aa3ac172cdp+4"	"0x1.25d89b7b4852ep+4"	"0x1.22b35cbf3244ep+4"	"0x1.22104e7796428p+4"
"sp|P53909|ADE_YEAST"	"0x1.3146e9de4aea7p+4"	"0x1.283e82413edefp+4"	"0x1.366bee5f3b85ap+4"	"0x1.3674f85a3fe74p+4"	"0x1.2b774c05c9e49p+4"	"0x1.33e4dc0a7f149p+4"
"sp|P53912|YNN4_YEAST;sp|P25608|YCZ2_YEAST;sp|P54007|YL460_YEAST"	"0x1.3fba68fcf4475p+4"	"0x1.48dc8a7a71208p+4"	"0x1.48ee2c78b6346p+4"	"0x1.4048f1ed77a19p+4"	"0x1.4510d8c9c3b81p+4"	"0x1.464afbeb6011fp+4"
"sp|P53914|KRE33_YEAST"	"0x1.40c5f85794dbbp+4"	"0x1.3b0c94231d42ep+4"	"0x1.335ee8ea3c37cp+4"	"0x1.3e4c559513288p+4"	"0x1.3fbdd49b12ff8p+4"	"0x1.405f2b32dca63p+4"
"sp|P53920|NM111_YEAST"	"0x1.183c247d8fb22p+4"	"0x1.182e3dc74e23ep+4"	"0x1.1c08f2bc17ec6p+4"	"0x1.219b8396a1312p+4"	"0x1.15ed918650543p+4"	"0x1.1f615b659de1bp+4"
"sp|P53941|IMP4_YEAST"	"0x1.119eaac2bd786p+4"	"0x1.11d3cde35a67ap+4"	"0x1.1d2b984d9756fp+4"	"0x1.0e05b8e631dafp+4"	"0x1.0777a8ddfe383p+4"	"0x1.0eca526877d53p+4"
"sp|P53981|YNB0_YEAST"	"0x1.4651d86862934p+4"	"0x1.4e4cf0e1d326ep+4"	"0x1.4b80004429c83p+4"	"0x1.46ff007320a72p+4"	"0x1.41bea0a857f14p+4"	"0x1.504096ec2eecfp+4"
"sp|P54000|SUB1_YEAST"	"0x1.0d553d04fbe5dp+4"	"0x1.1ae4c7204e9a5p+4"	"0x1.1d0ba800b82fp+4"	"0x1.064fdb3c6f189p+4"	"0x1.1f0c3ab217edap+4"	"0x1.0e8acb22ec2c9p+4"
"sp|P54003|SUR7_YEAST"	"0x1.126df9348a744p+4"	"0x1.13899c237cf18p+4"	"0x1.237162e8c1f1p+4"	"0x1.256cb63a54cbap+4"	"0x1.129c0dfeb5d5fp+4"	"0x1.232bd93a6bddep+4"
"sp|P54113|PUR91_YEAST"	"0x1.3dd5937a3748ap+4"	"0x1.3688735f85b44p+4"	"0x1.37a3bf9a45636p+4"	"0x1.3cd01c59fc1d9p+4"	"0x1.3725e9d4195b5p+4"	"0x1.38eb3000c4163p+4"
"sp|P54115|ALDH6_YEAST"	"0x1.922c068957509p+4"	"0x1.8def29815aa8dp+4"	"0x1.931c53053eea4p+4"	"0x1.911e9c8741d6ep+4"	"0x1.8e7fc0b8d40bcp+4"	"0x1.91b2ba6269c65p+4"
"sp|P54783|ALO_YEAST"	"0x1.41f9615a7648ap+4"	"0x1.41e5b01737feep+4"	"0x1.4093115c8e831p+4"	"0x1.3e52e1fa23d23p+4"	"0x1.4581cac81cf0ap+4"	"0x1.44826a20f878ep+4"
"sp|P54837|TMEDA_YEAST"	"0x1.234b97f9d49afp+4"	"0x1.1378f46c29007p+4"	"0x1.14861f2c1fa38p+4"	"0x1.2da2899a49a9p+4"	"0x1.1fd59ab7ca02bp+4"	"0x1.1312d797113a9p+4"
"sp|P54838|DAK1_YEAST"	"0x1.4877e03dfcf21p+4"	"0x1.430b56dca9532p+4"	"0x1.40c8264df1354p+4"	"0x1.4574757a75bcdp+4"	"0x1.3be9e25e3b65ep+4"	"0x1.4be3274a7d2b2p+4"
"sp|P54839|HMCS_YEAST"	"0x1.5b68ab816141dp+4"	"0x1.60916b21fc214p+4"	"0x1.5ea60b3bafcafp+4"	"0x1.60e012589859bp+4"	"0x1.59b5ff40f5f37p+4"	"0x1.75ec966a8822ap+4"
"sp|P54861|DNM1_YEAST"	"0x1.e8b31c90cca7bp+3"	"0x1.06177a08106dcp+4"	"0x1.02fd928f73bdbp+4"	"0x1.d8f73dec58a11p+3"	"0x1.d551b4fffb322p+3"	"0x1.d765a9731f1dp+3"
"sp|P54885|PROA_YEAST"	"0x1.52a372df2f54ap+4"	"0x1.5d85ff81d9a7p+4"	"0x1.548c5f55a3a21p+4"	"0x1.5608511125ffep+4"	"0x1.552dbc8ad674p+4"	"0x1.5aa76eceeddefp+4"
"sp|P57744|TIM8_YEAST"	"0x1.2353cbcda3a43p+4"	"0x1.2ab70a9d918c7p+4"	"0x1.153a0fd459dfap+4"	"0x1.213ffa4316394p+4"	"0x1.23033bc2359b8p+4"	"0x1.18eda349a4e34p+4"
"sp|P60010|ACT_YEAST"	"0x1.96658dd0b7427p+4"	"0x1.92856e7dea069p+4"	"0x1.91dfe0b24a0b1p+4"	"0x1.96e2804a2e29ap+4"	"0x1.908de9814cde3p+4"	"0x1.94659354b9ccdp+4"
"sp|P61830|H3_YEAST"	"0x1.6543a5ddc293p+4"	"0x1.5147df8eacfdfp+4"	"0x1.5b61723347c4cp+4"	"0x1.64a3012698bb2p+4"	"0x1.5408e21fcc2cep+4"	"0x1.5efb521417d04p+4"
"sp|P80210|PURA_YEAST"	"0x1.451e680ce2162p+4"	"0x1.378f64f6f8178p+4"	"0x1.3a64a1e2c13f9p+4"	"0x1.40c93d355f009p+4"	"0x1.23efcc8da0bdep+4"	"0x1.58c794e2e2fa3p+4"
"sp|P80967|TOM5_YEAST"	"0x1.2db57ccda405bp+4"	"0x1.310bdbba95087p+4"	"0x1.2ea5fbefb0bap+4"	"0x1.2d59aa2c28095p+4"	"0x1.2ad4dde2b9ae6p+4"	"0x1.2a96ed953c40cp+4"
"sp|P89886|TMA20_YEAST"	"0x1.262d0b5fc2537p+4"	"0x1.1eb9e881575e2p+4"	"0x1.279104d04e947p+4"	"0x1.24de38ad6153ep+4"	"0x1.1b9e88faa915ep+4"	"0x1.25ba14c0c174ep+4"
"sp|Q00055|GPD1_YEAST"	"0x1.3930a077eb5ebp+4"	"0x1.2c176271230b1p+4"	"0x1.3a43fe9681d77p+4"	"0x1.4567fcc3ddb0dp+4"	"0x1.3a883bf505c8ep+4"	"0x1.3ee47430547b7p+4"
"sp|Q00245|RHO3_YEAST"	"0x1.333304118b967p+4"	"0x1.1fa19c37812edp+4"	"0x1.2894c78b6a5b3p+4"	"0x1.3724c16bf8217p+4"	"0x1.26c114825e3c5p+4"	"0x1.3d79c0630d1a5p+4"
"sp|Q00362|2ABA_YEAST"	"0x1.38d9780f2765cp+4"	"0x1.3895033adea5ep+4"	"0x1.3ed4a572ae169p+4"	"0x1.309c67c497371p+4"	"0x1.39c82c9cbdb3p+4"	"0x1.41a1d180a789ap+4"
"sp|Q00402|NUM1_YEAST"	"0x1.37a916c16fc2p+4"	"0x1.3b3631a78dcdap+4"	"0x1.2c1dec39a6272p+4"	"0x1.341a08e42298cp+4"	"0x1.37ee661296f88p+4"	"0x1.32424a4abb665p+4"
"sp|Q00764|TPS1_YEAST"	"0x1.0553632cf81eep+4"	"0x1.1ab3a3b3e7eeep+4"	"0x1.11ebe9e251ee3p+4"	"0x1.07e3805a4877fp+4"	"0x1.0fbb6fba03bd9p+4"	"0x1.10149cd218c98p+4"
"sp|Q00955|ACAC_YEAST"	"0x1.7f1a16713fe8ep+4"	"0x1.7cb24626ed7c3p+4"	"0x1.7fd58149ec73fp+4"	"0x1.7fc13fb785e98p+4"	"0x1.7e465723dcaa1p+4"	"0x1.80812ced58abep+4"
"sp|Q01080|RPA49_YEAST"	"0x1.2fa66b17abaffp+4"	"0x1.256179510ac4bp+4"	"0x1.2f9870eae40dcp+4"	"0x1.313e29875933ep+4"	"0x1.2f62dca7b41d8p+4"	"0x1.2f739f20cd2dap+4"
"sp|Q01477|UBP3_YEAST"	"0x1.1c09c049f1688p+4"	"0x1.19fb024cacec4p+4"	"0x1.1a846059c0251p+4"	"0x1.184ebb4c63749p+4"	"0x1.186737b6b4badp+4"	"0x1.11492714a212ep+4"
"sp|Q01532|BLH1_YEAST"	"0x1.3911d09bd0a9ap+4"	"0x1.379eceec14d49p+4"	"0x1.372e183123c1dp+4"	"0x1.3520c0ed373aep+4"	"0x1.36138b9444227p+4"	"0x1.3ba98ff097ed5p+4"
"sp|Q01560|NOP3_YEAST"	"0x1.5eef61c664a13p+4"	"0x1.56dc5af99fd7cp+4"	"0x1.593a3b6e9c5b7p+4"	"0x1.59dc5ad3913dap+4"	"0x1.567ff3a81ba83p+4"	"0x1.57a32e876fc6dp+4"
"sp|Q01649|CIK1_YEAST"	"0x1.2f5372870104cp+4"	"0x1.3764440df1e25p+4"	"0x1.3e8b2756a9b1cp+4"	"0x1.491a06e01fa52p+4"	"0x1.396b9998338cfp+4"	"0x1.3c65f66aa7e57p+4"
"sp|Q01662|MAP1_YEAST"	"0x1.4cfbf16d00952p+4"	"0x1.48b7f53fd1becp+4"	"0x1.53b6738764edep+4"	"0x1.46e3e2e57bd1ep+4"	"0x1.4ed76e94c44bcp+4"	"0x1.516b7c60de9e9p+4"
"sp|Q01852|TIM44_YEAST"	"0x1.1c835585c5f09p+4"	"0x1.0afc5ab739672p+4"	"0x1.2ec4bca2abea5p+4"	"0x1.24ab9e6c5b99ep+4"	"0x1.24cd38098565fp+4"	"0x1.291c276e5a60fp+4"
"sp|Q01855|RS15_YEAST"	"0x1.8e628cbb97679p+4"	"0x1.87bdfd4f6efaep+4"	"0x1.8c578f706c182p+4"	"0x1.8bacf1cfb3864p+4"	"0x1.82e430aa1e191p+4"	"0x1.8dc8e77bb997p+4"
"sp|Q01939|PRS8_YEAST"	"0x1.3d264e17b40d8p+4"	"0x1.4430431af30adp+4"	"0x1.44f7e80bb7839p+4"	"0x1.2f41aa3a7b038p+4"	"0x1.3cf5f7aeeba74p+4"	"0x1.464afbeb6011fp+4"
"sp|Q02326|RL6A_YEAST"	"0x1.70b2ba617414p+4"	"0x1.6ad2588d01eb6p+4"	"0x1.6f3959defff8dp+4"	"0x1.6ed2d67d7a1bbp+4"	"0x1.6be541f6a3633p+4"	"0x1.6c70f826a1fe3p+4"
"sp|Q02455|MLP1_YEAST"	"0x1.18b959337b548p+4"	"0x1.0f9c56f6fcfa4p+4"	"0x1.0ebc872803bf3p+4"	"0x1.165fe2d87227ap+4"	"0x1.07d5d6decb5f5p+4"	"0x1.145f73e55264fp+4"
"sp|Q02486|ABF2_YEAST"	"0x1.427d5fb2dfb52p+4"	"0x1.416e228a47355p+4"	"0x1.4a03321331873p+4"	"0x1.3af7a91c6c204p+4"	"0x1.3c8a7962fe515p+4"	"0x1.495fe5bb864f6p+4"
"sp|Q02725|VTC3_YEAST"	"0x1.20e484e8bfa4ep+4"	"0x1.ff3765406d03fp+3"	"0x1.12a34c43ed6dp+4"	"0x1.19821d5b99e3dp+4"	"0x1.1f32a157b88c9p+4"	"0x1.1c2ba48f42b16p+4"
"sp|Q02753|RL21A_YEAST"	"0x1.8cfdfd607f9f7p+4"	"0x1.86cb52b652821p+4"	"0x1.8f403b4a87dfp+4"	"0x1.8dd3f17adda7fp+4"	"0x1.876b907a044e2p+4"	"0x1.905b7e63ecd4cp+4"
"sp|Q02776|TIM50_YEAST"	"0x1.302ef2d49bb81p+4"	"0x1.27bb18f4f76e2p+4"	"0x1.21598c0382b4cp+4"	"0x1.304024c1e010dp+4"	"0x1.27d006664cbaap+4"	"0x1.285c160055907p+4"
"sp|Q02784|GLRX5_YEAST"	"0x1.10949b55e0e36p+4"	"0x1.1b0c4c9f7b603p+4"	"0x1.18d2a0cefd217p+4"	"0x1.14674803b70e9p+4"	"0x1.1b086311b69e7p+4"	"0x1.0e0a24225cb6cp+4"
"sp|Q02795|OSTD_YEAST"	"0x1.2157a21048318p+4"	"0x1.29b8a920b67afp+4"	"0x1.28ae5edbbd9fbp+4"	"0x1.1ff54e2c9a901p+4"	"0x1.2681247206ecep+4"	"0x1.28670f9d38ee3p+4"
"sp|Q02821|IMA1_YEAST"	"0x1.3f05c3fddd157p+4"	"0x1.375ac42cd3558p+4"	"0x1.435fb05f046e9p+4"	"0x1.400a45308ea6ap+4"	"0x1.406e1f65860f2p+4"	"0x1.41cd3d83ef742p+4"
"sp|Q02892|NOG1_YEAST"	"0x1.47eecc632d59cp+4"	"0x1.4898961c60b18p+4"	"0x1.3fc0ade67264fp+4"	"0x1.3caf9b7afba1bp+4"	"0x1.433722b8f12a2p+4"	"0x1.46357db621af2p+4"
"sp|Q02908|ELP3_YEAST"	"0x1.5b6fb699f637dp+4"	"0x1.3c3965bfba191p+4"	"0x1.3e3710054a4e5p+4"	"0x1.5c373d72825a6p+4"	"0x1.33595b072a3abp+4"	"0x1.13e4f46a6768bp+4"
"sp|Q02931|UTP17_YEAST"	"0x1.3b1bb6b95e32dp+4"	"0x1.34320c49408f7p+4"	"0x1.3bbf2608cdad3p+4"	"0x1.3812d12c5aecdp+4"	"0x1.34bf033ef4459p+4"	"0x1.3b30c8500ca1bp+4"
"sp|Q02948|BECN1_YEAST"	"0x1.4a6559cf5079p+4"	"0x1.484677e167406p+4"	"0x1.3cd94a76213f2p+4"	"0x1.49c231fd29f0fp+4"	"0x1.3f0f2a3c679c6p+4"	"0x1.225d83fed7425p+4"
"sp|Q03048|COFI_YEAST"	"0x1.51f791ba734f1p+4"	"0x1.5463466da4701p+4"	"0x1.52c0084847a3p+4"	"0x1.505cac3908c64p+4"	"0x1.5409d45f2bb91p+4"	"0x1.52d8fe0cf6c06p+4"
"sp|Q03103|ERO1_YEAST"	"0x1.1d4e263511402p+4"	"0x1.1dcdf527e86b9p+4"	"0x1.1525890d1c58dp+4"	"0x1.27d9fad2258bdp+4"	"0x1.03e14c25ba9ffp+4"	"0x1.1d4b1bc38061ep+4"
"sp|Q03161|YMY9_YEAST"	"0x1.4ab2145de5f39p+4"	"0x1.38b62e4cd14b6p+4"	"0x1.47886782a8379p+4"	"0x1.4556928340832p+4"	"0x1.374347946dc53p+4"	"0x1.4c53e2d880c58p+4"
"sp|Q03195|RLI1_YEAST"	"0x1.596df5cf16187p+4"	"0x1.53ca176706e29p+4"	"0x1.58ad84f00e43bp+4"	"0x1.5455beebf7a67p+4"	"0x1.553decd1d5055p+4"	"0x1.5856fbc3260cp+4"
"sp|Q03219|YM44_YEAST"	"0x1.236f0e406edbap+4"	"0x1.445c47f30f306p+4"	"0x1.4685e6fc981a9p+4"	"0x1.24cf0caa146b7p+4"	"0x1.456b8da81b8cap+4"	"0x1.43d2ee9e0c97cp+4"
"sp|Q03262|PGM3_YEAST"	"0x1.130b56dca9532p+4"	"0x1.520e09dbd06fp+4"	"0x1.11a7111df3485p+4"	"0x1.117badf928676p+4"	"0x1.12677a2112c2ap+4"	"0x1.194b36130f4ep+4"
"sp|Q03305|RMT2_YEAST"	"0x1.07a59c2cccadfp+4"	"0x1.03f3dd82295d1p+4"	"0x1.02f9d92f08a68p+4"	"0x1.0381045f303afp+4"	"0x1.0903d4095cf19p+4"	"0x1.0db39ec1f55f9p+4"
"sp|Q03532|HAS1_YEAST"	"0x1.4b310f6300e3cp+4"	"0x1.4a2b3be6ba4f6p+4"	"0x1.4bf90021795ap+4"	"0x1.43ed232aad9b4p+4"	"0x1.4080592ff1803p+4"	"0x1.4649b259c7bf4p+4"
"sp|Q03558|OYE2_YEAST;sp|P41816|OYE3_YEAST"	"0x1.789f165f11bf4p+4"	"0x1.72da7c946f316p+4"	"0x1.727a25cb1271ap+4"	"0x1.76c3b54d6ac4p+4"	"0x1.716defb045954p+4"	"0x1.735bbb3c3ecd6p+4"
"sp|Q12414|YP11B_YEAST;sp|Q03612|YE11B_YEAST;sp|P0C2I5|YL12B_YEAST"	"0x1.9163d47a72a01p+4"	"0x1.8cdb956b3e297p+4"	"0x1.9340138d7a868p+4"	"0x1.9162017600278p+4"	"0x1.8c92e59aeac4bp+4"	"0x1.918b7e392721ap+4"
"sp|Q03640|TCB3_YEAST"	"0x1.38342b4c80aa3p+4"	"0x1.379d6e48246aep+4"	"0x1.29b24bb241e76p+4"	"0x1.3b80d2a3acf5ap+4"	"0x1.36aad4c78faafp+4"	"0x1.304a646190d5ap+4"
"sp|Q03655|GAS3_YEAST"	"0x1.34f344ff98427p+4"	"0x1.387b9f9ae670cp+4"	"0x1.398be2ff4be4cp+4"	"0x1.3408a58e67064p+4"	"0x1.2fa6c2f94daebp+4"	"0x1.38e286d215e21p+4"
"sp|Q03690|CLU_YEAST"	"0x1.5913c13da0e22p+4"	"0x1.59ba10e1c2509p+4"	"0x1.5b93d41c76461p+4"	"0x1.59893d7b0811dp+4"	"0x1.5b6382cdcd7b3p+4"	"0x1.5cd7b53ec9192p+4"
"sp|Q03705|CG121_YEAST"	"0x1.d847a0eafb673p+3"	"0x1.d387d8a7fc4ccp+3"	"0x1.02d96bb8098e7p+4"	"0x1.b2430f0282affp+3"	"0x1.ba3101d57141ep+3"	"0x1.0396fa3d2b62cp+4"
"sp|Q03771|YD161_YEAST"	"0x1.0706c135fe48bp+4"	"0x1.1ab70a9d918c7p+4"	"0x1.1a9381ec4d7b6p+4"	"0x1.0665f8b3ddeb3p+4"	"0x1.3a9935132280ep+4"	"0x1.1ff466e83f1abp+4"
"sp|Q03774|TRM82_YEAST"	"0x1.19ef003ccbbb8p+4"	"0x1.1afa1cef1cdfcp+4"	"0x1.1e55f8f672bc9p+4"	"0x1.1cb789f0a4651p+4"	"0x1.1897939d175f2p+4"	"0x1.20e44d63aee2cp+4"
"sp|Q03835|GLRX3_YEAST"	"0x1.1430a35d8818fp+4"	"0x1.126642194a3eep+4"	"0x1.138a6228a973cp+4"	"0x1.0b67803f577f4p+4"	"0x1.15378b7cf71eep+4"	"0x1.0f855e9eebf13p+4"
"sp|Q03862|ARX1_YEAST"	"0x1.30a4f5ffb5d37p+4"	"0x1.3c90f3a525709p+4"	"0x1.3348f469733f5p+4"	"0x1.2c7ce83bf0473p+4"	"0x1.2e5d5b72abe15p+4"	"0x1.2dbbf4dc0b13cp+4"
"sp|Q03940|RUVB1_YEAST"	"0x1.4a8ba949e49cbp+4"	"0x1.3a2c1ac2f3db3p+4"	"0x1.3e6b9dc2adb7ep+4"	"0x1.46cd43beeaa99p+4"	"0x1.39b0aa953be6ep+4"	"0x1.40cc819cb5c59p+4"
"sp|Q04013|YHM2_YEAST"	"0x1.1ee99874702bp+4"	"0x1.17151a3c619e4p+4"	"0x1.40e353866ec05p+4"	"0x1.21e188a0cf3c1p+4"	"0x1.183db85c400efp+4"	"0x1.258a9359b104bp+4"
"sp|Q04062|RPN9_YEAST"	"0x1.3ba008a7474e5p+4"	"0x1.3f2ff213d0777p+4"	"0x1.3d378f3236659p+4"	"0x1.36d8404b8d377p+4"	"0x1.318f1886854f4p+4"	"0x1.3855192c64b2fp+4"
"sp|Q04067|EIF3G_YEAST"	"0x1.401970b690d1bp+4"	"0x1.4234111e9d9afp+4"	"0x1.44329ca15e764p+4"	"0x1.42c3487ae6019p+4"	"0x1.42ba46cf62a2cp+4"	"0x1.4681a70ce515ep+4"
"sp|Q04178|HPRT_YEAST"	"0x1.1595071a96528p+4"	"0x1.1acc427d6a422p+4"	"0x1.19079c2c423ddp+4"	"0x1.0ff5145c5cea3p+4"	"0x1.f8cbb0201615ap+3"	"0x1.12a2e54f5752fp+4"
"sp|Q04214|YM13B_YEAST;sp|Q12490|YB11B_YEAST;sp|Q04215|YM13A_YEAST;sp|Q12266|YB11A_YEAST"	"0x1.243d6891b49ebp+4"	"0x1.268229a4e057fp+4"	"0x1.2d133598f0a4p+4"	"0x1.21b4b0f09633cp+4"	"0x1.26a619d5246bfp+4"	"0x1.3104503b7eab1p+4"
"sp|Q04217|DHR1_YEAST"	"0x1.0d62619ea3736p+4"	"0x1.243ac81338f7bp+4"	"0x1.2d1a5e971ed1cp+4"	"0x1.0748e3861ce8p+4"	"0x1.272304b3e3f6fp+4"	"0x1.2ced58d07e353p+4"
"sp|Q04225|RRB1_YEAST"	"0x1.42fa06d6798e9p+4"	"0x1.3b4d2c16349efp+4"	"0x1.376cc50a99276p+4"	"0x1.32b490bb96161p+4"	"0x1.324540db74265p+4"	"0x1.36eda986cba77p+4"
"sp|Q04305|UTP15_YEAST"	"0x1.1621a5f1ad95p+4"	"0x1.0e55baf0863c5p+4"	"0x1.26e44dee60115p+4"	"0x1.1f3c310e0f05p+4"	"0x1.06f91af866d9bp+4"	"0x1.19a07f23f65e3p+4"
"sp|Q04344|HNT1_YEAST"	"0x1.3521bf125a3f7p+4"	"0x1.364afbeb6011fp+4"	"0x1.3391a156bbcc7p+4"	"0x1.379034e74bca6p+4"	"0x1.355106428254ap+4"	"0x1.325c7f892ef4fp+4"
"sp|Q04371|YMR7_YEAST"	"0x1.31960b77fb6f7p+4"	"0x1.363ad420547dep+4"	"0x1.3cdfbf47c409ep+4"	"0x1.24c75b74338dfp+4"	"0x1.41bb7dd71c441p+4"	"0x1.3f8c9d6579669p+4"
"sp|Q04432|HSP31_YEAST"	"0x1.2b65298dc9124p+4"	"0x1.1d1d902c973aep+4"	"0x1.292e0d7c00882p+4"	"0x1.26b113795ecf1p+4"	"0x1.1fffaf34f8ba5p+4"	"0x1.283b321de56b4p+4"
"sp|Q04491|SEC13_YEAST"	"0x1.45b74420578b9p+4"	"0x1.48a373219f253p+4"	"0x1.3b5a01b24dc25p+4"	"0x1.419184b29ec2bp+4"	"0x1.3dde1ca7733ccp+4"	"0x1.4492277560d7bp+4"
"sp|Q04493|PFD5_YEAST"	"0x1.20d0f7f326557p+4"	"0x1.25d8151618da8p+4"	"0x1.24f5e819b145ap+4"	"0x1.1a49c57f16011p+4"	"0x1.23413a06f81a7p+4"	"0x1.1b04313d50b79p+4"
"sp|Q04636|POB3_YEAST"	"0x1.2b4b3cdc39e87p+4"	"0x1.253a0fd459dfap+4"	"0x1.281860288d54fp+4"	"0x1.1eac136b7d637p+4"	"0x1.1f6dd90761124p+4"	"0x1.2661f025274bfp+4"
"sp|Q04660|ERB1_YEAST"	"0x1.2448a74e298ep+4"	"0x1.2a304f74f2fbap+4"	"0x1.0398fbdfe2e0dp+4"	"0x1.25441e74352f4p+4"	"0x1.29f02c6bce10fp+4"	"0x1.03d726df6d34ap+4"
"sp|Q04697|GSF2_YEAST"	"0x1.4bd4519944d36p+4"	"0x1.44e711a4c2555p+4"	"0x1.470be3da238c7p+4"	"0x1.48f2c3d2b97bcp+4"	"0x1.43839c9a3cea2p+4"	"0x1.416b7c60de9e9p+4"
"sp|Q04728|ARGJ_YEAST"	"0x1.2819cdda45ac2p+4"	"0x1.015f5ea9d5d82p+4"	"0x1.05eac726ab31bp+4"	"0x1.281d4b665c1dep+4"	"0x1.0bb14f5088f38p+4"	"0x1.edc935fba236fp+3"
"sp|Q04869|YM94_YEAST"	"0x1.25ed0b9af53c2p+4"	"0x1.3252507870d59p+4"	"0x1.33326d57f9bcdp+4"	"0x1.35be7a0b96545p+4"	"0x1.337656068e2e9p+4"	"0x1.3751015551d5p+4"
"sp|Q04894|ADH6_YEAST"	"0x1.4a4d3c25e68dcp+4"	"0x1.3e185b7b2d664p+4"	"0x1.4830c570a828cp+4"	"0x1.4678b7d58c7b3p+4"	"0x1.460352fc6e43bp+4"	"0x1.3ba77426abc79p+4"
"sp|Q04947|RTN1_YEAST"	"0x1.6c6bb502b24dfp+4"	"0x1.6aba3aa41e579p+4"	"0x1.6e9c669d1c7bfp+4"	"0x1.68f0c1b81bc66p+4"	"0x1.6a0a2177f908ap+4"	"0x1.6ea04a33688d2p+4"
"sp|Q05016|YM71_YEAST"	"0x1.53cb86a3ef2bap+4"	"0x1.55364936eb089p+4"	"0x1.568096f1a99bp+4"	"0x1.533d817a0e04dp+4"	"0x1.5478709ebe279p+4"	"0x1.5812db5799bfcp+4"
"sp|Q05022|RRP5_YEAST"	"0x1.5d9e4255f56dcp+4"	"0x1.5a5c2f19f2f48p+4"	"0x1.55d0ba4c49377p+4"	"0x1.57ab796ea7fa9p+4"	"0x1.59d4d0465546dp+4"	"0x1.5b7be3f634001p+4"
"sp|Q05050|EIS1_YEAST"	"0x1.376c86499da0bp+4"	"0x1.3333e620b1444p+4"	"0x1.3f85b6feb9b12p+4"	"0x1.3bc93c605635bp+4"	"0x1.38dc00e26bb11p+4"	"0x1.401970b690d1bp+4"
"sp|Q05359|ERP1_YEAST"	"0x1.3952108247778p+4"	"0x1.3ad809cdd79b9p+4"	"0x1.2d039495bbbd8p+4"	"0x1.35096bcac417bp+4"	"0x1.3b7aee5192b93p+4"	"0x1.35422511e0f0ap+4"
"sp|Q05506|SYRC_YEAST;sp|P38714|SYRM_YEAST"	"0x1.6a8cd22fc9f23p+4"	"0x1.6854b9a48ce64p+4"	"0x1.688cd3dbee14bp+4"	"0x1.6903179b7de31p+4"	"0x1.65db57438e667p+4"	"0x1.68fd8f3258055p+4"
"sp|Q05515|SVF1_YEAST"	"0x1.25d9d50629f45p+4"	"0x1.1e85bfb769e1ep+4"	"0x1.1e0ecd4c7355ep+4"	"0x1.1be01f43f7fa8p+4"	"0x1.1a3d0dfcb4bf3p+4"	"0x1.19aa96dfa67d8p+4"
"sp|Q05518|PAL1_YEAST"	"0x1.0f112911f6484p+4"	"0x1.0506caea955bp+4"	"0x1.10b96c0f0ae23p+4"	"0x1.05e7fc709f441p+4"	"0x1.0c6d886f8d9bp+4"	"0x1.16e074ed039b2p+4"
"sp|Q05567|SGPL_YEAST"	"0x1.105082ae7029dp+4"	"0x1.267696bfb20bcp+4"	"0x1.1f2155787f11bp+4"	"0x1.1a32a12af1973p+4"	"0x1.18c828d16e694p+4"	"0x1.1f4c3f7498be1p+4"
"sp|Q05584|GLO2_YEAST"	"0x1.06008256dd0b1p+4"	"0x1.0acecd018fcfep+4"	"0x1.213513b7ce644p+4"	"0x1.f2e5218a83149p+3"	"0x1.109ac234b4ea5p+4"	"0x1.11602267f4cc8p+4"
"sp|Q05775|EIF3J_YEAST"	"0x1.52def7965bba9p+4"	"0x1.51a29b1eedbbfp+4"	"0x1.52ce85a271428p+4"	"0x1.524328ab607e2p+4"	"0x1.5959b2fb0e8c6p+4"	"0x1.56128171d14e6p+4"
"sp|Q05785|ENT2_YEAST"	"0x1.00a54a2cdb8bp+4"	"0x1.00e78df8e9dedp+4"	"0x1.1472133fd882p+4"	"0x1.19b91abe5b53bp+4"	"0x1.076d68306f2b7p+4"	"0x1.169ccc5c69d7ep+4"
"sp|Q05905|HRI1_YEAST"	"0x1.440c6e5a425e1p+4"	"0x1.2ba393221fe77p+4"	"0x1.1f3390517a92ap+4"	"0x1.3e814d1f73773p+4"	"0x1.3b629dc3d935fp+4"	"0x1.341580ef7e55fp+4"
"sp|Q05911|PUR8_YEAST"	"0x1.58f81de9dc253p+4"	"0x1.59a4c410eff94p+4"	"0x1.5dd5c303cba4ep+4"	"0x1.5325f378e213fp+4"	"0x1.590e0c17ab9c9p+4"	"0x1.5e3a1b28c2fep+4"
"sp|Q05933|ARPC3_YEAST"	"0x1.2bd5df13a40ap+4"	"0x1.289b261907ae9p+4"	"0x1.1001b68406cf8p+4"	"0x1.0c4eedb409d02p+4"	"0x1.190049cca6757p+4"	"0x1.0bf6fcbbe6d8cp+4"
"sp|Q05946|UTP13_YEAST"	"0x1.195fac0fc531bp+4"	"0x1.21c09ce366b2ep+4"	"0x1.2312d797113aap+4"	"0x1.1376a08760fbep+4"	"0x1.2781148e5e5eap+4"	"0x1.2344299e067d2p+4"
"sp|Q06103|RPN7_YEAST"	"0x1.3104f5e2caa11p+4"	"0x1.2d3ecd776dfcap+4"	"0x1.34e886ebb1cdbp+4"	"0x1.2c08252717bd8p+4"	"0x1.2d1811a7fd0f8p+4"	"0x1.376166b5a2323p+4"
"sp|Q06106|MRD1_YEAST"	"0x1.0918a8b353a32p+4"	"0x1.13d73a6af4294p+4"	"0x1.15d94ea81be47p+4"	"0x1.0e58a30ca89c1p+4"	"0x1.114c9021251bep+4"	"0x1.1bde8138f09a9p+4"
"sp|Q06146|YL257_YEAST"	"0x1.2a95c9c0acac2p+4"	"0x1.29dd87f56b151p+4"	"0x1.2cfd29c37c975p+4"	"0x1.292cfe0df6fcep+4"	"0x1.2d4da47e97f11p+4"	"0x1.256c2d5b2789cp+4"
"sp|Q06205|FKBP4_YEAST"	"0x1.477d01e8ed3c1p+4"	"0x1.44bc88d86137bp+4"	"0x1.3be110bd01edbp+4"	"0x1.40f6d0fc5f85p+4"	"0x1.3a156db2aa9f9p+4"	"0x1.396ccc86f97d9p+4"
"sp|Q06214|JIP5_YEAST"	"0x1.d3413b2042456p+3"	"0x1.f9b0e6ecb14d7p+3"	"0x1.d0d39263a5c98p+3"	"0x1.0ecbbf3d6e1cap+4"	"0x1.d11e7ca3f9406p+3"	"0x1.0a1ad08e72db9p+4"
"sp|Q06218|DBP9_YEAST"	"0x1.20a2e0c5ecc98p+4"	"0x1.22073ab1e8525p+4"	"0x1.2cc03cfb19bd6p+4"	"0x1.1188c57caedcfp+4"	"0x1.224f0d427e78fp+4"	"0x1.2a4dcfdf705f2p+4"
"sp|Q06252|YL179_YEAST"	"0x1.5548b16090d08p+4"	"0x1.5639267ff3da7p+4"	"0x1.51dc13b2b51a2p+4"	"0x1.5b2ea16029a83p+4"	"0x1.550585f8fef3dp+4"	"0x1.55f8ac83100adp+4"
"sp|Q06287|NEP1_YEAST"	"0x1.1574b9d1e890ap+4"	"0x1.efd2877889e41p+3"	"0x1.eea9f455806bap+3"	"0x1.13b5ec677dd9bp+4"	"0x1.eb793a0c0ca63p+3"	"0x1.dc04f593e8406p+3"
"sp|Q06338|BCP1_YEAST"	"0x1.46b4ded3ea5eep+4"	"0x1.e301abaf45abcp+3"	"0x1.e76e75046a268p+3"	"0x1.053148a6509ebp+4"	"0x1.01fa94979dc74p+4"	"0x1.1353fdc37f413p+4"
"sp|Q06385|VPS74_YEAST"	"0x1.1fb2fe1377b3bp+4"	"0x1.04b538fcfb31dp+4"	"0x1.2427fbd50bc4ep+4"	"0x1.221db0cb4665bp+4"	"0x1.1ba0b704c7c24p+4"	"0x1.279f74d7987d4p+4"
"sp|Q06405|ATPK_YEAST"	"0x1.188a830deaf63p+4"	"0x1.0e7b67ef7d3f7p+4"	"0x1.16876e73cb2bp+4"	"0x1.1cca385f9355p+4"	"0x1.14d257d3e082ap+4"	"0x1.17d649f08b094p+4"
"sp|Q06406|LSM6_YEAST"	"0x1.284f849cd17cp+4"	"0x1.1e784687c8396p+4"	"0x1.1aeb3e1fa356dp+4"	"0x1.24987030ae321p+4"	"0x1.2ab1f00eec41ep+4"	"0x1.27b01f06aee48p+4"
"sp|Q06440|CORO_YEAST"	"0x1.3d052f02f8ce1p+4"	"0x1.3a75fe952c924p+4"	"0x1.38c32642f266ap+4"	"0x1.34f38ad9bbcfap+4"	"0x1.342fcac5842f9p+4"	"0x1.3589282bf2ea8p+4"
"sp|Q06489|MTNA_YEAST"	"0x1.2ae31716fe031p+4"	"0x1.2528c7f7ae721p+4"	"0x1.2b7705c9d26f7p+4"	"0x1.277143113c45dp+4"	"0x1.21812c59d4995p+4"	"0x1.1ed07eb60fc8bp+4"
"sp|Q06505|IWS1_YEAST"	"0x1.2ac1cd33e63f4p+4"	"0x1.33368c1a43c96p+4"	"0x1.2c7a8b648db61p+4"	"0x1.2eec137be3e9ep+4"	"0x1.2caa87e356e72p+4"	"0x1.2d1e7504bcca7p+4"
"sp|Q06523|YP148_YEAST"	"0x1.231c4e4addaf2p+4"	"0x1.1b25aa9c053bp+4"	"0x1.25a73b0572b72p+4"	"0x1.1bb7489076375p+4"	"0x1.24efb8a09e7bbp+4"	"0x1.24f6ff5d62bdcp+4"
"sp|Q06631|BFR2_YEAST"	"0x1.2d701ff7604a6p+4"	"0x1.2f01a60e16b8ap+4"	"0x1.27f2cb27aa293p+4"	"0x1.2599a0bfaef8dp+4"	"0x1.1f374bd7e9a5bp+4"	"0x1.2c95870e1436fp+4"
"sp|Q06697|CDC73_YEAST"	"0x1.013604ac7efccp+4"	"0x1.ff02444956069p+3"	"0x1.0488a42e9bedbp+4"	"0x1.eb53c0e88b2c8p+3"	"0x1.f494b29d9700ap+3"	"0x1.032e026d98624p+4"
"sp|Q06705|CSR1_YEAST"	"0x1.25ec2c61494e1p+4"	"0x1.1e3d3577a558cp+4"	"0x1.2d5f398127d63p+4"	"0x1.287dbafabfa3ap+4"	"0x1.2b3a137a23081p+4"	"0x1.2aa4dff1640dfp+4"
"sp|Q06706|ELP1_YEAST"	"0x1.0eb561683d829p+4"	"0x1.16fb2be2cbfdap+4"	"0x1.0b3e181b03b4ap+4"	"0x1.0d90a765d8664p+4"	"0x1.14b0f4c933933p+4"	"0x1.0b55de9a14844p+4"
"sp|Q07381|TSR1_YEAST"	"0x1.fff38cd9eb86cp+3"	"0x1.03ce983ae902fp+4"	"0x1.150f2086a958ap+4"	"0x1.133836d1e1825p+4"	"0x1.1c4c04a4d3774p+4"	"0x1.0a985a4aac8d4p+4"
"sp|Q07451|YET3_YEAST"	"0x1.1b01f437f11fdp+4"	"0x1.24173405eb234p+4"	"0x1.2862fca717fc3p+4"	"0x1.23136f1f6afbep+4"	"0x1.207b7e620093cp+4"	"0x1.20cfa9b2444c8p+4"
"sp|Q07478|SUB2_YEAST"	"0x1.6616f1bbeddd8p+4"	"0x1.5c868b7f081dap+4"	"0x1.69504ba2b07c2p+4"	"0x1.66acc07331fa6p+4"	"0x1.664401e5619p+4"	"0x1.66c6f7268cf0ap+4"
"sp|Q07505|DLHH_YEAST"	"0x1.1905c7cc15335p+4"	"0x1.1e85fd3cd6d72p+4"	"0x1.1a9c570237a9cp+4"	"0x1.14328492ed7ep+4"	"0x1.21f3ff4eeb2ebp+4"	"0x1.1deed6abb012fp+4"
"sp|Q07541|YD121_YEAST"	"0x1.19775aaebe16cp+4"	"0x1.1dab658f73546p+4"	"0x1.15b85266cbbe2p+4"	"0x1.1e6de8b340f68p+4"	"0x1.12c761ad47c73p+4"	"0x1.22b0f4963e921p+4"
"sp|Q07551|KAR_YEAST"	"0x1.33d90a89ba719p+4"	"0x1.35bf87fdac2cbp+4"	"0x1.39314edb7b4edp+4"	"0x1.349bf2715388ep+4"	"0x1.317b77db0f90bp+4"	"0x1.3906025a229b2p+4"
"sp|Q07623|NOP6_YEAST"	"0x1.1a7610ec12c6fp+4"	"0x1.2315681f324e1p+4"	"0x1.29642d0ff8e5ap+4"	"0x1.21ad918b1268dp+4"	"0x1.1144088fd48d3p+4"	"0x1.279ff1452ca58p+4"
"sp|Q07657|SHS1_YEAST"	"0x1.0a2671952a76fp+4"	"0x1.18d878628b6bcp+4"	"0x1.14abcd8f4d892p+4"	"0x1.034d823246907p+4"	"0x1.1e709007c027bp+4"	"0x1.27a47a1af7e13p+4"
"sp|Q07896|NOC3_YEAST"	"0x1.c4be5e1ab4bb7p+3"	"0x1.190c7c775a02bp+4"	"0x1.1236ef4c63ae2p+4"	"0x1.03aa02c016a44p+4"	"0x1.fe93029dff7dcp+3"	"0x1.1d5ed8806df8cp+4"
"sp|Q07915|RLP24_YEAST"	"0x1.21177aec35808p+4"	"0x1.25a81cddaf72cp+4"	"0x1.25148e64206a4p+4"	"0x1.200fab23f7c1ap+4"	"0x1.26187b1450e55p+4"	"0x1.2746a6fe78b7dp+4"
"sp|Q08004|BUD20_YEAST"	"0x1.0f606e442752dp+4"	"0x1.11223886385cap+4"	"0x1.17a11390010f1p+4"	"0x1.0b23ff4ab93p+4"	"0x1.0cf5531a4a322p+4"	"0x1.1237c0ff93399p+4"
"sp|Q08096|RCL1_YEAST"	"0x1.069ea04a937d3p+4"	"0x1.04f48f9a6c95ep+4"	"0x1.0822c7a396f4bp+4"	"0x1.0682bda2f77a7p+4"	"0x1.053d39782d2a4p+4"	"0x1.138b28273373ep+4"
"sp|Q08179|MDM38_YEAST"	"0x1.1aeced907e5b4p+4"	"0x1.1fd819f073e71p+4"	"0x1.15b8ac7b88a2ap+4"	"0x1.0baf22d71c8fp+4"	"0x1.25a6592493fe8p+4"	"0x1.10c683da1c6dfp+4"
"sp|Q08193|GAS5_YEAST"	"0x1.3192924231903p+4"	"0x1.2eb83d928b09dp+4"	"0x1.2e10072206fddp+4"	"0x1.2c9dc14f47829p+4"	"0x1.31ec6e9fd97e4p+4"	"0x1.35371865f74e7p+4"
"sp|Q08208|NOP12_YEAST"	"0x1.3a8c848ac3a57p+4"	"0x1.341c4c891d701p+4"	"0x1.379e5278635b5p+4"	"0x1.3b588f190401dp+4"	"0x1.396993811c439p+4"	"0x1.3983aea99ad9ep+4"
"sp|Q08220|GSHB_YEAST"	"0x1.19be6d77cd96p+4"	"0x1.2025a90a65f72p+4"	"0x1.20b4653bab066p+4"	"0x1.14656b158b021p+4"	"0x1.1c6a1c6beb463p+4"	"0x1.1ec86bd42324dp+4"
"sp|Q08224|THI20_YEAST;sp|Q08975|THI21_YEAST"	"0x1.09bfab42ad115p+4"	"0x1.09b670ebb7a1dp+4"	"0x1.0c58f8b9a59d6p+4"	"0x1.00aca67fc5784p+4"	"0x1.038f4117291c9p+4"	"0x1.0ac805ac9a1f9p+4"
"sp|Q08225|DPP3_YEAST"	"0x1.e71c7fbe16855p+3"	"0x1.fcd3b52d7ab82p+3"	"0x1.efb8e64d35f21p+3"	"0x1.ecd0b9cec03cap+3"	"0x1.ebdab7eaabd97p+3"	"0x1.f213da7b37106p+3"
"sp|Q08235|BRX1_YEAST"	"0x1.298b5d6d2aad2p+4"	"0x1.0487c0901fa9fp+4"	"0x1.183db85c400efp+4"	"0x1.107bef6841319p+4"	"0x1.ea70ac0ccd0dep+3"	"0x1.00d24621214e2p+4"
"sp|Q08245|ZEO1_YEAST"	"0x1.8546c99a47575p+4"	"0x1.8259373f7e2d5p+4"	"0x1.881085cd3d59cp+4"	"0x1.8533b32ff1d36p+4"	"0x1.7e35ff3a32c68p+4"	"0x1.82361d91c2d72p+4"
"sp|Q08299|ENB1_YEAST"	"0x1.1fd9767ddc62cp+4"	"0x1.06cf5ce54df24p+4"	"0x1.106ab12f755acp+4"	"0x1.108b5df39343p+4"	"0x1.03f73515acda9p+4"	"0x1.1305ce06c5e1p+4"
"sp|Q08548|ALE1_YEAST"	"0x1.00705b60483dcp+4"	"0x1.150213a16e9e2p+4"	"0x1.ff0cf2cce2339p+3"	"0x1.05785af592b46p+4"	"0x1.f8c9ca6b0e36cp+3"	"0x1.112915a672425p+4"
"sp|Q08641|AB140_YEAST"	"0x1.3b140be35525ep+4"	"0x1.1d09dcd21a823p+4"	"0x1.2878e42132f14p+4"	"0x1.3869a51eea57fp+4"	"0x1.2e451c4a37ad1p+4"	"0x1.3246607d4be98p+4"
"sp|Q08686|THTR_YEAST"	"0x1.dc3ca7cef7332p+3"	"0x1.204762e04e366p+4"	"0x1.21f14dd090491p+4"	"0x1.2418e6fc51728p+4"	"0x1.1f76da3bbc5b5p+4"	"0x1.220877c882bb1p+4"
"sp|Q08687|TMA16_YEAST"	"0x1.1855558164ab3p+4"	"0x1.08d5752ac1d44p+4"	"0x1.1c35bef76b1ccp+4"	"0x1.1427fbd50bc4ep+4"	"0x1.1fefa82ccac64p+4"	"0x1.1356b9092b884p+4"
"sp|Q08723|RPN8_YEAST"	"0x1.17e5ffdca39b3p+4"	"0x1.1b814d57eed2fp+4"	"0x1.399b97ad8321ep+4"	"0x1.1eced56846dcep+4"	"0x1.1c4ea9fc5ad73p+4"	"0x1.381ea47e210f7p+4"
"sp|Q08745|RS10A_YEAST"	"0x1.799676089ae35p+4"	"0x1.727f45509f2efp+4"	"0x1.72271e53cd758p+4"	"0x1.732dd02543c25p+4"	"0x1.6fddbad405aeep+4"	"0x1.758d8b7934245p+4"
"sp|Q08746|RRS1_YEAST"	"0x1.09ec1184884f4p+4"	"0x1.1000cfbbdbc6ap+4"	"0x1.08a5aaa03100ep+4"	"0x1.09f98bbf885f7p+4"	"0x1.077afc7d97519p+4"	"0x1.0f0b0df99930dp+4"
"sp|Q08951|AP3D_YEAST"	"0x1.0ad6b30c169f1p+4"	"0x1.0fc32f63798fap+4"	"0x1.09ddf8de28171p+4"	"0x1.054c5e0d0adbap+4"	"0x1.05d94ea81be47p+4"	"0x1.0d8b23ed6abe9p+4"
"sp|Q08954|YP199_YEAST"	"0x1.107a9c4f02e56p+4"	"0x1.081a787acc45fp+4"	"0x1.1d5d546d9959cp+4"	"0x1.055dd492497f7p+4"	"0x1.fe0921d726904p+3"	"0x1.2026550dee9b2p+4"
"sp|Q08962|NIP7_YEAST"	"0x1.3dbb85737ba9p+4"	"0x1.2b3f5731604bep+4"	"0x1.2a30becb9e018p+4"	"0x1.3ec9225074e7fp+4"	"0x1.2e4349b987a41p+4"	"0x1.325923b36d4bep+4"
"sp|Q08971|YP225_YEAST"	"0x1.1ce76bc8dd282p+4"	"0x1.0373fce616291p+4"	"0x1.097b1f63bd0f6p+4"	"0x1.20d70ed2cdd9bp+4"	"0x1.1027010c758ebp+4"	"0x1.159616f30ee42p+4"
"sp|Q08972|NEW1_YEAST"	"0x1.5ec0b91a4f1d5p+4"	"0x1.5fcac80f40fc1p+4"	"0x1.62dc9a54a481fp+4"	"0x1.61b791b818b77p+4"	"0x1.5f76bcb39fc3dp+4"	"0x1.642b713b091a5p+4"
"sp|Q08977|YP260_YEAST"	"0x1.fa152905436f1p+3"	"0x1.0e3818f909946p+4"	"0x1.fb8d07f43107ep+3"	"0x1.17da23e3a8d37p+4"	"0x1.ea8a88d5f97f3p+3"	"0x1.0e29f525073e4p+4"
"sp|Q08985|SAM4_YEAST;sp|Q04898|YM99_YEAST"	"0x1.3b980f15e6c09p+4"	"0x1.4555ad87a2799p+4"	"0x1.3ac4b35bb69a7p+4"	"0x1.3e2f726ab4f75p+4"	"0x1.409c67c497371p+4"	"0x1.3d3cc532f0c5p+4"
"sp|Q12000|TMA46_YEAST"	"0x1.0443b55615317p+4"	"0x1.24d13ed34fa6cp+4"	"0x1.233ceb04ec487p+4"	"0x1.0216e63e7a996p+4"	"0x1.25dd27bd96f63p+4"	"0x1.2a5471abe83dap+4"
"sp|Q12009|TRMB_YEAST"	"0x1.1778714ad2d9p+4"	"0x1.16328fdce4575p+4"	"0x1.1d68f11e2234dp+4"	"0x1.27303dbf136dep+4"	"0x1.1f38edb2294aap+4"	"0x1.159231f1808b9p+4"
"sp|Q12010|YPQ1_YEAST"	"0x1.011a93520b389p+4"	"0x1.0e3b816da2248p+4"	"0x1.01531f54d5323p+4"	"0x1.ff0abd3dd7e26p+3"	"0x1.044248b1b3555p+4"	"0x1.06f3c52bfbf2ap+4"
"sp|Q12017|PLP2_YEAST"	"0x1.1a65ff52861fbp+4"	"0x1.1f1219672ecb1p+4"	"0x1.1fcd32a018b73p+4"	"0x1.1b2e8f99a2372p+4"	"0x1.1c67bda723e64p+4"	"0x1.1e06f3374caaap+4"
"sp|Q12019|MDN1_YEAST"	"0x1.1cd51728f46dap+4"	"0x1.2464dbf9c8ba4p+4"	"0x1.2011046e588cdp+4"	"0x1.2265da1308a62p+4"	"0x1.161900049c6d2p+4"	"0x1.1e709007c027bp+4"
"sp|Q12040|YO283_YEAST"	"0x1.0ada14cf40e02p+4"	"0x1.158b1b85175a3p+4"	"0x1.1bcc6a06dfc18p+4"	"0x1.0e7b67ef7d3f7p+4"	"0x1.0d3e6bee13a79p+4"	"0x1.13069883463afp+4"
"sp|Q12068|GRE2_YEAST"	"0x1.29c4562af954dp+4"	"0x1.2ff6a9022c314p+4"	"0x1.3232d65cc7f4ep+4"	"0x1.26a5417d71f82p+4"	"0x1.29e50644ceffp+4"	"0x1.2508c966b3b2p+4"
"sp|Q12074|SPEE_YEAST"	"0x1.5cec59559ca25p+4"	"0x1.51fbb53be7b49p+4"	"0x1.59dd170a85bf8p+4"	"0x1.59c9c2a0fe597p+4"	"0x1.548e745893e11p+4"	"0x1.4d4505ac77823p+4"
"sp|Q12078|SMF3_YEAST"	"0x1.13d0bc30311f5p+4"	"0x1.17cf38b1cf8fp+4"	"0x1.0b9fe5c729271p+4"	"0x1.0dccf745472c6p+4"	"0x1.0bc3c11985ddcp+4"	"0x1.0a9338edb3258p+4"
"sp|Q12109|SYWC_YEAST"	"0x1.4760026293d12p+4"	"0x1.4a0b399a84e0fp+4"	"0x1.46aa5314e21f3p+4"	"0x1.48d7eeb23fdaap+4"	"0x1.411d1156d6ed3p+4"	"0x1.468433e7f2e5ap+4"
"sp|Q12114|CHS5_YEAST"	"0x1.08396d94fbab6p+4"	"0x1.1b50a004477a8p+4"	"0x1.2250aeec392e4p+4"	"0x1.0c21c9f5bf448p+4"	"0x1.1e6edfc3be4f2p+4"	"0x1.1e3f65e78b322p+4"
"sp|Q12117|MRH1_YEAST"	"0x1.697d3433f8c1dp+4"	"0x1.6181d54c76e4bp+4"	"0x1.60656775676a1p+4"	"0x1.63833fad649bdp+4"	"0x1.5eb13caa1f4cdp+4"	"0x1.62fa06d6798e9p+4"
"sp|Q12118|SGT2_YEAST"	"0x1.6679c84d9ffc6p+4"	"0x1.64365e92c0112p+4"	"0x1.655b27819ae03p+4"	"0x1.66156dd429a0fp+4"	"0x1.638c700630fcbp+4"	"0x1.65503240bca34p+4"
"sp|Q12122|HOSM_YEAST"	"0x1.3d15b41fb18bcp+4"	"0x1.3d6c28096d319p+4"	"0x1.308a7c7bd965p+4"	"0x1.3940e0f08ad32p+4"	"0x1.3ac95d488aa01p+4"	"0x1.310e8cf3a7574p+4"
"sp|Q12136|SAS10_YEAST"	"0x1.2905c7cc15335p+4"	"0x1.2b1271279b521p+4"	"0x1.2c57c87d73de3p+4"	"0x1.24c3dfc71e789p+4"	"0x1.1a833b9a41d2ap+4"	"0x1.1e92b6492d6a2p+4"
"sp|Q12149|RRP6_YEAST"	"0x1.ff19468fd77p+3"	"0x1.005d09f4c5eaep+4"	"0x1.ee76632ee4af1p+3"	"0x1.d28e95409b5f3p+3"	"0x1.ef8be9e80a03dp+3"	"0x1.f43c9c8f2a9c4p+3"
"sp|Q12154|GET3_YEAST"	"0x1.486f476797066p+4"	"0x1.3e710b8316ac8p+4"	"0x1.4421ac4d3c0c2p+4"	"0x1.507d508ddcd68p+4"	"0x1.3da05a138aa19p+4"	"0x1.49bdc331cde06p+4"
"sp|Q12156|AIM7_YEAST"	"0x1.0c5c23b849b98p+4"	"0x1.1519fafafeaf9p+4"	"0x1.123b7049dd4dp+4"	"0x1.1005c4994dd1p+4"	"0x1.15801adb0d8c9p+4"	"0x1.16a8f92a7d4c9p+4"
"sp|Q12159|YRA1_YEAST"	"0x1.64f00ffe96d93p+4"	"0x1.650ba405db708p+4"	"0x1.6518fc804a8f4p+4"	"0x1.628c47ad00de3p+4"	"0x1.64c76d0c2893fp+4"	"0x1.62442e3f8a81cp+4"
"sp|Q12164|POM33_YEAST"	"0x1.148974cd850ap+4"	"0x1.135780c4bd22p+4"	"0x1.1b8034dcbe536p+4"	"0x1.12ed3b78194f7p+4"	"0x1.0edd4b9d1c491p+4"	"0x1.07dd9ab1e635dp+4"
"sp|Q12178|FCY1_YEAST"	"0x1.3976d4a596e05p+4"	"0x1.3dfc61f46b8b9p+4"	"0x1.39bf04ce59a93p+4"	"0x1.398be2ff4be4cp+4"	"0x1.397389dd44ebbp+4"	"0x1.3a74eb76daca6p+4"
"sp|Q12189|RPIA_YEAST"	"0x1.3db8f8c04b7c1p+4"	"0x1.34719c3f9c362p+4"	"0x1.3b01d065c2c64p+4"	"0x1.39cc154b30b56p+4"	"0x1.3d42cd387b8c3p+4"	"0x1.3994d2f35a201p+4"
"sp|Q12207|NCE2_YEAST"	"0x1.472f7f89e1a3bp+4"	"0x1.365bc7b2dc926p+4"	"0x1.3c769ac9422bap+4"	"0x1.3ce6f84bcfe74p+4"	"0x1.35c30b7645063p+4"	"0x1.3b24e6c542fd3p+4"
"sp|Q12211|PUS1_YEAST"	"0x1.0938acd918f04p+4"	"0x1.102ff4704d3c3p+4"	"0x1.1aad1d0cf2abp+4"	"0x1.22d65a0339e07p+4"	"0x1.216f67f32878ap+4"	"0x1.26293f85bc6dfp+4"
"sp|Q12220|UTP12_YEAST"	"0x1.1eff0f345e58fp+4"	"0x1.1b93e595ac5bp+4"	"0x1.23a0942ed958cp+4"	"0x1.22205d2110bc1p+4"	"0x1.1a6d76996340ap+4"	"0x1.1924333063cf4p+4"
"sp|Q12230|LSP1_YEAST"	"0x1.4f8446bc27f5ep+4"	"0x1.4fa9d9ad35198p+4"	"0x1.52c68838624bcp+4"	"0x1.4ff298445f4e6p+4"	"0x1.4eeb3fd65259fp+4"	"0x1.544bb2056e741p+4"
"sp|Q12233|ATPN_YEAST"	"0x1.0449da0c2477bp+4"	"0x1.03e36e5fd1077p+4"	"0x1.116759d6b0e07p+4"	"0x1.089d5a6a9bee2p+4"	"0x1.1270686340041p+4"	"0x1.14f2736c392f9p+4"
"sp|Q12250|RPN5_YEAST"	"0x1.1ed0f83460f63p+4"	"0x1.1fc2f5152af0ap+4"	"0x1.2af98d7460c99p+4"	"0x1.35b1b86382d07p+4"	"0x1.239125bb1bdd6p+4"	"0x1.345c182ca0b37p+4"
"sp|Q12265|KPR5_YEAST"	"0x1.39c0a4e85fe9dp+4"	"0x1.27d14f7830cc9p+4"	"0x1.42660e16640bbp+4"	"0x1.3c792a74fb2b8p+4"	"0x1.3a0e370a8c4e2p+4"	"0x1.34bb574c530c6p+4"
"sp|Q12271|INP53_YEAST"	"0x1.fc6099cb7d5cep+3"	"0x1.05b5818f70f8ap+4"	"0x1.fa48b50bff55dp+3"	"0x1.00a77b3b34782p+4"	"0x1.fe726aa1e754dp+3"	"0x1.eff27cf95ffabp+3"
"sp|Q12285|MDY2_YEAST"	"0x1.2dbb955dfa367p+4"	"0x1.30647d7224135p+4"	"0x1.35a17e355df7cp+4"	"0x1.2bf2f569d3188p+4"	"0x1.2fa421160afc6p+4"	"0x1.36f816b5c8471p+4"
"sp|Q12305|RDL1_YEAST"	"0x1.26dec876682eep+4"	"0x1.2b0ac33c07e26p+4"	"0x1.2cd23ed45ce1fp+4"	"0x1.21dc563f70ce9p+4"	"0x1.febea35211de2p+3"	"0x1.30654401243fp+4"
"sp|Q12306|SMT3_YEAST"	"0x1.3fdd17927ccedp+4"	"0x1.457073fbd787p+4"	"0x1.4588728cb4be1p+4"	"0x1.38f7bc174f903p+4"	"0x1.41b31ee8aad4dp+4"	"0x1.48a942dd0554cp+4"
"sp|Q12314|SFM1_YEAST"	"0x1.382dc44fa5d09p+4"	"0x1.3d7af22562615p+4"	"0x1.3af802d0e4138p+4"	"0x1.362c18783c6cap+4"	"0x1.3fd88e21df88cp+4"	"0x1.3fc41896f3762p+4"
"sp|Q12335|PST2_YEAST"	"0x1.3b4452dea1cf9p+4"	"0x1.3a7900a5f41d8p+4"	"0x1.4ba94a4cec1a4p+4"	"0x1.433627ae58d1dp+4"	"0x1.3bb6781f0ad51p+4"	"0x1.47d72bf17492bp+4"
"sp|Q12359|ATO3_YEAST"	"0x1.1d8c24a807e3cp+4"	"0x1.23e1e83b7a524p+4"	"0x1.1e7dd01cb9751p+4"	"0x1.1e97fc3614abep+4"	"0x1.25086c993ba52p+4"	"0x1.29159e3e57b14p+4"
"sp|Q12363|WTM1_YEAST"	"0x1.4c78718d8d949p+4"	"0x1.4b771758e4558p+4"	"0x1.4fd5267782c4dp+4"	"0x1.530e4d55e1a4dp+4"	"0x1.4b6fe28d7279fp+4"	"0x1.4c8e669bd8127p+4"
"sp|Q12377|RPN6_YEAST"	"0x1.722125c3d0a9p+4"	"0x1.3277b46570147p+4"	"0x1.6fa2696eac64bp+4"	"0x1.30c974fbad68fp+4"	"0x1.14fe724b0dd7dp+4"	"0x1.70415b1fbf5e6p+4"
"sp|Q12389|DBP10_YEAST"	"0x1.0b17bdefa1a57p+4"	"0x1.f7fcfff92b75p+3"	"0x1.178b54d785ed6p+4"	"0x1.0c8398a3a1bbdp+4"	"0x1.0a886085d3996p+4"	"0x1.143e28a7ca39fp+4"
"sp|Q12402|YOP1_YEAST"	"0x1.5470c605f24d2p+4"	"0x1.5a0c23027f853p+4"	"0x1.5beb65ca45729p+4"	"0x1.57eeff8ace7bdp+4"	"0x1.4eb8d60ff0c9dp+4"	"0x1.5ab1316ca44b9p+4"
"sp|Q12434|GDIR_YEAST"	"0x1.193578217c203p+4"	"0x1.1c3316c2fef23p+4"	"0x1.216c0408fa623p+4"	"0x1.15623023ee3f6p+4"	"0x1.1f3d96ecbbfacp+4"	"0x1.212b7130ee968p+4"
"sp|Q12447|PAA1_YEAST"	"0x1.4c04bb1e03a9dp+4"	"0x1.479e5278635b5p+4"	"0x1.491b2aa045e08p+4"	"0x1.4b36f4ebd35abp+4"	"0x1.32e5ae7838845p+4"	"0x1.47976e4cee293p+4"
"sp|Q12449|AHA1_YEAST"	"0x1.325baf22ca625p+4"	"0x1.3401a3a5554b6p+4"	"0x1.3181ce8a88248p+4"	"0x1.3148d534d876p+4"	"0x1.33cd7c6357e33p+4"	"0x1.31673eafd55b3p+4"
"sp|Q12452|ERG27_YEAST"	"0x1.28c93ceb35334p+4"	"0x1.158e4c479f1d5p+4"	"0x1.1ad5da8778ed7p+4"	"0x1.2bfa12efefc02p+4"	"0x1.102e2a703152dp+4"	"0x1.152cbee996dcfp+4"
"sp|Q12458|YPR1_YEAST"	"0x1.374cfb328dadap+4"	"0x1.1bdce310e47cp+4"	"0x1.2bd3d89b3d4ffp+4"	"0x1.3857381338e84p+4"	"0x1.16ed7ec803a4ep+4"	"0x1.3787827952de5p+4"
"sp|Q12460|NOP56_YEAST"	"0x1.64fd21446f9b4p+4"	"0x1.54f6ff5d62bdcp+4"	"0x1.5bbe2a7f44404p+4"	"0x1.6363d38a989fap+4"	"0x1.588b5e450da9ep+4"	"0x1.593857b331348p+4"
"sp|Q12464|RUVB2_YEAST"	"0x1.401343bd7d178p+4"	"0x1.3f593f3de4de1p+4"	"0x1.40eeb40b1c964p+4"	"0x1.40576662ffe89p+4"	"0x1.3d88a1ea119a7p+4"	"0x1.44fdcf99b50e6p+4"
"sp|Q12466|TCB1_YEAST"	"0x1.14f72de76289cp+4"	"0x1.22e9a8254a4d8p+4"	"0x1.23fbf38f81befp+4"	"0x1.1d064609c661bp+4"	"0x1.21b36f52d6e5ep+4"	"0x1.24ec4305e5144p+4"
"sp|Q12480|ETFA_YEAST"	"0x1.20abdcb830accp+4"	"0x1.1deae4831e3f8p+4"	"0x1.0c9b24f99da37p+4"	"0x1.1ebd010f98ff7p+4"	"0x1.00c1fabce1b13p+4"	"0x1.13305db032c52p+4"
"sp|Q12496|YO098_YEAST"	"0x1.1745fe8fc8706p+4"	"0x1.f5dc36ffe89f4p+3"	"0x1.05a93de5e04dbp+4"	"0x1.1096cdfa37c3ap+4"	"0x1.09593d97535edp+4"	"0x1.02ec1ec2dc8fap+4"
"sp|Q12499|NOP58_YEAST"	"0x1.658e6e4d470ffp+4"	"0x1.68c435a9896cfp+4"	"0x1.6a15e234442fep+4"	"0x1.63e198f8f2df1p+4"	"0x1.6763b169f66bbp+4"	"0x1.6b3272b4f423bp+4"
"sp|Q12522|IF6_YEAST"	"0x1.4514773cb6a6cp+4"	"0x1.438320b3740a4p+4"	"0x1.48ad84f00e43bp+4"	"0x1.421e8364446bdp+4"	"0x1.4759dd5cdf58ap+4"	"0x1.462dbc01de71p+4"
"sp|Q12532|TAE2_YEAST"	"0x1.218d32fef0853p+4"	"0x1.10836f8815131p+4"	"0x1.138e3fdf0b42ap+4"	"0x1.1b69f9e66ee59p+4"	"0x1.0dbd134cfbc49p+4"	"0x1.21294c8709b77p+4"
"sp|Q12680|GLT1_YEAST"	"0x1.3801a1ca812f2p+4"	"0x1.31922670a3c8bp+4"	"0x1.3656371b015cdp+4"	"0x1.2e936e7002378p+4"	"0x1.24808f6236963p+4"	"0x1.3972dd6b4d30fp+4"
"sp|Q12692|H2AZ_YEAST"	"0x1.35e898cfd4f81p+4"	"0x1.2e71681de619cp+4"	"0x1.2d8760ce3aff8p+4"	"0x1.2fb59e4573e56p+4"	"0x1.2f27e268002bap+4"	"0x1.3123efff44d46p+4"
"sp|Q12746|PGA3_YEAST"	"0x1.2c8d6b5da91dep+4"	"0x1.28e8953a5746fp+4"	"0x1.2d008040da2eap+4"	"0x1.2ee8c4b81e75cp+4"	"0x1.257073fbd787p+4"	"0x1.2217b91576341p+4"
"sp|Q12754|RRP12_YEAST"	"0x1.2d5e5727a6aa6p+4"	"0x1.37d0aaf189294p+4"	"0x1.2e1e1b8e2e04bp+4"	"0x1.2a79a59c7f1a3p+4"	"0x1.2d3d26c345858p+4"	"0x1.24e69cf9c16d8p+4"
"sp|Q3E747|YL363_YEAST"	"0x1.fd05a1e9a955cp+3"	"0x1.ff3bfaf000216p+3"	"0x1.0a8cf22826472p+4"	"0x1.ee212dbfdfb3fp+3"	"0x1.04dfefecea127p+4"	"0x1.0f5adeb368bfcp+4"
"sp|Q3E764|TMA7_YEAST"	"0x1.3fe10f19e6505p+4"	"0x1.3955d39e53842p+4"	"0x1.3c64f972c906fp+4"	"0x1.42cac730e0d6dp+4"	"0x1.3e0bdbd4a2df7p+4"	"0x1.3ffc306c7449ap+4"
"sp|Q3E772|YG169_YEAST"	"0x1.2bc8389bc4517p+4"	"0x1.29feaa45b832ap+4"	"0x1.243fd8c2a7e18p+4"	"0x1.2ae4c7204e9a5p+4"	"0x1.2f15da5a5e2fdp+4"	"0x1.1f2513f27b2d3p+4"
"sp|Q3E7Y3|RS22B_YEAST;sp|P0C0W1|RS22A_YEAST"	"0x1.7e55e1b44d941p+4"	"0x1.77f8e18b9a3a4p+4"	"0x1.7b0787e410f6dp+4"	"0x1.715df5044087ep+4"	"0x1.725d49655e6b6p+4"	"0x1.723a464c709dep+4"
"sp|Q3E834|YOS1_YEAST"	"0x1.07580fa1e9ce6p+4"	"0x1.16804abed4f8dp+4"	"0x1.07bcce8174e56p+4"	"0x1.10cb4efc07eadp+4"	"0x1.1044ef952845dp+4"	"0x1.165a118153a07p+4"
"sp|Q6Q547|NOP10_YEAST"	"0x1.2e35a97b6cec3p+4"	"0x1.2c41285dec52ep+4"	"0x1.36a69b9f8f219p+4"	"0x1.36aa68b2dc522p+4"	"0x1.2f849064e7efep+4"	"0x1.296d52ca6ce4dp+4"
"sp|Q96VH5|MIC10_YEAST"	"0x1.23be5cf37f145p+4"	"0x1.25f93d4e37954p+4"	"0x1.271de2f5967cp+4"	"0x1.2ae6e2ff8bdep+4"	"0x1.2583a807b931cp+4"	"0x1.26cd593c450d7p+4"
"sp|Q99207|NOP14_YEAST"	"0x1.0c08ae35e34c4p+4"	"0x1.0ad501faec04ep+4"	"0x1.f2d0fe3be7035p+3"	"0x1.2095ecf21c462p+4"	"0x1.03233c7a67e9dp+4"	"0x1.ff9664a6942c9p+3"
"sp|Q99216|PNO1_YEAST"	"0x1.23965c2980fcbp+4"	"0x1.3c37dee9012c3p+4"	"0x1.17f36ebbccdc8p+4"	"0x1.2458bbf6c8d2ap+4"	"0x1.2f0f484a30805p+4"	"0x1.2fbb1826f5883p+4"
"sp|Q99257|MEX67_YEAST"	"0x1.10e6affeb8975p+4"	"0x1.159ab06201475p+4"	"0x1.121d12d39ad47p+4"	"0x1.09b21e32d9633p+4"	"0x1.085d1f216d7b6p+4"	"0x1.1676c25ce4ecfp+4"
"sp|Q99258|RIB3_YEAST"	"0x1.2cd3ed3fbe846p+4"	"0x1.2886268e5989fp+4"	"0x1.356e0c5a67e71p+4"	"0x1.2ac313126aebbp+4"	"0x1.338fcb9333aa1p+4"	"0x1.38c676d7ff69dp+4"
"sp|Q99383|HRP1_YEAST"	"0x1.30babb928d692p+4"	"0x1.1f0bfe8e6b2f6p+4"	"0x1.2e02c645b436ap+4"	"0x1.34bebcc524674p+4"	"0x1.232d06ffa9d5ap+4"	"0x1.2507b2f9ec20ep+4"
