"feature_id"	"score"
"AFFX-HUMISGF3A/M97935_MA_at"	"2.5620519586985471"
"AFFX-HUMISGF3A/M97935_MB_at"	"1.1787311519661621"
"AFFX-HUMISGF3A/M97935_3_at"	"-0.11166241676798562"
"AFFX-HUMRGE/M10098_5_at"	"-0.2922398253866707"
"AFFX-HUMRGE/M10098_M_at"	"-1.2716454179195007"
"AFFX-HUMRGE/M10098_3_at"	"-1.1696805937410633"
"AFFX-HUMGAPDH/M33197_5_at"	"0.51484582407306756"
"AFFX-HUMGAPDH/M33197_M_at"	"0.38463032532560393"
"AFFX-HSAC07/X00351_5_at"	"0.011411828014490408"
"AFFX-HSAC07/X00351_M_at"	"0.095131795714346296"
"AFFX-HUMTFRR/M11507_5_at"	"4.4445059367436324"
"AFFX-HUMTFRR/M11507_M_at"	"4.3234206453678219"
"AFFX-HUMTFRR/M11507_3_at"	"5.0003245422282472"
"AFFX-M27830_5_at"	"-0.37681629703760078"
"AFFX-M27830_M_at"	"-0.16200387297878502"
"AFFX-M27830_3_at"	"0.3726938736504552"
"AFFX-HSAC07/X00351_3_st"	"-1.5064724317329428"
"AFFX-HUMGAPDH/M33197_M_st"	"2.411823596987098"
"AFFX-HUMGAPDH/M33197_3_st"	"0.35395698320511232"
"AFFX-HSAC07/X00351_M_st"	"1.9045102084366734"
"A28102_at"	"1.3316286062490572"
"AB000115_at"	"0.47254168206809621"
"AB000449_at"	"-3.6452201776635547"
"AB000464_at"	"-0.62335582754162411"
"AB000468_at"	"-2.2291428259275827"
"AB000584_at"	"2.2442782996183821"
"AB001106_at"	"-0.36152649728225739"
"AB001325_at"	"-0.050498272900552664"
"AB002315_at"	"1.4611545034109257"
"AB002318_at"	"-0.53658701070650372"
"AB002382_at"	"-0.16532498881811059"
"AB002559_at"	"2.8887865899239062"
"AB003177_at"	"-0.25487335167794822"
"AC000061_cds2_at"	"-1.1711758120616482"
"AC000064_cds1_at"	"2.284070102450102"
"AC002073_cds1_at"	"2.8290298807287599"
"AC002115_cds1_at"	"-1.1255806309264853"
"AC002115_rna2_at"	"0.44443252822924811"
"AF000231_at"	"-2.0605766524541411"
"AF000560_at"	"1.5611501797431395"
"AF000562_at"	"1.3749976999182938"
"AF002224_at"	"0.94671052327812266"
"AF002700_at"	"2.0021899695036218"
"AF003743_at"	"-0.96030683186247989"
"AF006041_at"	"0.6995767915915212"
"AF006084_at"	"1.2630034029796975"
"AF006087_at"	"-1.6610543113601801"
"AF007875_at"	"-1.5825849844355262"
"AF008445_at"	"1.4673477877026335"
"AF008937_at"	"2.4589809483935521"
"AF009301_at"	"-2.0525415774606084"
"AF010193_at"	"-0.47739163789896466"
"AF014958_at"	"1.5084196365502873"
"AF015910_at"	"-0.7899988040639101"
"AF015913_at"	"-2.9850065862684279"
"AJ000480_at"	"4.2083301075449091"
"AJ001421_at"	"0.5466587155904522"
"D00017_at"	"-0.029011700886447507"
"D00596_at"	"-2.1874326037895808"
"D00632_at"	"2.2399409440032509"
"D00723_at"	"-1.1098485516669774"
"D00726_at"	"3.8987345115893355"
"D00760_at"	"-2.0417187167634663"
"D00761_at"	"1.214314760816694"
"D00762_at"	"-0.70521298740043692"
"D00763_at"	"-4.2738975742894381"
"D10202_at"	"2.8231430356332661"
"D10495_at"	"5.662918773287636"
"D10511_at"	"-0.93522199647128834"
"D10522_at"	"0.69354873643177839"
"D10523_at"	"-0.61367201146475459"
"D10923_at"	"1.6935055984631364"
"D10995_at"	"1.6417263853280588"
"D11086_at"	"-3.6211822497669752"
"D11094_at"	"-1.1363537349028019"
"D11428_at"	"0.21844401094598573"
"D13315_at"	"-1.8098370545867735"
"D13370_at"	"-3.126555856421843"
"D13435_at"	"-2.1303956387513581"
"D13626_at"	"-0.77694197443748114"
"D13627_at"	"-3.7267713711778305"
"D13628_at"	"2.7517376042936155"
"D13630_at"	"-1.325022008672909"
"D13636_at"	"-2.4847463210111296"
"D13639_at"	"0.53093842240868983"
"D13640_at"	"0.071466625457347888"
"D13641_at"	"-0.0099334833152388054"
"D13643_at"	"-0.57104836759745892"
"D13645_at"	"-1.3165941312259508"
"D13748_at"	"1.1826202941452955"
"D13897_rna2_at"	"0.13205363173189502"
"D13900_at"	"-0.63950784502966618"
"D13988_at"	"-0.62911364747274157"
"D14043_at"	"-0.87888036423166538"
"D14657_at"	"-0.59658515591557459"
"D14658_at"	"-5.1998225045225599"
"D14661_at"	"0.57940178063861636"
"D14662_at"	"-0.90281172976743329"
"D14663_at"	"0.12622735237666716"
"D14686_at"	"1.7697424226726755"
"D14689_at"	"1.8411912928462832"
"D14694_at"	"-1.9855193152341264"
"D14695_at"	"0.012257142783912616"
"D14710_at"	"-3.2422281781723905"
"D14811_at"	"3.1502570408014297"
"D14812_at"	"-1.9701108166833139"
"D14838_at"	"-0.95314431160402024"
"D14874_at"	"5.4264565056571934"
"D14878_at"	"-0.93415041713343316"
"D14889_at"	"1.7888920116742351"
"D15050_at"	"-0.37340063626077497"
"D15057_at"	"-2.2975975905274133"
"D16217_at"	"2.3578057157069168"
"D16294_at"	"-1.1112302530769589"
"D16469_at"	"3.7201011980002257"
"D16532_at"	"-1.1047768929231283"
"D16562_at"	"-2.9694459460467937"
"D16593_at"	"0.23655087448349718"
"D17525_at"	"-0.45059003009176524"
"D17716_at"	"-1.1889884365335495"
"D21063_at"	"-3.4468410795258437"
"D21090_at"	"-1.252278734649019"
"D21255_at"	"-1.1672878438264944"
"D21260_at"	"-1.3056357755372627"
"D21261_at"	"2.3953232356636813"
"D21262_at"	"-3.508126803181681"
"D21852_at"	"-3.875076436699127"
"D23662_at"	"-1.9017267321004356"
"D25216_at"	"0.41903734378503832"
"D25217_at"	"2.071276456538464"
"D25218_at"	"0.38709437378085337"
"D25248_at"	"0.64940100163501613"
"D25274_at"	"-0.24072731224098712"
"D25278_at"	"-0.68009493667247978"
"D25328_at"	"-3.0495328295959712"
"D25538_at"	"-0.9565695212027121"
"D25547_at"	"1.4902922665950893"
"D26069_at"	"-2.3356867941145496"
"D26129_at"	"2.1568820656311392"
"D26308_at"	"5.5724546002232653"
"D26579_at"	"4.3779443692193567"
"D26599_at"	"-2.5324779943940054"
"D28114_at"	"0.58734115142036136"
"D28118_at"	"-0.08696185015703442"
"D28137_at"	"1.5402956268339312"
"D28364_at"	"0.17283487645601006"
"D28383_at"	"-0.58670916386356642"
"D28423_at"	"-1.4717200034234281"
"D28476_at"	"-1.8253934012945567"
"D28588_at"	"0.0055677778152334531"
"D28589_at"	"-1.9208995905483544"
"D28915_at"	"2.3551921845012349"
"D29641_at"	"-2.6727450818008309"
"D29642_at"	"-1.8090680092874998"
"D29643_at"	"2.7407224304761155"
"D29677_at"	"-1.8168988070933028"
"D30036_at"	"1.6875650906289341"
"D30655_at"	"-3.306395029817438"
"D30742_at"	"-1.4402596569253374"
"D30755_at"	"0.82599653423310893"
"D30758_at"	"-1.0149710876682521"
"D31716_at"	"0.67132796741516965"
"D31764_at"	"-2.1837584129155987"
"D31766_at"	"-0.24383962766359765"
"D31767_at"	"0.85789892558071423"
"D31797_at"	"-0.37874818368065954"
"D31883_at"	"-2.0472697049479032"
"D31884_at"	"2.5700381032308059"
"D31885_at"	"0.55359562936532836"
"D31888_at"	"-0.1564217562930966"
"D31890_at"	"-2.0561510948440596"
"D31891_at"	"-3.6982641341815174"
"D32001_at"	"1.0904167585675655"
"D32050_at"	"-4.6482789937481686"
"D38037_at"	"0.62963294762080435"
"D38047_at"	"-0.85029515319312143"
"D38048_at"	"-2.9969222195409775"
"D38076_at"	"-3.1343531460042828"
"D38145_at"	"-0.84346043297814155"
"D38305_at"	"-0.80971281005264428"
"D38521_at"	"3.7367679108805691"
"D38524_at"	"-4.2316470098066405"
"D38535_at"	"0.34777852402789239"
"D38548_at"	"-3.2293923687834356"
"D38549_at"	"-1.0391450568237877"
"D38550_at"	"-0.27261358049378948"
"D38551_at"	"-2.6555067834520605"
"D38552_at"	"-2.6794927723105801"
"D38555_at"	"-2.3012168491777909"
"D38583_at"	"2.1344400687099543"
"D42041_at"	"1.5353973742009441"
"D42043_at"	"-3.0550178922790008"
"D42053_at"	"-2.3016785977533569"
"D42054_at"	"-2.1038494234917544"
"D42084_at"	"-2.702713898114383"
"D42085_at"	"0.83430982141418175"
"D42087_at"	"-0.002195064075131186"
"D43636_at"	"-0.66104867607681261"
"D43642_at"	"-0.57940584960752051"
"D43767_at"	"-0.50876923678062591"
"D43947_at"	"-1.0341966740581299"
"D43948_at"	"-4.1581828766349727"
"D43949_at"	"-1.1835028723228764"
"D43950_at"	"-4.5452747108739198"
"D43951_at"	"-2.764225183613763"
"D44466_at"	"-2.410712668680437"
"D45248_at"	"-2.9689349043581177"
"D45370_at"	"-0.68412860766519823"
"D45371_at"	"1.3840620010102329"
"D49396_at"	"-1.712306269628701"
"D49410_at"	"0.72761062518819708"
"D49489_at"	"-1.5626925411076615"
"D49490_at"	"-0.80461902591331746"
"D49738_at"	"-2.1588728490996871"
"D49817_at"	"4.1430085620617101"
"D49818_at"	"1.0526959881478208"
"D50495_at"	"-0.34897595721986852"
"D50525_at"	"-2.2404575036129812"
"D50663_at"	"0.29416068350072544"
"D50683_at"	"-2.7753123815144964"
"D50692_at"	"-0.57716937827065906"
"D50840_at"	"-0.3261735081825245"
"D50857_at"	"0.5983827421787018"
"D50863_at"	"-1.2004200674870098"
"D50911_at"	"-1.3066710619385553"
"D50912_at"	"-3.4949778547285253"
"D50913_at"	"-1.9520777239312324"
"D50914_at"	"-2.8544357759704253"
"D50915_at"	"1.8765753546775528"
"D50916_at"	"-2.5055905912428074"
"D50917_at"	"1.3240234863175906"
"D50918_at"	"-5.0259386375535398"
"D50920_at"	"-1.0636798764555175"
"D50926_at"	"0.40232696690091146"
"D50927_at"	"-2.4340363230443467"
"D50928_at"	"0.45146764450298976"
"D50930_at"	"-2.814275345410068"
"D55640_at"	"-0.33006747254432545"
"D55654_at"	"-3.2938319540569401"
"D55716_at"	"-1.4006705178453773"
"D61380_at"	"-1.7214365578823199"
"D61391_at"	"-1.6702003294013903"
"D63160_at"	"1.522635007335482"
"D63391_at"	"-3.0217840317108453"
"D63475_at"	"0.46142488618581134"
"D63476_at"	"-3.3635181408971393"
"D63481_at"	"-0.14926558826141903"
"D63486_at"	"-3.4774253603819862"
"D63487_at"	"-1.2275883674159846"
"D63506_at"	"-1.616585209893068"
"D63813_at"	"0.25228213013522932"
"D63851_at"	"0.48401161792088815"
"D63874_at"	"-4.6519354697695894"
"D63875_at"	"-2.2735565342242516"
"D63876_at"	"-0.39647135999573924"
"D63877_at"	"0.6665647656243302"
"D63878_at"	"-0.17300361704257"
"D63879_at"	"-2.7700263748389418"
"D63880_at"	"-4.7231305670089263"
"D63881_at"	"-0.80328557139814361"
"D63998_at"	"1.7996561590310141"
"D64109_at"	"-0.52197101277677027"
"D64110_at"	"1.4534725902222119"
"D64142_at"	"1.4644966726508202"
"D64158_at"	"-1.1074453795652912"
"D67029_at"	"-0.2213905691450832"
"D78012_at"	"0.79485405727473624"
"D78129_at"	"-0.15778847266340762"
"D78134_at"	"1.735354574939"
"D78275_at"	"-2.9928651309131324"
"D78335_at"	"-2.3880379281304069"
"D78361_at"	"0.23728410153989887"
"D78586_at"	"-1.1999163862815903"
"D78611_at"	"1.5150620017873238"
"D79986_at"	"-0.0020601004035827497"
"D79990_at"	"-0.29580838027351486"
"D79992_at"	"-1.4174503399267142"
"D79993_at"	"0.61134196594738177"
"D79994_at"	"-0.98437815753538327"
"D79996_at"	"0.86371977761125107"
"D79999_at"	"0.24442639716398668"
"D80001_at"	"-2.5900703875058242"
"D80003_at"	"-2.9208387403002725"
"D80004_at"	"0.021785635543699472"
"D80005_at"	"-2.8360417496720332"
"D80006_at"	"-4.212308906669028"
"D80007_at"	"0.78021907514922828"
"D80008_at"	"-2.9577492014628333"
"D80009_at"	"-1.8946629866518434"
"D80010_at"	"-2.0145267416352319"
"D80012_at"	"-2.2424652833088374"
"D82061_at"	"-0.15507365160852432"
"D82070_at"	"1.551392383573688"
"D82345_at"	"-1.5275499025059296"
"D82348_at"	"-1.7979644377773916"
"D83004_at"	"-0.96232695056888995"
"D83032_at"	"-3.8371951806498772"
"D83243_at"	"-2.214073117946286"
"D83542_at"	"-0.11827522859423205"
"D83597_at"	"0.2191553290322408"
"D83657_at"	"1.6858622520224369"
"D83703_at"	"-0.0076168846163165976"
"D83735_at"	"2.3545939434868166"
"D83776_at"	"-3.6735964880332714"
"D83777_at"	"0.72708655090938545"
"D83780_at"	"-0.70193505983249094"
"D83783_at"	"-3.7643181770819809"
"D83784_at"	"1.2879033471057149"
"D83785_at"	"-3.4426672714209792"
"D83920_at"	"2.7413967022145012"
"D84110_at"	"0.53682545153594319"
"D84239_at"	"-1.8275453854408152"
"D84276_at"	"-3.0999220366446871"
"D84294_at"	"-3.7162968346728587"
"D84307_at"	"0.32972824435454684"
"D84557_at"	"-2.96583936233068"
"D85245_at"	"0.87492290955664043"
"D85429_at"	"-1.8087659250107821"
"D85527_at"	"0.49438191807983928"
"D85758_at"	"-3.168178839698367"
"D85815_at"	"1.1526906073464898"
"D85939_at"	"1.8618520453693495"
"D86479_at"	"-3.6704682618465774"
"D86549_at"	"-1.1672632022127118"
"D86956_at"	"-2.0947417860633557"
"D86961_at"	"-0.89382083479570584"
"D86962_at"	"-1.2680881410799651"
"D86964_at"	"-1.7985841933766615"
"D86967_at"	"-4.9248652669882196"
"D86970_at"	"-3.903058283514333"
"D86971_at"	"-1.8218737041333359"
"D86972_at"	"-0.81144333838729377"
"D86973_at"	"-0.96425346113408983"
"D86976_at"	"-2.6136831839945769"
"D86978_at"	"-3.8418285984516101"
"D86979_at"	"-1.8444756408905496"
"D86983_at"	"-2.7661063582097429"
"D86985_at"	"-0.7887660849375222"
"D87023_cds2_at"	"0.88566205581065316"
"D87071_at"	"0.18947031862703895"
"D87073_at"	"-0.45365602716388131"
"D87074_at"	"-2.2459880765793079"
"D87075_at"	"-0.94030072575518397"
"D87076_at"	"-4.1534415838434429"
"D87078_at"	"-4.9851618359874141"
"D87116_at"	"2.8940631476450789"
"D87119_at"	"-2.0144025701142421"
"D87120_at"	"-1.2008902984524588"
"D87292_at"	"-0.66819689017590456"
"D87433_at"	"3.2199655666267897"
"D87434_at"	"2.31588987890223"
"D87435_at"	"0.33333347902139665"
"D87436_at"	"-0.94943292245014999"
"D87438_at"	"-0.68875775275482065"
"D87442_at"	"1.5865116224820504"
"D87445_at"	"0.57565427930405533"
"D87446_at"	"-3.6110994477573062"
"D87447_at"	"-0.8028750919709271"
"D87448_at"	"-2.4519147330739011"
"D87450_at"	"-2.0493997251019889"
"D87451_at"	"1.5975523812722605"
"D87452_at"	"-1.5919008513877311"
"D87453_at"	"-2.674571171178759"
"D87455_at"	"-1.8413261403003869"
"D87459_at"	"-1.858988634923963"
"D87460_at"	"-1.3859471599935067"
"D87462_at"	"0.87391202833361137"
"D87464_at"	"-1.7728393348352487"
"D87465_at"	"-2.2512588335629595"
"D87466_at"	"-2.090231882604435"
"D87469_at"	"-0.66619632229824843"
"D87673_at"	"0.65336066163014583"
"D87684_at"	"-1.2541617397474834"
"D87937_at"	"0.59858405595144859"
"D87953_at"	"2.1293792360888677"
"D87969_at"	"-3.2930182823595517"
"D88270_at"	"-3.9940886871091354"
"D88422_at"	"8.7685830051409326"
"D88613_at"	"0.53375282675675839"
"D89016_at"	"0.47531163963910145"
"D89052_at"	"2.3691222199174216"
"D89077_at"	"1.5282368247388056"
"D89667_at"	"1.643023652746159"
"D90084_at"	"0.54819029433774291"
"D90086_at"	"-2.3344683632409899"
"D90209_at"	"0.61433453619752632"
"D90224_at"	"-1.2079534307527862"
"D90276_at"	"0.91307654214461609"
"HG1078-HT1078_at"	"-2.9236666259057591"
"HG1102-HT1102_at"	"3.7697937315096985"
"HG1112-HT1112_at"	"-3.2346917588530806"
"HG1153-HT1153_at"	"-0.56372299953152105"
"HG1205-HT1205_at"	"-0.1778389814571133"
"HG1612-HT1612_at"	"-7.5645862191178841"
"HG1614-HT1614_at"	"-3.4739909206350754"
"HG1649-HT1652_at"	"-0.031610770792142494"
"HG1804-HT1829_at"	"1.1961974945426901"
"HG1862-HT1897_at"	"-3.217033945278803"
"HG1869-HT1904_at"	"-3.1773281138102529"
"HG1872-HT1907_at"	"2.5125957596022843"
"HG1879-HT1919_at"	"4.0209442633628347"
"HG2036-HT2090_at"	"-2.1071484738428032"
"HG2059-HT2114_at"	"1.1690280751030142"
"HG2167-HT2237_at"	"1.4136123512530752"
"HG2247-HT2332_at"	"1.080204552435315"
"HG2264-HT2360_at"	"1.1998847948214089"
"HG2274-HT2370_at"	"-2.6697493831075407"
"HG2279-HT2375_at"	"-0.17374066730089549"
"HG2290-HT2386_at"	"0.48270815649033877"
"HG2320-HT2416_at"	"-0.18884083445108804"
"HG2325-HT2421_at"	"-0.21164851455918793"
"HG2415-HT2511_at"	"0.30794004052800472"
"HG2463-HT2559_at"	"1.8273146486309653"
"HG2480-HT2576_at"	"-0.51480306411623045"
"HG2525-HT2621_at"	"1.5358388029478875"
"HG2602-HT2698_at"	"0.70376766021829618"
"HG2715-HT2811_at"	"1.3508608077719573"
"HG2724-HT2820_at"	"3.8567609627931945"
"HG2788-HT2896_at"	"4.2549901120394455"
"HG2810-HT2921_at"	"2.8175813451179708"
"HG2825-HT2949_at"	"-1.6812904660035723"
"HG2855-HT2995_at"	"-5.3501731323241293"
"HG2874-HT3018_at"	"-1.5058140563442617"
"HG2992-HT5186_at"	"-0.28719619310074435"
"HG3039-HT3200_at"	"-0.10805906430052883"
"HG3088-HT3263_at"	"-2.518904610145456"
"HG3162-HT3339_at"	"2.1546831769545691"
"HG3175-HT3352_at"	"-0.53001326869469956"
"HG3227-HT3404_at"	"-1.3022851714641182"
"HG3231-HT3408_at"	"1.8863715124291784"
"HG3286-HT3463_at"	"0.79877893645657327"
"HG3344-HT3521_at"	"1.6540931878001401"
"HG3355-HT3532_at"	"0.085742100345373565"
"HG3454-HT3647_at"	"2.1245293341215623"
"HG3492-HT3686_at"	"-1.9287868139405542"
"HG3494-HT3688_at"	"4.7533956147070313"
"HG3495-HT3689_at"	"1.6162427513530608"
"HG3514-HT3708_at"	"0.91694149899414057"
"HG3521-HT3715_at"	"0.49770645051019935"
"HG3548-HT3749_at"	"-0.95585061552614459"
"HG3578-HT3781_at"	"-1.4562701473337298"
"HG3627-HT3836_at"	"0.21846372128465852"
"HG363-HT363_at"	"1.3457492647410305"
"HG3740-HT4010_at"	"0.49685835343934709"
"HG3748-HT4018_at"	"-2.1981353620251558"
"HG3934-HT4204_at"	"-1.9027814111564083"
"HG3936-HT4206_at"	"-1.9260046386210383"
"HG3987-HT4257_at"	"-0.4342457411874836"
"HG3995-HT4265_at"	"-2.0289586973283646"
"HG4018-HT4288_at"	"3.341065130053074"
"HG4036-HT4306_at"	"-0.68170211769963907"
"HG4068-HT4338_at"	"-1.4125791947374753"
"HG4073-HT4343_at"	"-2.4754833827301401"
"HG4074-HT4344_at"	"-2.5544620701982468"
"HG4126-HT4396_at"	"-2.1055513994863979"
"HG4167-HT4437_at"	"1.3903810562755476"
"HG4178-HT4448_at"	"0.37000702723215084"
"HG4243-HT4513_at"	"-0.12958379018075195"
"HG4263-HT4533_at"	"-0.64514615452421742"
"HG4297-HT4567_at"	"-1.563949881751179"
"HG4460-HT4729_at"	"-0.99969348632481536"
"HG4582-HT4987_at"	"-3.4530003819015267"
"HG4606-HT5011_at"	"0.65485640110242571"
"HG4638-HT5050_at"	"-1.0060654389790018"
"HG4660-HT5073_at"	"-0.16442929477043566"
"HG4662-HT5075_at"	"-0.025854400123234193"
"HG4716-HT5158_at"	"-0.38278144546566406"
"HG4749-HT5197_at"	"-1.776001448015051"
"HG511-HT511_at"	"-1.0811036685747251"
"HG620-HT620_at"	"2.7647763606521152"
"HG830-HT830_at"	"1.9736486919028111"
"HG846-HT846_at"	"-1.2093517661460886"
"HG908-HT908_at"	"1.430069061235649"
"HG919-HT919_at"	"1.3341043598926332"
"HG987-HT987_at"	"2.6581336993436353"
"J00073_at"	"1.2576315777269729"
"J00306_at"	"1.7848362771632476"
"J02645_at"	"-3.1108273109467937"
"J02902_at"	"-2.0821469391785423"
"J02906_at"	"1.7157562901749674"
"J02923_at"	"1.4156840950701335"
"J02973_rna1_at"	"1.9327638313284166"
"J03040_at"	"2.7930294413010244"
"J03069_rna1_at"	"-0.83704540621107537"
"J03161_at"	"-0.15402423675787208"
"J03191_at"	"-1.0365739266368104"
"J03278_at"	"0.66661242793729181"
"J03459_at"	"-0.16854818105009703"
"J03473_at"	"-4.2378991181461583"
"J03589_at"	"-2.9988194189038544"
"J03600_at"	"-1.0238525420090883"
"J03764_at"	"-1.2147323954794009"
"J03779_at"	"-1.7092212797906903"
"J03798_at"	"-3.285999873703894"
"J03890_rna1_at"	"0.37377748813125672"
"J03909_at"	"3.2406490851244838"
"J03925_at"	"2.420731814171651"
"J04027_at"	"5.2111554812210317"
"J04058_at"	"-0.33816004473869654"
"J04088_at"	"-1.9944346509190094"
"J04101_at"	"0.15526406810464419"
"J04102_at"	"1.0917816707347892"
"J04111_at"	"-0.72450356284470696"
"J04132_at"	"-2.2986103858300764"
"J04162_at"	"-0.32021415553775517"
"J04164_at"	"-1.1157250564899748"
"J04173_at"	"-0.56629283205718006"
"J04444_at"	"-0.66874790473267298"
"J04456_at"	"2.6148138783053581"
"J04501_at"	"-0.57286159941756143"
"J04543_at"	"2.4776603945254023"
"J04599_at"	"2.0717855922070263"
"J04605_at"	"0.29086137921373478"
"J04611_at"	"-1.3059503427577832"
"J04615_at"	"-6.5538651864487605"
"J04794_at"	"-2.2851804962162614"
"J04809_rna1_at"	"0.48169267096908208"
"J04823_rna1_at"	"1.4548029061380778"
"J04948_at"	"1.4759269058289861"
"J04973_at"	"-1.9852554773511184"
"J04990_at"	"5.6556515258706064"
"J05032_at"	"-3.8120893705506238"
"J05243_at"	"-6.8929320713283957"
"J05257_at"	"-0.91467448677744834"
"J05272_at"	"-0.42535362658147891"
"J05500_at"	"3.6307912911901905"
"J05614_at"	"-1.5799852788579538"
"K01396_at"	"3.3365872328512891"
"K01911_at"	"-2.6075966350738482"
"K02545_cds2_at"	"-0.7116207610102554"
"K02574_at"	"2.0068456050693713"
"K03195_at"	"3.3611533613248867"
"K03430_at"	"-1.3457688788188074"
"K03460_at"	"1.4334437143297902"
"K03515_at"	"0.93124695375563793"
"L00352_at"	"1.5525264195939741"
"L00635_at"	"0.099703684370111192"
"L01087_at"	"-2.1257251677977522"
"L01664_at"	"2.5623862973568854"
"L02867_at"	"2.8353642883023507"
"L02950_at"	"-0.85901156263391765"
"L03532_at"	"-2.2923717772603647"
"L04490_at"	"-1.6762618122386783"
"L04733_at"	"-2.2540805495594203"
"L04953_at"	"-0.091427797099658592"
"L05148_at"	"-4.5813296120339073"
"L05424_cds2_at"	"3.2719686543061184"
"L05425_at"	"-0.95910787123656571"
"L05512_at"	"0.43618269736740523"
"L05779_at"	"0.60115555795647679"
"L06132_at"	"-2.813050286983751"
"L06175_at"	"-1.2873881964158054"
"L06419_at"	"1.3290360797077616"
"L06633_at"	"0.81940770174892197"
"L06845_at"	"-1.6054468410114262"
"L07044_at"	"0.12188311232832329"
"L07493_at"	"-2.1864011841834805"
"L07548_at"	"1.148053641599847"
"L07597_at"	"-2.1354847323231487"
"L07633_at"	"-4.0847606784488031"
"L07758_at"	"-5.7859697540026902"
"L07765_at"	"1.9728940533085202"
"L07956_at"	"-3.4965940357328607"
"L08069_at"	"-1.4117572404794554"
"L08187_at"	"-0.25247109914952565"
"L08246_at"	"5.6886041858517586"
"L09260_at"	"-1.7635434377735189"
"L09604_at"	"2.5800423573555098"
"L09708_at"	"3.0894556604423293"
"L10284_at"	"-0.4837869469869796"
"L10373_at"	"-3.4665655846388241"
"L10378_at"	"-0.37170538835751255"
"L10838_at"	"-1.8362316247662744"
"L10910_at"	"-0.85069385430066624"
"L11239_at"	"2.1728377676619268"
"L11285_at"	"0.90489162985923421"
"L11329_at"	"0.95687842222883257"
"L11370_at"	"-0.65514488684633121"
"L11373_at"	"-1.512165143522161"
"L11669_at"	"3.5288356859462744"
"L12535_at"	"1.8778253923420405"
"L13203_at"	"-0.15600993733895543"
"L13210_at"	"1.9755004762897059"
"L13391_at"	"0.75903619972014746"
"L13434_at"	"0.95661486928574069"
"L13436_at"	"-1.0511019974978675"
"L13689_at"	"-0.34152487456045144"
"L13738_at"	"1.8393877050923442"
"L13761_rna1_at"	"0.93511515028670433"
"L13800_at"	"-3.0337152247243901"
"L13848_at"	"-0.8473946145319825"
"L13852_at"	"-0.90063800586222265"
"L13923_at"	"1.2198704411447734"
"L13972_at"	"2.2675394542457199"
"L14076_at"	"-0.69919508420470478"
"L14565_at"	"-0.73632255354220488"
"L14754_at"	"0.75701527503998511"
"L14837_at"	"0.52143976781399759"
"L15409_at"	"-1.282533735783052"
"L15702_at"	"1.9172682690874625"
"L16464_at"	"1.3774086474947209"
"L16842_at"	"-0.11415617393143042"
"L16862_at"	"-0.51282419497653009"
"L16896_at"	"0.29505047768929538"
"L16991_at"	"-2.1852766620964408"
"L17131_rna1_at"	"2.3442551958589015"
"L17327_at"	"-0.44982867413455091"
"L19067_at"	"2.0459458210984942"
"L19161_at"	"-0.94955225831510537"
"L19183_at"	"-2.36442462854848"
"L19267_at"	"-2.7636281310428381"
"L19314_at"	"0.38222080446669415"
"L19437_at"	"2.8553787018981094"
"L19605_at"	"-0.33813082175903031"
"L19686_rna1_at"	"-1.4972395652846935"
"L19711_at"	"0.12503257662140116"
"L19779_at"	"3.2274075099415858"
"L19871_at"	"1.555786035099662"
"L19872_at"	"3.0942185352104903"
"L20010_at"	"-3.4983554447921481"
"L20298_at"	"-4.8954911457098893"
"L20316_at"	"2.1221000576146332"
"L20815_at"	"1.0059732083552209"
"L20941_at"	"3.7746242031584627"
"L20971_at"	"0.012663774944007573"
"L21893_at"	"1.1553708976511432"
"L21936_at"	"-2.5668065058905798"
"L21954_at"	"3.3074762791458254"
"L22075_at"	"4.0003225320933637"
"L22214_at"	"1.0710361112913545"
"L22342_at"	"-1.2460462673425552"
"L24559_at"	"0.06142767874957749"
"L24564_at"	"1.4062508969467762"
"L24783_at"	"-3.54769005264601"
"L24804_at"	"-0.31433317852928705"
"L25081_at"	"-0.31057150583611026"
"L25085_at"	"0.75761489247909697"
"L25270_at"	"0.041812589841441386"
"L25444_at"	"-0.88666518415013373"
"L25851_at"	"-1.5754725734708188"
"L25876_at"	"-0.25619770698883276"
"L26247_at"	"2.0031892366397273"
"L26494_at"	"0.79195666453506408"
"L27560_at"	"0.064439252144160769"
"L27706_at"	"-2.8396793794987545"
"L27841_at"	"0.29472834452168656"
"L27943_at"	"1.6896181950159703"
"L28010_at"	"-4.4973195656964826"
"L28175_at"	"0.16304206844585095"
"L28821_at"	"3.4993114335012216"
"L29008_at"	"-1.625710929131172"
"L29218_at"	"-0.59385485047708264"
"L29277_at"	"3.5883478573010974"
"L31584_at"	"-0.47737656682928309"
"L31801_at"	"-1.3186862143068845"
"L32866_at"	"0.68661739273958755"
"L32976_at"	"-0.0828385176921905"
"L32977_at"	"-0.6407157700987296"
"L33243_at"	"-0.88443127327280191"
"L33842_rna1_at"	"-1.3634846754199577"
"L34059_at"	"-1.2036037925885859"
"L34060_at"	"1.6116986530841544"
"L34587_at"	"-1.1012917377146441"
"L34657_at"	"1.3508519931753333"
"L35035_at"	"0.9534540552084525"
"L35240_at"	"2.8396332232044399"
"L35269_at"	"0.28360926548405646"
"L35475_at"	"0.40613138059742199"
"L36463_at"	"1.893745001043021"
"L36531_at"	"0.51923356665956655"
"L36645_at"	"-1.7946732021408069"
"L36720_at"	"-0.67888864299708496"
"L36818_at"	"0.042160242109336936"
"L36922_at"	"-0.059110740344983578"
"L36983_at"	"-2.8331087512460651"
"L37033_at"	"1.719237994255236"
"L37042_at"	"1.8207007941214732"
"L37043_at"	"-1.3126803145533039"
"L37127_at"	"-1.6018082201727968"
"L37792_at"	"0.18340810287851586"
"L37936_at"	"-0.65691181076109739"
"L38486_at"	"0.60408172492987078"
"L38487_at"	"-0.22288472974278575"
"L38616_at"	"0.45579376795044896"
"L38696_at"	"-1.8882240810626267"
"L38810_at"	"-2.1492892026093431"
"L38935_at"	"-0.02190333700835034"
"L38951_at"	"-4.2841372901359094"
"L38961_at"	"-2.2144707841402718"
"L39059_at"	"-0.54499753407207974"
"L39874_at"	"-0.6628563815810502"
"L40027_at"	"-0.59697891176299978"
"L40357_at"	"-1.5950264229437825"
"L40387_at"	"1.3365106981754891"
"L40391_at"	"-3.9268132587354452"
"L40392_at"	"-2.2250867503377227"
"L40395_at"	"-1.2370293398169054"
"L40410_at"	"-3.1426617027495811"
"L40586_at"	"2.6698469705793255"
"L40904_at"	"1.5619409386504208"
"L41067_at"	"-3.3839751573054087"
"L41690_at"	"-0.76789370430859394"
"L41870_at"	"-4.77256309671679"
"L41887_rna1_at"	"-4.5800422381058778"
"L41919_rna1_at"	"2.1342241693317523"
"L42324_at"	"0.58248093824386471"
"L42354_at"	"-0.2509115790812031"
"L42373_at"	"-1.2226568911725217"
"L42379_at"	"3.7576571068483609"
"L42451_at"	"-1.584362791634506"
"L42542_at"	"-2.2323294461572583"
"L42563_at"	"0.53002655808801746"
"L42572_at"	"-4.2986042896351968"
"L42621_at"	"-0.45838825252662974"
"L43631_at"	"-2.5478945649734812"
"L47345_at"	"0.99709777270420052"
"L47738_at"	"-7.0920120862671308"
"L48546_at"	"-1.9491328026813379"
"L49169_at"	"2.3607270075842108"
"L76159_at"	"-2.7183113948449851"
"L76200_at"	"-0.27650431462318964"
"L76224_at"	"0.10529891688371065"
"L76380_at"	"1.4103740260418141"
"L76465_at"	"-0.78409838286254663"
"L76702_at"	"-3.6287371005013886"
"L76703_at"	"-2.9484024401648115"
"L77213_at"	"0.10624484907333689"
"L77561_at"	"1.7216212090177301"
"L77701_at"	"1.5037235192066094"
"L77886_at"	"-2.1106138140583188"
"L78440_at"	"0.34822881507617792"
"M10612_at"	"3.0875305970775218"
"M10901_at"	"-2.6023835645978663"
"M11119_at"	"-0.87970741294622934"
"M11147_at"	"3.6025907908194541"
"M11186_at"	"0.94413536742974835"
"M11717_rna1_at"	"-0.14470783784706001"
"M11722_at"	"-5.5856619325559542"
"M11726_at"	"1.7515386858685835"
"M12174_at"	"0.095215536844305226"
"M12759_at"	"-0.40491856947095206"
"M12886_at"	"-2.4877695385603036"
"M13194_at"	"-0.83261047124163601"
"M13241_at"	"2.3943172653465399"
"M13755_at"	"-0.11329217634585341"
"M13792_at"	"-6.1470139994030095"
"M13903_at"	"0.39652374510304972"
"M13934_cds2_at"	"-0.36164780377586092"
"M13955_at"	"1.3220062240198249"
"M14016_at"	"4.2004124479785609"
"M14058_at"	"0.74099112301426973"
"M14158_cds4_at"	"0.033247458683429397"
"M14200_rna1_at"	"-2.7803758023961542"
"M14219_at"	"-0.73811350700806067"
"M14539_at"	"0.76471221674050527"
"M14636_at"	"2.7646034131383503"
"M14660_at"	"3.1633406949641283"
"M14676_at"	"-1.9163816988055633"
"M15059_at"	"1.7873378078238575"
"M15182_at"	"1.5827992430856492"
"M15205_at"	"2.3416413530956954"
"M15661_at"	"0.99107892317234314"
"M15796_at"	"-3.6658893267417603"
"M15841_at"	"-3.2309727926424321"
"M15990_at"	"0.44666833514158877"
"M16038_at"	"7.0535235336365929"
"M16279_at"	"0.013351590729789808"
"M16405_at"	"1.4921780433501395"
"M16424_at"	"2.3039563623368093"
"M18737_rna1_at"	"-1.528777471975475"
"M19159_at"	"-1.6228250180940993"
"M19483_at"	"-1.8020916211293889"
"M19507_at"	"5.7700115748175786"
"M19645_at"	"2.5096343412784874"
"M19722_at"	"2.2091273117907235"
"M19961_at"	"-1.4871488022627626"
"M19989_cds2_at"	"-2.0465775891153188"
"M20471_at"	"-0.43987563651436201"
"M20681_at"	"2.5890563715975956"
"M20902_at"	"3.444633337884754"
"M21005_at"	"3.0220994369485683"
"M21121_at"	"3.5607213537648188"
"M21154_at"	"2.5137560548591451"
"M21186_at"	"0.89891242838424157"
"M21259_at"	"-3.8269780438886309"
"M21551_rna1_at"	"4.1452074446593503"
"M21574_at"	"0.10252714240739029"
"M21624_at"	"-1.5642759244654751"
"M21904_at"	"3.7705560727376741"
"M21984_at"	"-0.32234846309762893"
"M21985_at"	"0.50716971586349258"
"M22324_at"	"5.9670034824691802"
"M22382_at"	"-2.9376156455235716"
"M22430_at"	"0.29569610709271443"
"M22489_at"	"-1.3986301594233326"
"M22538_at"	"0.23641375749829577"
"M22632_at"	"-2.8429832350376536"
"M22638_at"	"0.4784170360363138"
"M22760_at"	"-1.2505451918706951"
"M22877_at"	"-2.3206916306103906"
"M22898_at"	"-4.8825990801518513"
"M22919_rna2_at"	"1.3420417464982088"
"M22960_at"	"5.8538159014904219"
"M22976_at"	"-1.2830993044093331"
"M22995_at"	"0.23043548834404418"
"M23114_at"	"0.5143185784138572"
"M23161_at"	"-3.0538478066060861"
"M23197_at"	"7.9384422434412008"
"M23254_at"	"3.2214783595339815"
"M23294_at"	"-0.093156026319014665"
"M23379_at"	"-3.3445498505134577"
"M24248_at"	"0.98992562148827012"
"M24398_at"	"-0.83150446556927149"
"M24439_at"	"1.0508791240913076"
"M24470_at"	"2.038873431372203"
"M24594_at"	"1.9215386200900801"
"M24899_at"	"-0.91989030531234861"
"M25077_at"	"2.0869941444711366"
"M25269_at"	"0.79516649663643857"
"M25280_at"	"0.35255998383447373"
"M25809_at"	"2.8801560119744258"
"M25897_at"	"2.9940293597561216"
"M26576_cds2_at"	"1.0277114374195562"
"M26602_at"	"3.1251830137848642"
"M26880_at"	"-0.65906082895628337"
"M27161_at"	"0.0002337403449640484"
"M27819_at"	"3.6906385012778866"
"M27826_at"	"-2.014181295697449"
"M27891_at"	"10.773364140927125"
"M28209_at"	"3.8196537962284172"
"M28713_at"	"2.8571067507116199"
"M28825_at"	"0.17019510387370568"
"M28826_at"	"-1.7470057783501867"
"M28827_at"	"-0.55130620107422523"
"M29064_at"	"-3.7451776811690221"
"M29273_at"	"0.8190702806948047"
"M29474_at"	"-1.8895067246076733"
"M29536_at"	"-4.1140857292607871"
"M29696_at"	"-4.7480847460234461"
"M29877_at"	"-0.74441530458381489"
"M29927_at"	"3.4995625428189037"
"M29971_at"	"-2.5957414200126898"
"M30185_at"	"-0.00024980187701735258"
"M30818_at"	"1.0374154978529422"
"M30894_at"	"2.318748026796444"
"M30938_at"	"-3.1317386324259662"
"M31013_at"	"-0.18685706236269503"
"M31166_at"	"6.3159003958998046"
"M31303_rna1_at"	"-6.1725347177515442"
"M31328_at"	"-0.12009943134376558"
"M31627_at"	"-0.57087267795058649"
"M31642_at"	"-1.9962892588749532"
"M31994_at"	"3.8355142508706499"
"M32011_at"	"1.3660134872732992"
"M32053_at"	"1.0024363001766616"
"M32313_at"	"-1.5623802496213461"
"M32315_at"	"2.7092164275753046"
"M32334_at"	"-2.7817206862383741"
"M32886_at"	"0.10225441492258788"
"M33195_at"	"5.4410695283934523"
"M33308_at"	"2.2390261866989181"
"M33336_at"	"-4.5468127537966856"
"M33518_at"	"0.22424730942357643"
"M33521_at"	"-2.1053769134897125"
"M33552_at"	"1.7410683336743087"
"M33680_at"	"-4.933800001820587"
"M33764_at"	"-1.2037711063480725"
"M33882_at"	"1.0977165957546586"
"M34041_at"	"2.7091066585917805"
"M34175_at"	"1.4543190199641043"
"M34181_at"	"-1.454715840201821"
"M34344_at"	"1.1302790215908458"
"M34423_at"	"1.4793570359355677"
"M34455_at"	"0.74696191483814034"
"M34539_at"	"-1.2323375996802512"
"M34667_at"	"0.58316410824303311"
"M34668_at"	"-2.9319712160641651"
"M34677_at"	"0.30375700911931008"
"M35128_at"	"-0.39893005670125053"
"M35531_at"	"1.278989794751032"
"M35878_at"	"0.69292398165846192"
"M36067_at"	"-1.2141805605975855"
"M36089_at"	"1.126766625589797"
"M36341_at"	"1.0048622894040051"
"M37033_at"	"-2.5716294851497614"
"M37104_at"	"-1.9550240803923511"
"M37245_at"	"1.0859182461726062"
"M37435_at"	"3.6689362238511318"
"M37583_at"	"-1.9941910908791132"
"M37766_at"	"-2.0778675769264172"
"M38591_at"	"1.1545082678762335"
"M38690_at"	"-2.3700853588486948"
"M54992_at"	"-2.4291057652403749"
"M54995_at"	"6.2830633611305462"
"M55067_at"	"0.333919813315806"
"M55150_at"	"5.5718519456624165"
"M55265_at"	"0.55989164674553027"
"M55268_at"	"-0.78555432926679492"
"M55531_at"	"1.4262013557111535"
"M55593_at"	"1.4673833214193359"
"M55671_at"	"-1.0491186975635927"
"M57567_at"	"0.65399146939486574"
"M57609_at"	"-0.85280757141862062"
"M57710_at"	"5.1426082056082816"
"M57763_at"	"2.1638807296217943"
"M58028_at"	"-2.1264164092699644"
"M58285_at"	"0.94192634840242162"
"M58378_cds1_at"	"1.030235553931963"
"M58459_at"	"-2.0579681738205489"
"M58603_at"	"4.0496149689941712"
"M59465_at"	"-0.59042728049900306"
"M59807_at"	"-1.4898199372776155"
"M59815_at"	"0.15764032031907399"
"M59820_at"	"2.446786240079136"
"M59829_at"	"-0.42742077135878898"
"M59830_at"	"0.090770987809139822"
"M59911_at"	"0.017148643826391786"
"M60091_at"	"-1.1870807139966115"
"M60165_cds1_at"	"0.90358606641291983"
"M60278_at"	"-0.85112669170768207"
"M60298_at"	"3.7514645374625832"
"M60527_at"	"-4.8100459817253851"
"M60721_at"	"0.3441036593051886"
"M60752_at"	"-1.3082018127020019"
"M60830_at"	"0.16030508233031238"
"M60922_at"	"0.69794196423329158"
"M61199_at"	"2.1680031918412537"
"M61764_at"	"2.2668439050228004"
"M61906_at"	"0.31568673654522439"
"M62302_at"	"1.9191860104917802"
"M62324_at"	"0.72424662470946777"
"M62762_at"	"4.6415731900586339"
"M62783_at"	"0.90298798719294204"
"M62810_at"	"-1.3563530930726859"
"M62831_at"	"-0.50590729859140771"
"M62994_at"	"-1.6089425106322577"
"M63138_at"	"6.8427450549233271"
"M63167_at"	"3.0702407463890435"
"M63175_at"	"1.7328078505625892"
"M63180_at"	"-2.0826878099729975"
"M63262_at"	"0.39932582665299787"
"M63379_at"	"4.7574593115981454"
"M63573_at"	"-0.59332420945838593"
"M63582_at"	"0.4478596205145749"
"M63589_at"	"2.6599833876195613"
"M63904_at"	"0.15222078785495102"
"M63928_at"	"-1.1912010234593893"
"M63959_at"	"3.5160716837848631"
"M64098_at"	"-1.0267565680317283"
"M64108_at"	"2.3074819151131614"
"M64174_at"	"-0.097136496712710171"
"M64590_at"	"-2.0605857834480714"
"M64595_at"	"0.15023267716408775"
"M64673_at"	"-1.1591844172907864"
"M64925_at"	"1.019369784343676"
"M64929_at"	"0.13612914061820661"
"M64934_at"	"1.7978454634181753"
"M64992_at"	"-0.88137057355351678"
"M65066_at"	"0.065976422385180394"
"M65085_at"	"-0.89598655697009466"
"M65217_at"	"0.26422723788628111"
"M68520_at"	"-1.9383492412961034"
"M68864_at"	"-4.3726675593450466"
"M68891_at"	"3.5567133228395811"
"M68941_at"	"-2.3749788305324966"
"M69023_at"	"-2.7813738637032226"
"M69039_at"	"-2.2198349963872515"
"M69043_at"	"4.8973746450842492"
"M69066_at"	"0.71125911227471661"
"M73047_at"	"-2.0458767303949545"
"M73547_at"	"-3.4367964379072982"
"M73720_at"	"2.211505586702863"
"M74002_at"	"-0.21874745464332493"
"M74089_at"	"-2.2524200671190235"
"M74099_at"	"0.22469479361574238"
"M74491_at"	"0.75449478011017246"
"M74524_at"	"-2.7520379540644635"
"M74719_at"	"-1.5439848704203343"
"M75099_at"	"-0.93340530400362076"
"M75126_at"	"1.1801652048480624"
"M76378_at"	"2.5877401675257596"
"M76424_at"	"0.30923388332095714"
"M76766_at"	"0.31827726246645122"
"M77142_at"	"-3.9490814305282984"
"M77698_at"	"-2.4523404581985204"
"M77836_at"	"0.98288300777602378"
"M80244_at"	"1.069148297465756"
"M80254_at"	"6.0502488015292748"
"M80333_at"	"-0.1740173429586768"
"M80335_at"	"-2.3435709062185639"
"M80359_at"	"-0.097830746098478763"
"M80563_at"	"2.4747877406062311"
"M80629_at"	"0.3579753520171336"
"M80647_at"	"1.6408984615622708"
"M80899_at"	"3.4314420199816076"
"M81057_at"	"1.3814734646043501"
"M81601_at"	"-2.5059455422950618"
"M81758_at"	"3.1239682644978606"
"M81780_cds5_at"	"0.43307079773871848"
"M81830_at"	"1.7260362905083393"
"M82809_at"	"1.5204493416967135"
"M82882_at"	"-0.50345874315562056"
"M83088_at"	"-1.4509994166797995"
"M83181_at"	"-0.32093207658613598"
"M83221_at"	"4.0808838593197168"
"M83233_at"	"-4.0379974715607334"
"M83751_at"	"-1.7420630545088613"
"M84349_at"	"2.4003114843778173"
"M84526_at"	"8.1697727715769037"
"M84739_at"	"2.2007556768191963"
"M85169_at"	"-3.4400743279932047"
"M85247_at"	"-0.17358607605919332"
"M85276_at"	"-0.83583763984794379"
"M86400_at"	"-3.7505010759003228"
"M86546_at"	"-1.3125182472296022"
"M86667_at"	"-2.3260386258426564"
"M86707_at"	"-0.51269999148409728"
"M86737_at"	"-1.6253070380387538"
"M86752_at"	"-4.2137690688673706"
"M86852_at"	"-1.636249887349023"
"M87339_at"	"-2.2025703650625919"
"M87434_at"	"-0.074345222015298834"
"M87503_at"	"1.6285166264500062"
"M87860_at"	"1.9819737053246171"
"M88108_at"	"-3.0019910592081698"
"M88279_at"	"-0.5126324882991834"
"M88282_at"	"-1.8152401172240116"
"M88458_at"	"-0.12570116850538304"
"M88468_at"	"0.14086835739279713"
"M89957_at"	"-4.2448617283106431"
"M90299_at"	"0.82374807556057261"
"M90656_at"	"0.59553753834673961"
"M91029_cds2_at"	"-1.4010788642193244"
"M91036_rna1_at"	"3.5473115566431299"
"M91083_at"	"0.11535383379007833"
"M91196_at"	"1.3455964649019772"
"M91432_at"	"-6.4543559785668583"
"M91438_at"	"4.5544384316574273"
"M91585_at"	"-0.26072164128629316"
"M91592_at"	"-1.4323904815055435"
"M91670_at"	"1.0267096795710315"
"M92287_at"	"-6.9177406031759103"
"M92303_at"	"0.50092074601570291"
"M92357_at"	"3.8725710690092372"
"M92439_at"	"-4.7144494862614597"
"M92449_at"	"-0.45418148693508187"
"M92934_at"	"-1.9123999149917201"
"M93056_at"	"4.2548819449016548"
"M93107_at"	"-0.33793600468497725"
"M93221_at"	"0.71802674230153896"
"M93283_at"	"1.2177098148236243"
"M93405_at"	"0.39843553026436251"
"M93426_at"	"-0.95543427169041595"
"M93718_at"	"0.19472243420695001"
"M94250_at"	"-1.0074401944385414"
"M94345_at"	"0.59597880703963579"
"M94362_at"	"-2.1897753561423881"
"M94556_at"	"-1.8240063746793913"
"M94630_at"	"-0.97670439066889558"
"M94633_at"	"-4.0982148390938118"
"M94856_at"	"-2.7097566437385772"
"M95178_at"	"3.9034822631852295"
"M95549_at"	"1.4838492297761432"
"M95610_at"	"3.2698661636383717"
"M95623_cds1_at"	"2.440471742644748"
"M95678_at"	"4.8448670353336158"
"M95712_at"	"-0.092550607386704425"
"M95787_at"	"1.9796485351672917"
"M96326_rna1_at"	"6.1018362843847758"
"M96803_at"	"-3.564510723571455"
"M96859_at"	"0.58372049018643901"
"M96982_at"	"-0.65606209688735306"
"M97287_at"	"-0.55196453936995127"
"M97815_at"	"1.2244278120233028"
"M97856_at"	"-2.2171377601238409"
"M97925_rna1_at"	"1.0000033457230031"
"M97936_at"	"1.9728845561320481"
"M98045_at"	"-2.6039665664832037"
"M98539_at"	"2.9250762870957363"
"M98776_rna1_at"	"-0.59263457979885958"
"M98833_at"	"-3.793087356408392"
"M99063_at"	"-0.076126648676261358"
"M99701_at"	"-1.3965003097103854"
"S43646_at"	"0.090530440295359213"
"S45630_at"	"2.3320746713356337"
"S50223_at"	"-5.098707640001205"
"S53911_at"	"0.19821935203983254"
"S58733_at"	"0.4142266391617026"
"S59049_at"	"0.016261254653096868"
"S61953_at"	"0.69139271357852838"
"S63912_at"	"0.52621374546329858"
"S65583_rna1_at"	"1.0833399898411142"
"S65738_at"	"1.1328744578481065"
"S66431_at"	"-3.3959497890908206"
"S67070_at"	"-0.41574431828472835"
"S67325_at"	"0.26234777936810272"
"S68616_at"	"1.5112195213871837"
"S69115_at"	"-0.74711194206600262"
"S70609_at"	"0.43110902707644766"
"S71824_at"	"-0.24799725810719819"
"S72008_at"	"-4.1441508996203886"
"S72487_at"	"2.7706916512946709"
"S73591_at"	"-0.33097265100107393"
"S74017_at"	"0.97361568544192689"
"S74221_at"	"-2.2814291237997328"
"S74445_at"	"-0.15290161058431878"
"S75168_rna1_at"	"1.5367664186817578"
"S75463_at"	"-1.5453370888507725"
"S76617_at"	"-3.0891306674850036"
"S76965_at"	"-3.3229510393720676"
"S76992_at"	"-0.98197328266178208"
"S77356_at"	"2.6537718001668633"
"S77576_at"	"0.17233911443256242"
"S77763_at"	"0.99263415758066509"
"S77812_at"	"-0.62000614523795916"
"S78085_at"	"-0.4742530634179643"
"S78187_at"	"-2.3646462154919989"
"S78296_at"	"-0.23395394858396779"
"S79639_at"	"-0.70743785508634616"
"S80335_at"	"1.0353471571566035"
"S81003_at"	"1.0934925300558234"
"S81439_at"	"2.8653875081663909"
"S81914_at"	"3.2238272689249059"
"S82470_at"	"4.1997551991370567"
"S83364_at"	"1.4949454397475976"
"S85655_at"	"-2.5883138351498163"
"S87759_at"	"0.29160227617747358"
"S90469_at"	"1.0629533903588102"
"U00115_at"	"1.8184419460598358"
"U00672_at"	"2.22846306186206"
"U00921_at"	"1.232589452298507"
"U00943_at"	"0.85520568438729838"
"U00952_at"	"-1.6592529507200253"
"U00968_at"	"2.4195729808882902"
"U01038_at"	"1.0738068362753475"
"U01147_at"	"-0.28178061456701448"
"U01212_at"	"1.3922410465759536"
"U01317_cds6_at"	"2.6757231621467299"
"U01824_at"	"-0.29145669351250342"
"U01923_at"	"-1.7128097967698375"
"U02020_at"	"6.3730672305362077"
"U02031_at"	"-1.0828950535949311"
"U02081_at"	"1.9236959914347966"
"U02310_at"	"-0.19746031953027088"
"U02493_at"	"-3.6151292219993838"
"U02556_at"	"-1.4216531036066995"
"U02570_at"	"-0.14932391867319977"
"U02619_at"	"-1.2493679370862618"
"U02687_at"	"0.28147359642369085"
"U03057_at"	"2.4476375475944323"
"U03090_at"	"2.4823333023522944"
"U03105_at"	"-1.1140817626823889"
"U03270_at"	"1.0375797373763052"
"U03272_at"	"1.0095441756570731"
"U03398_at"	"0.58635227722175964"
"U03642_at"	"-0.24399694481070311"
"U03851_at"	"-0.85265595329678712"
"U03891_at"	"1.2153996872640489"
"U04811_at"	"-0.7251551809721839"
"U04898_at"	"-0.85390500892108678"
"U05237_at"	"-4.0898034191952872"
"U05259_rna1_at"	"-5.1386542720379431"
"U05340_at"	"-2.164566325107216"
"U05659_at"	"2.9712339748139516"
"U05875_at"	"0.15667614978358332"
"U06088_at"	"-0.69765939184422832"
"U06631_at"	"-1.673584486995936"
"U06681_at"	"1.9835444190841498"
"U06863_at"	"-0.29658150404540923"
"U07132_at"	"3.2865671003083832"
"U07158_at"	"3.4208267480402554"
"U07223_at"	"0.07098647607337695"
"U07358_at"	"-1.5794382869315244"
"U07418_at"	"-2.7547083823424541"
"U07424_at"	"-3.713091022075707"
"U07550_at"	"-2.4753951163653811"
"U07563_cds1_at"	"-1.7022203206483872"
"U07664_at"	"-0.44154742185134083"
"U07681_at"	"-1.063989479211318"
"U07695_at"	"0.58931339400315741"
"U07802_at"	"-1.5990043224447255"
"U07857_at"	"-1.6099952557429196"
"U07919_at"	"-0.022442450102466142"
"U08316_at"	"2.1893705160140571"
"U08336_at"	"2.1588783878802489"
"U08815_at"	"-2.1179702028167893"
"U08989_at"	"0.087885855108154068"
"U09117_at"	"1.7998932168770945"
"U09196_at"	"0.83920232321056298"
"U09284_at"	"-0.99237446412832109"
"U09303_at"	"0.49931334056824067"
"U09410_at"	"-1.2826648978509614"
"U09564_at"	"-2.6964786829750387"
"U09578_at"	"2.397922288732905"
"U09579_at"	"0.24118617719963664"
"U09607_at"	"0.53158127570137026"
"U09770_at"	"-1.420919352418458"
"U09825_at"	"-2.6968495844066558"
"U09848_at"	"-1.4998360989990689"
"U09850_at"	"0.16639481281067042"
"U10117_at"	"0.079781946028624651"
"U10323_at"	"-3.1521658847208593"
"U10324_at"	"-2.1780605378240203"
"U10362_at"	"0.63771124718069938"
"U10439_at"	"-1.1410279701578032"
"U10485_at"	"-3.4610406026978171"
"U10492_at"	"0.37396618625446609"
"U10686_at"	"1.5597790179573052"
"U10868_at"	"3.2359419486108076"
"U10991_at"	"1.235220277907811"
"U11732_at"	"1.4098993857933129"
"U11791_at"	"0.64924651651656695"
"U11870_rna1_at"	"-0.80024788871469554"
"U11872_at"	"0.16584746644515574"
"U11877_at"	"-1.1858449185621627"
"U12139_at"	"-0.39246623570793171"
"U12255_at"	"0.9169070960666813"
"U12779_at"	"1.2362175041720567"
"U13395_at"	"0.73333987546522339"
"U13666_at"	"2.9387795730874249"
"U13695_at"	"-2.3589784254408879"
"U13706_at"	"-1.2506563894315452"
"U13737_at"	"-0.92403176453796865"
"U13991_at"	"-0.70873438351998608"
"U14193_at"	"-2.9101502042418752"
"U14391_at"	"1.1882796174003551"
"U14417_at"	"2.8605298586948398"
"U14575_at"	"-1.7754662317337337"
"U14588_at"	"2.9977179999628247"
"U14603_at"	"-0.74959348717700891"
"U15009_at"	"-2.1069593061920573"
"U15085_at"	"-0.51230300812562357"
"U15128_at"	"-0.15283558638634828"
"U15173_at"	"-0.20932030718547567"
"U15177_at"	"1.6306626753065598"
"U15552_at"	"0.2221594839278587"
"U15555_at"	"3.2720292702261187"
"U15782_at"	"-2.023854960809544"
"U15932_at"	"2.3934207578283826"
"U16031_at"	"-0.41405194916015037"
"U16127_at"	"0.23639837929085719"
"U16282_at"	"2.7491986270548572"
"U16306_at"	"3.8544503402281705"
"U16660_at"	"-0.8323337718952919"
"U16954_at"	"-3.273423950588358"
"U17163_at"	"-0.10945286997762108"
"U17327_at"	"2.3825123492698341"
"U17418_at"	"0.2065857690241259"
"U17579_rna1_at"	"0.52897620336862583"
"U17886_at"	"0.41592322446881003"
"U17894_at"	"0.016861279284135274"
"U18009_at"	"-1.4155777693283658"
"U18062_at"	"-3.5171025281682229"
"U18242_at"	"-1.0779248907695111"
"U18291_at"	"-2.4991898754993098"
"U18548_at"	"1.4711613111206137"
"U19261_at"	"0.2506072502466612"
"U19796_at"	"-1.5867649072880496"
"U19948_at"	"1.4920937925642725"
"U19977_at"	"1.0900939703762125"
"U20158_at"	"0.018325035737427327"
"U20285_at"	"-0.87968711823826995"
"U20325_at"	"-0.11352506052757905"
"U20350_at"	"-0.57017473231506388"
"U20428_at"	"1.6441306076136519"
"U20582_at"	"-0.33435339487790089"
"U20647_at"	"1.5509453036542"
"U20657_at"	"1.4113950360919776"
"U20908_at"	"-1.5557409208470623"
"U20979_at"	"-0.94002281083203276"
"U20998_at"	"-5.4276035705928196"
"U21049_at"	"1.4366612735080897"
"U21090_at"	"-2.3087007523479959"
"U21551_at"	"-0.12800972184823126"
"U21931_at"	"0.73719940040382625"
"U22055_at"	"-0.064078447897670615"
"U22526_at"	"-1.1632246142258784"
"U22897_at"	"-2.1890225203867013"
"U22963_at"	"0.41159371763948571"
"U23143_at"	"-0.54978972930663905"
"U23803_at"	"-0.20506478667099107"
"U23946_at"	"-2.00287292549246"
"U24105_at"	"1.1389921524125077"
"U24152_at"	"0.3573677498236934"
"U24169_at"	"-1.590941783002465"
"U24266_at"	"-1.1838285550694245"
"U24576_at"	"-1.0485270927069923"
"U24704_at"	"-3.1061720344612747"
"U25029_at"	"-2.5594525437135012"
"U25165_at"	"-2.5892058127882276"
"U25182_at"	"-1.0432907539089999"
"U25265_at"	"-1.5715247101743797"
"U25435_at"	"-4.0289252921444989"
"U25750_at"	"-0.32117397359002947"
"U25849_at"	"-2.5373818019380661"
"U25956_at"	"0.35705074410592885"
"U26648_at"	"-0.59682707418763614"
"U26710_at"	"-2.9172234799237304"
"U27831_at"	"1.8487329110120876"
"U28131_at"	"2.7581412294947438"
"U28368_at"	"-0.68004292573087977"
"U28386_at"	"-0.61489035560199068"
"U28686_at"	"-0.64722895965185812"
"U28687_at"	"0.46812852857747428"
"U28811_at"	"-0.84959888154909458"
"U28831_at"	"-0.077846229964011346"
"U29091_at"	"3.4444825538571879"
"U29171_at"	"3.3500126816362723"
"U29195_at"	"0.5285827107067429"
"U29607_at"	"-2.8116665599852038"
"U29615_at"	"-0.44744201797165034"
"U29680_at"	"4.143729956626018"
"U29700_at"	"-0.259297844749655"
"U29953_rna1_at"	"-0.87330040916220963"
"U30255_at"	"3.8420468807125925"
"U30521_at"	"-4.2441315524269516"
"U30825_at"	"-3.2008816118862726"
"U30872_at"	"-1.6185380024448683"
"U30888_at"	"1.7452897268844476"
"U30999_at"	"2.0762383316757398"
"U31099_at"	"1.4084266327297934"
"U31176_at"	"0.24567239271770136"
"U31382_at"	"0.074129592197216432"
"U31383_at"	"-1.1889950960154103"
"U31384_at"	"-0.61095570681770928"
"U31501_at"	"-0.86508512247153235"
"U31814_at"	"-4.5958790422237294"
"U31875_at"	"0.28807956414255709"
"U31930_at"	"-2.5373658989915531"
"U32519_at"	"-1.4995308668730223"
"U32645_at"	"1.2638064868562311"
"U32680_at"	"1.1690542814597098"
"U32849_at"	"-0.83408320233681832"
"U32944_at"	"-5.4028314396471169"
"U33053_at"	"1.4080396758430969"
"U33147_at"	"-0.34810986152494444"
"U33286_at"	"-3.5712839723911149"
"U33429_at"	"3.5570113114587776"
"U33821_at"	"2.7498828606323769"
"U33822_at"	"-2.2487096019874264"
"U34252_at"	"-2.6516965539058761"
"U34605_at"	"-1.0143144868806906"
"U34877_at"	"1.7466338530313341"
"U34880_at"	"0.82687524290684034"
"U34962_at"	"1.6337899841635168"
"U35048_at"	"-0.51897847686098508"
"U35113_at"	"-2.7238824851199914"
"U35451_at"	"-3.7270324211532255"
"U36221_at"	"0.53741328806864042"
"U36764_at"	"-0.2907001588546026"
"U36798_at"	"-2.0012624829535581"
"U36922_at"	"-3.0308258630207932"
"U37012_at"	"-1.3946306027876694"
"U37022_rna1_at"	"-1.8268445913989244"
"U37122_at"	"-1.6647815769960002"
"U37219_at"	"1.3469779907795463"
"U37248_at"	"0.75698415691459187"
"U37251_at"	"-0.40925403495687557"
"U37352_at"	"-3.2089279585742947"
"U37408_at"	"-2.9201708333042009"
"U37518_at"	"3.6137426754318742"
"U37519_at"	"0.82560802973794101"
"U37547_at"	"-0.57394235762487666"
"U37689_at"	"-2.8603067202401178"
"U37707_at"	"0.60891218172094475"
"U38175_at"	"-0.24700806409614348"
"U38268_at"	"1.170601823865441"
"U38846_at"	"-5.2295988754031102"
"U38847_at"	"-1.992995611803704"
"U38980_at"	"0.8580575546747311"
"U39317_at"	"-0.36647653265174562"
"U39400_at"	"-1.4446205280520694"
"U39412_at"	"3.1663164592337965"
"U39573_at"	"1.33518848878897"
"U39905_at"	"0.47833307151603177"
"U40282_at"	"0.74476915530030119"
"U40343_at"	"-1.4595894798336637"
"U40369_rna1_at"	"4.9000649032988752"
"U40391_rna1_at"	"1.1537471346525392"
"U40434_at"	"2.6988588279172232"
"U40462_at"	"-3.6195992610539358"
"U40490_at"	"-1.6049282582761155"
"U40714_at"	"2.8217212814250612"
"U40990_at"	"0.60700853044074343"
"U40998_at"	"1.5061311998438547"
"U41344_at"	"-0.020274558670177273"
"U41387_at"	"0.54307008437884452"
"U41515_at"	"-2.4050740852620689"
"U41635_at"	"3.57778153771301"
"U41668_at"	"-3.2239331634973301"
"U41813_at"	"4.7397893431818252"
"U42031_at"	"-1.572308383172442"
"U42408_at"	"0.74194128774809143"
"U43030_at"	"0.8473076086284469"
"U43077_at"	"1.7519072305211267"
"U43083_at"	"3.2272577909583795"
"U43148_at"	"-0.22585081476250696"
"U43177_at"	"0.90023408553263051"
"U43286_at"	"-1.4810928782785708"
"U43519_at"	"-0.19943471947820565"
"U43522_at"	"0.4715529254668781"
"U43527_at"	"0.8726777411925114"
"U43586_at"	"1.548053699878734"
"U43899_at"	"0.70486739380497843"
"U44059_at"	"1.3968575196847552"
"U44772_at"	"3.8279416552512693"
"U44839_at"	"0.20531348830652027"
"U44975_at"	"1.53380560728076"
"U45285_at"	"1.1455050557772815"
"U45955_at"	"-1.4925498190546629"
"U45976_at"	"4.345916460141324"
"U46194_at"	"1.988153703253517"
"U46499_at"	"7.3039928628580668"
"U46569_at"	"-0.07701256099868091"
"U46571_at"	"0.77800171007924168"
"U46692_rna1_at"	"0.14381620934841213"
"U46751_at"	"5.7334018019441331"
"U46901_at"	"3.4620852580270336"
"U47101_at"	"-0.70663782715296075"
"U47334_at"	"0.89130775965935349"
"U47414_at"	"-2.2409251468796789"
"U47621_at"	"-0.14800698535890294"
"U47634_at"	"0.75705237642381884"
"U47635_at"	"1.1190776909826499"
"U47742_at"	"-2.2664939080223143"
"U47927_at"	"-2.3751190403152851"
"U47931_at"	"1.6759242504734062"
"U48251_at"	"-2.8149576957586584"
"U48296_at"	"1.5809734656965606"
"U48405_at"	"2.5372147225573807"
"U48408_at"	"-0.56672556664808404"
"U48437_at"	"-0.060504837587027953"
"U48861_at"	"-0.56009656370344085"
"U48959_at"	"-0.79308606077467314"
"U49070_at"	"-1.7078108326845673"
"U49089_at"	"0.43835232868528368"
"U49188_at"	"-1.4688983683498762"
"U49250_at"	"2.6398761473760217"
"U49278_at"	"3.3984912826876976"
"U49352_at"	"-1.6475053182756545"
"U49395_at"	"-2.8753092766730011"
"U49436_at"	"2.2641608518038421"
"U49785_at"	"-0.45604696561220698"
"U49837_at"	"0.13409617976815891"
"U49844_at"	"-4.1422688553638203"
"U49857_at"	"-0.96994070386433673"
"U50078_at"	"-1.2820102092671224"
"U50136_rna1_at"	"6.638959635988507"
"U50315_at"	"2.1728258928398509"
"U50523_at"	"1.658718850159407"
"U50535_at"	"-0.58378008882613897"
"U50553_at"	"1.9119835475900759"
"U50733_at"	"-3.4795350867724104"
"U50743_at"	"-0.95127856535567867"
"U50928_at"	"-3.812010981007095"
"U50939_at"	"-3.8780970002069877"
"U51004_at"	"2.4182150508702756"
"U51127_at"	"1.4475237911083385"
"U51166_at"	"-3.1540829752840014"
"U51240_at"	"-0.037518259620016967"
"U51269_at"	"-1.2560294394464628"
"U51334_at"	"0.66413160078448685"
"U51432_at"	"-0.71872177437866402"
"U51477_at"	"0.081409512729012937"
"U51478_at"	"-0.63759076336536824"
"U51586_at"	"-1.7684525924582388"
"U51587_at"	"-1.0578660463877734"
"U51678_at"	"-3.7772367754574692"
"U51903_at"	"-1.5499903526824368"
"U51990_at"	"-2.9057575822912356"
"U52101_at"	"2.2205167352995718"
"U52112_rna5_at"	"1.1305040498166243"
"U52426_at"	"-0.40835304407807305"
"U52427_rna1_at"	"-3.2001695520888562"
"U52513_at"	"1.8612718054257198"
"U52518_at"	"0.70448850594140044"
"U52522_at"	"-0.33572613255532574"
"U52682_at"	"-2.093601885834619"
"U52830_at"	"-0.6721910960754075"
"U53003_at"	"-3.0168856415926069"
"U53209_at"	"-2.1049632865982253"
"U53786_at"	"0.42364202927393635"
"U53830_at"	"0.36605779592693721"
"U54778_at"	"-2.795904381810133"
"U55258_at"	"0.4223252275137821"
"U56244_at"	"-0.45713967055026944"
"U56417_at"	"1.3998809224568904"
"U56418_at"	"2.1501589317872702"
"U56637_at"	"-3.221562509973344"
"U56816_at"	"0.42729466669350374"
"U56833_at"	"-3.8974829144140526"
"U56998_at"	"0.87528452815043412"
"U57094_at"	"2.9700451283607485"
"U57316_at"	"-0.059648867417364859"
"U57342_at"	"2.253341827645023"
"U57450_at"	"0.095018912636231148"
"U57592_at"	"3.5601312615732557"
"U57650_at"	"0.23708964661457149"
"U57911_at"	"-0.88381987656835292"
"U58048_at"	"0.95242647954116477"
"U58087_at"	"-2.8280651848502707"
"U58089_at"	"-0.72155375004506073"
"U58130_at"	"0.4184810768872404"
"U58681_at"	"2.1450533463960992"
"U58766_at"	"-1.5090111072841006"
"U58970_at"	"0.9911306202306317"
"U59302_at"	"-0.94948281574750881"
"U59309_at"	"-2.447176863377599"
"U59321_at"	"-0.96107082630797103"
"U59423_at"	"-1.2164212770867138"
"U59736_at"	"0.95597275536031334"
"U59878_at"	"1.858932644056944"
"U60115_at"	"-3.4687389884259763"
"U60269_cds3_at"	"2.208661539818833"
"U60325_at"	"-1.8192220580835676"
"U60644_at"	"4.9383189099946945"
"U60800_at"	"-0.39933908101857923"
"U60975_at"	"1.1015966755905897"
"U61145_at"	"-2.4964993929093238"
"U61166_at"	"1.8600331859848662"
"U61234_at"	"-0.036487715992993955"
"U61263_at"	"0.47069638244969131"
"U61836_at"	"5.0456487702532469"
"U62136_at"	"-5.7035699394883954"
"U62317_rna7_at"	"-0.86308029260534125"
"U62433_at"	"1.9075150415426838"
"U62962_at"	"-0.94628397651584706"
"U63455_at"	"1.3118759650382608"
"U63541_at"	"1.4086540101719198"
"U63743_at"	"-0.7275032364928089"
"U63825_at"	"-2.0871856629669576"
"U63842_at"	"-0.47734853413719225"
"U64105_at"	"-0.20720456626961276"
"U64675_at"	"-0.5325836112532919"
"U64998_at"	"2.0770613329529981"
"U65093_at"	"2.6881769044860961"
"U65402_at"	"-0.2392714295964968"
"U65579_at"	"-1.2327042967356421"
"U65581_at"	"1.8446541468942432"
"U65676_at"	"-0.54447570936566014"
"U65785_at"	"0.088362618394522474"
"U65928_at"	"-4.421886829223542"
"U65932_at"	"-2.2031441288927058"
"U66048_at"	"-0.15834145666276173"
"U66059_cds7_at"	"-0.24820856219353621"
"U66406_at"	"-0.47962422639052998"
"U66464_at"	"-3.6914660253071712"
"U66468_at"	"1.164807012304963"
"U66559_at"	"-0.79184790132033789"
"U66615_at"	"0.1055802948385048"
"U66616_at"	"-0.74200668158365524"
"U66618_at"	"-0.017076374767313555"
"U66838_at"	"2.7059229851373785"
"U67171_at"	"-1.5624695556045514"
"U67674_at"	"-0.29514517322043193"
"U67963_at"	"5.4439119451390905"
"U68018_at"	"-1.8971143300396944"
"U68019_at"	"1.6648245704363194"
"U68063_at"	"-4.2807940981624792"
"U68142_at"	"-0.8531926314180609"
"U68233_at"	"-1.4885220214284851"
"U68485_at"	"-2.4841494690920034"
"U68494_at"	"2.6485378203407302"
"U68566_at"	"-3.3593199733167829"
"U68723_at"	"-2.1191989123228758"
"U69141_at"	"-1.9430436546306324"
"U69546_at"	"0.043206167197436696"
"U69645_at"	"-1.3049530438104484"
"U70063_at"	"4.7070084543195598"
"U70321_at"	"0.92365669117340599"
"U70322_at"	"-2.7097523098038097"
"U70323_at"	"-0.33234306268830077"
"U70426_at"	"-1.4549466654452241"
"U70451_at"	"-0.84329522237535837"
"U70660_at"	"0.12994237373515485"
"U70663_at"	"3.9700896676516479"
"U70671_at"	"-0.13672860376153417"
"U70732_rna1_at"	"0.62955566655618145"
"U70735_at"	"-2.6179869113242149"
"U70867_at"	"2.5637349020756748"
"U71088_at"	"0.17062839163628535"
"U71364_at"	"0.59856938871449239"
"U71598_at"	"1.4042786296611343"
"U72206_at"	"-0.15796847513426843"
"U72342_at"	"-4.8971056644671354"
"U72507_at"	"-1.4515908025811122"
"U72508_at"	"-0.49557605321949538"
"U72511_at"	"0.010581395167613037"
"U72515_at"	"1.9353808419401195"
"U72517_at"	"-0.34358102501946125"
"U72621_at"	"1.5177196227430541"
"U72661_at"	"3.7570551989732843"
"U72761_at"	"0.1620106980771707"
"U73167_cds5_at"	"-2.8905756749460685"
"U73328_at"	"2.2969307553494764"
"U73377_at"	"2.2069568995720541"
"U73379_at"	"-0.38442967719887039"
"U73737_at"	"-4.2531624904589007"
"U73799_at"	"-0.10297960137982173"
"U73824_at"	"0.14434898141902527"
"U73960_at"	"5.317947826253369"
"U74667_at"	"0.5138890408945902"
"U75362_at"	"-1.0749015621710916"
"U75370_at"	"-2.3894974291168638"
"U75679_at"	"-1.8770921993935699"
"U75968_at"	"-1.1120481580459909"
"U76010_at"	"-0.61227251229983082"
"U76272_at"	"-1.5385396772478814"
"U76421_at"	"-0.8984936491233132"
"U76638_at"	"-3.1686658671783876"
"U77396_at"	"5.0650692135417721"
"U77413_at"	"0.13836449717285296"
"U77456_at"	"-2.5304802195982186"
"U77718_at"	"-0.788109157472206"
"U77735_at"	"0.55706260123648954"
"U77948_at"	"-4.4880786474414824"
"U77968_at"	"1.3447758662062332"
"U78027_rna4_at"	"-0.49510282839394432"
"U78095_at"	"-2.7545097985817071"
"U78190_rna1_at"	"-2.2151848359233717"
"U78521_at"	"-2.9662510265488837"
"U78524_at"	"-0.61867188722724353"
"U78525_at"	"0.76271436125112402"
"U78556_at"	"1.1288304813217269"
"U78575_at"	"0.8587087537065502"
"U78798_at"	"1.6849278900304439"
"U79251_at"	"0.82645893075157206"
"U79252_at"	"0.04598554998795458"
"U79254_at"	"-3.5905166629074174"
"U79255_at"	"0.35982013742351265"
"U79259_at"	"-2.001800178692084"
"U79260_at"	"-0.51157425975340021"
"U79262_at"	"-1.8482796824337351"
"U79265_at"	"2.6851405425771628"
"U79266_at"	"0.023108097515165228"
"U79270_at"	"-2.2506000574130227"
"U79273_at"	"0.60144847891096032"
"U79274_at"	"-4.3324828439313139"
"U79275_at"	"2.0546514144711421"
"U79285_at"	"-4.1122867169277617"
"U79287_at"	"-2.0398278491070703"
"U79291_at"	"-4.269927606998758"
"U79303_at"	"0.014215558064192127"
"U79718_at"	"-1.4712101241336413"
"U79725_at"	"-0.26390131422826363"
"U80017_rna3_at"	"0.30817813402810934"
"U80073_at"	"3.4965464553472865"
"U80457_at"	"-3.2474122642265524"
"U81001_at"	"-3.3882365679563411"
"U81006_at"	"-0.44943553766845235"
"U81375_at"	"1.5065855593568334"
"U81554_at"	"3.5784988556012607"
"U81556_at"	"-4.2020800810437429"
"U81599_at"	"1.484171597845702"
"U81600_at"	"1.0765877901727143"
"U81607_at"	"-1.4355118753139626"
"U81802_at"	"-0.011933951635570145"
"U82010_rna1_at"	"-1.8047074227959583"
"U82169_at"	"2.1289187969230943"
"U82275_at"	"-1.5568207083726995"
"U82303_at"	"-1.4067756690767856"
"U82311_at"	"0.6095961004923971"
"U82613_at"	"-2.1607911953218628"
"U82671_cds2_at"	"0.33033902638224427"
"U82759_at"	"5.7862958641471032"
"U83115_at"	"-0.8078213654884725"
"U83192_at"	"1.1540645853367657"
"U83246_at"	"-1.7355047130363057"
"U83303_cds2_at"	"-0.61329118716236097"
"U83463_at"	"2.0625976756101547"
"U83843_at"	"-3.1505853329313647"
"U84569_at"	"1.7279860599237915"
"U84720_at"	"-0.54964140869155131"
"U85245_at"	"0.27320425685918098"
"U85611_at"	"0.81256187801363877"
"U85767_at"	"6.6298257237137728"
"U85992_at"	"0.89739360481195352"
"U86409_at"	"-0.20692590089974019"
"U86602_at"	"-2.4202129103024954"
"U87408_at"	"-0.6005358702172886"
"U87972_at"	"-1.0379756434174388"
"U88047_at"	"2.6136013044371138"
"U88667_at"	"2.0513603736799042"
"U88964_at"	"-2.9036144547126308"
"U89278_at"	"0.16950832959981965"
"U89336_cds1_at"	"-0.58667573786475213"
"U89336_cds3_at"	"-0.49303978258797998"
"U89336_cds4_at"	"-1.3385764802486286"
"U89336_cds6_at"	"0.62770834246334928"
"U89355_at"	"-1.582776622603802"
"U89505_at"	"-3.540533459628409"
"U89896_at"	"-1.3368770417809239"
"U90306_at"	"0.80192925900472367"
"U90426_at"	"0.36965123426712038"
"U90547_at"	"-1.1356081943819445"
"U90549_at"	"-3.8817345613837873"
"U90550_at"	"0.14094135311021236"
"U90551_at"	"-2.0265825499402323"
"U90651_at"	"-2.8034455491893535"
"U90878_at"	"-0.66020257511310743"
"U90904_at"	"-3.0382900496272356"
"U90907_at"	"-2.1183707514294619"
"U90909_at"	"0.1462434135031935"
"U90911_at"	"-0.82155902855483653"
"U90916_at"	"-0.7680200359563758"
"U90918_at"	"3.0577180451681811"
"U91316_at"	"-2.0063553031006913"
"U91327_at"	"-0.90133629498112366"
"U91930_at"	"-1.8251402445261984"
"U91931_at"	"0.38725100194083711"
"U91932_at"	"-0.52105675107098259"
"U91985_at"	"-2.1950856715839833"
"U92014_at"	"0.12666826117735996"
"U92436_at"	"-1.1678293843090342"
"U92971_at"	"0.70128864716409112"
"U93049_at"	"-1.1857583469711968"
"U93205_at"	"1.3105138328419321"
"U93237_rna2_at"	"-2.3581395106758585"
"U94319_at"	"-2.3904752359628567"
"U94586_at"	"-0.24696520243444822"
"U94592_at"	"0.18381428554646032"
"U94831_at"	"-0.080397800436291994"
"U94855_at"	"-3.2830945302688068"
"U95006_at"	"-1.33879950779404"
"U95040_at"	"-1.2786616896477689"
"U95740_rna1_at"	"-1.9094762462137447"
"U95740_rna2_at"	"-0.46791704823366198"
"U96094_at"	"2.1860732058107004"
"U96113_at"	"-0.75737593132710013"
"U96629_rna2_at"	"-0.65869823204560141"
"U96915_at"	"-1.0452551080341086"
"U97105_at"	"-5.22190188575353"
"V00563_at"	"-1.8279661375801148"
"V00572_at"	"-0.46515522664085351"
"V01512_rna1_at"	"-0.088260049547756833"
"X00274_at"	"0.43877888662221698"
"X01060_at"	"3.8479302190777207"
"X01388_at"	"0.0087490941235871412"
"X01630_at"	"-1.2845347630352206"
"X01715_at"	"1.5315179186088261"
"X02152_at"	"-1.2464939831597412"
"X02317_at"	"-2.4182933625690706"
"X02530_at"	"0.55497588516713392"
"X02596_at"	"-2.1298235935091681"
"X02874_at"	"-1.8004237932370561"
"X02910_at"	"-0.32924078690761105"
"X03072_at"	"0.30437889234370924"
"X03100_cds2_at"	"0.29694722500898885"
"X03473_at"	"0.055665912991042274"
"X03484_at"	"0.91732315738676928"
"X03656_rna1_at"	"0.17546310558389272"
"X03934_at"	"-2.6746583388760579"
"X04011_at"	"-0.50771396764730103"
"X04085_rna1_at"	"5.2790598576538077"
"X04106_at"	"1.5688763239372587"
"X04145_at"	"-1.9892514312654606"
"X04201_at"	"-0.50461189074904433"
"X04327_at"	"1.2690893825509171"
"X04366_at"	"-1.2021171867522507"
"X04391_at"	"0.48140393928914227"
"X04412_at"	"0.69724119861607958"
"X04500_at"	"1.9689735405387629"
"X04828_at"	"1.6958473452838843"
"X05196_at"	"-0.64641041137765765"
"X05276_at"	"-1.3781724881191804"
"X05323_at"	"-3.6325444744615214"
"X05409_at"	"3.5972790528019432"
"X05908_at"	"3.7925124144809454"
"X06256_at"	"1.0827392639363496"
"X06323_at"	"-2.3074995416288222"
"X06482_at"	"2.3662034215093697"
"X06614_at"	"3.3907502873123017"
"X06745_at"	"-2.9261802818984153"
"X06985_at"	"4.3613865594273031"
"X07109_at"	"-1.8717363692751303"
"X07290_at"	"1.0618167661030047"
"X07315_at"	"-2.0230860322722943"
"X07743_at"	"7.0724021041153309"
"X07767_at"	"-1.227744508742918"
"X07834_at"	"4.2046819942901275"
"X07979_at"	"-0.96380361145581595"
"X12433_at"	"1.6161776689572098"
"X12447_at"	"1.8453569752968726"
"X12451_at"	"4.9186699455518399"
"X12492_at"	"1.8897059776936949"
"X12791_at"	"-2.1406454428244333"
"X13238_at"	"-2.646361731038207"
"X13293_at"	"0.18787588968724639"
"X13334_at"	"1.554578437583283"
"X13444_at"	"0.63741826900664489"
"X13482_at"	"-1.4798679964359776"
"X13546_rna1_at"	"-0.96004023241677583"
"X13794_rna1_at"	"-2.477429858241337"
"X13839_at"	"2.1961877321872634"
"X13956_at"	"-2.6916504988419541"
"X13967_at"	"0.059954797020730158"
"X13973_at"	"3.9523593584540189"
"X14046_at"	"3.0609951641861461"
"X14329_at"	"0.37396789867068031"
"X14448_at"	"1.3195242799366746"
"X14675_at"	"-0.66674063894502122"
"X14787_at"	"3.3208554902757528"
"X14789_at"	"1.7804742869676367"
"X14813_at"	"-1.2091922230024885"
"X14850_at"	"-4.2788395231761962"
"X14975_at"	"-1.8864047847973893"
"X15183_at"	"-3.2594452424429869"
"X15187_at"	"1.5072027791290346"
"X15357_at"	"-2.7344735844248671"
"X15393_rna1_at"	"2.2199001639058058"
"X15414_at"	"-6.4329181546331951"
"X15573_at"	"-1.5497117917301566"
"X15822_at"	"-1.7389480092626766"
"X15875_at"	"0.11730096583172427"
"X15880_at"	"-1.1719171631241767"
"X15882_at"	"2.2793584316863913"
"X15949_at"	"-4.4017056167160442"
"X16316_at"	"-1.5088723380766087"
"X16396_at"	"-0.90779339050656505"
"X16416_at"	"0.11969742423055123"
"X16560_at"	"-2.4126890695477687"
"X16663_at"	"0.52080149869595604"
"X16665_at"	"3.5725453812813877"
"X16667_at"	"3.2692552515780204"
"X16706_at"	"3.9754290489032207"
"X16832_at"	"2.3010912556437124"
"X16983_at"	"-2.4059006292249014"
"X17025_at"	"-1.75352122739758"
"X17042_at"	"4.8475103616129163"
"X17094_at"	"4.8620651710592"
"X17254_at"	"1.9841317664680547"
"X17620_at"	"-1.8766686551030776"
"X17651_at"	"1.2774603473094919"
"X51521_at"	"-5.898735794498724"
"X51757_at"	"-0.6228158915974672"
"X51956_rna1_at"	"-1.1076805698289709"
"X52056_at"	"5.2141981705978626"
"X52151_at"	"2.2174229007818842"
"X52192_at"	"3.2734029781425065"
"X52425_at"	"-0.27679913270437834"
"X52479_at"	"1.1026876551569329"
"X52541_at"	"1.1022265980644248"
"X52638_at"	"1.2076991914791513"
"X52773_at"	"0.61509842720214469"
"X52882_at"	"-1.6753760147284857"
"X52943_at"	"1.6755376714710581"
"X52947_at"	"0.076868420179503405"
"X53331_at"	"2.2438966026818621"
"X53416_at"	"2.9677548673122778"
"X53586_rna1_at"	"-1.615529405782796"
"X53793_at"	"-3.1533883269592149"
"X53795_at"	"0.45629809673654131"
"X53961_at"	"1.257862453134545"
"X54232_at"	"-0.010182013883895337"
"X54304_at"	"-2.4468981541257837"
"X54326_at"	"-4.0030058667559176"
"X54870_at"	"-2.4185305762930951"
"X54938_at"	"0.67136133101974749"
"X54941_at"	"-2.1458292470144338"
"X54942_at"	"-2.1486458310323258"
"X55079_rna1_at"	"1.9978263386871056"
"X55666_at"	"1.3876640661151465"
"X55668_at"	"3.6792363591051873"
"X55733_at"	"-1.3138817977402173"
"X55740_at"	"-1.6264852225010542"
"X55885_at"	"-2.096801118077122"
"X56199_at"	"1.5504084109509111"
"X56253_rna1_at"	"1.7470927593269805"
"X56468_at"	"-4.2028912582700348"
"X56494_at"	"-0.014356686538097253"
"X56667_at"	"-0.6069625254810096"
"X57129_at"	"0.54282967811052196"
"X57206_at"	"-2.4970777914950038"
"X57346_at"	"-1.0605829023713849"
"X57398_at"	"0.83517204435473336"
"X57522_at"	"-1.9225447346380784"
"X57766_at"	"0.033397025419545617"
"X58255_at"	"1.7718831729689088"
"X58288_at"	"-0.93141320678458706"
"X58521_at"	"-1.593626250049001"
"X58529_at"	"-2.7846112365629567"
"X59350_at"	"-5.0979544177322671"
"X59417_at"	"-6.2765775440627687"
"X59434_at"	"2.4074091944350449"
"X59834_at"	"0.60266301406583567"
"X59841_at"	"0.42364399272700137"
"X59871_at"	"-3.1394574950267358"
"X59892_at"	"3.0463135764953493"
"X60188_at"	"1.0446093492639943"
"X60221_at"	"-1.8107571100800399"
"X60483_at"	"-0.39485896484461069"
"X60486_at"	"-0.040241020448558436"
"X60592_at"	"1.2736895998084987"
"X60673_rna1_at"	"3.1471803597562027"
"X60708_at"	"-0.58835201313284724"
"X60957_at"	"0.58054468780307644"
"X60992_at"	"-1.4373285739623378"
"X61072_at"	"-1.0872884726138565"
"X61118_rna1_at"	"1.4603829484560271"
"X61123_at"	"-2.318304283460821"
"X61587_at"	"4.9944242538882078"
"X61615_at"	"1.1372889231847356"
"X61970_at"	"-3.6363561344315216"
"X62025_rna1_at"	"1.0373490561303778"
"X62055_at"	"0.053410777631256116"
"X62078_at"	"2.6162099510063852"
"X62320_at"	"7.0521662800944398"
"X62466_at"	"-2.0377434973502706"
"X62535_at"	"-5.4772213064549247"
"X62573_at"	"2.7879747652550408"
"X62654_rna1_at"	"6.234229870713647"
"X62744_at"	"1.1567597122943862"
"X63359_at"	"1.8372162068055782"
"X63417_at"	"3.1867978291210384"
"X63422_at"	"0.73977547616832529"
"X63469_at"	"-5.0110382737511348"
"X63563_at"	"-1.5647038558147124"
"X63679_at"	"1.3041464922875901"
"X63692_at"	"-1.8178269272843544"
"X63753_at"	"-4.8673635229199768"
"X63755_at"	"-1.4840048356844335"
"X64037_at"	"1.4197380302814477"
"X64044_at"	"1.1299614358053218"
"X64229_at"	"1.4012743219322172"
"X64269_at"	"0.6079714763206131"
"X64330_at"	"-2.8351273452865158"
"X64364_at"	"4.4022548542632087"
"X64594_at"	"3.4212637423755332"
"X64838_at"	"-1.2097289848538071"
"X65614_at"	"1.4313297045952782"
"X65867_at"	"-1.2722310400072572"
"X65873_at"	"-2.3576538715692168"
"X65977_at"	"1.4579251787649823"
"X66079_at"	"-3.2257903265601402"
"X66363_at"	"1.36720586381248"
"X66364_at"	"-0.06075952911414613"
"X66365_at"	"-0.95145322531929821"
"X66397_at"	"-2.3076411030207766"
"X66401_cds1_at"	"-4.2774922858368134"
"X66403_at"	"1.3052125606987661"
"X66417_at"	"1.2874158143806134"
"X66436_at"	"0.45238085759005126"
"X66503_at"	"-2.600727786434514"
"X66533_at"	"-2.1719489116679145"
"X66534_at"	"-2.3868216910667188"
"X66839_at"	"0.024007386993480775"
"X66867_cds1_at"	"-4.0501267256212303"
"X66899_at"	"-3.9202388168655693"
"X66945_at"	"-2.1228813541780145"
"X67098_at"	"0.79711467105964451"
"X67155_at"	"-1.3703082512448193"
"X67325_at"	"-0.96634629280213336"
"X67594_at"	"-0.084711501397776612"
"X67698_at"	"3.8356515199580241"
"X67951_at"	"-3.8179130064286593"
"X68194_at"	"-0.80748014015062897"
"X68277_at"	"-0.73453787211008337"
"X68487_at"	"-0.15681855565588285"
"X68560_at"	"-5.1436095783256777"
"X68733_rna1_at"	"0.33684532046720617"
"X68836_at"	"-1.140473259420874"
"X69111_at"	"-2.5588855842063984"
"X69141_at"	"-3.5628959425963971"
"X69398_at"	"-1.3684561708456047"
"X69433_at"	"-0.65371533249149572"
"X69550_at"	"2.0437967028947743"
"X69699_at"	"1.4718939824161275"
"X69819_at"	"2.5512094062099551"
"X69838_at"	"-3.2275706117276917"
"X69878_at"	"1.7961559884179032"
"X69908_rna1_at"	"-1.2244247409187625"
"X69910_at"	"-0.90187969742141383"
"X69978_at"	"-1.8165128819052265"
"X70040_at"	"2.5395074120546459"
"X70070_at"	"3.7801755869366032"
"X70218_at"	"0.37858548608509313"
"X70297_at"	"5.9042146306523833"
"X70394_at"	"-5.5454642856077943"
"X70476_at"	"-2.8387786418181045"
"X70649_at"	"-2.5252837966896799"
"X70683_at"	"-4.063807475128165"
"X70991_at"	"0.49325684329495006"
"X71129_at"	"-0.0020430747246453439"
"X71428_at"	"-0.56778119077475464"
"X71490_at"	"-3.153355926555121"
"X71874_cds1_at"	"-2.0741720716893397"
"X71973_at"	"1.5462057600043781"
"X72012_at"	"-0.19892577333576247"
"X72308_at"	"1.0719507885863486"
"X72755_at"	"0.43273072222567993"
"X72790_at"	"-2.4598968123001823"
"X72841_at"	"-1.4503823601019654"
"X74008_at"	"-3.4048260590462456"
"X74104_at"	"-0.20958585464195689"
"X74262_at"	"-7.7821161614770196"
"X74295_at"	"0.32026701612385827"
"X74328_rna1_at"	"-0.49197695324269647"
"X74570_at"	"3.9307897884872238"
"X74764_at"	"-0.76114354331466549"
"X74794_at"	"-1.4105003041296773"
"X74795_at"	"-1.0982016837393183"
"X74801_at"	"-5.4492057311716762"
"X74837_at"	"0.32153579236231133"
"X75042_at"	"4.3143345170265057"
"X75208_at"	"-1.1877415949040413"
"X75252_at"	"-1.6628384148830373"
"X75304_at"	"-0.58433488577523451"
"X75315_at"	"0.19790844249816067"
"X75342_at"	"-0.10821811520310622"
"X75593_at"	"2.099162431645841"
"X75861_at"	"2.2055943384511041"
"X75962_at"	"-1.8564293737878608"
"X76013_at"	"-0.28850025454814449"
"X76040_at"	"-0.53862795675890607"
"X76059_at"	"0.016492358384810887"
"X76104_at"	"0.022471158912902023"
"X76105_at"	"-0.25032324571433706"
"X76302_at"	"-1.3830078811786282"
"X76538_at"	"-2.3506152853935243"
"X76648_at"	"-5.3578542883875517"
"X76717_at"	"0.018994160715489112"
"X76732_at"	"0.52859468214371741"
"X77094_at"	"-0.55692406843570574"
"X77548_at"	"1.7764636404690102"
"X77584_at"	"1.0114373668819581"
"X77737_at"	"3.77380894345528"
"X77794_at"	"-1.177357290158515"
"X77909_at"	"1.5357374409945606"
"X78031_at"	"-0.42573692822759934"
"X78136_at"	"0.37498550421599097"
"X78549_at"	"1.1557856320195798"
"X78627_at"	"-3.0373229016367378"
"X78706_at"	"0.97102411680339074"
"X78817_at"	"0.20980703599751524"
"X78924_at"	"0.49365460861696453"
"X78925_at"	"3.7644595645439138"
"X78992_at"	"1.5805643663537441"
"X79066_at"	"1.4668534309108681"
"X79067_at"	"-2.2737801290635216"
"X79353_at"	"-1.6719430576948162"
"X79439_at"	"0.08399055619801353"
"X79536_at"	"-0.84747098583731983"
"X79780_at"	"1.9441823767120368"
"X79781_at"	"-0.70487479263913"
"X79865_at"	"-1.5156845896014655"
"X79882_at"	"0.86850950006975336"
"X79981_at"	"1.111938166695811"
"X80026_at"	"2.1593187074428042"
"X80198_at"	"0.15490258544556293"
"X80199_at"	"-1.4535092083449848"
"X80200_at"	"-0.53196957439396009"
"X80230_at"	"-3.2700690447385421"
"X80497_at"	"1.7603701211705447"
"X80692_at"	"0.35811243781889385"
"X80695_at"	"1.0729712950955155"
"X80907_at"	"2.4306643418155893"
"X80910_at"	"-0.06326012869605066"
"X80915_rna1_at"	"0.78983109952711672"
"X80923_at"	"0.17504715823945988"
"X81003_at"	"-0.41400022807594666"
"X81198_at"	"-2.8024120030335489"
"X81817_at"	"0.67677053259509368"
"X82200_at"	"-2.1137080952568619"
"X82207_at"	"1.9329327716011384"
"X82240_rna1_at"	"-4.1199622015573105"
"X82434_at"	"1.3262351373627812"
"X82456_at"	"-1.4626872590726032"
"X82494_at"	"-1.1397995092637812"
"X82554_rna1_at"	"-2.0242195609858054"
"X82895_at"	"0.42403743666667504"
"X83127_at"	"0.45830789946783534"
"X83218_at"	"-1.873393329513009"
"X83441_at"	"-1.7601902875523259"
"X83573_at"	"2.4326762712708829"
"X83928_at"	"-0.50789816407969024"
"X84373_at"	"-1.8130409347889134"
"X84709_at"	"-1.8674295624472714"
"X85106_at"	"0.71653901586553748"
"X85372_at"	"-3.259969902955453"
"X85373_at"	"-2.5892368994825379"
"X85785_rna1_at"	"2.0266811881485487"
"X85786_at"	"-0.34394733944276046"
"X86012_at"	"-0.97391941179447106"
"X86018_at"	"-0.0015990585209543144"
"X86570_at"	"0.76644439216938132"
"X86681_at"	"0.04827470668904537"
"X86691_at"	"-4.0840104276798668"
"X86779_at"	"-0.71107636110848615"
"X86809_at"	"-0.57102593586247663"
"X87212_at"	"1.9179946194778035"
"X87237_at"	"-0.48738501340277679"
"X87241_at"	"-2.1062782695290529"
"X87838_at"	"1.6747779300047276"
"X87904_at"	"-1.2167683180329927"
"X89267_at"	"0.64501233726115459"
"X89398_cds2_at"	"-3.1494557467840139"
"X89576_at"	"-1.1932922880418433"
"X89750_at"	"-0.23392913047673555"
"X89960_at"	"0.69155502372860544"
"X89985_at"	"1.9522467159585111"
"X90858_at"	"6.0766074316953711"
"X90872_at"	"2.8885505108681686"
"X91247_at"	"-1.034311562343327"
"X91249_at"	"-1.3739044472108022"
"X91257_at"	"-3.9773190384008594"
"X91504_at"	"-0.93656644552575652"
"X91788_at"	"-0.86424013995092419"
"X91809_at"	"-2.0103411374513449"
"X92098_at"	"0.55134014383391072"
"X92106_at"	"-3.5147628632148966"
"X92396_at"	"0.53442641276553249"
"X92720_at"	"-0.023429564689384952"
"X92744_at"	"2.5838858702249876"
"X92762_at"	"-0.70275269080520641"
"X92896_at"	"0.47162071428672836"
"X92972_at"	"0.159031425243505"
"X93499_at"	"2.1278867451720305"
"X93512_at"	"-2.1622605864941682"
"X93920_at"	"3.8732693561032296"
"X93921_at"	"1.1076270678490328"
"X93996_rna1_at"	"-0.3423337826474348"
"X94232_at"	"-4.5468893702787865"
"X94910_at"	"0.4459500584043265"
"X95735_at"	"8.4737523406330357"
"X96381_rna1_at"	"0.50835464287269772"
"X96401_at"	"-0.25165174884894675"
"X96484_at"	"1.117848162320924"
"X96584_at"	"1.1275097831101999"
"X96586_at"	"-0.41476628924913689"
"X96698_at"	"-0.42568755287920379"
"X96719_at"	"0.78683906696926187"
"X96752_at"	"-3.3596167530474443"
"X96849_at"	"-0.38667846967616193"
"X96924_rna1_at"	"-0.075681909384748378"
"X96969_at"	"0.94894208412995984"
"X97074_at"	"1.1760833223295302"
"X97160_rna1_at"	"1.0682041181937088"
"X97302_at"	"1.4862345655517895"
"X97324_at"	"0.87182032598832826"
"X97544_at"	"-0.64359501450098289"
"X98085_at"	"0.16921893416238215"
"X98172_at"	"0.39420410284213342"
"X98248_rna1_at"	"-1.7824926119590625"
"X98260_at"	"1.8828946200243342"
"X98261_at"	"1.2231646078690523"
"X98263_at"	"-2.2506127614887248"
"X98411_at"	"3.2247678857440527"
"X98507_at"	"0.56561289357584654"
"X98743_at"	"-2.5485886906339363"
"X98801_at"	"-1.0543291378636701"
"X99076_rna1_at"	"1.4500286049763755"
"X99140_at"	"0.58294939454743111"
"X99141_at"	"0.91784354622775155"
"X99142_at"	"0.72013637346687909"
"X99209_at"	"-1.4203057279033235"
"X99325_at"	"-2.3670047564435532"
"X99459_at"	"-0.10793023286181555"
"X99584_at"	"2.3338700531733316"
"X99664_at"	"1.5814298627783778"
"X99688_at"	"-1.0628486898536031"
"X99699_at"	"-0.055854898907747787"
"X99720_rna1_at"	"-1.402672023593255"
"X99728_at"	"0.43953945431338159"
"X99920_at"	"-2.137555854661167"
"Y00062_at"	"0.43247375721087628"
"Y00281_at"	"0.61700121546345432"
"Y00282_at"	"2.4863982025648896"
"Y00433_at"	"3.1137046052496524"
"Y00486_rna1_at"	"-0.71649180717115279"
"Y00636_at"	"-2.0779506974486526"
"Y00796_at"	"0.7341399460129916"
"Y07604_at"	"3.7851636163941533"
"Y07829_xpt4_at"	"1.0182102927032928"
"Y07847_at"	"1.7064096534666684"
"Y08134_at"	"1.060780599062267"
"Y08263_at"	"0.44896796369197728"
"Y08302_at"	"-0.81284204879666144"
"Y08409_at"	"0.4299429787608659"
"Y08612_at"	"-4.6610139385585221"
"Y08614_at"	"-4.2690782119217863"
"Y08836_at"	"0.73466447371976284"
"Y08915_at"	"-2.5853807049746647"
"Y09022_at"	"-1.9326185647104857"
"Y09216_at"	"-0.44239981271379525"
"Y09443_at"	"-1.1002968959061599"
"Y10032_at"	"1.2215838693216827"
"Y10055_at"	"1.3265913799101212"
"Y10207_at"	"-2.077040987031685"
"Y10209_at"	"1.0748463933875858"
"Y10260_at"	"-1.1956571742087494"
"Y10376_at"	"2.0905769285032667"
"Y10871_at"	"1.8271106553485967"
"Y10936_at"	"-0.95542287471399012"
"Y11215_at"	"-0.14512838376515755"
"Y11306_rna1_at"	"1.326175996217817"
"Y11681_at"	"-0.95203093914956893"
"Y11710_rna1_at"	"2.4739350343859834"
"Y12670_at"	"6.6983886344479817"
"Y12856_at"	"0.4346642022750683"
"Y13115_at"	"-0.050196814668077704"
"Y13247_at"	"-0.84207883895567137"
"Y13620_at"	"-2.4701066302087371"
"Y14140_at"	"0.86750247952208714"
"Z11697_at"	"3.0799230733650051"
"Z12830_at"	"1.4975188429381934"
"Z14000_at"	"0.068181837509415727"
"Z14244_at"	"-1.7032194422180726"
"Z14982_rna1_at"	"-3.7481818080125255"
"Z15108_at"	"-1.3446467253631682"
"Z17227_at"	"-2.3305607616125923"
"Z19002_at"	"-0.28895927539197519"
"Z21488_at"	"-0.49565616588181516"
"Z21507_at"	"-3.6629927938940812"
"Z22536_at"	"0.30236036429891228"
"Z22548_at"	"2.3875643417437127"
"Z22551_at"	"-3.3788040281460807"
"Z22555_at"	"-1.3444917764693431"
"Z23090_at"	"-1.8358983140017173"
"Z23115_at"	"0.96611681084054091"
"Z24680_at"	"1.7977480319483052"
"Z25535_at"	"0.4763454875983561"
"Z25884_at"	"0.52810842506966083"
"Z27113_at"	"-1.8842704246667377"
"Z29064_at"	"-1.6278654222035924"
"Z29090_at"	"-2.3669267590816707"
"Z29481_at"	"2.3632372600105689"
"Z29505_at"	"-0.25557659968581736"
"Z29574_at"	"-1.2004626036343464"
"Z29678_at"	"1.4148142685437199"
"Z30425_at"	"-0.074150281089816056"
"Z30426_at"	"-2.2937118247328803"
"Z31357_at"	"0.23969961014240695"
"Z32765_at"	"4.1927655951991349"
"Z35093_at"	"-1.7585368546238884"
"Z35102_at"	"-4.1001146894052143"
"Z35227_at"	"-3.7673327115434332"
"Z35278_at"	"2.4799842050067946"
"Z35307_at"	"0.23582745431468227"
"Z35491_at"	"0.47159451590097723"
"Z36714_at"	"-0.94746615825346825"
"Z36715_at"	"-1.5373900865113277"
"Z37166_at"	"-1.268359570932446"
"Z46376_rna1_at"	"-0.95950642812800169"
"Z46973_at"	"-2.6036764390094103"
"Z48042_at"	"-2.0190363569560392"
"Z48054_at"	"-0.10126313178187635"
"Z48199_at"	"0.84452217810242058"
"Z48481_at"	"-0.45701413935085644"
"Z48512_at"	"-0.37375603200486457"
"Z48579_at"	"-1.6479042684984644"
"Z48633_at"	"-3.2048428774055764"
"Z48950_at"	"1.108848151010398"
"Z49099_at"	"-0.81535440171029216"
"Z49194_at"	"-2.9448375363847279"
"Z49254_at"	"-0.68140645796895238"
"Z49269_at"	"1.8748519938097632"
"Z49878_at"	"-0.42544863237401331"
"Z50022_at"	"0.25712350985473259"
"Z50749_at"	"-2.3773570569785014"
"Z50781_at"	"-0.071440370377356191"
"Z50853_at"	"-2.5862338683637582"
"Z56281_at"	"-3.6469376876738053"
"Z67743_at"	"1.4948820008238446"
"Z68129_cds1_at"	"-0.52153081378293653"
"Z68747_at"	"-3.3812232662283259"
"Z69881_at"	"-5.8531795585511484"
"Z69915_at"	"-1.5195346195802277"
"Z70219_at"	"-0.23672973070874656"
"Z70220_at"	"0.01492573784502714"
"Z71460_at"	"0.87860215693622545"
"Z72499_at"	"-0.36190181427585194"
"Z81326_at"	"-0.51566346996104018"
"Z83821_cds2_at"	"3.0485072282940537"
"Z84721_cds1_at"	"3.3823149657751155"
"Z84721_cds2_at"	"1.4535983045404317"
"Z93784_at"	"-3.6321962534240759"
"Z97054_xpt2_at"	"0.73844271531924377"
"AB006782_at"	"0.46706179755389055"
"D00860_at"	"-1.8571212890116828"
"D10040_at"	"3.7228808147268904"
"D16105_at"	"1.825336889664197"
"D16480_at"	"0.50378622452105815"
"D16481_at"	"0.86409794626565617"
"D21235_at"	"-0.38146270929302073"
"D25304_at"	"-2.4153722156412099"
"D26070_at"	"-0.77642068614305215"
"D29805_at"	"0.035983969535336446"
"D31889_at"	"-0.031295064576142971"
"D38073_at"	"-5.6930836668030826"
"D38081_at"	"-2.0260309390352118"
"D43968_at"	"-1.6930159472148079"
"D45132_at"	"-0.8761150236842058"
"D50405_at"	"-2.9732373674658992"
"D80000_at"	"-3.3201891770859797"
"D86550_at"	"-0.80714190715283951"
"D86988_at"	"0.032263365927818401"
"HG2846-HT2983_at"	"-3.6305327178786486"
"HG3543-HT3739_at"	"0.94788190566993602"
"HG651-HT4201_at"	"-1.3463990705545859"
"J02783_at"	"3.055296203924422"
"J04182_at"	"2.5994077030969698"
"L00058_at"	"-3.0102656912924051"
"L04282_at"	"-2.001985100227067"
"L04731_at"	"1.8458979472334722"
"L07648_at"	"3.7240640500324593"
"L08895_at"	"-3.234047477091293"
"L10413_at"	"-3.9595571435356596"
"L11066_at"	"-0.59088831002708331"
"L11284_at"	"-0.67364559280179959"
"L13773_at"	"-0.89207729972589178"
"L21998_at"	"0.71582314333318842"
"L22454_at"	"-1.1656295393012461"
"L33075_at"	"-4.971275687030011"
"L35263_at"	"-0.67421181316684842"
"L40397_at"	"1.8336527039345385"
"L49380_at"	"0.031056057135755627"
"L76517_at"	"-0.16116594840162032"
"M14745_at"	"-3.1926316838566327"
"M16276_at"	"-1.7803826723528433"
"M16342_at"	"-1.1456218019083853"
"M24283_at"	"4.1121978359176703"
"M24900_at"	"3.3121899271062825"
"M31724_at"	"2.2318560847889723"
"M58026_at"	"1.6418220123614833"
"M64231_rna1_at"	"0.82455840251687273"
"M69013_at"	"-0.47364941365439278"
"M69181_at"	"-2.0507647558933186"
"M83664_at"	"-0.16051772773882678"
"M91463_rna1_at"	"2.8344602294949248"
"M93651_at"	"-3.3189533918630012"
"M94046_at"	"-1.2576245120905836"
"M96843_at"	"-0.075927006862125071"
"M97676_at"	"-1.0741506330574841"
"S68805_at"	"-0.89563064934872072"
"S76638_at"	"3.8409387566525592"
"U04636_rna1_at"	"4.2970593414815879"
"U07139_at"	"-1.487167813581447"
"U12767_at"	"1.9214431899197451"
"U13022_at"	"0.37055647052378227"
"U16307_at"	"2.021325179529172"
"U17838_at"	"-1.2672400400547637"
"U17969_at"	"1.3747227945377554"
"U18259_at"	"-3.167673564670348"
"U18422_at"	"-1.2068858142015606"
"U20938_at"	"-2.4666406441997131"
"U25988_at"	"0.69960117161720792"
"U31556_at"	"-3.7982137091977171"
"U33841_at"	"-2.9836055391763976"
"U34587_at"	"-1.1943780224730804"
"U36341_rna1_at"	"3.1082773365669003"
"U37146_at"	"0.66431246095781427"
"U37426_at"	"-2.1710178137686915"
"U38276_at"	"0.68101131395168224"
"U41518_at"	"3.0959006612746101"
"U41654_at"	"-2.742968287127503"
"U47077_at"	"-4.1341185138449363"
"U53204_at"	"-0.62117094157875574"
"U58675_cds2_at"	"-1.0520656408527325"
"U60061_at"	"-1.7029758057077455"
"U72649_at"	"-0.29083324301378588"
"U83171_at"	"0.46153176552793651"
"U94832_at"	"-0.70003983630591149"
"U96131_at"	"-0.32370396595103684"
"X02160_at"	"-2.8477284394532334"
"X04526_at"	"-2.9782176960147151"
"X05610_at"	"0.87448246830640075"
"X07203_at"	"-1.5167794903405267"
"X12671_rna1_at"	"-1.5675071572182397"
"X16323_at"	"-0.77992492146570491"
"X55990_rna1_at"	"3.1117101688406943"
"X56841_at"	"-0.83558117077481264"
"X57985_rna2_at"	"0.88066489762086964"
"X58072_at"	"-2.2003817459080102"
"X59739_at"	"-2.5728082464784001"
"X65463_at"	"2.7949184094933202"
"X65488_at"	"-2.3854778760216804"
"X72727_at"	"-0.94781745433814557"
"X72889_at"	"-1.2879962552852793"
"X73478_at"	"-0.59242376285835252"
"X75918_at"	"1.3353690828992222"
"X78338_at"	"1.4609313399203425"
"X81625_at"	"2.3088478982661065"
"X82209_at"	"0.025596997781090189"
"Y00264_at"	"-0.73310218423930473"
"Y07909_at"	"1.4492144194000884"
"Z15115_at"	"-6.2313476545488529"
"Z74615_at"	"-0.031673515848159563"
"X95808_s_at"	"-1.5316433141197541"
"Z49107_s_at"	"0.12562342106554475"
"AC002045_xpt2_s_at"	"-1.1200650611240222"
"D00408_s_at"	"-0.42424616426919437"
"X83416_s_at"	"0.065094438955716677"
"M23178_s_at"	"4.0365066954639826"
"M18700_s_at"	"0.095641648935600135"
"Y00097_s_at"	"-1.7019386834161554"
"M37271_s_at"	"-0.36246038683701093"
"D00749_s_at"	"-2.4258932593881264"
"X15331_s_at"	"-0.061552686189909681"
"L09229_s_at"	"3.9902570404749231"
"L32832_s_at"	"-0.81718633270897512"
"D10537_s_at"	"1.723670895070766"
"L06797_s_at"	"-5.0771180107386895"
"D11327_s_at"	"1.7476636770253966"
"D12775_s_at"	"0.73421611758590544"
"M15465_s_at"	"0.49268626153189787"
"D79206_s_at"	"2.2964114088867218"
"HG1686-HT4572_s_at"	"2.1583144170975403"
"D13631_s_at"	"-1.8113448180313798"
"D13705_s_at"	"1.5097120960069523"
"HG1400-HT1400_s_at"	"-4.0566332017814108"
"HG2348-HT2444_s_at"	"0.8754422667659324"
"D14826_s_at"	"1.837307822591193"
"S68271_s_at"	"1.0032593400610781"
"X52213_s_at"	"1.334746385196427"
"Z49835_s_at"	"3.1166261405446747"
"HG4541-HT4946_s_at"	"2.6792537087904584"
"U00802_s_at"	"-1.2932636485312696"
"D26156_s_at"	"-5.4971494730367159"
"D87716_s_at"	"-1.8705051221885285"
"L15326_s_at"	"4.0837252570794833"
"D28235_s_at"	"4.2939344519268037"
"D28473_s_at"	"-3.0413331534637664"
"X59842_rna1_s_at"	"0.29970180766827342"
"D29640_s_at"	"-2.1551841007335972"
"D29675_s_at"	"1.0180768993321407"
"U34380_rna1_s_at"	"1.0432488229806021"
"X68688_rna1_s_at"	"2.561817587948171"
"D31840_s_at"	"1.5026670945030547"
"HG4312-HT4582_s_at"	"-2.4588395000520427"
"X62153_s_at"	"-3.7056261321804271"
"U27325_s_at"	"-0.51947020666550425"
"D38251_s_at"	"-2.0196885255441104"
"U38964_s_at"	"-2.6207505269670488"
"D42040_s_at"	"-0.20872716769758631"
"Z84497_s_at"	"1.6032154700531587"
"D43682_s_at"	"3.9163531975086663"
"X89109_s_at"	"-0.81947640061097093"
"M19311_s_at"	"-4.589577271390918"
"D49487_s_at"	"0.11298733290747576"
"D49824_s_at"	"0.29187663781229306"
"L38593_s_at"	"3.0200404610194296"
"U50079_s_at"	"-1.5107286467824583"
"U58046_s_at"	"-2.2555416360877607"
"D63479_s_at"	"-2.7064126630701071"
"S82447_s_at"	"0.37135181809103479"
"M96954_s_at"	"0.23773275466076568"
"Y10807_s_at"	"-2.0187423112139227"
"D78132_s_at"	"0.77081165921852368"
"D78577_s_at"	"-2.8596949873834112"
"D79984_s_at"	"1.3652933001037317"
"S78271_s_at"	"-1.5605121360080749"
"D83260_s_at"	"-0.47703270190887564"
"D85131_s_at"	"-0.25954894767951686"
"D86043_s_at"	"-0.19085422816468806"
"Y10375_s_at"	"2.0053094630126305"
"U19713_s_at"	"3.7421447875981095"
"Z35085_s_at"	"0.19547964215937941"
"U52191_s_at"	"-1.6909129047199576"
"L33930_s_at"	"-3.6818423681162464"
"D90070_s_at"	"-1.1813382264156007"
"J03260_s_at"	"0.081552723506340186"
"HG1728-HT1734_s_at"	"0.99928229588551143"
"X55448_cds1_s_at"	"1.0816878052791139"
"HG110-HT110_s_at"	"-1.6295883079936837"
"HG1140-HT4817_s_at"	"1.7786665147932272"
"HG1322-HT5143_s_at"	"-3.676178346193725"
"M25079_s_at"	"-1.0709300457560569"
"HG1428-HT1428_s_at"	"1.0264517796167096"
"HG1471-HT3923_s_at"	"1.682697971422241"
"HG1496-HT1496_s_at"	"1.5011463667999616"
"X57351_at"	"-0.77960689132258731"
"X57351_s_at"	"-0.88722337491808878"
"HG1595-HT4788_s_at"	"-0.42395981437857561"
"HG1751-HT1768_at"	"0.54107288872069459"
"U19247_rna1_s_at"	"3.276299162719098"
"HG1763-HT1780_s_at"	"-1.0106098832976542"
"J03915_s_at"	"1.4724726467719753"
"U43901_rna1_s_at"	"-0.36708320211490719"
"HG1827-HT1856_s_at"	"0.21374875238302812"
"U24183_s_at"	"-1.1212630570442643"
"Z26248_s_at"	"0.5107862500243685"
"HG2238-HT2321_s_at"	"-0.80941366251994984"
"HG4069-HT4339_s_at"	"2.9561763817838811"
"HG2259-HT2348_s_at"	"-0.92363236019407813"
"L14778_s_at"	"-0.46416680972544644"
"HG2479-HT2575_s_at"	"-1.0693336854372095"
"L08835_rna2_s_at"	"-1.5485554833252175"
"X06182_s_at"	"2.5758091674695054"
"U22376_cds2_s_at"	"-8.0546249171431956"
"HG2639-HT2735_s_at"	"3.0320605947104293"
"HG2705-HT2801_s_at"	"-0.055739997890784078"
"HG274-HT274_s_at"	"2.1771892018791656"
"HG2797-HT2906_s_at"	"0.47130020078311591"
"M13452_s_at"	"4.6076333716060178"
"HG2809-HT2920_s_at"	"0.27541887253237013"
"X04654_s_at"	"-2.8436239984411662"
"HG2815-HT2931_at"	"-1.9366972118570882"
"HG2815-HT2931_s_at"	"-1.541652909419321"
"HG2981-HT3127_s_at"	"6.4249813615961218"
"HG2981-HT3125_s_at"	"3.4997664395505481"
"HG2994-HT4850_s_at"	"0.27498173963737604"
"U77846_rna1_at"	"0.98111397102719045"
"U77846_rna1_s_at"	"1.4610564194746083"
"L07807_s_at"	"2.5511292761368245"
"HG3076-HT3238_s_at"	"-0.6987394424018194"
"X75755_rna1_s_at"	"-3.0439623594205911"
"HG3107-HT3283_s_at"	"0.70845976764844898"
"HG3148-HT3324_s_at"	"-0.59602460090986187"
"M31520_rna1_at"	"-0.57163835254998174"
"U05572_s_at"	"4.799020160590949"
"HG3342-HT3519_s_at"	"0.74991798113263164"
"HG3395-HT3573_s_at"	"-2.4899181992647565"
"HG3417-HT3600_s_at"	"1.862016826051804"
"HG3437-HT3628_s_at"	"-0.52634538071465553"
"HG3484-HT3678_s_at"	"-0.68708744722021042"
"HG3523-HT4899_s_at"	"-0.7510269151708735"
"M13929_s_at"	"-2.0845001986504395"
"J03242_s_at"	"0.37547744381560239"
"HG3638-HT3849_s_at"	"-0.08649484768997244"
"HG371-HT26388_s_at"	"1.7852711180828424"
"HG3725-HT3981_s_at"	"3.2013044808380178"
"HG3730-HT4000_s_at"	"0.88100488994960557"
"S80267_s_at"	"1.1694156679774412"
"HG3920-HT4521_s_at"	"1.925599412694849"
"HG3925-HT4195_s_at"	"0.18670701590964278"
"X77588_s_at"	"-2.4163461097479506"
"HG4011-HT4804_s_at"	"-1.1549662170019968"
"M74509_s_at"	"1.4077714834893891"
"HG4113-HT4383_s_at"	"-0.65327275315344835"
"HG417-HT417_s_at"	"3.7395336084747446"
"U09937_rna1_s_at"	"2.9241293220179951"
"M20867_s_at"	"-2.1649705719916756"
"HG4264-HT4534_s_at"	"1.7024127329384007"
"HG4318-HT4588_s_at"	"0.80678763973447398"
"HG4334-HT4604_s_at"	"1.3384685214957626"
"HG4535-HT4940_s_at"	"3.5661878520057293"
"HG4668-HT5083_s_at"	"1.9480404564701881"
"HG4755-HT5203_s_at"	"-2.7660498270170222"
"HG4757-HT5207_s_at"	"1.8106318518960409"
"M79463_s_at"	"2.0019710193478595"
"HG627-HT5097_s_at"	"4.065822412075363"
"HG627-HT5098_s_at"	"3.2807134084395471"
"HG651-HT5209_s_at"	"-1.8570481973358366"
"HG721-HT4828_s_at"	"0.20873830962626796"
"HG880-HT880_at"	"0.8102235107765251"
"L08096_s_at"	"-0.68064123421209566"
"S76942_s_at"	"1.825722339792391"
"HG982-HT982_s_at"	"1.7821659704831769"
"HG998-HT998_s_at"	"-0.34314228444420947"
"M97935_s_at"	"-0.24012804693037834"
"L00022_s_at"	"-0.60653349526834055"
"S71043_rna1_s_at"	"3.5657164876101848"
"M87789_s_at"	"4.3946387963952658"
"J00268_s_at"	"-2.1067796687443452"
"V00594_at"	"1.3977371397296594"
"V00594_s_at"	"1.6080095694341299"
"J02621_s_at"	"-2.3622579630816203"
"J02683_s_at"	"-2.7866972461837558"
"X05130_s_at"	"3.7808298698370972"
"M29610_s_at"	"3.9042971357639895"
"U05255_s_at"	"3.4739767767599266"
"Y00339_s_at"	"5.0418013398289432"
"U50327_s_at"	"1.8704380361430637"
"J03077_s_at"	"2.2997910335843437"
"U07806_s_at"	"-0.57462142811950501"
"J03263_s_at"	"3.4489329797397774"
"Y00285_s_at"	"-1.0981654309269089"
"M26004_s_at"	"-1.6137188679925447"
"M31551_s_at"	"3.366449753234483"
"X57579_s_at"	"3.3046879251698664"
"U01691_s_at"	"0.29841822455067285"
"M21119_s_at"	"4.5389061301632028"
"J03805_s_at"	"-2.8666172132672947"
"M96233_s_at"	"1.9931662330685704"
"J05253_s_at"	"-1.2023953142374693"
"J04029_s_at"	"-3.8542537780444412"
"J04046_s_at"	"0.77009066253928571"
"M69203_s_at"	"2.5437335407354214"
"J04130_s_at"	"2.1103595456733393"
"M61827_rna1_s_at"	"1.6917264472414804"
"X14684_s_at"	"-2.1408070545848039"
"J04430_s_at"	"-1.4824259407769993"
"U75272_s_at"	"-0.13509303375180581"
"X52979_rna1_s_at"	"-0.71366078839972102"
"S40719_s_at"	"0.68678659878952131"
"X03689_s_at"	"0.1207790775711961"
"J05016_rna1_s_at"	"1.257015718979362"
"J05036_s_at"	"1.7136631436604175"
"M32304_s_at"	"4.0839144134189498"
"M34996_s_at"	"-1.3220397742804153"
"K01160_s_at"	"-0.29599109121298117"
"K02777_s_at"	"-2.8307990924654187"
"L00634_s_at"	"-3.7756572584358037"
"L03411_s_at"	"-2.2380734964004256"
"U09851_s_at"	"-2.4549500506958206"
"L05072_s_at"	"0.46329127510497303"
"M26665_s_at"	"0.99941120833700536"
"L05624_s_at"	"1.5590573247608583"
"S57212_s_at"	"-1.8916571152243655"
"L09209_s_at"	"6.855641310459025"
"X70940_s_at"	"-0.86157876611013584"
"U89922_s_at"	"-3.2467130144410352"
"L12711_s_at"	"1.0208970505771249"
"L13939_s_at"	"0.071751043413592591"
"X67235_s_at"	"0.51194652437970978"
"U33838_s_at"	"2.514837337216437"
"Z22951_rna1_s_at"	"1.2384332363239685"
"L19493_s_at"	"-0.7968941712407257"
"U11875_s_at"	"0.93622156088379116"
"X64624_s_at"	"-1.3801306602345209"
"U59632_s_at"	"2.8379730618212098"
"L23333_s_at"	"1.6923442905395965"
"M27394_s_at"	"-1.445992417178489"
"M60974_s_at"	"2.0038692050818505"
"L24774_s_at"	"1.2862218600268682"
"L25931_s_at"	"-5.5253620515726611"
"S69265_s_at"	"0.62053372026428089"
"M96995_s_at"	"1.1758478427163437"
"S77893_s_at"	"3.6667221331451287"
"L32831_s_at"	"1.9415552004426782"
"S75578_s_at"	"0.12899851070859186"
"U80226_s_at"	"1.8541817623858112"
"L35249_s_at"	"2.2188295559951028"
"L46720_s_at"	"0.096221390542280447"
"X95097_rna1_s_at"	"-1.166827865637347"
"L37360_s_at"	"-0.78859163877427096"
"M34458_rna1_s_at"	"-3.9816879867147001"
"L38490_s_at"	"0.16949151668667528"
"U32986_s_at"	"-1.5689473988409437"
"L40386_s_at"	"0.2280570754346509"
"U61734_s_at"	"3.0079461043126825"
"U43185_s_at"	"1.1454480942056717"
"M97347_s_at"	"-0.68833645218168615"
"L42374_s_at"	"1.0037038591936429"
"L43575_s_at"	"1.3123135640097381"
"L43579_s_at"	"3.2998378983792231"
"L44140_cds4_s_at"	"2.4443485519749357"
"L47276_s_at"	"-2.1665182781914276"
"Y08765_s_at"	"1.9334932053081684"
"Y08766_s_at"	"1.1701198532030705"
"X62891_s_at"	"-0.64945234803858864"
"X05855_s_at"	"-2.9527126379001181"
"X07438_s_at"	"3.937117684344877"
"X02875_s_at"	"-0.10172074008109001"
"M12959_s_at"	"-5.0495906121406842"
"M13560_s_at"	"0.99572185197515006"
"M13690_s_at"	"4.3924999132311369"
"M13829_s_at"	"0.58546853506249075"
"M34353_s_at"	"0.074234034523365022"
"M13994_s_at"	"1.3911272660657659"
"M60891_s_at"	"2.8043334504135897"
"M14328_s_at"	"1.59821989592424"
"M16336_s_at"	"-2.7320509979377512"
"X04602_s_at"	"3.0173513039520627"
"Y00081_s_at"	"3.1256283480107308"
"X64072_s_at"	"5.0045439518186381"
"M36429_s_at"	"-1.0159385546721487"
"M16591_s_at"	"1.5421159342825399"
"M16652_at"	"1.2656133204433766"
"M16707_rna1_s_at"	"-0.91216071783959118"
"M16750_s_at"	"4.0377753955990512"
"M16938_s_at"	"0.59112447796330292"
"M28130_rna1_s_at"	"7.3446296851646302"
"Y00787_s_at"	"6.937351929608619"
"M17236_at"	"0.56254720476185116"
"M17254_s_at"	"-0.97463533710643602"
"Y00414_s_at"	"2.4846754350573654"
"M18255_cds2_s_at"	"-2.9435326270352848"
"M19508_xpt3_s_at"	"3.7084744294030973"
"M27783_s_at"	"8.0711102339171212"
"M20203_s_at"	"5.6023493517914709"
"M26311_s_at"	"2.9938250002356592"
"M84371_rna1_s_at"	"-4.2249079868871693"
"M26692_s_at"	"-1.6423949266972997"
"M26730_s_at"	"-0.30127398402124789"
"M22348_s_at"	"0.01116190043936034"
"M23323_s_at"	"-1.1857525025359992"
"Z68228_s_at"	"-0.42248969433420175"
"X95325_s_at"	"0.30037190767338434"
"M24485_s_at"	"2.5056752597760381"
"M54915_s_at"	"3.8434014035932313"
"U16799_s_at"	"-0.46854190253383826"
"M31776_s_at"	"-2.0990578888142664"
"M26041_s_at"	"0.65022488872547135"
"Z80345_rna1_s_at"	"-0.39309507512473385"
"M27504_s_at"	"-3.398976144138357"
"X60003_s_at"	"-1.0194955737193991"
"S72493_s_at"	"1.4496958310553141"
"M29277_at"	"1.2423498474902455"
"M29277_s_at"	"-0.74748158596553538"
"M28882_s_at"	"-0.16983931133128977"
"U20734_s_at"	"2.9611342991392031"
"Z47055_s_at"	"-3.0783060880407795"
"M29932_s_at"	"1.6399888661716207"
"M29994_s_at"	"1.3799898554354399"
"M33493_s_at"	"3.2913794916716759"
"M30448_s_at"	"0.083431219692788675"
"M30703_s_at"	"5.0456771750466176"
"M74587_rna1_s_at"	"-0.18170189776732479"
"X97748_s_at"	"5.5076073540485408"
"M31169_s_at"	"1.2223396938424478"
"M31211_s_at"	"-6.7138176784097388"
"U05681_s_at"	"3.1677951940095772"
"M32879_at"	"-1.3177965610676299"
"M32879_s_at"	"-0.44122455947936523"
"M58286_s_at"	"-1.3343958095636617"
"M34338_s_at"	"-0.093575668379663052"
"S37730_s_at"	"-0.95213437417506541"
"U50648_s_at"	"0.86615120940121848"
"X13955_s_at"	"2.1225013655484499"
"M36284_s_at"	"1.4989393958815398"
"M36542_s_at"	"1.9356138105057439"
"X13810_s_at"	"2.0058541203674873"
"M57731_s_at"	"6.4827740242931258"
"X53800_s_at"	"3.5718024208295045"
"M37238_s_at"	"-1.039152659098997"
"M37457_at"	"-0.95202508764925742"
"M38449_s_at"	"2.7336087489925789"
"M86933_s_at"	"-0.063305226006800566"
"M55513_s_at"	"-1.5366640482064864"
"M57466_s_at"	"0.37355895257747351"
"U16720_rna1_s_at"	"0.69987113955099589"
"X13461_s_at"	"0.88724364020538482"
"M58525_s_at"	"0.45808716595676019"
"X52282_s_at"	"1.3497128908675515"
"M60284_s_at"	"0.028150592865207873"
"M60483_rna1_s_at"	"-2.244995329018999"
"X69950_s_at"	"-0.49107932134674848"
"M60784_s_at"	"-1.9648253696544691"
"M61826_s_at"	"2.2133963712804299"
"M61832_s_at"	"0.38204359052720549"
"M62403_s_at"	"-1.2827816461164665"
"M62628_s_at"	"-0.71948421455830136"
"M63438_s_at"	"4.5097271596265136"
"M92843_s_at"	"2.0029403841240656"
"M63838_s_at"	"-5.2591795824585068"
"Z26491_s_at"	"-0.45136288115771778"
"M72885_rna1_s_at"	"3.5997859016798537"
"X63131_s_at"	"1.7518804696013897"
"M74715_s_at"	"2.0052655337645082"
"U04285_s_at"	"0.41695469106873562"
"Z31690_s_at"	"1.1564311950110193"
"M75715_s_at"	"4.3047023259456365"
"M77348_rna1_s_at"	"0.25339351631270124"
"X90824_s_at"	"0.58653869911774958"
"M80397_s_at"	"-0.12926698101799808"
"X62083_s_at"	"-1.737205224861267"
"M81181_s_at"	"0.4660667635079101"
"M81695_s_at"	"5.3166265728402902"
"M83652_s_at"	"6.5716922331153835"
"X62534_s_at"	"-1.3550690063148709"
"M83667_rna1_s_at"	"6.3383569427840811"
"S54005_s_at"	"-3.825359735813469"
"S57132_s_at"	"0.33631813980385283"
"X75091_s_at"	"-1.3891900351337432"
"M94172_s_at"	"0.81467475963731317"
"Y10141_s_at"	"-0.64651008331744064"
"X68985_s_at"	"0.78190155463457023"
"M97796_s_at"	"0.80094412254442982"
"X59303_s_at"	"-0.73251282426088082"
"M98399_s_at"	"6.4986401393795852"
"X66142_s_at"	"-0.9695635870892988"
"X57809_s_at"	"2.1041317399105086"
"X65784_s_at"	"-1.2097534232450593"
"S56151_s_at"	"1.1611351977891002"
"S69272_s_at"	"2.323160282725858"
"X51362_s_at"	"0.26105999433700938"
"S72024_s_at"	"1.6796094876125349"
"S72503_s_at"	"0.552088241647955"
"S73885_s_at"	"-3.6642629846407422"
"U31929_s_at"	"0.29765403722038825"
"U33052_s_at"	"1.3548508192961031"
"S77154_s_at"	"3.3022260300558863"
"S79219_s_at"	"-0.73354048387382476"
"S79873_s_at"	"0.85181608452960844"
"S80437_s_at"	"-2.0247474010640936"
"X58199_s_at"	"1.9059935246260276"
"S81243_s_at"	"2.5753150821946735"
"S81264_s_at"	"0.50991632354914551"
"S82597_rna1_s_at"	"0.65565194989111342"
"S83362_s_at"	"0.96239919434525212"
"U04806_s_at"	"0.66605842946907856"
"X73358_s_at"	"-1.9520814286125558"
"U06155_s_at"	"-1.9041807275188518"
"U51010_s_at"	"-1.5317779852988764"
"U18271_cds3_s_at"	"-3.4892786410578074"
"U09178_s_at"	"-2.4043893748808087"
"U09510_s_at"	"0.36180267634530283"
"U09716_s_at"	"-0.81670071272907108"
"U09820_s_at"	"-2.8292045765023222"
"X75346_s_at"	"2.9550277098974798"
"X91911_s_at"	"3.325491112147378"
"X84213_s_at"	"0.097195693870468697"
"X74301_s_at"	"-3.2177768889184239"
"U19252_s_at"	"1.372936629528227"
"U22431_s_at"	"0.8073872392897149"
"U22970_rna1_s_at"	"-0.71885458745350284"
"U23852_s_at"	"-3.0674926293997444"
"U25034_s_at"	"0.99337227207783541"
"U26173_s_at"	"4.0782438437494202"
"U26266_s_at"	"-5.5449585057139705"
"U26312_s_at"	"-2.4813069184185643"
"U75276_s_at"	"-2.9067891204895639"
"Z50115_s_at"	"-3.3519048803284193"
"U30827_s_at"	"-0.58031160418082539"
"U45328_s_at"	"-0.70561294514018758"
"U31903_s_at"	"-0.65574006972657906"
"U41068_cds2_s_at"	"0.78146403035845002"
"U32674_s_at"	"0.20686581489512609"
"U43203_s_at"	"0.69080471412182864"
"X82850_s_at"	"1.3293066651640126"
"U67092_s_at"	"1.2130973610597673"
"X85116_rna1_s_at"	"6.103606446145089"
"U33936_s_at"	"-0.21661996140694414"
"U35835_s_at"	"-2.5434023402737593"
"U36759_s_at"	"0.37867411532634748"
"Z69030_s_at"	"-2.257032175972399"
"X85137_s_at"	"-1.5160957576343406"
"U76366_s_at"	"-0.46101984705160309"
"U41315_rna1_s_at"	"2.8003476549495918"
"U41767_s_at"	"3.3394758323036129"
"X96506_s_at"	"1.2741299796135506"
"U51333_s_at"	"1.3756781052902656"
"U43189_s_at"	"1.3380137139030508"
"U43916_s_at"	"3.0578568970602178"
"U44799_s_at"	"-0.32989807529483128"
"U45448_s_at"	"0.35409399397526264"
"U47686_s_at"	"-1.7701537813568204"
"U49020_cds2_s_at"	"-4.3251818182447144"
"Z49148_s_at"	"0.1970871843121571"
"U49835_s_at"	"-1.5003668482185419"
"U52077_s_at"	"0.14425786388412709"
"U52696_s_at"	"-1.3076232609249927"
"Z54367_s_at"	"2.9597069483419745"
"U54644_s_at"	"0.76885578988098546"
"U66711_rna1_s_at"	"1.1397966239224122"
"U57971_s_at"	"2.1782097667463578"
"U59831_rna1_s_at"	"0.86387513676417249"
"U69140_s_at"	"-0.17958818231911294"
"U61276_s_at"	"2.2109429819720652"
"U67122_s_at"	"-0.72937487085933328"
"U61397_s_at"	"-2.6727657935603766"
"U79261_s_at"	"1.2972328309159604"
"X56687_s_at"	"-2.9832985710262854"
"X00437_s_at"	"-1.642310138640676"
"U70064_s_at"	"-0.83314343940441149"
"Z48501_s_at"	"2.729756846969654"
"U69126_s_at"	"1.3524080105772709"
"U70439_s_at"	"0.31452316140184416"
"U72509_s_at"	"0.90197160756412176"
"U72936_s_at"	"-5.5938093143268715"
"U73477_s_at"	"1.0970001047678248"
"Y09392_s_at"	"-0.13700820799167102"
"U79528_s_at"	"-0.98257579931155337"
"U76764_s_at"	"0.49429096264743905"
"U82108_s_at"	"2.6133024946745183"
"U83598_at"	"0.52667762638460647"
"U86759_s_at"	"0.97972931317331147"
"U90543_s_at"	"1.4586082590646647"
"U90552_s_at"	"-5.4871155180411693"
"X12530_s_at"	"-1.7303957330778357"
"X65965_s_at"	"3.3052366077886886"
"X15729_s_at"	"-1.5129539594457275"
"X70944_s_at"	"-0.27220329549926986"
"X53296_s_at"	"4.2609930105889342"
"X61755_rna1_s_at"	"0.33690091663301197"
"X53390_s_at"	"-1.1619495081608633"
"X55037_s_at"	"-0.52310718341191853"
"Y00451_s_at"	"3.8220526703932243"
"X58431_rna2_s_at"	"4.0270262566709345"
"X59932_s_at"	"-1.3648275960538461"
"X74874_rna1_s_at"	"1.0982316937830972"
"X83492_at"	"1.1157266781853112"
"X89101_s_at"	"3.6840390418324618"
"X66276_s_at"	"1.5196243634599034"
"Z25521_s_at"	"-1.9402731159541859"
"X76223_s_at"	"-1.9810025984822492"
"X79200_at"	"0.21126766922814855"
"X97267_rna1_s_at"	"-5.3595561734378601"
"X82206_s_at"	"1.5049991318183711"
"Z49825_s_at"	"1.1545932608076641"
"Z69043_s_at"	"-0.26339946091892846"
"X90846_at"	"0.8454612896866377"
"X98534_s_at"	"2.0457247603884854"
"Z11899_s_at"	"0.17605497536863537"
"Z35402_rna1_s_at"	"0.10379026984745587"
"AF000424_s_at"	"1.4064106644670236"
"U46006_s_at"	"-2.4483988579066267"
"HG3546-HT3744_s_at"	"-3.3960812156437545"
"K02882_cds1_s_at"	"-1.3571843052714412"
"M36430_s_at"	"-0.40864116418426361"
"M95936_s_at"	"-0.04685932349956632"
"S82297_at"	"-0.34047238452926254"
"X89399_s_at"	"-2.0617621121614489"
"M21305_at"	"-0.78666456267584428"
"HG2147-HT2217_r_at"	"0.76135420342225535"
"HG2239-HT2324_r_at"	"1.0048624928360588"
"HG3033-HT3194_r_at"	"0.50988088726503666"
"HG3565-HT3768_r_at"	"1.8009164507927113"
"HG4557-HT4962_at"	"-1.2336021652835862"
"HG4557-HT4962_r_at"	"-0.27843270988582797"
"L11672_at"	"-3.2481232057328904"
"L11672_r_at"	"-3.9494208695262563"
"M21388_r_at"	"2.9297218234117812"
"M55422_at"	"1.0528262071435024"
"U57341_at"	"2.9548372250632204"
"U90546_at"	"-2.5135737414586421"
"X87344_cds10_at"	"0.4991885209223646"
"X87344_cds10_r_at"	"-0.5203683686202899"
"X94563_xpt2_r_at"	"0.79465236527820782"
"Z46632_r_at"	"1.6180703242904766"
"AF001359_f_at"	"-0.57658629486235813"
"HG2148-HT2218_f_at"	"-0.53929525009078705"
"HG3236-HT3413_f_at"	"0.75502156762425154"
"HG3576-HT3779_f_at"	"1.5321050145830359"
"HG3597-HT3800_f_at"	"0.82620545198009832"
"HG3921-HT4191_f_at"	"3.1041071200518964"
"HG688-HT688_f_at"	"2.2953663782543896"
"J02982_f_at"	"3.3041823170471689"
"J03801_f_at"	"4.8368170356416247"
"M19045_f_at"	"5.0465626362156719"
"X14008_rna1_f_at"	"4.8854535234882572"
"X59244_f_at"	"-0.52384918431558369"
"D17793_at"	"3.3999860029432316"
"D38024_at"	"-2.0617814790836264"
"D49728_at"	"1.552300479939295"
"HG1980-HT2023_at"	"1.6565505836143224"
"HG3636-HT3846_at"	"1.6986078028776663"
"HG4322-HT4592_at"	"1.7139390662239387"
"HG4593-HT4998_at"	"0.35978489064092972"
"HG881-HT881_at"	"2.1140963625418623"
"L05187_at"	"0.49398246846753152"
"L08010_at"	"0.78500789237450552"
"L13740_at"	"0.028618870876610237"
"M10942_at"	"-0.19782824369148674"
"M12125_at"	"-1.5181342141896743"
"M13485_at"	"4.0023108303182022"
"M30838_at"	"-0.24315022342373988"
"M31523_at"	"-7.1482811813148013"
"M31932_at"	"1.2037419715826139"
"M32578_at"	"3.6536352733654285"
"M60746_at"	"0.92607564550632815"
"M99439_at"	"0.35322711056061185"
"S72043_rna1_at"	"0.92772695609394551"
"U01317_cds4_at"	"3.7220915379706754"
"U03858_at"	"0.16212161145587289"
"U19765_at"	"-2.2655520631739141"
"U24685_at"	"-1.0230504382706904"
"U25975_at"	"-0.23813005835271597"
"U27460_at"	"-4.6540282990256019"
"U28014_at"	"0.81094874964198316"
"U40279_at"	"3.2134673074939957"
"U66061_cds3_at"	"2.7211599331501195"
"U76388_at"	"1.8937453144395824"
"U84388_at"	"-3.1747318366690789"
"U92027_at"	"-0.61510291250614635"
"X01703_at"	"-1.1813510452199929"
"X16546_at"	"6.1597277433814526"
"X17093_at"	"-2.4520359112293022"
"X55989_rna1_at"	"0.91227971021346177"
"X58399_at"	"-1.8092986963925466"
"X69115_at"	"0.72146593459778063"
"X69654_at"	"-0.49657290030125156"
"X72475_at"	"2.2576129507036953"
"X87211_at"	"1.8866186915027559"
"X90530_at"	"1.5114055568594686"
"X98296_at"	"0.15127274387753786"
"Z30643_at"	"2.057318393996586"
"Z30644_at"	"2.9917736678111733"
"Z49105_at"	"-0.52278580415542542"
"Z80783_at"	"1.1088820139417761"
"Z80787_at"	"1.2355621825104841"
"J00314_at"	"-1.9494559060605217"
"L08904_at"	"1.0047015464945066"
"L35594_at"	"1.479098681239106"
"L37112_at"	"0.5650514007756442"
"M15395_at"	"3.790409627022016"
"M24069_at"	"-0.45897421641975855"
"M25296_at"	"-0.56385325269417075"
"M25667_at"	"0.65562697640591239"
"U01337_at"	"0.84093377643881617"
"U03494_at"	"-1.7391888401990401"
"U04241_at"	"-2.0692263867728022"
"U09587_at"	"-1.8127191371747984"
"U20499_at"	"-4.4479505851667147"
"U35234_at"	"0.7570067023768362"
"U47677_at"	"-1.4779048511629325"
"X06318_at"	"-2.8189390141546609"
"X07730_at"	"3.1285797091454079"
"X12953_at"	"1.5834973422267808"
"X14767_at"	"2.2562543469808953"
"X16105_at"	"0.60373450150164187"
"X51345_at"	"2.2791538301562095"
"X52889_at"	"0.56488137822741258"
"X53683_at"	"0.95246348892321053"
"X80878_at"	"-0.42007391250928483"
"X95876_at"	"-1.4883403984335337"
"Y00477_at"	"0.53159071817371373"
"Z14978_at"	"1.2868569428956464"
"M27749_at"	"-1.6096442070969588"
"M27749_r_at"	"-1.6625242691949882"
"M34516_at"	"1.5159684467034285"
"M34516_r_at"	"1.3624450559052168"
"U88898_r_at"	"1.7362911730582968"
"D32129_f_at"	"0.60599959023285799"
"D38437_f_at"	"-1.2940338301729084"
"D38498_f_at"	"0.73409757438273271"
"HG2915-HT3059_f_at"	"1.5087193024520409"
"HG2917-HT3061_f_at"	"1.3312955186132045"
"HG3527-HT3721_f_at"	"-0.041831603528694875"
"HG4490-HT4876_f_at"	"1.7884026904311792"
"J00212_f_at"	"0.68283097572040341"
"K02405_f_at"	"1.3728785611690819"
"K03183_f_at"	"0.12977647080386326"
"K03189_f_at"	"2.6656863036762046"
"K03207_f_at"	"-0.11755648898376449"
"L00389_f_at"	"0.12800365564990951"
"L02326_f_at"	"-0.63334093589642115"
"L42601_f_at"	"1.7626140045479726"
"L42611_f_at"	"1.3735977273946545"
"L76568_xpt3_f_at"	"0.11085583420350796"
"M22612_f_at"	"1.6739660626696136"
"M33600_f_at"	"1.0784461396819331"
"M60750_f_at"	"-1.2618132032954426"
"M90356_f_at"	"-0.4044955888748748"
"U10690_f_at"	"-0.35529602308969271"
"X13930_f_at"	"0.058661184922051753"
"X64177_f_at"	"-0.32706653068606556"
"X67491_f_at"	"0.67586403351237356"
"X71345_f_at"	"1.2082418454492652"
"X97444_f_at"	"2.5281779314218968"
"Z80780_f_at"	"0.63651810364439509"
"X00351_f_at"	"-0.57297326045595254"
"X01677_f_at"	"-0.30038171872605224"
"M31667_f_at"	"0.98977311985855432"
"L41268_f_at"	"-0.63055646888777228"
"X99479_f_at"	"-1.7342168735982033"
"HG658-HT658_f_at"	"0.12179237055087716"
"M94880_f_at"	"1.0068257044571416"
"S80905_f_at"	"-1.3049152458642794"
"X03068_f_at"	"0.78902209990918337"
"U88902_cds1_f_at"	"-0.064705246344313752"
"D64015_at"	"1.0966249456383923"
"L78833_cds4_at"	"-0.2402889201678797"
"M93143_at"	"-0.71200771644074523"
"U29175_at"	"-4.9811755362481609"
"U58516_at"	"0.039550659539840424"
"X06956_at"	"0.24603133109684514"
"X83863_at"	"1.7352908351292717"
"Z17240_at"	"0.095244002032607827"
"M71243_f_at"	"4.4465108966694844"
