"scenario_id"	"direction"	"rank"	"feature_id"
"baseline"	"up"	1	"M27891_at"
"baseline"	"up"	2	"D88422_at"
"baseline"	"up"	3	"X95735_at"
"baseline"	"up"	4	"M84526_at"
"baseline"	"up"	5	"M27783_s_at"
"baseline"	"up"	6	"M23197_at"
"baseline"	"up"	7	"M28130_rna1_s_at"
"baseline"	"up"	8	"U46499_at"
"baseline"	"up"	9	"X07743_at"
"baseline"	"up"	10	"M16038_at"
"baseline"	"up"	11	"X62320_at"
"baseline"	"up"	12	"Y00787_s_at"
"baseline"	"up"	13	"L09209_s_at"
"baseline"	"up"	14	"M63138_at"
"baseline"	"up"	15	"Y12670_at"
"baseline"	"up"	16	"U50136_rna1_at"
"baseline"	"up"	17	"U85767_at"
"baseline"	"up"	18	"M83652_s_at"
"baseline"	"up"	19	"M98399_s_at"
"baseline"	"up"	20	"M57731_s_at"
"baseline"	"down"	1	"U22376_cds2_s_at"
"baseline"	"down"	2	"X74262_at"
"baseline"	"down"	3	"HG1612-HT1612_at"
"baseline"	"down"	4	"M31523_at"
"baseline"	"down"	5	"L47738_at"
"baseline"	"down"	6	"M92287_at"
"baseline"	"down"	7	"J05243_at"
"baseline"	"down"	8	"M31211_s_at"
"baseline"	"down"	9	"J04615_at"
"baseline"	"down"	10	"M91432_at"
"baseline"	"down"	11	"X15414_at"
"baseline"	"down"	12	"X59417_at"
"baseline"	"down"	13	"Z15115_at"
"baseline"	"down"	14	"M31303_rna1_at"
"baseline"	"down"	15	"M13792_at"
"baseline"	"down"	16	"X51521_at"
"baseline"	"down"	17	"Z69881_at"
"baseline"	"down"	18	"L07758_at"
"baseline"	"down"	19	"U62136_at"
"baseline"	"down"	20	"D38073_at"
"baseline"	"absolute"	1	"M27891_at"
"baseline"	"absolute"	2	"D88422_at"
"baseline"	"absolute"	3	"X95735_at"
"baseline"	"absolute"	4	"M84526_at"
"baseline"	"absolute"	5	"M27783_s_at"
"baseline"	"absolute"	6	"U22376_cds2_s_at"
"baseline"	"absolute"	7	"M23197_at"
"baseline"	"absolute"	8	"X74262_at"
"baseline"	"absolute"	9	"HG1612-HT1612_at"
"baseline"	"absolute"	10	"M28130_rna1_s_at"
"baseline"	"absolute"	11	"U46499_at"
"baseline"	"absolute"	12	"M31523_at"
"baseline"	"absolute"	13	"L47738_at"
"baseline"	"absolute"	14	"X07743_at"
"baseline"	"absolute"	15	"M16038_at"
"baseline"	"absolute"	16	"X62320_at"
"baseline"	"absolute"	17	"Y00787_s_at"
"baseline"	"absolute"	18	"M92287_at"
"baseline"	"absolute"	19	"J05243_at"
"baseline"	"absolute"	20	"L09209_s_at"
"drop_Golub_train_01"	"up"	1	"M27891_at"
"drop_Golub_train_01"	"up"	2	"D88422_at"
"drop_Golub_train_01"	"up"	3	"X95735_at"
"drop_Golub_train_01"	"up"	4	"M84526_at"
"drop_Golub_train_01"	"up"	5	"M23197_at"
"drop_Golub_train_01"	"up"	6	"M27783_s_at"
"drop_Golub_train_01"	"up"	7	"M28130_rna1_s_at"
"drop_Golub_train_01"	"up"	8	"L09209_s_at"
"drop_Golub_train_01"	"up"	9	"U46499_at"
"drop_Golub_train_01"	"up"	10	"X07743_at"
"drop_Golub_train_01"	"up"	11	"M16038_at"
"drop_Golub_train_01"	"up"	12	"X62320_at"
"drop_Golub_train_01"	"up"	13	"Y00787_s_at"
"drop_Golub_train_01"	"up"	14	"Y12670_at"
"drop_Golub_train_01"	"up"	15	"M63138_at"
"drop_Golub_train_01"	"up"	16	"U85767_at"
"drop_Golub_train_01"	"up"	17	"U50136_rna1_at"
"drop_Golub_train_01"	"up"	18	"M83652_s_at"
"drop_Golub_train_01"	"up"	19	"M98399_s_at"
"drop_Golub_train_01"	"up"	20	"M57731_s_at"
"drop_Golub_train_01"	"down"	1	"U22376_cds2_s_at"
"drop_Golub_train_01"	"down"	2	"X74262_at"
"drop_Golub_train_01"	"down"	3	"HG1612-HT1612_at"
"drop_Golub_train_01"	"down"	4	"L47738_at"
"drop_Golub_train_01"	"down"	5	"M31523_at"
"drop_Golub_train_01"	"down"	6	"J05243_at"
"drop_Golub_train_01"	"down"	7	"M92287_at"
"drop_Golub_train_01"	"down"	8	"M31211_s_at"
"drop_Golub_train_01"	"down"	9	"J04615_at"
"drop_Golub_train_01"	"down"	10	"M91432_at"
"drop_Golub_train_01"	"down"	11	"X15414_at"
"drop_Golub_train_01"	"down"	12	"X59417_at"
"drop_Golub_train_01"	"down"	13	"M13792_at"
"drop_Golub_train_01"	"down"	14	"Z15115_at"
"drop_Golub_train_01"	"down"	15	"M31303_rna1_at"
"drop_Golub_train_01"	"down"	16	"X51521_at"
"drop_Golub_train_01"	"down"	17	"Z69881_at"
"drop_Golub_train_01"	"down"	18	"L07758_at"
"drop_Golub_train_01"	"down"	19	"U62136_at"
"drop_Golub_train_01"	"down"	20	"D38073_at"
"drop_Golub_train_01"	"absolute"	1	"M27891_at"
"drop_Golub_train_01"	"absolute"	2	"D88422_at"
"drop_Golub_train_01"	"absolute"	3	"X95735_at"
"drop_Golub_train_01"	"absolute"	4	"M84526_at"
"drop_Golub_train_01"	"absolute"	5	"U22376_cds2_s_at"
"drop_Golub_train_01"	"absolute"	6	"M23197_at"
"drop_Golub_train_01"	"absolute"	7	"M27783_s_at"
"drop_Golub_train_01"	"absolute"	8	"X74262_at"
"drop_Golub_train_01"	"absolute"	9	"HG1612-HT1612_at"
"drop_Golub_train_01"	"absolute"	10	"M28130_rna1_s_at"
"drop_Golub_train_01"	"absolute"	11	"L09209_s_at"
"drop_Golub_train_01"	"absolute"	12	"L47738_at"
"drop_Golub_train_01"	"absolute"	13	"U46499_at"
"drop_Golub_train_01"	"absolute"	14	"M31523_at"
"drop_Golub_train_01"	"absolute"	15	"X07743_at"
"drop_Golub_train_01"	"absolute"	16	"M16038_at"
"drop_Golub_train_01"	"absolute"	17	"X62320_at"
"drop_Golub_train_01"	"absolute"	18	"Y00787_s_at"
"drop_Golub_train_01"	"absolute"	19	"J05243_at"
"drop_Golub_train_01"	"absolute"	20	"M92287_at"
"drop_Golub_train_02"	"up"	1	"M27891_at"
"drop_Golub_train_02"	"up"	2	"D88422_at"
"drop_Golub_train_02"	"up"	3	"X95735_at"
"drop_Golub_train_02"	"up"	4	"M84526_at"
"drop_Golub_train_02"	"up"	5	"M27783_s_at"
"drop_Golub_train_02"	"up"	6	"M28130_rna1_s_at"
"drop_Golub_train_02"	"up"	7	"M23197_at"
"drop_Golub_train_02"	"up"	8	"Y00787_s_at"
"drop_Golub_train_02"	"up"	9	"U46499_at"
"drop_Golub_train_02"	"up"	10	"M16038_at"
"drop_Golub_train_02"	"up"	11	"X62320_at"
"drop_Golub_train_02"	"up"	12	"X07743_at"
"drop_Golub_train_02"	"up"	13	"U02020_at"
"drop_Golub_train_02"	"up"	14	"L09209_s_at"
"drop_Golub_train_02"	"up"	15	"M63138_at"
"drop_Golub_train_02"	"up"	16	"M83652_s_at"
"drop_Golub_train_02"	"up"	17	"M57731_s_at"
"drop_Golub_train_02"	"up"	18	"Y12670_at"
"drop_Golub_train_02"	"up"	19	"M98399_s_at"
"drop_Golub_train_02"	"up"	20	"U50136_rna1_at"
"drop_Golub_train_02"	"down"	1	"U22376_cds2_s_at"
"drop_Golub_train_02"	"down"	2	"X74262_at"
"drop_Golub_train_02"	"down"	3	"HG1612-HT1612_at"
"drop_Golub_train_02"	"down"	4	"M31523_at"
"drop_Golub_train_02"	"down"	5	"L47738_at"
"drop_Golub_train_02"	"down"	6	"M92287_at"
"drop_Golub_train_02"	"down"	7	"J05243_at"
"drop_Golub_train_02"	"down"	8	"M31211_s_at"
"drop_Golub_train_02"	"down"	9	"Z15115_at"
"drop_Golub_train_02"	"down"	10	"X15414_at"
"drop_Golub_train_02"	"down"	11	"J04615_at"
"drop_Golub_train_02"	"down"	12	"M91432_at"
"drop_Golub_train_02"	"down"	13	"M31303_rna1_at"
"drop_Golub_train_02"	"down"	14	"X59417_at"
"drop_Golub_train_02"	"down"	15	"M13792_at"
"drop_Golub_train_02"	"down"	16	"X51521_at"
"drop_Golub_train_02"	"down"	17	"L07758_at"
"drop_Golub_train_02"	"down"	18	"X76648_at"
"drop_Golub_train_02"	"down"	19	"D38073_at"
"drop_Golub_train_02"	"down"	20	"Z69881_at"
"drop_Golub_train_02"	"absolute"	1	"M27891_at"
"drop_Golub_train_02"	"absolute"	2	"D88422_at"
"drop_Golub_train_02"	"absolute"	3	"U22376_cds2_s_at"
"drop_Golub_train_02"	"absolute"	4	"X95735_at"
"drop_Golub_train_02"	"absolute"	5	"M84526_at"
"drop_Golub_train_02"	"absolute"	6	"M27783_s_at"
"drop_Golub_train_02"	"absolute"	7	"M28130_rna1_s_at"
"drop_Golub_train_02"	"absolute"	8	"M23197_at"
"drop_Golub_train_02"	"absolute"	9	"X74262_at"
"drop_Golub_train_02"	"absolute"	10	"HG1612-HT1612_at"
"drop_Golub_train_02"	"absolute"	11	"Y00787_s_at"
"drop_Golub_train_02"	"absolute"	12	"U46499_at"
"drop_Golub_train_02"	"absolute"	13	"M31523_at"
"drop_Golub_train_02"	"absolute"	14	"M16038_at"
"drop_Golub_train_02"	"absolute"	15	"X62320_at"
"drop_Golub_train_02"	"absolute"	16	"L47738_at"
"drop_Golub_train_02"	"absolute"	17	"X07743_at"
"drop_Golub_train_02"	"absolute"	18	"U02020_at"
"drop_Golub_train_02"	"absolute"	19	"M92287_at"
"drop_Golub_train_02"	"absolute"	20	"L09209_s_at"
"drop_Golub_train_03"	"up"	1	"M27891_at"
"drop_Golub_train_03"	"up"	2	"D88422_at"
"drop_Golub_train_03"	"up"	3	"X95735_at"
"drop_Golub_train_03"	"up"	4	"M84526_at"
"drop_Golub_train_03"	"up"	5	"M23197_at"
"drop_Golub_train_03"	"up"	6	"M27783_s_at"
"drop_Golub_train_03"	"up"	7	"M28130_rna1_s_at"
"drop_Golub_train_03"	"up"	8	"U46499_at"
"drop_Golub_train_03"	"up"	9	"M16038_at"
"drop_Golub_train_03"	"up"	10	"X07743_at"
"drop_Golub_train_03"	"up"	11	"X62320_at"
"drop_Golub_train_03"	"up"	12	"M63138_at"
"drop_Golub_train_03"	"up"	13	"Y00787_s_at"
"drop_Golub_train_03"	"up"	14	"L09209_s_at"
"drop_Golub_train_03"	"up"	15	"Y12670_at"
"drop_Golub_train_03"	"up"	16	"U50136_rna1_at"
"drop_Golub_train_03"	"up"	17	"U85767_at"
"drop_Golub_train_03"	"up"	18	"M83652_s_at"
"drop_Golub_train_03"	"up"	19	"X62654_rna1_at"
"drop_Golub_train_03"	"up"	20	"M98399_s_at"
"drop_Golub_train_03"	"down"	1	"U22376_cds2_s_at"
"drop_Golub_train_03"	"down"	2	"X74262_at"
"drop_Golub_train_03"	"down"	3	"M31523_at"
"drop_Golub_train_03"	"down"	4	"HG1612-HT1612_at"
"drop_Golub_train_03"	"down"	5	"L47738_at"
"drop_Golub_train_03"	"down"	6	"M92287_at"
"drop_Golub_train_03"	"down"	7	"J05243_at"
"drop_Golub_train_03"	"down"	8	"M31211_s_at"
"drop_Golub_train_03"	"down"	9	"J04615_at"
"drop_Golub_train_03"	"down"	10	"M91432_at"
"drop_Golub_train_03"	"down"	11	"X15414_at"
"drop_Golub_train_03"	"down"	12	"Z15115_at"
"drop_Golub_train_03"	"down"	13	"X59417_at"
"drop_Golub_train_03"	"down"	14	"M31303_rna1_at"
"drop_Golub_train_03"	"down"	15	"M13792_at"
"drop_Golub_train_03"	"down"	16	"X51521_at"
"drop_Golub_train_03"	"down"	17	"Z69881_at"
"drop_Golub_train_03"	"down"	18	"U62136_at"
"drop_Golub_train_03"	"down"	19	"L07758_at"
"drop_Golub_train_03"	"down"	20	"D38073_at"
"drop_Golub_train_03"	"absolute"	1	"M27891_at"
"drop_Golub_train_03"	"absolute"	2	"D88422_at"
"drop_Golub_train_03"	"absolute"	3	"X95735_at"
"drop_Golub_train_03"	"absolute"	4	"M84526_at"
"drop_Golub_train_03"	"absolute"	5	"M23197_at"
"drop_Golub_train_03"	"absolute"	6	"U22376_cds2_s_at"
"drop_Golub_train_03"	"absolute"	7	"M27783_s_at"
"drop_Golub_train_03"	"absolute"	8	"X74262_at"
"drop_Golub_train_03"	"absolute"	9	"M31523_at"
"drop_Golub_train_03"	"absolute"	10	"HG1612-HT1612_at"
"drop_Golub_train_03"	"absolute"	11	"M28130_rna1_s_at"
"drop_Golub_train_03"	"absolute"	12	"U46499_at"
"drop_Golub_train_03"	"absolute"	13	"M16038_at"
"drop_Golub_train_03"	"absolute"	14	"L47738_at"
"drop_Golub_train_03"	"absolute"	15	"X07743_at"
"drop_Golub_train_03"	"absolute"	16	"X62320_at"
"drop_Golub_train_03"	"absolute"	17	"M63138_at"
"drop_Golub_train_03"	"absolute"	18	"Y00787_s_at"
"drop_Golub_train_03"	"absolute"	19	"M92287_at"
"drop_Golub_train_03"	"absolute"	20	"J05243_at"
"drop_Golub_train_04"	"up"	1	"M27891_at"
"drop_Golub_train_04"	"up"	2	"D88422_at"
"drop_Golub_train_04"	"up"	3	"X95735_at"
"drop_Golub_train_04"	"up"	4	"M23197_at"
"drop_Golub_train_04"	"up"	5	"M84526_at"
"drop_Golub_train_04"	"up"	6	"M27783_s_at"
"drop_Golub_train_04"	"up"	7	"M16038_at"
"drop_Golub_train_04"	"up"	8	"M28130_rna1_s_at"
"drop_Golub_train_04"	"up"	9	"U46499_at"
"drop_Golub_train_04"	"up"	10	"X07743_at"
"drop_Golub_train_04"	"up"	11	"L09209_s_at"
"drop_Golub_train_04"	"up"	12	"X62320_at"
"drop_Golub_train_04"	"up"	13	"Y12670_at"
"drop_Golub_train_04"	"up"	14	"Y00787_s_at"
"drop_Golub_train_04"	"up"	15	"U85767_at"
"drop_Golub_train_04"	"up"	16	"M63138_at"
"drop_Golub_train_04"	"up"	17	"U50136_rna1_at"
"drop_Golub_train_04"	"up"	18	"M83652_s_at"
"drop_Golub_train_04"	"up"	19	"HG2981-HT3127_s_at"
"drop_Golub_train_04"	"up"	20	"M98399_s_at"
"drop_Golub_train_04"	"down"	1	"U22376_cds2_s_at"
"drop_Golub_train_04"	"down"	2	"X74262_at"
"drop_Golub_train_04"	"down"	3	"HG1612-HT1612_at"
"drop_Golub_train_04"	"down"	4	"L47738_at"
"drop_Golub_train_04"	"down"	5	"M31523_at"
"drop_Golub_train_04"	"down"	6	"J05243_at"
"drop_Golub_train_04"	"down"	7	"M92287_at"
"drop_Golub_train_04"	"down"	8	"M31211_s_at"
"drop_Golub_train_04"	"down"	9	"J04615_at"
"drop_Golub_train_04"	"down"	10	"X15414_at"
"drop_Golub_train_04"	"down"	11	"M91432_at"
"drop_Golub_train_04"	"down"	12	"X59417_at"
"drop_Golub_train_04"	"down"	13	"Z15115_at"
"drop_Golub_train_04"	"down"	14	"M31303_rna1_at"
"drop_Golub_train_04"	"down"	15	"M13792_at"
"drop_Golub_train_04"	"down"	16	"Z69881_at"
"drop_Golub_train_04"	"down"	17	"X51521_at"
"drop_Golub_train_04"	"down"	18	"U62136_at"
"drop_Golub_train_04"	"down"	19	"D26156_s_at"
"drop_Golub_train_04"	"down"	20	"D38073_at"
"drop_Golub_train_04"	"absolute"	1	"M27891_at"
"drop_Golub_train_04"	"absolute"	2	"D88422_at"
"drop_Golub_train_04"	"absolute"	3	"X95735_at"
"drop_Golub_train_04"	"absolute"	4	"M23197_at"
"drop_Golub_train_04"	"absolute"	5	"M84526_at"
"drop_Golub_train_04"	"absolute"	6	"M27783_s_at"
"drop_Golub_train_04"	"absolute"	7	"U22376_cds2_s_at"
"drop_Golub_train_04"	"absolute"	8	"X74262_at"
"drop_Golub_train_04"	"absolute"	9	"HG1612-HT1612_at"
"drop_Golub_train_04"	"absolute"	10	"M16038_at"
"drop_Golub_train_04"	"absolute"	11	"M28130_rna1_s_at"
"drop_Golub_train_04"	"absolute"	12	"U46499_at"
"drop_Golub_train_04"	"absolute"	13	"X07743_at"
"drop_Golub_train_04"	"absolute"	14	"L47738_at"
"drop_Golub_train_04"	"absolute"	15	"M31523_at"
"drop_Golub_train_04"	"absolute"	16	"L09209_s_at"
"drop_Golub_train_04"	"absolute"	17	"J05243_at"
"drop_Golub_train_04"	"absolute"	18	"X62320_at"
"drop_Golub_train_04"	"absolute"	19	"Y12670_at"
"drop_Golub_train_04"	"absolute"	20	"Y00787_s_at"
"drop_Golub_train_05"	"up"	1	"M27891_at"
"drop_Golub_train_05"	"up"	2	"D88422_at"
"drop_Golub_train_05"	"up"	3	"X95735_at"
"drop_Golub_train_05"	"up"	4	"M23197_at"
"drop_Golub_train_05"	"up"	5	"M84526_at"
"drop_Golub_train_05"	"up"	6	"M27783_s_at"
"drop_Golub_train_05"	"up"	7	"X07743_at"
"drop_Golub_train_05"	"up"	8	"M28130_rna1_s_at"
"drop_Golub_train_05"	"up"	9	"M16038_at"
"drop_Golub_train_05"	"up"	10	"X62320_at"
"drop_Golub_train_05"	"up"	11	"U46499_at"
"drop_Golub_train_05"	"up"	12	"L09209_s_at"
"drop_Golub_train_05"	"up"	13	"X62654_rna1_at"
"drop_Golub_train_05"	"up"	14	"Y00787_s_at"
"drop_Golub_train_05"	"up"	15	"M63138_at"
"drop_Golub_train_05"	"up"	16	"Y12670_at"
"drop_Golub_train_05"	"up"	17	"X16546_at"
"drop_Golub_train_05"	"up"	18	"M83652_s_at"
"drop_Golub_train_05"	"up"	19	"U50136_rna1_at"
"drop_Golub_train_05"	"up"	20	"U85767_at"
"drop_Golub_train_05"	"down"	1	"U22376_cds2_s_at"
"drop_Golub_train_05"	"down"	2	"HG1612-HT1612_at"
"drop_Golub_train_05"	"down"	3	"X74262_at"
"drop_Golub_train_05"	"down"	4	"L47738_at"
"drop_Golub_train_05"	"down"	5	"M31523_at"
"drop_Golub_train_05"	"down"	6	"J05243_at"
"drop_Golub_train_05"	"down"	7	"M92287_at"
"drop_Golub_train_05"	"down"	8	"M31211_s_at"
"drop_Golub_train_05"	"down"	9	"J04615_at"
"drop_Golub_train_05"	"down"	10	"M91432_at"
"drop_Golub_train_05"	"down"	11	"X15414_at"
"drop_Golub_train_05"	"down"	12	"M13792_at"
"drop_Golub_train_05"	"down"	13	"Z15115_at"
"drop_Golub_train_05"	"down"	14	"X59417_at"
"drop_Golub_train_05"	"down"	15	"M31303_rna1_at"
"drop_Golub_train_05"	"down"	16	"X51521_at"
"drop_Golub_train_05"	"down"	17	"Z69881_at"
"drop_Golub_train_05"	"down"	18	"L07758_at"
"drop_Golub_train_05"	"down"	19	"U62136_at"
"drop_Golub_train_05"	"down"	20	"D38073_at"
"drop_Golub_train_05"	"absolute"	1	"M27891_at"
"drop_Golub_train_05"	"absolute"	2	"D88422_at"
"drop_Golub_train_05"	"absolute"	3	"X95735_at"
"drop_Golub_train_05"	"absolute"	4	"M23197_at"
"drop_Golub_train_05"	"absolute"	5	"M84526_at"
"drop_Golub_train_05"	"absolute"	6	"M27783_s_at"
"drop_Golub_train_05"	"absolute"	7	"U22376_cds2_s_at"
"drop_Golub_train_05"	"absolute"	8	"HG1612-HT1612_at"
"drop_Golub_train_05"	"absolute"	9	"X74262_at"
"drop_Golub_train_05"	"absolute"	10	"X07743_at"
"drop_Golub_train_05"	"absolute"	11	"M28130_rna1_s_at"
"drop_Golub_train_05"	"absolute"	12	"M16038_at"
"drop_Golub_train_05"	"absolute"	13	"X62320_at"
"drop_Golub_train_05"	"absolute"	14	"U46499_at"
"drop_Golub_train_05"	"absolute"	15	"L47738_at"
"drop_Golub_train_05"	"absolute"	16	"L09209_s_at"
"drop_Golub_train_05"	"absolute"	17	"M31523_at"
"drop_Golub_train_05"	"absolute"	18	"J05243_at"
"drop_Golub_train_05"	"absolute"	19	"X62654_rna1_at"
"drop_Golub_train_05"	"absolute"	20	"M92287_at"
"drop_Golub_train_06"	"up"	1	"M27891_at"
"drop_Golub_train_06"	"up"	2	"D88422_at"
"drop_Golub_train_06"	"up"	3	"X95735_at"
"drop_Golub_train_06"	"up"	4	"M84526_at"
"drop_Golub_train_06"	"up"	5	"M27783_s_at"
"drop_Golub_train_06"	"up"	6	"M23197_at"
"drop_Golub_train_06"	"up"	7	"M28130_rna1_s_at"
"drop_Golub_train_06"	"up"	8	"U46499_at"
"drop_Golub_train_06"	"up"	9	"X62320_at"
"drop_Golub_train_06"	"up"	10	"M16038_at"
"drop_Golub_train_06"	"up"	11	"X07743_at"
"drop_Golub_train_06"	"up"	12	"M83652_s_at"
"drop_Golub_train_06"	"up"	13	"M63138_at"
"drop_Golub_train_06"	"up"	14	"Y00787_s_at"
"drop_Golub_train_06"	"up"	15	"L09209_s_at"
"drop_Golub_train_06"	"up"	16	"Y12670_at"
"drop_Golub_train_06"	"up"	17	"U50136_rna1_at"
"drop_Golub_train_06"	"up"	18	"U85767_at"
"drop_Golub_train_06"	"up"	19	"M98399_s_at"
"drop_Golub_train_06"	"up"	20	"M57731_s_at"
"drop_Golub_train_06"	"down"	1	"U22376_cds2_s_at"
"drop_Golub_train_06"	"down"	2	"X74262_at"
"drop_Golub_train_06"	"down"	3	"HG1612-HT1612_at"
"drop_Golub_train_06"	"down"	4	"M31523_at"
"drop_Golub_train_06"	"down"	5	"L47738_at"
"drop_Golub_train_06"	"down"	6	"J05243_at"
"drop_Golub_train_06"	"down"	7	"M92287_at"
"drop_Golub_train_06"	"down"	8	"M31211_s_at"
"drop_Golub_train_06"	"down"	9	"M91432_at"
"drop_Golub_train_06"	"down"	10	"J04615_at"
"drop_Golub_train_06"	"down"	11	"Z15115_at"
"drop_Golub_train_06"	"down"	12	"X15414_at"
"drop_Golub_train_06"	"down"	13	"M13792_at"
"drop_Golub_train_06"	"down"	14	"X59417_at"
"drop_Golub_train_06"	"down"	15	"M31303_rna1_at"
"drop_Golub_train_06"	"down"	16	"X51521_at"
"drop_Golub_train_06"	"down"	17	"Z69881_at"
"drop_Golub_train_06"	"down"	18	"L07758_at"
"drop_Golub_train_06"	"down"	19	"U72936_s_at"
"drop_Golub_train_06"	"down"	20	"U32944_at"
"drop_Golub_train_06"	"absolute"	1	"M27891_at"
"drop_Golub_train_06"	"absolute"	2	"D88422_at"
"drop_Golub_train_06"	"absolute"	3	"X95735_at"
"drop_Golub_train_06"	"absolute"	4	"M84526_at"
"drop_Golub_train_06"	"absolute"	5	"M27783_s_at"
"drop_Golub_train_06"	"absolute"	6	"U22376_cds2_s_at"
"drop_Golub_train_06"	"absolute"	7	"M23197_at"
"drop_Golub_train_06"	"absolute"	8	"X74262_at"
"drop_Golub_train_06"	"absolute"	9	"HG1612-HT1612_at"
"drop_Golub_train_06"	"absolute"	10	"M28130_rna1_s_at"
"drop_Golub_train_06"	"absolute"	11	"U46499_at"
"drop_Golub_train_06"	"absolute"	12	"M31523_at"
"drop_Golub_train_06"	"absolute"	13	"X62320_at"
"drop_Golub_train_06"	"absolute"	14	"L47738_at"
"drop_Golub_train_06"	"absolute"	15	"M16038_at"
"drop_Golub_train_06"	"absolute"	16	"X07743_at"
"drop_Golub_train_06"	"absolute"	17	"M83652_s_at"
"drop_Golub_train_06"	"absolute"	18	"J05243_at"
"drop_Golub_train_06"	"absolute"	19	"M63138_at"
"drop_Golub_train_06"	"absolute"	20	"Y00787_s_at"
"drop_Golub_train_07"	"up"	1	"M27891_at"
"drop_Golub_train_07"	"up"	2	"D88422_at"
"drop_Golub_train_07"	"up"	3	"X95735_at"
"drop_Golub_train_07"	"up"	4	"M84526_at"
"drop_Golub_train_07"	"up"	5	"M27783_s_at"
"drop_Golub_train_07"	"up"	6	"M23197_at"
"drop_Golub_train_07"	"up"	7	"M28130_rna1_s_at"
"drop_Golub_train_07"	"up"	8	"U46499_at"
"drop_Golub_train_07"	"up"	9	"M63138_at"
"drop_Golub_train_07"	"up"	10	"X62320_at"
"drop_Golub_train_07"	"up"	11	"M16038_at"
"drop_Golub_train_07"	"up"	12	"X07743_at"
"drop_Golub_train_07"	"up"	13	"Y00787_s_at"
"drop_Golub_train_07"	"up"	14	"L09209_s_at"
"drop_Golub_train_07"	"up"	15	"Y12670_at"
"drop_Golub_train_07"	"up"	16	"M83652_s_at"
"drop_Golub_train_07"	"up"	17	"U50136_rna1_at"
"drop_Golub_train_07"	"up"	18	"U85767_at"
"drop_Golub_train_07"	"up"	19	"M98399_s_at"
"drop_Golub_train_07"	"up"	20	"M57731_s_at"
"drop_Golub_train_07"	"down"	1	"J04615_at"
"drop_Golub_train_07"	"down"	2	"U22376_cds2_s_at"
"drop_Golub_train_07"	"down"	3	"X74262_at"
"drop_Golub_train_07"	"down"	4	"L47738_at"
"drop_Golub_train_07"	"down"	5	"HG1612-HT1612_at"
"drop_Golub_train_07"	"down"	6	"M31523_at"
"drop_Golub_train_07"	"down"	7	"J05243_at"
"drop_Golub_train_07"	"down"	8	"M31211_s_at"
"drop_Golub_train_07"	"down"	9	"M92287_at"
"drop_Golub_train_07"	"down"	10	"X15414_at"
"drop_Golub_train_07"	"down"	11	"M91432_at"
"drop_Golub_train_07"	"down"	12	"X59417_at"
"drop_Golub_train_07"	"down"	13	"Z15115_at"
"drop_Golub_train_07"	"down"	14	"M31303_rna1_at"
"drop_Golub_train_07"	"down"	15	"Z69881_at"
"drop_Golub_train_07"	"down"	16	"M13792_at"
"drop_Golub_train_07"	"down"	17	"U62136_at"
"drop_Golub_train_07"	"down"	18	"L07758_at"
"drop_Golub_train_07"	"down"	19	"X51521_at"
"drop_Golub_train_07"	"down"	20	"D26156_s_at"
"drop_Golub_train_07"	"absolute"	1	"M27891_at"
"drop_Golub_train_07"	"absolute"	2	"D88422_at"
"drop_Golub_train_07"	"absolute"	3	"X95735_at"
"drop_Golub_train_07"	"absolute"	4	"J04615_at"
"drop_Golub_train_07"	"absolute"	5	"M84526_at"
"drop_Golub_train_07"	"absolute"	6	"M27783_s_at"
"drop_Golub_train_07"	"absolute"	7	"U22376_cds2_s_at"
"drop_Golub_train_07"	"absolute"	8	"M23197_at"
"drop_Golub_train_07"	"absolute"	9	"X74262_at"
"drop_Golub_train_07"	"absolute"	10	"L47738_at"
"drop_Golub_train_07"	"absolute"	11	"HG1612-HT1612_at"
"drop_Golub_train_07"	"absolute"	12	"M28130_rna1_s_at"
"drop_Golub_train_07"	"absolute"	13	"U46499_at"
"drop_Golub_train_07"	"absolute"	14	"M31523_at"
"drop_Golub_train_07"	"absolute"	15	"M63138_at"
"drop_Golub_train_07"	"absolute"	16	"X62320_at"
"drop_Golub_train_07"	"absolute"	17	"J05243_at"
"drop_Golub_train_07"	"absolute"	18	"M16038_at"
"drop_Golub_train_07"	"absolute"	19	"X07743_at"
"drop_Golub_train_07"	"absolute"	20	"Y00787_s_at"
"drop_Golub_train_08"	"up"	1	"M27891_at"
"drop_Golub_train_08"	"up"	2	"D88422_at"
"drop_Golub_train_08"	"up"	3	"X95735_at"
"drop_Golub_train_08"	"up"	4	"M84526_at"
"drop_Golub_train_08"	"up"	5	"M23197_at"
"drop_Golub_train_08"	"up"	6	"M27783_s_at"
"drop_Golub_train_08"	"up"	7	"M28130_rna1_s_at"
"drop_Golub_train_08"	"up"	8	"U46499_at"
"drop_Golub_train_08"	"up"	9	"X62320_at"
"drop_Golub_train_08"	"up"	10	"X07743_at"
"drop_Golub_train_08"	"up"	11	"M16038_at"
"drop_Golub_train_08"	"up"	12	"U50136_rna1_at"
"drop_Golub_train_08"	"up"	13	"L09209_s_at"
"drop_Golub_train_08"	"up"	14	"Y00787_s_at"
"drop_Golub_train_08"	"up"	15	"Y12670_at"
"drop_Golub_train_08"	"up"	16	"M63138_at"
"drop_Golub_train_08"	"up"	17	"U85767_at"
"drop_Golub_train_08"	"up"	18	"M54995_at"
"drop_Golub_train_08"	"up"	19	"M83652_s_at"
"drop_Golub_train_08"	"up"	20	"M22324_at"
"drop_Golub_train_08"	"down"	1	"U22376_cds2_s_at"
"drop_Golub_train_08"	"down"	2	"X74262_at"
"drop_Golub_train_08"	"down"	3	"HG1612-HT1612_at"
"drop_Golub_train_08"	"down"	4	"M31523_at"
"drop_Golub_train_08"	"down"	5	"L47738_at"
"drop_Golub_train_08"	"down"	6	"M31211_s_at"
"drop_Golub_train_08"	"down"	7	"M92287_at"
"drop_Golub_train_08"	"down"	8	"J05243_at"
"drop_Golub_train_08"	"down"	9	"J04615_at"
"drop_Golub_train_08"	"down"	10	"X59417_at"
"drop_Golub_train_08"	"down"	11	"M91432_at"
"drop_Golub_train_08"	"down"	12	"X15414_at"
"drop_Golub_train_08"	"down"	13	"M13792_at"
"drop_Golub_train_08"	"down"	14	"U26266_s_at"
"drop_Golub_train_08"	"down"	15	"Z15115_at"
"drop_Golub_train_08"	"down"	16	"D38073_at"
"drop_Golub_train_08"	"down"	17	"M31303_rna1_at"
"drop_Golub_train_08"	"down"	18	"X51521_at"
"drop_Golub_train_08"	"down"	19	"L07758_at"
"drop_Golub_train_08"	"down"	20	"U62136_at"
"drop_Golub_train_08"	"absolute"	1	"M27891_at"
"drop_Golub_train_08"	"absolute"	2	"D88422_at"
"drop_Golub_train_08"	"absolute"	3	"X95735_at"
"drop_Golub_train_08"	"absolute"	4	"M84526_at"
"drop_Golub_train_08"	"absolute"	5	"M23197_at"
"drop_Golub_train_08"	"absolute"	6	"M27783_s_at"
"drop_Golub_train_08"	"absolute"	7	"U22376_cds2_s_at"
"drop_Golub_train_08"	"absolute"	8	"X74262_at"
"drop_Golub_train_08"	"absolute"	9	"HG1612-HT1612_at"
"drop_Golub_train_08"	"absolute"	10	"M28130_rna1_s_at"
"drop_Golub_train_08"	"absolute"	11	"U46499_at"
"drop_Golub_train_08"	"absolute"	12	"M31523_at"
"drop_Golub_train_08"	"absolute"	13	"L47738_at"
"drop_Golub_train_08"	"absolute"	14	"X62320_at"
"drop_Golub_train_08"	"absolute"	15	"X07743_at"
"drop_Golub_train_08"	"absolute"	16	"M31211_s_at"
"drop_Golub_train_08"	"absolute"	17	"M16038_at"
"drop_Golub_train_08"	"absolute"	18	"U50136_rna1_at"
"drop_Golub_train_08"	"absolute"	19	"L09209_s_at"
"drop_Golub_train_08"	"absolute"	20	"Y00787_s_at"
"drop_Golub_train_09"	"up"	1	"M27891_at"
"drop_Golub_train_09"	"up"	2	"D88422_at"
"drop_Golub_train_09"	"up"	3	"X95735_at"
"drop_Golub_train_09"	"up"	4	"M84526_at"
"drop_Golub_train_09"	"up"	5	"M27783_s_at"
"drop_Golub_train_09"	"up"	6	"M23197_at"
"drop_Golub_train_09"	"up"	7	"M28130_rna1_s_at"
"drop_Golub_train_09"	"up"	8	"U46499_at"
"drop_Golub_train_09"	"up"	9	"X62320_at"
"drop_Golub_train_09"	"up"	10	"X07743_at"
"drop_Golub_train_09"	"up"	11	"M16038_at"
"drop_Golub_train_09"	"up"	12	"Y00787_s_at"
"drop_Golub_train_09"	"up"	13	"M83652_s_at"
"drop_Golub_train_09"	"up"	14	"M63138_at"
"drop_Golub_train_09"	"up"	15	"U85767_at"
"drop_Golub_train_09"	"up"	16	"L09209_s_at"
"drop_Golub_train_09"	"up"	17	"Y12670_at"
"drop_Golub_train_09"	"up"	18	"U50136_rna1_at"
"drop_Golub_train_09"	"up"	19	"M98399_s_at"
"drop_Golub_train_09"	"up"	20	"HG2981-HT3127_s_at"
"drop_Golub_train_09"	"down"	1	"U22376_cds2_s_at"
"drop_Golub_train_09"	"down"	2	"X74262_at"
"drop_Golub_train_09"	"down"	3	"HG1612-HT1612_at"
"drop_Golub_train_09"	"down"	4	"M31523_at"
"drop_Golub_train_09"	"down"	5	"L47738_at"
"drop_Golub_train_09"	"down"	6	"J05243_at"
"drop_Golub_train_09"	"down"	7	"M92287_at"
"drop_Golub_train_09"	"down"	8	"M31211_s_at"
"drop_Golub_train_09"	"down"	9	"J04615_at"
"drop_Golub_train_09"	"down"	10	"X15414_at"
"drop_Golub_train_09"	"down"	11	"M91432_at"
"drop_Golub_train_09"	"down"	12	"Z15115_at"
"drop_Golub_train_09"	"down"	13	"X59417_at"
"drop_Golub_train_09"	"down"	14	"M31303_rna1_at"
"drop_Golub_train_09"	"down"	15	"M13792_at"
"drop_Golub_train_09"	"down"	16	"X51521_at"
"drop_Golub_train_09"	"down"	17	"X70394_at"
"drop_Golub_train_09"	"down"	18	"Z69881_at"
"drop_Golub_train_09"	"down"	19	"L07758_at"
"drop_Golub_train_09"	"down"	20	"U62136_at"
"drop_Golub_train_09"	"absolute"	1	"M27891_at"
"drop_Golub_train_09"	"absolute"	2	"D88422_at"
"drop_Golub_train_09"	"absolute"	3	"X95735_at"
"drop_Golub_train_09"	"absolute"	4	"M84526_at"
"drop_Golub_train_09"	"absolute"	5	"U22376_cds2_s_at"
"drop_Golub_train_09"	"absolute"	6	"M27783_s_at"
"drop_Golub_train_09"	"absolute"	7	"M23197_at"
"drop_Golub_train_09"	"absolute"	8	"X74262_at"
"drop_Golub_train_09"	"absolute"	9	"HG1612-HT1612_at"
"drop_Golub_train_09"	"absolute"	10	"M28130_rna1_s_at"
"drop_Golub_train_09"	"absolute"	11	"U46499_at"
"drop_Golub_train_09"	"absolute"	12	"M31523_at"
"drop_Golub_train_09"	"absolute"	13	"X62320_at"
"drop_Golub_train_09"	"absolute"	14	"L47738_at"
"drop_Golub_train_09"	"absolute"	15	"X07743_at"
"drop_Golub_train_09"	"absolute"	16	"M16038_at"
"drop_Golub_train_09"	"absolute"	17	"Y00787_s_at"
"drop_Golub_train_09"	"absolute"	18	"J05243_at"
"drop_Golub_train_09"	"absolute"	19	"M83652_s_at"
"drop_Golub_train_09"	"absolute"	20	"M63138_at"
"drop_Golub_train_10"	"up"	1	"M27891_at"
"drop_Golub_train_10"	"up"	2	"D88422_at"
"drop_Golub_train_10"	"up"	3	"X95735_at"
"drop_Golub_train_10"	"up"	4	"M27783_s_at"
"drop_Golub_train_10"	"up"	5	"M84526_at"
"drop_Golub_train_10"	"up"	6	"M23197_at"
"drop_Golub_train_10"	"up"	7	"M28130_rna1_s_at"
"drop_Golub_train_10"	"up"	8	"U46499_at"
"drop_Golub_train_10"	"up"	9	"X62320_at"
"drop_Golub_train_10"	"up"	10	"X07743_at"
"drop_Golub_train_10"	"up"	11	"Y00787_s_at"
"drop_Golub_train_10"	"up"	12	"M16038_at"
"drop_Golub_train_10"	"up"	13	"M63138_at"
"drop_Golub_train_10"	"up"	14	"L09209_s_at"
"drop_Golub_train_10"	"up"	15	"U50136_rna1_at"
"drop_Golub_train_10"	"up"	16	"Y12670_at"
"drop_Golub_train_10"	"up"	17	"U85767_at"
"drop_Golub_train_10"	"up"	18	"M83652_s_at"
"drop_Golub_train_10"	"up"	19	"U02020_at"
"drop_Golub_train_10"	"up"	20	"M98399_s_at"
"drop_Golub_train_10"	"down"	1	"U22376_cds2_s_at"
"drop_Golub_train_10"	"down"	2	"X74262_at"
"drop_Golub_train_10"	"down"	3	"HG1612-HT1612_at"
"drop_Golub_train_10"	"down"	4	"M31523_at"
"drop_Golub_train_10"	"down"	5	"L47738_at"
"drop_Golub_train_10"	"down"	6	"J05243_at"
"drop_Golub_train_10"	"down"	7	"M92287_at"
"drop_Golub_train_10"	"down"	8	"M31211_s_at"
"drop_Golub_train_10"	"down"	9	"Z15115_at"
"drop_Golub_train_10"	"down"	10	"M91432_at"
"drop_Golub_train_10"	"down"	11	"J04615_at"
"drop_Golub_train_10"	"down"	12	"X15414_at"
"drop_Golub_train_10"	"down"	13	"U72936_s_at"
"drop_Golub_train_10"	"down"	14	"X59417_at"
"drop_Golub_train_10"	"down"	15	"M31303_rna1_at"
"drop_Golub_train_10"	"down"	16	"M13792_at"
"drop_Golub_train_10"	"down"	17	"U90552_s_at"
"drop_Golub_train_10"	"down"	18	"X51521_at"
"drop_Golub_train_10"	"down"	19	"Z69881_at"
"drop_Golub_train_10"	"down"	20	"X70394_at"
"drop_Golub_train_10"	"absolute"	1	"M27891_at"
"drop_Golub_train_10"	"absolute"	2	"D88422_at"
"drop_Golub_train_10"	"absolute"	3	"X95735_at"
"drop_Golub_train_10"	"absolute"	4	"M27783_s_at"
"drop_Golub_train_10"	"absolute"	5	"U22376_cds2_s_at"
"drop_Golub_train_10"	"absolute"	6	"M84526_at"
"drop_Golub_train_10"	"absolute"	7	"M23197_at"
"drop_Golub_train_10"	"absolute"	8	"X74262_at"
"drop_Golub_train_10"	"absolute"	9	"HG1612-HT1612_at"
"drop_Golub_train_10"	"absolute"	10	"M31523_at"
"drop_Golub_train_10"	"absolute"	11	"M28130_rna1_s_at"
"drop_Golub_train_10"	"absolute"	12	"U46499_at"
"drop_Golub_train_10"	"absolute"	13	"X62320_at"
"drop_Golub_train_10"	"absolute"	14	"L47738_at"
"drop_Golub_train_10"	"absolute"	15	"X07743_at"
"drop_Golub_train_10"	"absolute"	16	"Y00787_s_at"
"drop_Golub_train_10"	"absolute"	17	"M16038_at"
"drop_Golub_train_10"	"absolute"	18	"J05243_at"
"drop_Golub_train_10"	"absolute"	19	"M63138_at"
"drop_Golub_train_10"	"absolute"	20	"M92287_at"
"drop_Golub_train_11"	"up"	1	"M27891_at"
"drop_Golub_train_11"	"up"	2	"D88422_at"
"drop_Golub_train_11"	"up"	3	"X95735_at"
"drop_Golub_train_11"	"up"	4	"M84526_at"
"drop_Golub_train_11"	"up"	5	"M27783_s_at"
"drop_Golub_train_11"	"up"	6	"M23197_at"
"drop_Golub_train_11"	"up"	7	"M28130_rna1_s_at"
"drop_Golub_train_11"	"up"	8	"U46499_at"
"drop_Golub_train_11"	"up"	9	"Y00787_s_at"
"drop_Golub_train_11"	"up"	10	"M16038_at"
"drop_Golub_train_11"	"up"	11	"X07743_at"
"drop_Golub_train_11"	"up"	12	"X62320_at"
"drop_Golub_train_11"	"up"	13	"M63138_at"
"drop_Golub_train_11"	"up"	14	"L09209_s_at"
"drop_Golub_train_11"	"up"	15	"Y12670_at"
"drop_Golub_train_11"	"up"	16	"U85767_at"
"drop_Golub_train_11"	"up"	17	"U50136_rna1_at"
"drop_Golub_train_11"	"up"	18	"M83652_s_at"
"drop_Golub_train_11"	"up"	19	"M98399_s_at"
"drop_Golub_train_11"	"up"	20	"U02020_at"
"drop_Golub_train_11"	"down"	1	"U22376_cds2_s_at"
"drop_Golub_train_11"	"down"	2	"X74262_at"
"drop_Golub_train_11"	"down"	3	"HG1612-HT1612_at"
"drop_Golub_train_11"	"down"	4	"M31523_at"
"drop_Golub_train_11"	"down"	5	"L47738_at"
"drop_Golub_train_11"	"down"	6	"J05243_at"
"drop_Golub_train_11"	"down"	7	"M92287_at"
"drop_Golub_train_11"	"down"	8	"M31211_s_at"
"drop_Golub_train_11"	"down"	9	"M91432_at"
"drop_Golub_train_11"	"down"	10	"J04615_at"
"drop_Golub_train_11"	"down"	11	"X15414_at"
"drop_Golub_train_11"	"down"	12	"Z15115_at"
"drop_Golub_train_11"	"down"	13	"X59417_at"
"drop_Golub_train_11"	"down"	14	"U62136_at"
"drop_Golub_train_11"	"down"	15	"M31303_rna1_at"
"drop_Golub_train_11"	"down"	16	"M13792_at"
"drop_Golub_train_11"	"down"	17	"X51521_at"
"drop_Golub_train_11"	"down"	18	"U32944_at"
"drop_Golub_train_11"	"down"	19	"Z69881_at"
"drop_Golub_train_11"	"down"	20	"U72936_s_at"
"drop_Golub_train_11"	"absolute"	1	"M27891_at"
"drop_Golub_train_11"	"absolute"	2	"D88422_at"
"drop_Golub_train_11"	"absolute"	3	"X95735_at"
"drop_Golub_train_11"	"absolute"	4	"M84526_at"
"drop_Golub_train_11"	"absolute"	5	"U22376_cds2_s_at"
"drop_Golub_train_11"	"absolute"	6	"M27783_s_at"
"drop_Golub_train_11"	"absolute"	7	"M23197_at"
"drop_Golub_train_11"	"absolute"	8	"X74262_at"
"drop_Golub_train_11"	"absolute"	9	"HG1612-HT1612_at"
"drop_Golub_train_11"	"absolute"	10	"M28130_rna1_s_at"
"drop_Golub_train_11"	"absolute"	11	"M31523_at"
"drop_Golub_train_11"	"absolute"	12	"U46499_at"
"drop_Golub_train_11"	"absolute"	13	"Y00787_s_at"
"drop_Golub_train_11"	"absolute"	14	"M16038_at"
"drop_Golub_train_11"	"absolute"	15	"L47738_at"
"drop_Golub_train_11"	"absolute"	16	"X07743_at"
"drop_Golub_train_11"	"absolute"	17	"X62320_at"
"drop_Golub_train_11"	"absolute"	18	"J05243_at"
"drop_Golub_train_11"	"absolute"	19	"M92287_at"
"drop_Golub_train_11"	"absolute"	20	"M63138_at"
"drop_Golub_train_12"	"up"	1	"M27891_at"
"drop_Golub_train_12"	"up"	2	"D88422_at"
"drop_Golub_train_12"	"up"	3	"X95735_at"
"drop_Golub_train_12"	"up"	4	"M23197_at"
"drop_Golub_train_12"	"up"	5	"M28130_rna1_s_at"
"drop_Golub_train_12"	"up"	6	"M84526_at"
"drop_Golub_train_12"	"up"	7	"M27783_s_at"
"drop_Golub_train_12"	"up"	8	"X07743_at"
"drop_Golub_train_12"	"up"	9	"Y00787_s_at"
"drop_Golub_train_12"	"up"	10	"U46499_at"
"drop_Golub_train_12"	"up"	11	"M16038_at"
"drop_Golub_train_12"	"up"	12	"M63138_at"
"drop_Golub_train_12"	"up"	13	"X62320_at"
"drop_Golub_train_12"	"up"	14	"X90858_at"
"drop_Golub_train_12"	"up"	15	"M80254_at"
"drop_Golub_train_12"	"up"	16	"M83652_s_at"
"drop_Golub_train_12"	"up"	17	"L09209_s_at"
"drop_Golub_train_12"	"up"	18	"U50136_rna1_at"
"drop_Golub_train_12"	"up"	19	"Y12670_at"
"drop_Golub_train_12"	"up"	20	"U02020_at"
"drop_Golub_train_12"	"down"	1	"U22376_cds2_s_at"
"drop_Golub_train_12"	"down"	2	"X74262_at"
"drop_Golub_train_12"	"down"	3	"L47738_at"
"drop_Golub_train_12"	"down"	4	"HG1612-HT1612_at"
"drop_Golub_train_12"	"down"	5	"M91432_at"
"drop_Golub_train_12"	"down"	6	"J05243_at"
"drop_Golub_train_12"	"down"	7	"M31523_at"
"drop_Golub_train_12"	"down"	8	"M92287_at"
"drop_Golub_train_12"	"down"	9	"M31211_s_at"
"drop_Golub_train_12"	"down"	10	"X59417_at"
"drop_Golub_train_12"	"down"	11	"J04615_at"
"drop_Golub_train_12"	"down"	12	"X15414_at"
"drop_Golub_train_12"	"down"	13	"Z15115_at"
"drop_Golub_train_12"	"down"	14	"L25931_s_at"
"drop_Golub_train_12"	"down"	15	"L07758_at"
"drop_Golub_train_12"	"down"	16	"M13792_at"
"drop_Golub_train_12"	"down"	17	"X76648_at"
"drop_Golub_train_12"	"down"	18	"Z69881_at"
"drop_Golub_train_12"	"down"	19	"M31303_rna1_at"
"drop_Golub_train_12"	"down"	20	"U72936_s_at"
"drop_Golub_train_12"	"absolute"	1	"M27891_at"
"drop_Golub_train_12"	"absolute"	2	"D88422_at"
"drop_Golub_train_12"	"absolute"	3	"U22376_cds2_s_at"
"drop_Golub_train_12"	"absolute"	4	"X95735_at"
"drop_Golub_train_12"	"absolute"	5	"X74262_at"
"drop_Golub_train_12"	"absolute"	6	"M23197_at"
"drop_Golub_train_12"	"absolute"	7	"M28130_rna1_s_at"
"drop_Golub_train_12"	"absolute"	8	"M84526_at"
"drop_Golub_train_12"	"absolute"	9	"M27783_s_at"
"drop_Golub_train_12"	"absolute"	10	"L47738_at"
"drop_Golub_train_12"	"absolute"	11	"X07743_at"
"drop_Golub_train_12"	"absolute"	12	"Y00787_s_at"
"drop_Golub_train_12"	"absolute"	13	"HG1612-HT1612_at"
"drop_Golub_train_12"	"absolute"	14	"M91432_at"
"drop_Golub_train_12"	"absolute"	15	"J05243_at"
"drop_Golub_train_12"	"absolute"	16	"U46499_at"
"drop_Golub_train_12"	"absolute"	17	"M31523_at"
"drop_Golub_train_12"	"absolute"	18	"M16038_at"
"drop_Golub_train_12"	"absolute"	19	"M63138_at"
"drop_Golub_train_12"	"absolute"	20	"X62320_at"
"drop_Golub_train_13"	"up"	1	"M27891_at"
"drop_Golub_train_13"	"up"	2	"D88422_at"
"drop_Golub_train_13"	"up"	3	"X95735_at"
"drop_Golub_train_13"	"up"	4	"M84526_at"
"drop_Golub_train_13"	"up"	5	"M27783_s_at"
"drop_Golub_train_13"	"up"	6	"M23197_at"
"drop_Golub_train_13"	"up"	7	"M28130_rna1_s_at"
"drop_Golub_train_13"	"up"	8	"U46499_at"
"drop_Golub_train_13"	"up"	9	"X07743_at"
"drop_Golub_train_13"	"up"	10	"X62320_at"
"drop_Golub_train_13"	"up"	11	"L09209_s_at"
"drop_Golub_train_13"	"up"	12	"M16038_at"
"drop_Golub_train_13"	"up"	13	"M63138_at"
"drop_Golub_train_13"	"up"	14	"Y00787_s_at"
"drop_Golub_train_13"	"up"	15	"Y12670_at"
"drop_Golub_train_13"	"up"	16	"U50136_rna1_at"
"drop_Golub_train_13"	"up"	17	"U85767_at"
"drop_Golub_train_13"	"up"	18	"M83652_s_at"
"drop_Golub_train_13"	"up"	19	"M98399_s_at"
"drop_Golub_train_13"	"up"	20	"M57731_s_at"
"drop_Golub_train_13"	"down"	1	"U22376_cds2_s_at"
"drop_Golub_train_13"	"down"	2	"X74262_at"
"drop_Golub_train_13"	"down"	3	"HG1612-HT1612_at"
"drop_Golub_train_13"	"down"	4	"L47738_at"
"drop_Golub_train_13"	"down"	5	"M31523_at"
"drop_Golub_train_13"	"down"	6	"M92287_at"
"drop_Golub_train_13"	"down"	7	"J05243_at"
"drop_Golub_train_13"	"down"	8	"M31211_s_at"
"drop_Golub_train_13"	"down"	9	"J04615_at"
"drop_Golub_train_13"	"down"	10	"M91432_at"
"drop_Golub_train_13"	"down"	11	"X15414_at"
"drop_Golub_train_13"	"down"	12	"X59417_at"
"drop_Golub_train_13"	"down"	13	"M13792_at"
"drop_Golub_train_13"	"down"	14	"Z15115_at"
"drop_Golub_train_13"	"down"	15	"M31303_rna1_at"
"drop_Golub_train_13"	"down"	16	"X51521_at"
"drop_Golub_train_13"	"down"	17	"U72936_s_at"
"drop_Golub_train_13"	"down"	18	"Z69881_at"
"drop_Golub_train_13"	"down"	19	"L07758_at"
"drop_Golub_train_13"	"down"	20	"D38073_at"
"drop_Golub_train_13"	"absolute"	1	"M27891_at"
"drop_Golub_train_13"	"absolute"	2	"D88422_at"
"drop_Golub_train_13"	"absolute"	3	"X95735_at"
"drop_Golub_train_13"	"absolute"	4	"M84526_at"
"drop_Golub_train_13"	"absolute"	5	"M27783_s_at"
"drop_Golub_train_13"	"absolute"	6	"U22376_cds2_s_at"
"drop_Golub_train_13"	"absolute"	7	"M23197_at"
"drop_Golub_train_13"	"absolute"	8	"X74262_at"
"drop_Golub_train_13"	"absolute"	9	"HG1612-HT1612_at"
"drop_Golub_train_13"	"absolute"	10	"M28130_rna1_s_at"
"drop_Golub_train_13"	"absolute"	11	"L47738_at"
"drop_Golub_train_13"	"absolute"	12	"U46499_at"
"drop_Golub_train_13"	"absolute"	13	"X07743_at"
"drop_Golub_train_13"	"absolute"	14	"X62320_at"
"drop_Golub_train_13"	"absolute"	15	"M31523_at"
"drop_Golub_train_13"	"absolute"	16	"L09209_s_at"
"drop_Golub_train_13"	"absolute"	17	"M16038_at"
"drop_Golub_train_13"	"absolute"	18	"M92287_at"
"drop_Golub_train_13"	"absolute"	19	"M63138_at"
"drop_Golub_train_13"	"absolute"	20	"Y00787_s_at"
"drop_Golub_train_14"	"up"	1	"M27891_at"
"drop_Golub_train_14"	"up"	2	"D88422_at"
"drop_Golub_train_14"	"up"	3	"X95735_at"
"drop_Golub_train_14"	"up"	4	"U46499_at"
"drop_Golub_train_14"	"up"	5	"M84526_at"
"drop_Golub_train_14"	"up"	6	"M27783_s_at"
"drop_Golub_train_14"	"up"	7	"M23197_at"
"drop_Golub_train_14"	"up"	8	"M28130_rna1_s_at"
"drop_Golub_train_14"	"up"	9	"M16038_at"
"drop_Golub_train_14"	"up"	10	"X62320_at"
"drop_Golub_train_14"	"up"	11	"M83667_rna1_s_at"
"drop_Golub_train_14"	"up"	12	"M83652_s_at"
"drop_Golub_train_14"	"up"	13	"X07743_at"
"drop_Golub_train_14"	"up"	14	"M63138_at"
"drop_Golub_train_14"	"up"	15	"L09209_s_at"
"drop_Golub_train_14"	"up"	16	"Y00787_s_at"
"drop_Golub_train_14"	"up"	17	"Y12670_at"
"drop_Golub_train_14"	"up"	18	"U50136_rna1_at"
"drop_Golub_train_14"	"up"	19	"U85767_at"
"drop_Golub_train_14"	"up"	20	"M98399_s_at"
"drop_Golub_train_14"	"down"	1	"U22376_cds2_s_at"
"drop_Golub_train_14"	"down"	2	"HG1612-HT1612_at"
"drop_Golub_train_14"	"down"	3	"X74262_at"
"drop_Golub_train_14"	"down"	4	"M31523_at"
"drop_Golub_train_14"	"down"	5	"M92287_at"
"drop_Golub_train_14"	"down"	6	"L47738_at"
"drop_Golub_train_14"	"down"	7	"M31211_s_at"
"drop_Golub_train_14"	"down"	8	"J05243_at"
"drop_Golub_train_14"	"down"	9	"J04615_at"
"drop_Golub_train_14"	"down"	10	"X59417_at"
"drop_Golub_train_14"	"down"	11	"M91432_at"
"drop_Golub_train_14"	"down"	12	"X15414_at"
"drop_Golub_train_14"	"down"	13	"M31303_rna1_at"
"drop_Golub_train_14"	"down"	14	"X51521_at"
"drop_Golub_train_14"	"down"	15	"M13792_at"
"drop_Golub_train_14"	"down"	16	"Z15115_at"
"drop_Golub_train_14"	"down"	17	"M11722_at"
"drop_Golub_train_14"	"down"	18	"Z69881_at"
"drop_Golub_train_14"	"down"	19	"U05259_rna1_at"
"drop_Golub_train_14"	"down"	20	"L07758_at"
"drop_Golub_train_14"	"absolute"	1	"M27891_at"
"drop_Golub_train_14"	"absolute"	2	"D88422_at"
"drop_Golub_train_14"	"absolute"	3	"X95735_at"
"drop_Golub_train_14"	"absolute"	4	"U46499_at"
"drop_Golub_train_14"	"absolute"	5	"U22376_cds2_s_at"
"drop_Golub_train_14"	"absolute"	6	"M84526_at"
"drop_Golub_train_14"	"absolute"	7	"M27783_s_at"
"drop_Golub_train_14"	"absolute"	8	"M23197_at"
"drop_Golub_train_14"	"absolute"	9	"HG1612-HT1612_at"
"drop_Golub_train_14"	"absolute"	10	"X74262_at"
"drop_Golub_train_14"	"absolute"	11	"M31523_at"
"drop_Golub_train_14"	"absolute"	12	"M28130_rna1_s_at"
"drop_Golub_train_14"	"absolute"	13	"M16038_at"
"drop_Golub_train_14"	"absolute"	14	"M92287_at"
"drop_Golub_train_14"	"absolute"	15	"X62320_at"
"drop_Golub_train_14"	"absolute"	16	"M83667_rna1_s_at"
"drop_Golub_train_14"	"absolute"	17	"L47738_at"
"drop_Golub_train_14"	"absolute"	18	"M83652_s_at"
"drop_Golub_train_14"	"absolute"	19	"X07743_at"
"drop_Golub_train_14"	"absolute"	20	"M31211_s_at"
"drop_Golub_train_15"	"up"	1	"M27891_at"
"drop_Golub_train_15"	"up"	2	"X95735_at"
"drop_Golub_train_15"	"up"	3	"D88422_at"
"drop_Golub_train_15"	"up"	4	"M84526_at"
"drop_Golub_train_15"	"up"	5	"M27783_s_at"
"drop_Golub_train_15"	"up"	6	"M23197_at"
"drop_Golub_train_15"	"up"	7	"M16038_at"
"drop_Golub_train_15"	"up"	8	"M28130_rna1_s_at"
"drop_Golub_train_15"	"up"	9	"U46499_at"
"drop_Golub_train_15"	"up"	10	"X62320_at"
"drop_Golub_train_15"	"up"	11	"X07743_at"
"drop_Golub_train_15"	"up"	12	"Y00787_s_at"
"drop_Golub_train_15"	"up"	13	"L09209_s_at"
"drop_Golub_train_15"	"up"	14	"M63138_at"
"drop_Golub_train_15"	"up"	15	"Y12670_at"
"drop_Golub_train_15"	"up"	16	"U50136_rna1_at"
"drop_Golub_train_15"	"up"	17	"U85767_at"
"drop_Golub_train_15"	"up"	18	"M83652_s_at"
"drop_Golub_train_15"	"up"	19	"M98399_s_at"
"drop_Golub_train_15"	"up"	20	"M57731_s_at"
"drop_Golub_train_15"	"down"	1	"U22376_cds2_s_at"
"drop_Golub_train_15"	"down"	2	"X74262_at"
"drop_Golub_train_15"	"down"	3	"HG1612-HT1612_at"
"drop_Golub_train_15"	"down"	4	"M31523_at"
"drop_Golub_train_15"	"down"	5	"L47738_at"
"drop_Golub_train_15"	"down"	6	"M92287_at"
"drop_Golub_train_15"	"down"	7	"J05243_at"
"drop_Golub_train_15"	"down"	8	"M31211_s_at"
"drop_Golub_train_15"	"down"	9	"J04615_at"
"drop_Golub_train_15"	"down"	10	"M91432_at"
"drop_Golub_train_15"	"down"	11	"X15414_at"
"drop_Golub_train_15"	"down"	12	"M31303_rna1_at"
"drop_Golub_train_15"	"down"	13	"X59417_at"
"drop_Golub_train_15"	"down"	14	"Z15115_at"
"drop_Golub_train_15"	"down"	15	"M13792_at"
"drop_Golub_train_15"	"down"	16	"X51521_at"
"drop_Golub_train_15"	"down"	17	"Z69881_at"
"drop_Golub_train_15"	"down"	18	"L07758_at"
"drop_Golub_train_15"	"down"	19	"U62136_at"
"drop_Golub_train_15"	"down"	20	"D38073_at"
"drop_Golub_train_15"	"absolute"	1	"M27891_at"
"drop_Golub_train_15"	"absolute"	2	"X95735_at"
"drop_Golub_train_15"	"absolute"	3	"D88422_at"
"drop_Golub_train_15"	"absolute"	4	"M84526_at"
"drop_Golub_train_15"	"absolute"	5	"M27783_s_at"
"drop_Golub_train_15"	"absolute"	6	"U22376_cds2_s_at"
"drop_Golub_train_15"	"absolute"	7	"M23197_at"
"drop_Golub_train_15"	"absolute"	8	"X74262_at"
"drop_Golub_train_15"	"absolute"	9	"HG1612-HT1612_at"
"drop_Golub_train_15"	"absolute"	10	"M16038_at"
"drop_Golub_train_15"	"absolute"	11	"M28130_rna1_s_at"
"drop_Golub_train_15"	"absolute"	12	"U46499_at"
"drop_Golub_train_15"	"absolute"	13	"M31523_at"
"drop_Golub_train_15"	"absolute"	14	"X62320_at"
"drop_Golub_train_15"	"absolute"	15	"X07743_at"
"drop_Golub_train_15"	"absolute"	16	"L47738_at"
"drop_Golub_train_15"	"absolute"	17	"M92287_at"
"drop_Golub_train_15"	"absolute"	18	"J05243_at"
"drop_Golub_train_15"	"absolute"	19	"Y00787_s_at"
"drop_Golub_train_15"	"absolute"	20	"L09209_s_at"
"drop_Golub_train_16"	"up"	1	"M27891_at"
"drop_Golub_train_16"	"up"	2	"X95735_at"
"drop_Golub_train_16"	"up"	3	"D88422_at"
"drop_Golub_train_16"	"up"	4	"M84526_at"
"drop_Golub_train_16"	"up"	5	"M27783_s_at"
"drop_Golub_train_16"	"up"	6	"M23197_at"
"drop_Golub_train_16"	"up"	7	"M28130_rna1_s_at"
"drop_Golub_train_16"	"up"	8	"U46499_at"
"drop_Golub_train_16"	"up"	9	"X07743_at"
"drop_Golub_train_16"	"up"	10	"M16038_at"
"drop_Golub_train_16"	"up"	11	"X62320_at"
"drop_Golub_train_16"	"up"	12	"L09209_s_at"
"drop_Golub_train_16"	"up"	13	"Y00787_s_at"
"drop_Golub_train_16"	"up"	14	"M63138_at"
"drop_Golub_train_16"	"up"	15	"Y12670_at"
"drop_Golub_train_16"	"up"	16	"M19507_at"
"drop_Golub_train_16"	"up"	17	"U50136_rna1_at"
"drop_Golub_train_16"	"up"	18	"U85767_at"
"drop_Golub_train_16"	"up"	19	"M83652_s_at"
"drop_Golub_train_16"	"up"	20	"M98399_s_at"
"drop_Golub_train_16"	"down"	1	"U22376_cds2_s_at"
"drop_Golub_train_16"	"down"	2	"X74262_at"
"drop_Golub_train_16"	"down"	3	"HG1612-HT1612_at"
"drop_Golub_train_16"	"down"	4	"M31523_at"
"drop_Golub_train_16"	"down"	5	"L47738_at"
"drop_Golub_train_16"	"down"	6	"M92287_at"
"drop_Golub_train_16"	"down"	7	"J05243_at"
"drop_Golub_train_16"	"down"	8	"M31211_s_at"
"drop_Golub_train_16"	"down"	9	"J04615_at"
"drop_Golub_train_16"	"down"	10	"M91432_at"
"drop_Golub_train_16"	"down"	11	"X15414_at"
"drop_Golub_train_16"	"down"	12	"X59417_at"
"drop_Golub_train_16"	"down"	13	"Z15115_at"
"drop_Golub_train_16"	"down"	14	"M31303_rna1_at"
"drop_Golub_train_16"	"down"	15	"M13792_at"
"drop_Golub_train_16"	"down"	16	"X51521_at"
"drop_Golub_train_16"	"down"	17	"Z69881_at"
"drop_Golub_train_16"	"down"	18	"L07758_at"
"drop_Golub_train_16"	"down"	19	"D38073_at"
"drop_Golub_train_16"	"down"	20	"U62136_at"
"drop_Golub_train_16"	"absolute"	1	"M27891_at"
"drop_Golub_train_16"	"absolute"	2	"X95735_at"
"drop_Golub_train_16"	"absolute"	3	"D88422_at"
"drop_Golub_train_16"	"absolute"	4	"M84526_at"
"drop_Golub_train_16"	"absolute"	5	"M27783_s_at"
"drop_Golub_train_16"	"absolute"	6	"U22376_cds2_s_at"
"drop_Golub_train_16"	"absolute"	7	"M23197_at"
"drop_Golub_train_16"	"absolute"	8	"X74262_at"
"drop_Golub_train_16"	"absolute"	9	"HG1612-HT1612_at"
"drop_Golub_train_16"	"absolute"	10	"M28130_rna1_s_at"
"drop_Golub_train_16"	"absolute"	11	"U46499_at"
"drop_Golub_train_16"	"absolute"	12	"M31523_at"
"drop_Golub_train_16"	"absolute"	13	"L47738_at"
"drop_Golub_train_16"	"absolute"	14	"X07743_at"
"drop_Golub_train_16"	"absolute"	15	"M16038_at"
"drop_Golub_train_16"	"absolute"	16	"X62320_at"
"drop_Golub_train_16"	"absolute"	17	"L09209_s_at"
"drop_Golub_train_16"	"absolute"	18	"Y00787_s_at"
"drop_Golub_train_16"	"absolute"	19	"M92287_at"
"drop_Golub_train_16"	"absolute"	20	"M63138_at"
"drop_Golub_train_17"	"up"	1	"M27891_at"
"drop_Golub_train_17"	"up"	2	"U46499_at"
"drop_Golub_train_17"	"up"	3	"D88422_at"
"drop_Golub_train_17"	"up"	4	"X95735_at"
"drop_Golub_train_17"	"up"	5	"M84526_at"
"drop_Golub_train_17"	"up"	6	"M27783_s_at"
"drop_Golub_train_17"	"up"	7	"M23197_at"
"drop_Golub_train_17"	"up"	8	"X07743_at"
"drop_Golub_train_17"	"up"	9	"L09209_s_at"
"drop_Golub_train_17"	"up"	10	"M28130_rna1_s_at"
"drop_Golub_train_17"	"up"	11	"X62320_at"
"drop_Golub_train_17"	"up"	12	"M16038_at"
"drop_Golub_train_17"	"up"	13	"M63138_at"
"drop_Golub_train_17"	"up"	14	"Y00787_s_at"
"drop_Golub_train_17"	"up"	15	"Y12670_at"
"drop_Golub_train_17"	"up"	16	"U50136_rna1_at"
"drop_Golub_train_17"	"up"	17	"HG2981-HT3127_s_at"
"drop_Golub_train_17"	"up"	18	"X16546_at"
"drop_Golub_train_17"	"up"	19	"U85767_at"
"drop_Golub_train_17"	"up"	20	"M83652_s_at"
"drop_Golub_train_17"	"down"	1	"U22376_cds2_s_at"
"drop_Golub_train_17"	"down"	2	"HG1612-HT1612_at"
"drop_Golub_train_17"	"down"	3	"X74262_at"
"drop_Golub_train_17"	"down"	4	"L47738_at"
"drop_Golub_train_17"	"down"	5	"M31523_at"
"drop_Golub_train_17"	"down"	6	"M92287_at"
"drop_Golub_train_17"	"down"	7	"X15414_at"
"drop_Golub_train_17"	"down"	8	"J05243_at"
"drop_Golub_train_17"	"down"	9	"M31211_s_at"
"drop_Golub_train_17"	"down"	10	"J04615_at"
"drop_Golub_train_17"	"down"	11	"X59417_at"
"drop_Golub_train_17"	"down"	12	"M91432_at"
"drop_Golub_train_17"	"down"	13	"Z15115_at"
"drop_Golub_train_17"	"down"	14	"M31303_rna1_at"
"drop_Golub_train_17"	"down"	15	"M13792_at"
"drop_Golub_train_17"	"down"	16	"X51521_at"
"drop_Golub_train_17"	"down"	17	"L07758_at"
"drop_Golub_train_17"	"down"	18	"X59350_at"
"drop_Golub_train_17"	"down"	19	"U97105_at"
"drop_Golub_train_17"	"down"	20	"Z69881_at"
"drop_Golub_train_17"	"absolute"	1	"M27891_at"
"drop_Golub_train_17"	"absolute"	2	"U46499_at"
"drop_Golub_train_17"	"absolute"	3	"D88422_at"
"drop_Golub_train_17"	"absolute"	4	"X95735_at"
"drop_Golub_train_17"	"absolute"	5	"M84526_at"
"drop_Golub_train_17"	"absolute"	6	"M27783_s_at"
"drop_Golub_train_17"	"absolute"	7	"U22376_cds2_s_at"
"drop_Golub_train_17"	"absolute"	8	"M23197_at"
"drop_Golub_train_17"	"absolute"	9	"HG1612-HT1612_at"
"drop_Golub_train_17"	"absolute"	10	"X07743_at"
"drop_Golub_train_17"	"absolute"	11	"L09209_s_at"
"drop_Golub_train_17"	"absolute"	12	"X74262_at"
"drop_Golub_train_17"	"absolute"	13	"L47738_at"
"drop_Golub_train_17"	"absolute"	14	"M31523_at"
"drop_Golub_train_17"	"absolute"	15	"M92287_at"
"drop_Golub_train_17"	"absolute"	16	"M28130_rna1_s_at"
"drop_Golub_train_17"	"absolute"	17	"X15414_at"
"drop_Golub_train_17"	"absolute"	18	"X62320_at"
"drop_Golub_train_17"	"absolute"	19	"J05243_at"
"drop_Golub_train_17"	"absolute"	20	"M16038_at"
"drop_Golub_train_18"	"up"	1	"M27891_at"
"drop_Golub_train_18"	"up"	2	"D88422_at"
"drop_Golub_train_18"	"up"	3	"X95735_at"
"drop_Golub_train_18"	"up"	4	"M27783_s_at"
"drop_Golub_train_18"	"up"	5	"M84526_at"
"drop_Golub_train_18"	"up"	6	"M23197_at"
"drop_Golub_train_18"	"up"	7	"X62320_at"
"drop_Golub_train_18"	"up"	8	"M16038_at"
"drop_Golub_train_18"	"up"	9	"M28130_rna1_s_at"
"drop_Golub_train_18"	"up"	10	"U46499_at"
"drop_Golub_train_18"	"up"	11	"X07743_at"
"drop_Golub_train_18"	"up"	12	"Y00787_s_at"
"drop_Golub_train_18"	"up"	13	"M63138_at"
"drop_Golub_train_18"	"up"	14	"L09209_s_at"
"drop_Golub_train_18"	"up"	15	"U50136_rna1_at"
"drop_Golub_train_18"	"up"	16	"Y12670_at"
"drop_Golub_train_18"	"up"	17	"U85767_at"
"drop_Golub_train_18"	"up"	18	"M83652_s_at"
"drop_Golub_train_18"	"up"	19	"U02020_at"
"drop_Golub_train_18"	"up"	20	"M98399_s_at"
"drop_Golub_train_18"	"down"	1	"U22376_cds2_s_at"
"drop_Golub_train_18"	"down"	2	"X74262_at"
"drop_Golub_train_18"	"down"	3	"HG1612-HT1612_at"
"drop_Golub_train_18"	"down"	4	"M92287_at"
"drop_Golub_train_18"	"down"	5	"J05243_at"
"drop_Golub_train_18"	"down"	6	"M31523_at"
"drop_Golub_train_18"	"down"	7	"L47738_at"
"drop_Golub_train_18"	"down"	8	"Z69881_at"
"drop_Golub_train_18"	"down"	9	"M31211_s_at"
"drop_Golub_train_18"	"down"	10	"J04615_at"
"drop_Golub_train_18"	"down"	11	"M11722_at"
"drop_Golub_train_18"	"down"	12	"X59417_at"
"drop_Golub_train_18"	"down"	13	"Z15115_at"
"drop_Golub_train_18"	"down"	14	"M91432_at"
"drop_Golub_train_18"	"down"	15	"X15414_at"
"drop_Golub_train_18"	"down"	16	"M13792_at"
"drop_Golub_train_18"	"down"	17	"M31303_rna1_at"
"drop_Golub_train_18"	"down"	18	"M29696_at"
"drop_Golub_train_18"	"down"	19	"X62535_at"
"drop_Golub_train_18"	"down"	20	"X51521_at"
"drop_Golub_train_18"	"absolute"	1	"M27891_at"
"drop_Golub_train_18"	"absolute"	2	"D88422_at"
"drop_Golub_train_18"	"absolute"	3	"X95735_at"
"drop_Golub_train_18"	"absolute"	4	"U22376_cds2_s_at"
"drop_Golub_train_18"	"absolute"	5	"M27783_s_at"
"drop_Golub_train_18"	"absolute"	6	"M84526_at"
"drop_Golub_train_18"	"absolute"	7	"M23197_at"
"drop_Golub_train_18"	"absolute"	8	"X74262_at"
"drop_Golub_train_18"	"absolute"	9	"HG1612-HT1612_at"
"drop_Golub_train_18"	"absolute"	10	"X62320_at"
"drop_Golub_train_18"	"absolute"	11	"M16038_at"
"drop_Golub_train_18"	"absolute"	12	"M28130_rna1_s_at"
"drop_Golub_train_18"	"absolute"	13	"U46499_at"
"drop_Golub_train_18"	"absolute"	14	"M92287_at"
"drop_Golub_train_18"	"absolute"	15	"J05243_at"
"drop_Golub_train_18"	"absolute"	16	"M31523_at"
"drop_Golub_train_18"	"absolute"	17	"L47738_at"
"drop_Golub_train_18"	"absolute"	18	"X07743_at"
"drop_Golub_train_18"	"absolute"	19	"Z69881_at"
"drop_Golub_train_18"	"absolute"	20	"Y00787_s_at"
"drop_Golub_train_19"	"up"	1	"M27891_at"
"drop_Golub_train_19"	"up"	2	"X95735_at"
"drop_Golub_train_19"	"up"	3	"D88422_at"
"drop_Golub_train_19"	"up"	4	"M84526_at"
"drop_Golub_train_19"	"up"	5	"M27783_s_at"
"drop_Golub_train_19"	"up"	6	"M23197_at"
"drop_Golub_train_19"	"up"	7	"M28130_rna1_s_at"
"drop_Golub_train_19"	"up"	8	"U46499_at"
"drop_Golub_train_19"	"up"	9	"M16038_at"
"drop_Golub_train_19"	"up"	10	"X07743_at"
"drop_Golub_train_19"	"up"	11	"X62320_at"
"drop_Golub_train_19"	"up"	12	"U50136_rna1_at"
"drop_Golub_train_19"	"up"	13	"Y00787_s_at"
"drop_Golub_train_19"	"up"	14	"M98399_s_at"
"drop_Golub_train_19"	"up"	15	"M63138_at"
"drop_Golub_train_19"	"up"	16	"L09209_s_at"
"drop_Golub_train_19"	"up"	17	"Y12670_at"
"drop_Golub_train_19"	"up"	18	"X85116_rna1_s_at"
"drop_Golub_train_19"	"up"	19	"U85767_at"
"drop_Golub_train_19"	"up"	20	"M83652_s_at"
"drop_Golub_train_19"	"down"	1	"U22376_cds2_s_at"
"drop_Golub_train_19"	"down"	2	"X74262_at"
"drop_Golub_train_19"	"down"	3	"HG1612-HT1612_at"
"drop_Golub_train_19"	"down"	4	"M31523_at"
"drop_Golub_train_19"	"down"	5	"L47738_at"
"drop_Golub_train_19"	"down"	6	"M92287_at"
"drop_Golub_train_19"	"down"	7	"J05243_at"
"drop_Golub_train_19"	"down"	8	"J04615_at"
"drop_Golub_train_19"	"down"	9	"M31211_s_at"
"drop_Golub_train_19"	"down"	10	"X15414_at"
"drop_Golub_train_19"	"down"	11	"M91432_at"
"drop_Golub_train_19"	"down"	12	"M13792_at"
"drop_Golub_train_19"	"down"	13	"X59417_at"
"drop_Golub_train_19"	"down"	14	"M31303_rna1_at"
"drop_Golub_train_19"	"down"	15	"Z15115_at"
"drop_Golub_train_19"	"down"	16	"Z69881_at"
"drop_Golub_train_19"	"down"	17	"X51521_at"
"drop_Golub_train_19"	"down"	18	"L07758_at"
"drop_Golub_train_19"	"down"	19	"U62136_at"
"drop_Golub_train_19"	"down"	20	"D38073_at"
"drop_Golub_train_19"	"absolute"	1	"M27891_at"
"drop_Golub_train_19"	"absolute"	2	"X95735_at"
"drop_Golub_train_19"	"absolute"	3	"D88422_at"
"drop_Golub_train_19"	"absolute"	4	"M84526_at"
"drop_Golub_train_19"	"absolute"	5	"M27783_s_at"
"drop_Golub_train_19"	"absolute"	6	"U22376_cds2_s_at"
"drop_Golub_train_19"	"absolute"	7	"M23197_at"
"drop_Golub_train_19"	"absolute"	8	"X74262_at"
"drop_Golub_train_19"	"absolute"	9	"HG1612-HT1612_at"
"drop_Golub_train_19"	"absolute"	10	"M28130_rna1_s_at"
"drop_Golub_train_19"	"absolute"	11	"U46499_at"
"drop_Golub_train_19"	"absolute"	12	"M16038_at"
"drop_Golub_train_19"	"absolute"	13	"M31523_at"
"drop_Golub_train_19"	"absolute"	14	"X07743_at"
"drop_Golub_train_19"	"absolute"	15	"L47738_at"
"drop_Golub_train_19"	"absolute"	16	"X62320_at"
"drop_Golub_train_19"	"absolute"	17	"U50136_rna1_at"
"drop_Golub_train_19"	"absolute"	18	"M92287_at"
"drop_Golub_train_19"	"absolute"	19	"Y00787_s_at"
"drop_Golub_train_19"	"absolute"	20	"J05243_at"
"drop_Golub_train_20"	"up"	1	"M27891_at"
"drop_Golub_train_20"	"up"	2	"D88422_at"
"drop_Golub_train_20"	"up"	3	"X95735_at"
"drop_Golub_train_20"	"up"	4	"M84526_at"
"drop_Golub_train_20"	"up"	5	"M27783_s_at"
"drop_Golub_train_20"	"up"	6	"M23197_at"
"drop_Golub_train_20"	"up"	7	"M28130_rna1_s_at"
"drop_Golub_train_20"	"up"	8	"U46499_at"
"drop_Golub_train_20"	"up"	9	"M16038_at"
"drop_Golub_train_20"	"up"	10	"X07743_at"
"drop_Golub_train_20"	"up"	11	"X62320_at"
"drop_Golub_train_20"	"up"	12	"L09209_s_at"
"drop_Golub_train_20"	"up"	13	"Y00787_s_at"
"drop_Golub_train_20"	"up"	14	"M63138_at"
"drop_Golub_train_20"	"up"	15	"U85767_at"
"drop_Golub_train_20"	"up"	16	"U50136_rna1_at"
"drop_Golub_train_20"	"up"	17	"Y12670_at"
"drop_Golub_train_20"	"up"	18	"M98399_s_at"
"drop_Golub_train_20"	"up"	19	"M83652_s_at"
"drop_Golub_train_20"	"up"	20	"M57731_s_at"
"drop_Golub_train_20"	"down"	1	"U22376_cds2_s_at"
"drop_Golub_train_20"	"down"	2	"X74262_at"
"drop_Golub_train_20"	"down"	3	"HG1612-HT1612_at"
"drop_Golub_train_20"	"down"	4	"M31523_at"
"drop_Golub_train_20"	"down"	5	"L47738_at"
"drop_Golub_train_20"	"down"	6	"M92287_at"
"drop_Golub_train_20"	"down"	7	"J05243_at"
"drop_Golub_train_20"	"down"	8	"M31211_s_at"
"drop_Golub_train_20"	"down"	9	"J04615_at"
"drop_Golub_train_20"	"down"	10	"M91432_at"
"drop_Golub_train_20"	"down"	11	"X15414_at"
"drop_Golub_train_20"	"down"	12	"M31303_rna1_at"
"drop_Golub_train_20"	"down"	13	"X59417_at"
"drop_Golub_train_20"	"down"	14	"Z15115_at"
"drop_Golub_train_20"	"down"	15	"M13792_at"
"drop_Golub_train_20"	"down"	16	"X51521_at"
"drop_Golub_train_20"	"down"	17	"Z69881_at"
"drop_Golub_train_20"	"down"	18	"L07758_at"
"drop_Golub_train_20"	"down"	19	"U62136_at"
"drop_Golub_train_20"	"down"	20	"D38073_at"
"drop_Golub_train_20"	"absolute"	1	"M27891_at"
"drop_Golub_train_20"	"absolute"	2	"D88422_at"
"drop_Golub_train_20"	"absolute"	3	"X95735_at"
"drop_Golub_train_20"	"absolute"	4	"M84526_at"
"drop_Golub_train_20"	"absolute"	5	"M27783_s_at"
"drop_Golub_train_20"	"absolute"	6	"U22376_cds2_s_at"
"drop_Golub_train_20"	"absolute"	7	"M23197_at"
"drop_Golub_train_20"	"absolute"	8	"X74262_at"
"drop_Golub_train_20"	"absolute"	9	"HG1612-HT1612_at"
"drop_Golub_train_20"	"absolute"	10	"M28130_rna1_s_at"
"drop_Golub_train_20"	"absolute"	11	"U46499_at"
"drop_Golub_train_20"	"absolute"	12	"M31523_at"
"drop_Golub_train_20"	"absolute"	13	"M16038_at"
"drop_Golub_train_20"	"absolute"	14	"L47738_at"
"drop_Golub_train_20"	"absolute"	15	"X07743_at"
"drop_Golub_train_20"	"absolute"	16	"X62320_at"
"drop_Golub_train_20"	"absolute"	17	"M92287_at"
"drop_Golub_train_20"	"absolute"	18	"L09209_s_at"
"drop_Golub_train_20"	"absolute"	19	"Y00787_s_at"
"drop_Golub_train_20"	"absolute"	20	"J05243_at"
"drop_Golub_train_21"	"up"	1	"M27891_at"
"drop_Golub_train_21"	"up"	2	"D88422_at"
"drop_Golub_train_21"	"up"	3	"X95735_at"
"drop_Golub_train_21"	"up"	4	"M27783_s_at"
"drop_Golub_train_21"	"up"	5	"M84526_at"
"drop_Golub_train_21"	"up"	6	"M23197_at"
"drop_Golub_train_21"	"up"	7	"M28130_rna1_s_at"
"drop_Golub_train_21"	"up"	8	"U46499_at"
"drop_Golub_train_21"	"up"	9	"M16038_at"
"drop_Golub_train_21"	"up"	10	"X62320_at"
"drop_Golub_train_21"	"up"	11	"X07743_at"
"drop_Golub_train_21"	"up"	12	"M63138_at"
"drop_Golub_train_21"	"up"	13	"L09209_s_at"
"drop_Golub_train_21"	"up"	14	"Y00787_s_at"
"drop_Golub_train_21"	"up"	15	"M55150_at"
"drop_Golub_train_21"	"up"	16	"Y12670_at"
"drop_Golub_train_21"	"up"	17	"U50136_rna1_at"
"drop_Golub_train_21"	"up"	18	"U85767_at"
"drop_Golub_train_21"	"up"	19	"U02020_at"
"drop_Golub_train_21"	"up"	20	"M83652_s_at"
"drop_Golub_train_21"	"down"	1	"U22376_cds2_s_at"
"drop_Golub_train_21"	"down"	2	"M92287_at"
"drop_Golub_train_21"	"down"	3	"HG1612-HT1612_at"
"drop_Golub_train_21"	"down"	4	"X74262_at"
"drop_Golub_train_21"	"down"	5	"M31523_at"
"drop_Golub_train_21"	"down"	6	"L47738_at"
"drop_Golub_train_21"	"down"	7	"J05243_at"
"drop_Golub_train_21"	"down"	8	"Z69881_at"
"drop_Golub_train_21"	"down"	9	"M31211_s_at"
"drop_Golub_train_21"	"down"	10	"J04615_at"
"drop_Golub_train_21"	"down"	11	"X97267_rna1_s_at"
"drop_Golub_train_21"	"down"	12	"Z15115_at"
"drop_Golub_train_21"	"down"	13	"X15414_at"
"drop_Golub_train_21"	"down"	14	"M91432_at"
"drop_Golub_train_21"	"down"	15	"M31303_rna1_at"
"drop_Golub_train_21"	"down"	16	"X59417_at"
"drop_Golub_train_21"	"down"	17	"M13792_at"
"drop_Golub_train_21"	"down"	18	"U26266_s_at"
"drop_Golub_train_21"	"down"	19	"X51521_at"
"drop_Golub_train_21"	"down"	20	"L07758_at"
"drop_Golub_train_21"	"absolute"	1	"M27891_at"
"drop_Golub_train_21"	"absolute"	2	"D88422_at"
"drop_Golub_train_21"	"absolute"	3	"X95735_at"
"drop_Golub_train_21"	"absolute"	4	"U22376_cds2_s_at"
"drop_Golub_train_21"	"absolute"	5	"M27783_s_at"
"drop_Golub_train_21"	"absolute"	6	"M84526_at"
"drop_Golub_train_21"	"absolute"	7	"M92287_at"
"drop_Golub_train_21"	"absolute"	8	"M23197_at"
"drop_Golub_train_21"	"absolute"	9	"HG1612-HT1612_at"
"drop_Golub_train_21"	"absolute"	10	"X74262_at"
"drop_Golub_train_21"	"absolute"	11	"M31523_at"
"drop_Golub_train_21"	"absolute"	12	"M28130_rna1_s_at"
"drop_Golub_train_21"	"absolute"	13	"U46499_at"
"drop_Golub_train_21"	"absolute"	14	"M16038_at"
"drop_Golub_train_21"	"absolute"	15	"X62320_at"
"drop_Golub_train_21"	"absolute"	16	"L47738_at"
"drop_Golub_train_21"	"absolute"	17	"X07743_at"
"drop_Golub_train_21"	"absolute"	18	"M63138_at"
"drop_Golub_train_21"	"absolute"	19	"L09209_s_at"
"drop_Golub_train_21"	"absolute"	20	"Y00787_s_at"
"drop_Golub_train_22"	"up"	1	"M27891_at"
"drop_Golub_train_22"	"up"	2	"D88422_at"
"drop_Golub_train_22"	"up"	3	"X95735_at"
"drop_Golub_train_22"	"up"	4	"M84526_at"
"drop_Golub_train_22"	"up"	5	"M27783_s_at"
"drop_Golub_train_22"	"up"	6	"M23197_at"
"drop_Golub_train_22"	"up"	7	"M28130_rna1_s_at"
"drop_Golub_train_22"	"up"	8	"U46499_at"
"drop_Golub_train_22"	"up"	9	"X62320_at"
"drop_Golub_train_22"	"up"	10	"U85767_at"
"drop_Golub_train_22"	"up"	11	"HG2981-HT3127_s_at"
"drop_Golub_train_22"	"up"	12	"M16038_at"
"drop_Golub_train_22"	"up"	13	"X07743_at"
"drop_Golub_train_22"	"up"	14	"Y00787_s_at"
"drop_Golub_train_22"	"up"	15	"L09209_s_at"
"drop_Golub_train_22"	"up"	16	"M63138_at"
"drop_Golub_train_22"	"up"	17	"U50136_rna1_at"
"drop_Golub_train_22"	"up"	18	"Y12670_at"
"drop_Golub_train_22"	"up"	19	"M83652_s_at"
"drop_Golub_train_22"	"up"	20	"M98399_s_at"
"drop_Golub_train_22"	"down"	1	"X74262_at"
"drop_Golub_train_22"	"down"	2	"U22376_cds2_s_at"
"drop_Golub_train_22"	"down"	3	"M31523_at"
"drop_Golub_train_22"	"down"	4	"M91432_at"
"drop_Golub_train_22"	"down"	5	"HG1612-HT1612_at"
"drop_Golub_train_22"	"down"	6	"M31211_s_at"
"drop_Golub_train_22"	"down"	7	"L47738_at"
"drop_Golub_train_22"	"down"	8	"J05243_at"
"drop_Golub_train_22"	"down"	9	"M92287_at"
"drop_Golub_train_22"	"down"	10	"X59417_at"
"drop_Golub_train_22"	"down"	11	"D38073_at"
"drop_Golub_train_22"	"down"	12	"X51521_at"
"drop_Golub_train_22"	"down"	13	"X15414_at"
"drop_Golub_train_22"	"down"	14	"X74801_at"
"drop_Golub_train_22"	"down"	15	"J04615_at"
"drop_Golub_train_22"	"down"	16	"U32944_at"
"drop_Golub_train_22"	"down"	17	"HG2855-HT2995_at"
"drop_Golub_train_22"	"down"	18	"M13792_at"
"drop_Golub_train_22"	"down"	19	"M31303_rna1_at"
"drop_Golub_train_22"	"down"	20	"Z15115_at"
"drop_Golub_train_22"	"absolute"	1	"M27891_at"
"drop_Golub_train_22"	"absolute"	2	"X74262_at"
"drop_Golub_train_22"	"absolute"	3	"D88422_at"
"drop_Golub_train_22"	"absolute"	4	"X95735_at"
"drop_Golub_train_22"	"absolute"	5	"M84526_at"
"drop_Golub_train_22"	"absolute"	6	"M27783_s_at"
"drop_Golub_train_22"	"absolute"	7	"U22376_cds2_s_at"
"drop_Golub_train_22"	"absolute"	8	"M23197_at"
"drop_Golub_train_22"	"absolute"	9	"M31523_at"
"drop_Golub_train_22"	"absolute"	10	"M91432_at"
"drop_Golub_train_22"	"absolute"	11	"HG1612-HT1612_at"
"drop_Golub_train_22"	"absolute"	12	"M28130_rna1_s_at"
"drop_Golub_train_22"	"absolute"	13	"M31211_s_at"
"drop_Golub_train_22"	"absolute"	14	"U46499_at"
"drop_Golub_train_22"	"absolute"	15	"X62320_at"
"drop_Golub_train_22"	"absolute"	16	"U85767_at"
"drop_Golub_train_22"	"absolute"	17	"HG2981-HT3127_s_at"
"drop_Golub_train_22"	"absolute"	18	"L47738_at"
"drop_Golub_train_22"	"absolute"	19	"M16038_at"
"drop_Golub_train_22"	"absolute"	20	"J05243_at"
"drop_Golub_train_23"	"up"	1	"M27891_at"
"drop_Golub_train_23"	"up"	2	"D88422_at"
"drop_Golub_train_23"	"up"	3	"X95735_at"
"drop_Golub_train_23"	"up"	4	"M84526_at"
"drop_Golub_train_23"	"up"	5	"M27783_s_at"
"drop_Golub_train_23"	"up"	6	"M23197_at"
"drop_Golub_train_23"	"up"	7	"Y12670_at"
"drop_Golub_train_23"	"up"	8	"M28130_rna1_s_at"
"drop_Golub_train_23"	"up"	9	"U46499_at"
"drop_Golub_train_23"	"up"	10	"M16038_at"
"drop_Golub_train_23"	"up"	11	"X62320_at"
"drop_Golub_train_23"	"up"	12	"X07743_at"
"drop_Golub_train_23"	"up"	13	"Y00787_s_at"
"drop_Golub_train_23"	"up"	14	"L09209_s_at"
"drop_Golub_train_23"	"up"	15	"M63138_at"
"drop_Golub_train_23"	"up"	16	"U50136_rna1_at"
"drop_Golub_train_23"	"up"	17	"U85767_at"
"drop_Golub_train_23"	"up"	18	"M83652_s_at"
"drop_Golub_train_23"	"up"	19	"M98399_s_at"
"drop_Golub_train_23"	"up"	20	"M57731_s_at"
"drop_Golub_train_23"	"down"	1	"U22376_cds2_s_at"
"drop_Golub_train_23"	"down"	2	"X74262_at"
"drop_Golub_train_23"	"down"	3	"HG1612-HT1612_at"
"drop_Golub_train_23"	"down"	4	"M31523_at"
"drop_Golub_train_23"	"down"	5	"L47738_at"
"drop_Golub_train_23"	"down"	6	"J05243_at"
"drop_Golub_train_23"	"down"	7	"M92287_at"
"drop_Golub_train_23"	"down"	8	"M31211_s_at"
"drop_Golub_train_23"	"down"	9	"M91432_at"
"drop_Golub_train_23"	"down"	10	"J04615_at"
"drop_Golub_train_23"	"down"	11	"Z15115_at"
"drop_Golub_train_23"	"down"	12	"X15414_at"
"drop_Golub_train_23"	"down"	13	"X59417_at"
"drop_Golub_train_23"	"down"	14	"M13792_at"
"drop_Golub_train_23"	"down"	15	"U32944_at"
"drop_Golub_train_23"	"down"	16	"M31303_rna1_at"
"drop_Golub_train_23"	"down"	17	"X51521_at"
"drop_Golub_train_23"	"down"	18	"U72936_s_at"
"drop_Golub_train_23"	"down"	19	"Z69881_at"
"drop_Golub_train_23"	"down"	20	"L07758_at"
"drop_Golub_train_23"	"absolute"	1	"M27891_at"
"drop_Golub_train_23"	"absolute"	2	"D88422_at"
"drop_Golub_train_23"	"absolute"	3	"X95735_at"
"drop_Golub_train_23"	"absolute"	4	"M84526_at"
"drop_Golub_train_23"	"absolute"	5	"M27783_s_at"
"drop_Golub_train_23"	"absolute"	6	"U22376_cds2_s_at"
"drop_Golub_train_23"	"absolute"	7	"M23197_at"
"drop_Golub_train_23"	"absolute"	8	"X74262_at"
"drop_Golub_train_23"	"absolute"	9	"HG1612-HT1612_at"
"drop_Golub_train_23"	"absolute"	10	"Y12670_at"
"drop_Golub_train_23"	"absolute"	11	"M28130_rna1_s_at"
"drop_Golub_train_23"	"absolute"	12	"U46499_at"
"drop_Golub_train_23"	"absolute"	13	"M31523_at"
"drop_Golub_train_23"	"absolute"	14	"M16038_at"
"drop_Golub_train_23"	"absolute"	15	"L47738_at"
"drop_Golub_train_23"	"absolute"	16	"X62320_at"
"drop_Golub_train_23"	"absolute"	17	"X07743_at"
"drop_Golub_train_23"	"absolute"	18	"J05243_at"
"drop_Golub_train_23"	"absolute"	19	"Y00787_s_at"
"drop_Golub_train_23"	"absolute"	20	"M92287_at"
"drop_Golub_train_24"	"up"	1	"M27891_at"
"drop_Golub_train_24"	"up"	2	"D88422_at"
"drop_Golub_train_24"	"up"	3	"X95735_at"
"drop_Golub_train_24"	"up"	4	"M84526_at"
"drop_Golub_train_24"	"up"	5	"M27783_s_at"
"drop_Golub_train_24"	"up"	6	"M23197_at"
"drop_Golub_train_24"	"up"	7	"M28130_rna1_s_at"
"drop_Golub_train_24"	"up"	8	"U46499_at"
"drop_Golub_train_24"	"up"	9	"M16038_at"
"drop_Golub_train_24"	"up"	10	"X07743_at"
"drop_Golub_train_24"	"up"	11	"X62320_at"
"drop_Golub_train_24"	"up"	12	"L09209_s_at"
"drop_Golub_train_24"	"up"	13	"Y00787_s_at"
"drop_Golub_train_24"	"up"	14	"Y12670_at"
"drop_Golub_train_24"	"up"	15	"M63138_at"
"drop_Golub_train_24"	"up"	16	"U50136_rna1_at"
"drop_Golub_train_24"	"up"	17	"U85767_at"
"drop_Golub_train_24"	"up"	18	"M83652_s_at"
"drop_Golub_train_24"	"up"	19	"HG2981-HT3127_s_at"
"drop_Golub_train_24"	"up"	20	"M98399_s_at"
"drop_Golub_train_24"	"down"	1	"U22376_cds2_s_at"
"drop_Golub_train_24"	"down"	2	"X74262_at"
"drop_Golub_train_24"	"down"	3	"HG1612-HT1612_at"
"drop_Golub_train_24"	"down"	4	"L47738_at"
"drop_Golub_train_24"	"down"	5	"M31523_at"
"drop_Golub_train_24"	"down"	6	"J05243_at"
"drop_Golub_train_24"	"down"	7	"M92287_at"
"drop_Golub_train_24"	"down"	8	"M31211_s_at"
"drop_Golub_train_24"	"down"	9	"J04615_at"
"drop_Golub_train_24"	"down"	10	"X15414_at"
"drop_Golub_train_24"	"down"	11	"M91432_at"
"drop_Golub_train_24"	"down"	12	"X59417_at"
"drop_Golub_train_24"	"down"	13	"M31303_rna1_at"
"drop_Golub_train_24"	"down"	14	"Z15115_at"
"drop_Golub_train_24"	"down"	15	"M13792_at"
"drop_Golub_train_24"	"down"	16	"Z69881_at"
"drop_Golub_train_24"	"down"	17	"X51521_at"
"drop_Golub_train_24"	"down"	18	"L07758_at"
"drop_Golub_train_24"	"down"	19	"U62136_at"
"drop_Golub_train_24"	"down"	20	"D38073_at"
"drop_Golub_train_24"	"absolute"	1	"M27891_at"
"drop_Golub_train_24"	"absolute"	2	"D88422_at"
"drop_Golub_train_24"	"absolute"	3	"X95735_at"
"drop_Golub_train_24"	"absolute"	4	"M84526_at"
"drop_Golub_train_24"	"absolute"	5	"M27783_s_at"
"drop_Golub_train_24"	"absolute"	6	"U22376_cds2_s_at"
"drop_Golub_train_24"	"absolute"	7	"M23197_at"
"drop_Golub_train_24"	"absolute"	8	"X74262_at"
"drop_Golub_train_24"	"absolute"	9	"HG1612-HT1612_at"
"drop_Golub_train_24"	"absolute"	10	"M28130_rna1_s_at"
"drop_Golub_train_24"	"absolute"	11	"U46499_at"
"drop_Golub_train_24"	"absolute"	12	"M16038_at"
"drop_Golub_train_24"	"absolute"	13	"L47738_at"
"drop_Golub_train_24"	"absolute"	14	"M31523_at"
"drop_Golub_train_24"	"absolute"	15	"X07743_at"
"drop_Golub_train_24"	"absolute"	16	"X62320_at"
"drop_Golub_train_24"	"absolute"	17	"L09209_s_at"
"drop_Golub_train_24"	"absolute"	18	"J05243_at"
"drop_Golub_train_24"	"absolute"	19	"Y00787_s_at"
"drop_Golub_train_24"	"absolute"	20	"M92287_at"
"drop_Golub_train_25"	"up"	1	"M27891_at"
"drop_Golub_train_25"	"up"	2	"X95735_at"
"drop_Golub_train_25"	"up"	3	"M28130_rna1_s_at"
"drop_Golub_train_25"	"up"	4	"D88422_at"
"drop_Golub_train_25"	"up"	5	"Y00787_s_at"
"drop_Golub_train_25"	"up"	6	"M84526_at"
"drop_Golub_train_25"	"up"	7	"M27783_s_at"
"drop_Golub_train_25"	"up"	8	"M23197_at"
"drop_Golub_train_25"	"up"	9	"X07743_at"
"drop_Golub_train_25"	"up"	10	"M57731_s_at"
"drop_Golub_train_25"	"up"	11	"U46499_at"
"drop_Golub_train_25"	"up"	12	"M16038_at"
"drop_Golub_train_25"	"up"	13	"X62320_at"
"drop_Golub_train_25"	"up"	14	"L09209_s_at"
"drop_Golub_train_25"	"up"	15	"M63138_at"
"drop_Golub_train_25"	"up"	16	"U50136_rna1_at"
"drop_Golub_train_25"	"up"	17	"Y12670_at"
"drop_Golub_train_25"	"up"	18	"M98399_s_at"
"drop_Golub_train_25"	"up"	19	"U85767_at"
"drop_Golub_train_25"	"up"	20	"M83652_s_at"
"drop_Golub_train_25"	"down"	1	"U22376_cds2_s_at"
"drop_Golub_train_25"	"down"	2	"X74262_at"
"drop_Golub_train_25"	"down"	3	"L47738_at"
"drop_Golub_train_25"	"down"	4	"HG1612-HT1612_at"
"drop_Golub_train_25"	"down"	5	"M31523_at"
"drop_Golub_train_25"	"down"	6	"J05243_at"
"drop_Golub_train_25"	"down"	7	"M92287_at"
"drop_Golub_train_25"	"down"	8	"M31211_s_at"
"drop_Golub_train_25"	"down"	9	"M91432_at"
"drop_Golub_train_25"	"down"	10	"J04615_at"
"drop_Golub_train_25"	"down"	11	"X15414_at"
"drop_Golub_train_25"	"down"	12	"M13792_at"
"drop_Golub_train_25"	"down"	13	"Z15115_at"
"drop_Golub_train_25"	"down"	14	"X59417_at"
"drop_Golub_train_25"	"down"	15	"L07758_at"
"drop_Golub_train_25"	"down"	16	"M31303_rna1_at"
"drop_Golub_train_25"	"down"	17	"U20998_at"
"drop_Golub_train_25"	"down"	18	"X51521_at"
"drop_Golub_train_25"	"down"	19	"Z69881_at"
"drop_Golub_train_25"	"down"	20	"L25931_s_at"
"drop_Golub_train_25"	"absolute"	1	"M27891_at"
"drop_Golub_train_25"	"absolute"	2	"X95735_at"
"drop_Golub_train_25"	"absolute"	3	"M28130_rna1_s_at"
"drop_Golub_train_25"	"absolute"	4	"D88422_at"
"drop_Golub_train_25"	"absolute"	5	"Y00787_s_at"
"drop_Golub_train_25"	"absolute"	6	"U22376_cds2_s_at"
"drop_Golub_train_25"	"absolute"	7	"M84526_at"
"drop_Golub_train_25"	"absolute"	8	"X74262_at"
"drop_Golub_train_25"	"absolute"	9	"M27783_s_at"
"drop_Golub_train_25"	"absolute"	10	"M23197_at"
"drop_Golub_train_25"	"absolute"	11	"X07743_at"
"drop_Golub_train_25"	"absolute"	12	"L47738_at"
"drop_Golub_train_25"	"absolute"	13	"HG1612-HT1612_at"
"drop_Golub_train_25"	"absolute"	14	"M57731_s_at"
"drop_Golub_train_25"	"absolute"	15	"M31523_at"
"drop_Golub_train_25"	"absolute"	16	"U46499_at"
"drop_Golub_train_25"	"absolute"	17	"M16038_at"
"drop_Golub_train_25"	"absolute"	18	"J05243_at"
"drop_Golub_train_25"	"absolute"	19	"M92287_at"
"drop_Golub_train_25"	"absolute"	20	"X62320_at"
"drop_Golub_train_26"	"up"	1	"M27891_at"
"drop_Golub_train_26"	"up"	2	"D88422_at"
"drop_Golub_train_26"	"up"	3	"X95735_at"
"drop_Golub_train_26"	"up"	4	"M84526_at"
"drop_Golub_train_26"	"up"	5	"M27783_s_at"
"drop_Golub_train_26"	"up"	6	"M23197_at"
"drop_Golub_train_26"	"up"	7	"M28130_rna1_s_at"
"drop_Golub_train_26"	"up"	8	"U46499_at"
"drop_Golub_train_26"	"up"	9	"X62320_at"
"drop_Golub_train_26"	"up"	10	"L09209_s_at"
"drop_Golub_train_26"	"up"	11	"X07743_at"
"drop_Golub_train_26"	"up"	12	"M16038_at"
"drop_Golub_train_26"	"up"	13	"Y00787_s_at"
"drop_Golub_train_26"	"up"	14	"M63138_at"
"drop_Golub_train_26"	"up"	15	"Y12670_at"
"drop_Golub_train_26"	"up"	16	"U50136_rna1_at"
"drop_Golub_train_26"	"up"	17	"U85767_at"
"drop_Golub_train_26"	"up"	18	"M83652_s_at"
"drop_Golub_train_26"	"up"	19	"M57731_s_at"
"drop_Golub_train_26"	"up"	20	"M98399_s_at"
"drop_Golub_train_26"	"down"	1	"U22376_cds2_s_at"
"drop_Golub_train_26"	"down"	2	"X74262_at"
"drop_Golub_train_26"	"down"	3	"HG1612-HT1612_at"
"drop_Golub_train_26"	"down"	4	"M31523_at"
"drop_Golub_train_26"	"down"	5	"L47738_at"
"drop_Golub_train_26"	"down"	6	"M92287_at"
"drop_Golub_train_26"	"down"	7	"J05243_at"
"drop_Golub_train_26"	"down"	8	"M31211_s_at"
"drop_Golub_train_26"	"down"	9	"J04615_at"
"drop_Golub_train_26"	"down"	10	"M91432_at"
"drop_Golub_train_26"	"down"	11	"X15414_at"
"drop_Golub_train_26"	"down"	12	"X59417_at"
"drop_Golub_train_26"	"down"	13	"M31303_rna1_at"
"drop_Golub_train_26"	"down"	14	"Z15115_at"
"drop_Golub_train_26"	"down"	15	"M13792_at"
"drop_Golub_train_26"	"down"	16	"X51521_at"
"drop_Golub_train_26"	"down"	17	"Z69881_at"
"drop_Golub_train_26"	"down"	18	"U62136_at"
"drop_Golub_train_26"	"down"	19	"L07758_at"
"drop_Golub_train_26"	"down"	20	"U26266_s_at"
"drop_Golub_train_26"	"absolute"	1	"M27891_at"
"drop_Golub_train_26"	"absolute"	2	"D88422_at"
"drop_Golub_train_26"	"absolute"	3	"X95735_at"
"drop_Golub_train_26"	"absolute"	4	"M84526_at"
"drop_Golub_train_26"	"absolute"	5	"M27783_s_at"
"drop_Golub_train_26"	"absolute"	6	"U22376_cds2_s_at"
"drop_Golub_train_26"	"absolute"	7	"M23197_at"
"drop_Golub_train_26"	"absolute"	8	"X74262_at"
"drop_Golub_train_26"	"absolute"	9	"HG1612-HT1612_at"
"drop_Golub_train_26"	"absolute"	10	"M28130_rna1_s_at"
"drop_Golub_train_26"	"absolute"	11	"U46499_at"
"drop_Golub_train_26"	"absolute"	12	"M31523_at"
"drop_Golub_train_26"	"absolute"	13	"X62320_at"
"drop_Golub_train_26"	"absolute"	14	"L47738_at"
"drop_Golub_train_26"	"absolute"	15	"L09209_s_at"
"drop_Golub_train_26"	"absolute"	16	"X07743_at"
"drop_Golub_train_26"	"absolute"	17	"M16038_at"
"drop_Golub_train_26"	"absolute"	18	"Y00787_s_at"
"drop_Golub_train_26"	"absolute"	19	"M92287_at"
"drop_Golub_train_26"	"absolute"	20	"J05243_at"
"drop_Golub_train_27"	"up"	1	"M27891_at"
"drop_Golub_train_27"	"up"	2	"D88422_at"
"drop_Golub_train_27"	"up"	3	"X95735_at"
"drop_Golub_train_27"	"up"	4	"M84526_at"
"drop_Golub_train_27"	"up"	5	"M27783_s_at"
"drop_Golub_train_27"	"up"	6	"M23197_at"
"drop_Golub_train_27"	"up"	7	"M28130_rna1_s_at"
"drop_Golub_train_27"	"up"	8	"U46499_at"
"drop_Golub_train_27"	"up"	9	"M16038_at"
"drop_Golub_train_27"	"up"	10	"M63138_at"
"drop_Golub_train_27"	"up"	11	"X07743_at"
"drop_Golub_train_27"	"up"	12	"X62320_at"
"drop_Golub_train_27"	"up"	13	"U50136_rna1_at"
"drop_Golub_train_27"	"up"	14	"L09209_s_at"
"drop_Golub_train_27"	"up"	15	"Y00787_s_at"
"drop_Golub_train_27"	"up"	16	"Y12670_at"
"drop_Golub_train_27"	"up"	17	"U85767_at"
"drop_Golub_train_27"	"up"	18	"M98399_s_at"
"drop_Golub_train_27"	"up"	19	"M83652_s_at"
"drop_Golub_train_27"	"up"	20	"M57731_s_at"
"drop_Golub_train_27"	"down"	1	"U22376_cds2_s_at"
"drop_Golub_train_27"	"down"	2	"X74262_at"
"drop_Golub_train_27"	"down"	3	"HG1612-HT1612_at"
"drop_Golub_train_27"	"down"	4	"M31211_s_at"
"drop_Golub_train_27"	"down"	5	"J05243_at"
"drop_Golub_train_27"	"down"	6	"M31523_at"
"drop_Golub_train_27"	"down"	7	"L47738_at"
"drop_Golub_train_27"	"down"	8	"M92287_at"
"drop_Golub_train_27"	"down"	9	"J04615_at"
"drop_Golub_train_27"	"down"	10	"M91432_at"
"drop_Golub_train_27"	"down"	11	"X15414_at"
"drop_Golub_train_27"	"down"	12	"X59417_at"
"drop_Golub_train_27"	"down"	13	"M13792_at"
"drop_Golub_train_27"	"down"	14	"X62535_at"
"drop_Golub_train_27"	"down"	15	"Z15115_at"
"drop_Golub_train_27"	"down"	16	"M31303_rna1_at"
"drop_Golub_train_27"	"down"	17	"X51521_at"
"drop_Golub_train_27"	"down"	18	"Z69881_at"
"drop_Golub_train_27"	"down"	19	"L25931_s_at"
"drop_Golub_train_27"	"down"	20	"D38073_at"
"drop_Golub_train_27"	"absolute"	1	"M27891_at"
"drop_Golub_train_27"	"absolute"	2	"D88422_at"
"drop_Golub_train_27"	"absolute"	3	"X95735_at"
"drop_Golub_train_27"	"absolute"	4	"M84526_at"
"drop_Golub_train_27"	"absolute"	5	"M27783_s_at"
"drop_Golub_train_27"	"absolute"	6	"U22376_cds2_s_at"
"drop_Golub_train_27"	"absolute"	7	"X74262_at"
"drop_Golub_train_27"	"absolute"	8	"M23197_at"
"drop_Golub_train_27"	"absolute"	9	"HG1612-HT1612_at"
"drop_Golub_train_27"	"absolute"	10	"M31211_s_at"
"drop_Golub_train_27"	"absolute"	11	"J05243_at"
"drop_Golub_train_27"	"absolute"	12	"M28130_rna1_s_at"
"drop_Golub_train_27"	"absolute"	13	"U46499_at"
"drop_Golub_train_27"	"absolute"	14	"M16038_at"
"drop_Golub_train_27"	"absolute"	15	"M31523_at"
"drop_Golub_train_27"	"absolute"	16	"M63138_at"
"drop_Golub_train_27"	"absolute"	17	"L47738_at"
"drop_Golub_train_27"	"absolute"	18	"X07743_at"
"drop_Golub_train_27"	"absolute"	19	"X62320_at"
"drop_Golub_train_27"	"absolute"	20	"U50136_rna1_at"
"drop_Golub_train_28"	"up"	1	"M27891_at"
"drop_Golub_train_28"	"up"	2	"M84526_at"
"drop_Golub_train_28"	"up"	3	"D88422_at"
"drop_Golub_train_28"	"up"	4	"M27783_s_at"
"drop_Golub_train_28"	"up"	5	"M23197_at"
"drop_Golub_train_28"	"up"	6	"X95735_at"
"drop_Golub_train_28"	"up"	7	"U46499_at"
"drop_Golub_train_28"	"up"	8	"M16038_at"
"drop_Golub_train_28"	"up"	9	"X62320_at"
"drop_Golub_train_28"	"up"	10	"M28130_rna1_s_at"
"drop_Golub_train_28"	"up"	11	"Y12670_at"
"drop_Golub_train_28"	"up"	12	"X16546_at"
"drop_Golub_train_28"	"up"	13	"X07743_at"
"drop_Golub_train_28"	"up"	14	"M96326_rna1_at"
"drop_Golub_train_28"	"up"	15	"U50136_rna1_at"
"drop_Golub_train_28"	"up"	16	"L09209_s_at"
"drop_Golub_train_28"	"up"	17	"U85767_at"
"drop_Golub_train_28"	"up"	18	"M63138_at"
"drop_Golub_train_28"	"up"	19	"Y00787_s_at"
"drop_Golub_train_28"	"up"	20	"M98399_s_at"
"drop_Golub_train_28"	"down"	1	"X74262_at"
"drop_Golub_train_28"	"down"	2	"U22376_cds2_s_at"
"drop_Golub_train_28"	"down"	3	"HG1612-HT1612_at"
"drop_Golub_train_28"	"down"	4	"L47738_at"
"drop_Golub_train_28"	"down"	5	"M31523_at"
"drop_Golub_train_28"	"down"	6	"M31211_s_at"
"drop_Golub_train_28"	"down"	7	"X15414_at"
"drop_Golub_train_28"	"down"	8	"M92287_at"
"drop_Golub_train_28"	"down"	9	"J04615_at"
"drop_Golub_train_28"	"down"	10	"J05243_at"
"drop_Golub_train_28"	"down"	11	"M91432_at"
"drop_Golub_train_28"	"down"	12	"D38073_at"
"drop_Golub_train_28"	"down"	13	"M13792_at"
"drop_Golub_train_28"	"down"	14	"X59417_at"
"drop_Golub_train_28"	"down"	15	"M31303_rna1_at"
"drop_Golub_train_28"	"down"	16	"X51521_at"
"drop_Golub_train_28"	"down"	17	"Z15115_at"
"drop_Golub_train_28"	"down"	18	"L07758_at"
"drop_Golub_train_28"	"down"	19	"L06797_s_at"
"drop_Golub_train_28"	"down"	20	"D26156_s_at"
"drop_Golub_train_28"	"absolute"	1	"M27891_at"
"drop_Golub_train_28"	"absolute"	2	"M84526_at"
"drop_Golub_train_28"	"absolute"	3	"D88422_at"
"drop_Golub_train_28"	"absolute"	4	"M27783_s_at"
"drop_Golub_train_28"	"absolute"	5	"M23197_at"
"drop_Golub_train_28"	"absolute"	6	"X95735_at"
"drop_Golub_train_28"	"absolute"	7	"X74262_at"
"drop_Golub_train_28"	"absolute"	8	"U46499_at"
"drop_Golub_train_28"	"absolute"	9	"U22376_cds2_s_at"
"drop_Golub_train_28"	"absolute"	10	"HG1612-HT1612_at"
"drop_Golub_train_28"	"absolute"	11	"M16038_at"
"drop_Golub_train_28"	"absolute"	12	"L47738_at"
"drop_Golub_train_28"	"absolute"	13	"X62320_at"
"drop_Golub_train_28"	"absolute"	14	"M31523_at"
"drop_Golub_train_28"	"absolute"	15	"M31211_s_at"
"drop_Golub_train_28"	"absolute"	16	"M28130_rna1_s_at"
"drop_Golub_train_28"	"absolute"	17	"X15414_at"
"drop_Golub_train_28"	"absolute"	18	"Y12670_at"
"drop_Golub_train_28"	"absolute"	19	"X16546_at"
"drop_Golub_train_28"	"absolute"	20	"X07743_at"
"drop_Golub_train_29"	"up"	1	"M27891_at"
"drop_Golub_train_29"	"up"	2	"M27783_s_at"
"drop_Golub_train_29"	"up"	3	"D88422_at"
"drop_Golub_train_29"	"up"	4	"X95735_at"
"drop_Golub_train_29"	"up"	5	"M84526_at"
"drop_Golub_train_29"	"up"	6	"M23197_at"
"drop_Golub_train_29"	"up"	7	"M57731_s_at"
"drop_Golub_train_29"	"up"	8	"HG2981-HT3127_s_at"
"drop_Golub_train_29"	"up"	9	"M28130_rna1_s_at"
"drop_Golub_train_29"	"up"	10	"X07743_at"
"drop_Golub_train_29"	"up"	11	"U46499_at"
"drop_Golub_train_29"	"up"	12	"X62320_at"
"drop_Golub_train_29"	"up"	13	"M63138_at"
"drop_Golub_train_29"	"up"	14	"Y00787_s_at"
"drop_Golub_train_29"	"up"	15	"M16038_at"
"drop_Golub_train_29"	"up"	16	"M31166_at"
"drop_Golub_train_29"	"up"	17	"L09209_s_at"
"drop_Golub_train_29"	"up"	18	"U02020_at"
"drop_Golub_train_29"	"up"	19	"Y12670_at"
"drop_Golub_train_29"	"up"	20	"U85767_at"
"drop_Golub_train_29"	"down"	1	"U22376_cds2_s_at"
"drop_Golub_train_29"	"down"	2	"X74262_at"
"drop_Golub_train_29"	"down"	3	"M92287_at"
"drop_Golub_train_29"	"down"	4	"J05243_at"
"drop_Golub_train_29"	"down"	5	"HG1612-HT1612_at"
"drop_Golub_train_29"	"down"	6	"M31211_s_at"
"drop_Golub_train_29"	"down"	7	"M31523_at"
"drop_Golub_train_29"	"down"	8	"L47738_at"
"drop_Golub_train_29"	"down"	9	"X59417_at"
"drop_Golub_train_29"	"down"	10	"M31303_rna1_at"
"drop_Golub_train_29"	"down"	11	"M91432_at"
"drop_Golub_train_29"	"down"	12	"U20998_at"
"drop_Golub_train_29"	"down"	13	"J04615_at"
"drop_Golub_train_29"	"down"	14	"U62136_at"
"drop_Golub_train_29"	"down"	15	"Z15115_at"
"drop_Golub_train_29"	"down"	16	"X15414_at"
"drop_Golub_train_29"	"down"	17	"L25931_s_at"
"drop_Golub_train_29"	"down"	18	"Z69881_at"
"drop_Golub_train_29"	"down"	19	"X76648_at"
"drop_Golub_train_29"	"down"	20	"D26156_s_at"
"drop_Golub_train_29"	"absolute"	1	"M27891_at"
"drop_Golub_train_29"	"absolute"	2	"U22376_cds2_s_at"
"drop_Golub_train_29"	"absolute"	3	"M27783_s_at"
"drop_Golub_train_29"	"absolute"	4	"D88422_at"
"drop_Golub_train_29"	"absolute"	5	"X95735_at"
"drop_Golub_train_29"	"absolute"	6	"X74262_at"
"drop_Golub_train_29"	"absolute"	7	"M84526_at"
"drop_Golub_train_29"	"absolute"	8	"M23197_at"
"drop_Golub_train_29"	"absolute"	9	"M92287_at"
"drop_Golub_train_29"	"absolute"	10	"M57731_s_at"
"drop_Golub_train_29"	"absolute"	11	"HG2981-HT3127_s_at"
"drop_Golub_train_29"	"absolute"	12	"M28130_rna1_s_at"
"drop_Golub_train_29"	"absolute"	13	"J05243_at"
"drop_Golub_train_29"	"absolute"	14	"HG1612-HT1612_at"
"drop_Golub_train_29"	"absolute"	15	"M31211_s_at"
"drop_Golub_train_29"	"absolute"	16	"M31523_at"
"drop_Golub_train_29"	"absolute"	17	"X07743_at"
"drop_Golub_train_29"	"absolute"	18	"U46499_at"
"drop_Golub_train_29"	"absolute"	19	"X62320_at"
"drop_Golub_train_29"	"absolute"	20	"M63138_at"
"drop_Golub_train_30"	"up"	1	"M27891_at"
"drop_Golub_train_30"	"up"	2	"D88422_at"
"drop_Golub_train_30"	"up"	3	"X95735_at"
"drop_Golub_train_30"	"up"	4	"M84526_at"
"drop_Golub_train_30"	"up"	5	"M27783_s_at"
"drop_Golub_train_30"	"up"	6	"M23197_at"
"drop_Golub_train_30"	"up"	7	"M28130_rna1_s_at"
"drop_Golub_train_30"	"up"	8	"M22324_at"
"drop_Golub_train_30"	"up"	9	"Y12670_at"
"drop_Golub_train_30"	"up"	10	"U46499_at"
"drop_Golub_train_30"	"up"	11	"Y00787_s_at"
"drop_Golub_train_30"	"up"	12	"M16038_at"
"drop_Golub_train_30"	"up"	13	"X62320_at"
"drop_Golub_train_30"	"up"	14	"X07743_at"
"drop_Golub_train_30"	"up"	15	"X85116_rna1_s_at"
"drop_Golub_train_30"	"up"	16	"U85767_at"
"drop_Golub_train_30"	"up"	17	"M63138_at"
"drop_Golub_train_30"	"up"	18	"L09209_s_at"
"drop_Golub_train_30"	"up"	19	"U50136_rna1_at"
"drop_Golub_train_30"	"up"	20	"M57731_s_at"
"drop_Golub_train_30"	"down"	1	"U22376_cds2_s_at"
"drop_Golub_train_30"	"down"	2	"X74262_at"
"drop_Golub_train_30"	"down"	3	"HG1612-HT1612_at"
"drop_Golub_train_30"	"down"	4	"X15414_at"
"drop_Golub_train_30"	"down"	5	"J05243_at"
"drop_Golub_train_30"	"down"	6	"M31523_at"
"drop_Golub_train_30"	"down"	7	"L47738_at"
"drop_Golub_train_30"	"down"	8	"M92287_at"
"drop_Golub_train_30"	"down"	9	"M31211_s_at"
"drop_Golub_train_30"	"down"	10	"X59417_at"
"drop_Golub_train_30"	"down"	11	"HG2855-HT2995_at"
"drop_Golub_train_30"	"down"	12	"M91432_at"
"drop_Golub_train_30"	"down"	13	"J04615_at"
"drop_Golub_train_30"	"down"	14	"Z15115_at"
"drop_Golub_train_30"	"down"	15	"X51521_at"
"drop_Golub_train_30"	"down"	16	"M31303_rna1_at"
"drop_Golub_train_30"	"down"	17	"M13792_at"
"drop_Golub_train_30"	"down"	18	"Z69881_at"
"drop_Golub_train_30"	"down"	19	"U62136_at"
"drop_Golub_train_30"	"down"	20	"U32944_at"
"drop_Golub_train_30"	"absolute"	1	"M27891_at"
"drop_Golub_train_30"	"absolute"	2	"D88422_at"
"drop_Golub_train_30"	"absolute"	3	"X95735_at"
"drop_Golub_train_30"	"absolute"	4	"M84526_at"
"drop_Golub_train_30"	"absolute"	5	"U22376_cds2_s_at"
"drop_Golub_train_30"	"absolute"	6	"M27783_s_at"
"drop_Golub_train_30"	"absolute"	7	"X74262_at"
"drop_Golub_train_30"	"absolute"	8	"HG1612-HT1612_at"
"drop_Golub_train_30"	"absolute"	9	"M23197_at"
"drop_Golub_train_30"	"absolute"	10	"M28130_rna1_s_at"
"drop_Golub_train_30"	"absolute"	11	"M22324_at"
"drop_Golub_train_30"	"absolute"	12	"Y12670_at"
"drop_Golub_train_30"	"absolute"	13	"X15414_at"
"drop_Golub_train_30"	"absolute"	14	"U46499_at"
"drop_Golub_train_30"	"absolute"	15	"J05243_at"
"drop_Golub_train_30"	"absolute"	16	"M31523_at"
"drop_Golub_train_30"	"absolute"	17	"L47738_at"
"drop_Golub_train_30"	"absolute"	18	"Y00787_s_at"
"drop_Golub_train_30"	"absolute"	19	"M16038_at"
"drop_Golub_train_30"	"absolute"	20	"X62320_at"
"drop_Golub_train_31"	"up"	1	"M27891_at"
"drop_Golub_train_31"	"up"	2	"D88422_at"
"drop_Golub_train_31"	"up"	3	"X95735_at"
"drop_Golub_train_31"	"up"	4	"U85767_at"
"drop_Golub_train_31"	"up"	5	"M27783_s_at"
"drop_Golub_train_31"	"up"	6	"M84526_at"
"drop_Golub_train_31"	"up"	7	"M28130_rna1_s_at"
"drop_Golub_train_31"	"up"	8	"M23197_at"
"drop_Golub_train_31"	"up"	9	"M83667_rna1_s_at"
"drop_Golub_train_31"	"up"	10	"M57731_s_at"
"drop_Golub_train_31"	"up"	11	"M31166_at"
"drop_Golub_train_31"	"up"	12	"M22324_at"
"drop_Golub_train_31"	"up"	13	"Y00787_s_at"
"drop_Golub_train_31"	"up"	14	"M16038_at"
"drop_Golub_train_31"	"up"	15	"M80254_at"
"drop_Golub_train_31"	"up"	16	"L09209_s_at"
"drop_Golub_train_31"	"up"	17	"X62320_at"
"drop_Golub_train_31"	"up"	18	"U46499_at"
"drop_Golub_train_31"	"up"	19	"X07743_at"
"drop_Golub_train_31"	"up"	20	"U02020_at"
"drop_Golub_train_31"	"down"	1	"U22376_cds2_s_at"
"drop_Golub_train_31"	"down"	2	"X74262_at"
"drop_Golub_train_31"	"down"	3	"HG1612-HT1612_at"
"drop_Golub_train_31"	"down"	4	"M31523_at"
"drop_Golub_train_31"	"down"	5	"M31303_rna1_at"
"drop_Golub_train_31"	"down"	6	"L47738_at"
"drop_Golub_train_31"	"down"	7	"M92287_at"
"drop_Golub_train_31"	"down"	8	"M31211_s_at"
"drop_Golub_train_31"	"down"	9	"M91432_at"
"drop_Golub_train_31"	"down"	10	"J05243_at"
"drop_Golub_train_31"	"down"	11	"X59417_at"
"drop_Golub_train_31"	"down"	12	"Z15115_at"
"drop_Golub_train_31"	"down"	13	"J04615_at"
"drop_Golub_train_31"	"down"	14	"X15414_at"
"drop_Golub_train_31"	"down"	15	"M13792_at"
"drop_Golub_train_31"	"down"	16	"D14658_at"
"drop_Golub_train_31"	"down"	17	"Z69881_at"
"drop_Golub_train_31"	"down"	18	"D38073_at"
"drop_Golub_train_31"	"down"	19	"X51521_at"
"drop_Golub_train_31"	"down"	20	"U62136_at"
"drop_Golub_train_31"	"absolute"	1	"M27891_at"
"drop_Golub_train_31"	"absolute"	2	"D88422_at"
"drop_Golub_train_31"	"absolute"	3	"X95735_at"
"drop_Golub_train_31"	"absolute"	4	"U85767_at"
"drop_Golub_train_31"	"absolute"	5	"M27783_s_at"
"drop_Golub_train_31"	"absolute"	6	"M84526_at"
"drop_Golub_train_31"	"absolute"	7	"U22376_cds2_s_at"
"drop_Golub_train_31"	"absolute"	8	"X74262_at"
"drop_Golub_train_31"	"absolute"	9	"M28130_rna1_s_at"
"drop_Golub_train_31"	"absolute"	10	"M23197_at"
"drop_Golub_train_31"	"absolute"	11	"M83667_rna1_s_at"
"drop_Golub_train_31"	"absolute"	12	"M57731_s_at"
"drop_Golub_train_31"	"absolute"	13	"HG1612-HT1612_at"
"drop_Golub_train_31"	"absolute"	14	"M31523_at"
"drop_Golub_train_31"	"absolute"	15	"M31303_rna1_at"
"drop_Golub_train_31"	"absolute"	16	"M31166_at"
"drop_Golub_train_31"	"absolute"	17	"M22324_at"
"drop_Golub_train_31"	"absolute"	18	"L47738_at"
"drop_Golub_train_31"	"absolute"	19	"Y00787_s_at"
"drop_Golub_train_31"	"absolute"	20	"M16038_at"
"drop_Golub_train_32"	"up"	1	"M27891_at"
"drop_Golub_train_32"	"up"	2	"M84526_at"
"drop_Golub_train_32"	"up"	3	"D88422_at"
"drop_Golub_train_32"	"up"	4	"M27783_s_at"
"drop_Golub_train_32"	"up"	5	"U46499_at"
"drop_Golub_train_32"	"up"	6	"X95735_at"
"drop_Golub_train_32"	"up"	7	"M98399_s_at"
"drop_Golub_train_32"	"up"	8	"M23197_at"
"drop_Golub_train_32"	"up"	9	"X07743_at"
"drop_Golub_train_32"	"up"	10	"M28130_rna1_s_at"
"drop_Golub_train_32"	"up"	11	"X62320_at"
"drop_Golub_train_32"	"up"	12	"M16038_at"
"drop_Golub_train_32"	"up"	13	"L09209_s_at"
"drop_Golub_train_32"	"up"	14	"M31166_at"
"drop_Golub_train_32"	"up"	15	"Y00787_s_at"
"drop_Golub_train_32"	"up"	16	"U85767_at"
"drop_Golub_train_32"	"up"	17	"M19507_at"
"drop_Golub_train_32"	"up"	18	"M96326_rna1_at"
"drop_Golub_train_32"	"up"	19	"M54995_at"
"drop_Golub_train_32"	"up"	20	"U50136_rna1_at"
"drop_Golub_train_32"	"down"	1	"J04615_at"
"drop_Golub_train_32"	"down"	2	"HG1612-HT1612_at"
"drop_Golub_train_32"	"down"	3	"U22376_cds2_s_at"
"drop_Golub_train_32"	"down"	4	"J05243_at"
"drop_Golub_train_32"	"down"	5	"L47738_at"
"drop_Golub_train_32"	"down"	6	"X74262_at"
"drop_Golub_train_32"	"down"	7	"M31523_at"
"drop_Golub_train_32"	"down"	8	"M31211_s_at"
"drop_Golub_train_32"	"down"	9	"M92287_at"
"drop_Golub_train_32"	"down"	10	"M91432_at"
"drop_Golub_train_32"	"down"	11	"X15414_at"
"drop_Golub_train_32"	"down"	12	"M13792_at"
"drop_Golub_train_32"	"down"	13	"Z15115_at"
"drop_Golub_train_32"	"down"	14	"U97105_at"
"drop_Golub_train_32"	"down"	15	"X59417_at"
"drop_Golub_train_32"	"down"	16	"U90552_s_at"
"drop_Golub_train_32"	"down"	17	"M31303_rna1_at"
"drop_Golub_train_32"	"down"	18	"Z69881_at"
"drop_Golub_train_32"	"down"	19	"M11722_at"
"drop_Golub_train_32"	"down"	20	"X97267_rna1_s_at"
"drop_Golub_train_32"	"absolute"	1	"M27891_at"
"drop_Golub_train_32"	"absolute"	2	"M84526_at"
"drop_Golub_train_32"	"absolute"	3	"D88422_at"
"drop_Golub_train_32"	"absolute"	4	"M27783_s_at"
"drop_Golub_train_32"	"absolute"	5	"U46499_at"
"drop_Golub_train_32"	"absolute"	6	"X95735_at"
"drop_Golub_train_32"	"absolute"	7	"J04615_at"
"drop_Golub_train_32"	"absolute"	8	"HG1612-HT1612_at"
"drop_Golub_train_32"	"absolute"	9	"U22376_cds2_s_at"
"drop_Golub_train_32"	"absolute"	10	"M98399_s_at"
"drop_Golub_train_32"	"absolute"	11	"J05243_at"
"drop_Golub_train_32"	"absolute"	12	"L47738_at"
"drop_Golub_train_32"	"absolute"	13	"M23197_at"
"drop_Golub_train_32"	"absolute"	14	"X74262_at"
"drop_Golub_train_32"	"absolute"	15	"M31523_at"
"drop_Golub_train_32"	"absolute"	16	"X07743_at"
"drop_Golub_train_32"	"absolute"	17	"M31211_s_at"
"drop_Golub_train_32"	"absolute"	18	"M28130_rna1_s_at"
"drop_Golub_train_32"	"absolute"	19	"X62320_at"
"drop_Golub_train_32"	"absolute"	20	"M92287_at"
"drop_Golub_train_33"	"up"	1	"M27891_at"
"drop_Golub_train_33"	"up"	2	"D88422_at"
"drop_Golub_train_33"	"up"	3	"X95735_at"
"drop_Golub_train_33"	"up"	4	"M23197_at"
"drop_Golub_train_33"	"up"	5	"M84526_at"
"drop_Golub_train_33"	"up"	6	"M27783_s_at"
"drop_Golub_train_33"	"up"	7	"M63138_at"
"drop_Golub_train_33"	"up"	8	"U50136_rna1_at"
"drop_Golub_train_33"	"up"	9	"U46499_at"
"drop_Golub_train_33"	"up"	10	"M28130_rna1_s_at"
"drop_Golub_train_33"	"up"	11	"M98399_s_at"
"drop_Golub_train_33"	"up"	12	"X62320_at"
"drop_Golub_train_33"	"up"	13	"X07743_at"
"drop_Golub_train_33"	"up"	14	"M16038_at"
"drop_Golub_train_33"	"up"	15	"Y00787_s_at"
"drop_Golub_train_33"	"up"	16	"M83652_s_at"
"drop_Golub_train_33"	"up"	17	"Y12670_at"
"drop_Golub_train_33"	"up"	18	"L09209_s_at"
"drop_Golub_train_33"	"up"	19	"U85767_at"
"drop_Golub_train_33"	"up"	20	"M22960_at"
"drop_Golub_train_33"	"down"	1	"U22376_cds2_s_at"
"drop_Golub_train_33"	"down"	2	"HG1612-HT1612_at"
"drop_Golub_train_33"	"down"	3	"X74262_at"
"drop_Golub_train_33"	"down"	4	"M92287_at"
"drop_Golub_train_33"	"down"	5	"L47738_at"
"drop_Golub_train_33"	"down"	6	"M31523_at"
"drop_Golub_train_33"	"down"	7	"J04615_at"
"drop_Golub_train_33"	"down"	8	"J05243_at"
"drop_Golub_train_33"	"down"	9	"M31211_s_at"
"drop_Golub_train_33"	"down"	10	"X59417_at"
"drop_Golub_train_33"	"down"	11	"X15414_at"
"drop_Golub_train_33"	"down"	12	"M63838_s_at"
"drop_Golub_train_33"	"down"	13	"X51521_at"
"drop_Golub_train_33"	"down"	14	"M91432_at"
"drop_Golub_train_33"	"down"	15	"X70394_at"
"drop_Golub_train_33"	"down"	16	"M13792_at"
"drop_Golub_train_33"	"down"	17	"Z15115_at"
"drop_Golub_train_33"	"down"	18	"M31303_rna1_at"
"drop_Golub_train_33"	"down"	19	"U90552_s_at"
"drop_Golub_train_33"	"down"	20	"L07758_at"
"drop_Golub_train_33"	"absolute"	1	"M27891_at"
"drop_Golub_train_33"	"absolute"	2	"D88422_at"
"drop_Golub_train_33"	"absolute"	3	"X95735_at"
"drop_Golub_train_33"	"absolute"	4	"M23197_at"
"drop_Golub_train_33"	"absolute"	5	"M84526_at"
"drop_Golub_train_33"	"absolute"	6	"M27783_s_at"
"drop_Golub_train_33"	"absolute"	7	"U22376_cds2_s_at"
"drop_Golub_train_33"	"absolute"	8	"HG1612-HT1612_at"
"drop_Golub_train_33"	"absolute"	9	"M63138_at"
"drop_Golub_train_33"	"absolute"	10	"U50136_rna1_at"
"drop_Golub_train_33"	"absolute"	11	"X74262_at"
"drop_Golub_train_33"	"absolute"	12	"U46499_at"
"drop_Golub_train_33"	"absolute"	13	"M92287_at"
"drop_Golub_train_33"	"absolute"	14	"M28130_rna1_s_at"
"drop_Golub_train_33"	"absolute"	15	"M98399_s_at"
"drop_Golub_train_33"	"absolute"	16	"X62320_at"
"drop_Golub_train_33"	"absolute"	17	"X07743_at"
"drop_Golub_train_33"	"absolute"	18	"L47738_at"
"drop_Golub_train_33"	"absolute"	19	"M31523_at"
"drop_Golub_train_33"	"absolute"	20	"J04615_at"
"drop_Golub_train_34"	"up"	1	"M27891_at"
"drop_Golub_train_34"	"up"	2	"D88422_at"
"drop_Golub_train_34"	"up"	3	"X95735_at"
"drop_Golub_train_34"	"up"	4	"M98399_s_at"
"drop_Golub_train_34"	"up"	5	"M84526_at"
"drop_Golub_train_34"	"up"	6	"M27783_s_at"
"drop_Golub_train_34"	"up"	7	"HG2981-HT3127_s_at"
"drop_Golub_train_34"	"up"	8	"M23197_at"
"drop_Golub_train_34"	"up"	9	"M83667_rna1_s_at"
"drop_Golub_train_34"	"up"	10	"X62320_at"
"drop_Golub_train_34"	"up"	11	"M80254_at"
"drop_Golub_train_34"	"up"	12	"M28130_rna1_s_at"
"drop_Golub_train_34"	"up"	13	"U46499_at"
"drop_Golub_train_34"	"up"	14	"L09209_s_at"
"drop_Golub_train_34"	"up"	15	"X07743_at"
"drop_Golub_train_34"	"up"	16	"M16038_at"
"drop_Golub_train_34"	"up"	17	"U85767_at"
"drop_Golub_train_34"	"up"	18	"Y00787_s_at"
"drop_Golub_train_34"	"up"	19	"M63138_at"
"drop_Golub_train_34"	"up"	20	"U02020_at"
"drop_Golub_train_34"	"down"	1	"U22376_cds2_s_at"
"drop_Golub_train_34"	"down"	2	"X74262_at"
"drop_Golub_train_34"	"down"	3	"HG1612-HT1612_at"
"drop_Golub_train_34"	"down"	4	"M31523_at"
"drop_Golub_train_34"	"down"	5	"J05243_at"
"drop_Golub_train_34"	"down"	6	"L47738_at"
"drop_Golub_train_34"	"down"	7	"Z15115_at"
"drop_Golub_train_34"	"down"	8	"M92287_at"
"drop_Golub_train_34"	"down"	9	"M31211_s_at"
"drop_Golub_train_34"	"down"	10	"M91432_at"
"drop_Golub_train_34"	"down"	11	"X15414_at"
"drop_Golub_train_34"	"down"	12	"Z69881_at"
"drop_Golub_train_34"	"down"	13	"J04615_at"
"drop_Golub_train_34"	"down"	14	"X59417_at"
"drop_Golub_train_34"	"down"	15	"U26266_s_at"
"drop_Golub_train_34"	"down"	16	"M31303_rna1_at"
"drop_Golub_train_34"	"down"	17	"X62535_at"
"drop_Golub_train_34"	"down"	18	"M13792_at"
"drop_Golub_train_34"	"down"	19	"L07758_at"
"drop_Golub_train_34"	"down"	20	"U72936_s_at"
"drop_Golub_train_34"	"absolute"	1	"M27891_at"
"drop_Golub_train_34"	"absolute"	2	"D88422_at"
"drop_Golub_train_34"	"absolute"	3	"U22376_cds2_s_at"
"drop_Golub_train_34"	"absolute"	4	"X95735_at"
"drop_Golub_train_34"	"absolute"	5	"M98399_s_at"
"drop_Golub_train_34"	"absolute"	6	"M84526_at"
"drop_Golub_train_34"	"absolute"	7	"M27783_s_at"
"drop_Golub_train_34"	"absolute"	8	"HG2981-HT3127_s_at"
"drop_Golub_train_34"	"absolute"	9	"X74262_at"
"drop_Golub_train_34"	"absolute"	10	"M23197_at"
"drop_Golub_train_34"	"absolute"	11	"M83667_rna1_s_at"
"drop_Golub_train_34"	"absolute"	12	"HG1612-HT1612_at"
"drop_Golub_train_34"	"absolute"	13	"X62320_at"
"drop_Golub_train_34"	"absolute"	14	"M80254_at"
"drop_Golub_train_34"	"absolute"	15	"M28130_rna1_s_at"
"drop_Golub_train_34"	"absolute"	16	"M31523_at"
"drop_Golub_train_34"	"absolute"	17	"U46499_at"
"drop_Golub_train_34"	"absolute"	18	"L09209_s_at"
"drop_Golub_train_34"	"absolute"	19	"X07743_at"
"drop_Golub_train_34"	"absolute"	20	"J05243_at"
"drop_Golub_train_35"	"up"	1	"M27891_at"
"drop_Golub_train_35"	"up"	2	"M84526_at"
"drop_Golub_train_35"	"up"	3	"M28130_rna1_s_at"
"drop_Golub_train_35"	"up"	4	"M27783_s_at"
"drop_Golub_train_35"	"up"	5	"D88422_at"
"drop_Golub_train_35"	"up"	6	"X95735_at"
"drop_Golub_train_35"	"up"	7	"Y00787_s_at"
"drop_Golub_train_35"	"up"	8	"U02020_at"
"drop_Golub_train_35"	"up"	9	"X07743_at"
"drop_Golub_train_35"	"up"	10	"M57731_s_at"
"drop_Golub_train_35"	"up"	11	"M23197_at"
"drop_Golub_train_35"	"up"	12	"X62320_at"
"drop_Golub_train_35"	"up"	13	"M54995_at"
"drop_Golub_train_35"	"up"	14	"M16038_at"
"drop_Golub_train_35"	"up"	15	"M31166_at"
"drop_Golub_train_35"	"up"	16	"U46499_at"
"drop_Golub_train_35"	"up"	17	"M80254_at"
"drop_Golub_train_35"	"up"	18	"L09209_s_at"
"drop_Golub_train_35"	"up"	19	"HG2981-HT3127_s_at"
"drop_Golub_train_35"	"up"	20	"M63138_at"
"drop_Golub_train_35"	"down"	1	"U22376_cds2_s_at"
"drop_Golub_train_35"	"down"	2	"X74262_at"
"drop_Golub_train_35"	"down"	3	"M31523_at"
"drop_Golub_train_35"	"down"	4	"HG1612-HT1612_at"
"drop_Golub_train_35"	"down"	5	"L47738_at"
"drop_Golub_train_35"	"down"	6	"M31303_rna1_at"
"drop_Golub_train_35"	"down"	7	"M92287_at"
"drop_Golub_train_35"	"down"	8	"M13792_at"
"drop_Golub_train_35"	"down"	9	"J05243_at"
"drop_Golub_train_35"	"down"	10	"M91432_at"
"drop_Golub_train_35"	"down"	11	"M31211_s_at"
"drop_Golub_train_35"	"down"	12	"X15414_at"
"drop_Golub_train_35"	"down"	13	"D50918_at"
"drop_Golub_train_35"	"down"	14	"J04615_at"
"drop_Golub_train_35"	"down"	15	"Z15115_at"
"drop_Golub_train_35"	"down"	16	"X59417_at"
"drop_Golub_train_35"	"down"	17	"Z69881_at"
"drop_Golub_train_35"	"down"	18	"D38073_at"
"drop_Golub_train_35"	"down"	19	"X97267_rna1_s_at"
"drop_Golub_train_35"	"down"	20	"X51521_at"
"drop_Golub_train_35"	"absolute"	1	"M27891_at"
"drop_Golub_train_35"	"absolute"	2	"M84526_at"
"drop_Golub_train_35"	"absolute"	3	"M28130_rna1_s_at"
"drop_Golub_train_35"	"absolute"	4	"M27783_s_at"
"drop_Golub_train_35"	"absolute"	5	"D88422_at"
"drop_Golub_train_35"	"absolute"	6	"X95735_at"
"drop_Golub_train_35"	"absolute"	7	"U22376_cds2_s_at"
"drop_Golub_train_35"	"absolute"	8	"Y00787_s_at"
"drop_Golub_train_35"	"absolute"	9	"U02020_at"
"drop_Golub_train_35"	"absolute"	10	"X74262_at"
"drop_Golub_train_35"	"absolute"	11	"X07743_at"
"drop_Golub_train_35"	"absolute"	12	"M57731_s_at"
"drop_Golub_train_35"	"absolute"	13	"M23197_at"
"drop_Golub_train_35"	"absolute"	14	"X62320_at"
"drop_Golub_train_35"	"absolute"	15	"M31523_at"
"drop_Golub_train_35"	"absolute"	16	"HG1612-HT1612_at"
"drop_Golub_train_35"	"absolute"	17	"M54995_at"
"drop_Golub_train_35"	"absolute"	18	"M16038_at"
"drop_Golub_train_35"	"absolute"	19	"M31166_at"
"drop_Golub_train_35"	"absolute"	20	"L47738_at"
"drop_Golub_train_36"	"up"	1	"M27891_at"
"drop_Golub_train_36"	"up"	2	"M27783_s_at"
"drop_Golub_train_36"	"up"	3	"D88422_at"
"drop_Golub_train_36"	"up"	4	"X95735_at"
"drop_Golub_train_36"	"up"	5	"M84526_at"
"drop_Golub_train_36"	"up"	6	"M23197_at"
"drop_Golub_train_36"	"up"	7	"M28130_rna1_s_at"
"drop_Golub_train_36"	"up"	8	"U46499_at"
"drop_Golub_train_36"	"up"	9	"Y12670_at"
"drop_Golub_train_36"	"up"	10	"M16038_at"
"drop_Golub_train_36"	"up"	11	"X62320_at"
"drop_Golub_train_36"	"up"	12	"M54995_at"
"drop_Golub_train_36"	"up"	13	"X07743_at"
"drop_Golub_train_36"	"up"	14	"Y00787_s_at"
"drop_Golub_train_36"	"up"	15	"L09209_s_at"
"drop_Golub_train_36"	"up"	16	"M63138_at"
"drop_Golub_train_36"	"up"	17	"M20203_s_at"
"drop_Golub_train_36"	"up"	18	"M31166_at"
"drop_Golub_train_36"	"up"	19	"U50136_rna1_at"
"drop_Golub_train_36"	"up"	20	"U85767_at"
"drop_Golub_train_36"	"down"	1	"U22376_cds2_s_at"
"drop_Golub_train_36"	"down"	2	"X74262_at"
"drop_Golub_train_36"	"down"	3	"HG1612-HT1612_at"
"drop_Golub_train_36"	"down"	4	"M92287_at"
"drop_Golub_train_36"	"down"	5	"M31523_at"
"drop_Golub_train_36"	"down"	6	"L47738_at"
"drop_Golub_train_36"	"down"	7	"X15414_at"
"drop_Golub_train_36"	"down"	8	"J04615_at"
"drop_Golub_train_36"	"down"	9	"J05243_at"
"drop_Golub_train_36"	"down"	10	"M31211_s_at"
"drop_Golub_train_36"	"down"	11	"X59417_at"
"drop_Golub_train_36"	"down"	12	"L07758_at"
"drop_Golub_train_36"	"down"	13	"Z15115_at"
"drop_Golub_train_36"	"down"	14	"M91432_at"
"drop_Golub_train_36"	"down"	15	"M31303_rna1_at"
"drop_Golub_train_36"	"down"	16	"M13792_at"
"drop_Golub_train_36"	"down"	17	"X51521_at"
"drop_Golub_train_36"	"down"	18	"U90552_s_at"
"drop_Golub_train_36"	"down"	19	"M11722_at"
"drop_Golub_train_36"	"down"	20	"Z69881_at"
"drop_Golub_train_36"	"absolute"	1	"M27891_at"
"drop_Golub_train_36"	"absolute"	2	"M27783_s_at"
"drop_Golub_train_36"	"absolute"	3	"D88422_at"
"drop_Golub_train_36"	"absolute"	4	"X95735_at"
"drop_Golub_train_36"	"absolute"	5	"M84526_at"
"drop_Golub_train_36"	"absolute"	6	"U22376_cds2_s_at"
"drop_Golub_train_36"	"absolute"	7	"M23197_at"
"drop_Golub_train_36"	"absolute"	8	"X74262_at"
"drop_Golub_train_36"	"absolute"	9	"HG1612-HT1612_at"
"drop_Golub_train_36"	"absolute"	10	"M28130_rna1_s_at"
"drop_Golub_train_36"	"absolute"	11	"U46499_at"
"drop_Golub_train_36"	"absolute"	12	"M92287_at"
"drop_Golub_train_36"	"absolute"	13	"Y12670_at"
"drop_Golub_train_36"	"absolute"	14	"M16038_at"
"drop_Golub_train_36"	"absolute"	15	"M31523_at"
"drop_Golub_train_36"	"absolute"	16	"X62320_at"
"drop_Golub_train_36"	"absolute"	17	"L47738_at"
"drop_Golub_train_36"	"absolute"	18	"M54995_at"
"drop_Golub_train_36"	"absolute"	19	"X07743_at"
"drop_Golub_train_36"	"absolute"	20	"Y00787_s_at"
"drop_Golub_train_37"	"up"	1	"M27891_at"
"drop_Golub_train_37"	"up"	2	"D88422_at"
"drop_Golub_train_37"	"up"	3	"X95735_at"
"drop_Golub_train_37"	"up"	4	"M23197_at"
"drop_Golub_train_37"	"up"	5	"M84526_at"
"drop_Golub_train_37"	"up"	6	"M27783_s_at"
"drop_Golub_train_37"	"up"	7	"M83652_s_at"
"drop_Golub_train_37"	"up"	8	"U46499_at"
"drop_Golub_train_37"	"up"	9	"X07743_at"
"drop_Golub_train_37"	"up"	10	"M28130_rna1_s_at"
"drop_Golub_train_37"	"up"	11	"M16038_at"
"drop_Golub_train_37"	"up"	12	"X62320_at"
"drop_Golub_train_37"	"up"	13	"Y12670_at"
"drop_Golub_train_37"	"up"	14	"Y00787_s_at"
"drop_Golub_train_37"	"up"	15	"L09209_s_at"
"drop_Golub_train_37"	"up"	16	"M54995_at"
"drop_Golub_train_37"	"up"	17	"M63138_at"
"drop_Golub_train_37"	"up"	18	"U50136_rna1_at"
"drop_Golub_train_37"	"up"	19	"U85767_at"
"drop_Golub_train_37"	"up"	20	"X70297_at"
"drop_Golub_train_37"	"down"	1	"U22376_cds2_s_at"
"drop_Golub_train_37"	"down"	2	"HG1612-HT1612_at"
"drop_Golub_train_37"	"down"	3	"X74262_at"
"drop_Golub_train_37"	"down"	4	"M31523_at"
"drop_Golub_train_37"	"down"	5	"L47738_at"
"drop_Golub_train_37"	"down"	6	"M92287_at"
"drop_Golub_train_37"	"down"	7	"J05243_at"
"drop_Golub_train_37"	"down"	8	"M31211_s_at"
"drop_Golub_train_37"	"down"	9	"M91432_at"
"drop_Golub_train_37"	"down"	10	"J04615_at"
"drop_Golub_train_37"	"down"	11	"X15414_at"
"drop_Golub_train_37"	"down"	12	"X59417_at"
"drop_Golub_train_37"	"down"	13	"Z15115_at"
"drop_Golub_train_37"	"down"	14	"M31303_rna1_at"
"drop_Golub_train_37"	"down"	15	"M13792_at"
"drop_Golub_train_37"	"down"	16	"M63838_s_at"
"drop_Golub_train_37"	"down"	17	"X51521_at"
"drop_Golub_train_37"	"down"	18	"U62136_at"
"drop_Golub_train_37"	"down"	19	"L07758_at"
"drop_Golub_train_37"	"down"	20	"Z69881_at"
"drop_Golub_train_37"	"absolute"	1	"M27891_at"
"drop_Golub_train_37"	"absolute"	2	"D88422_at"
"drop_Golub_train_37"	"absolute"	3	"X95735_at"
"drop_Golub_train_37"	"absolute"	4	"M23197_at"
"drop_Golub_train_37"	"absolute"	5	"M84526_at"
"drop_Golub_train_37"	"absolute"	6	"M27783_s_at"
"drop_Golub_train_37"	"absolute"	7	"U22376_cds2_s_at"
"drop_Golub_train_37"	"absolute"	8	"HG1612-HT1612_at"
"drop_Golub_train_37"	"absolute"	9	"M83652_s_at"
"drop_Golub_train_37"	"absolute"	10	"X74262_at"
"drop_Golub_train_37"	"absolute"	11	"U46499_at"
"drop_Golub_train_37"	"absolute"	12	"X07743_at"
"drop_Golub_train_37"	"absolute"	13	"M28130_rna1_s_at"
"drop_Golub_train_37"	"absolute"	14	"M31523_at"
"drop_Golub_train_37"	"absolute"	15	"M16038_at"
"drop_Golub_train_37"	"absolute"	16	"L47738_at"
"drop_Golub_train_37"	"absolute"	17	"X62320_at"
"drop_Golub_train_37"	"absolute"	18	"M92287_at"
"drop_Golub_train_37"	"absolute"	19	"Y12670_at"
"drop_Golub_train_37"	"absolute"	20	"Y00787_s_at"
"drop_Golub_train_38"	"up"	1	"M27891_at"
"drop_Golub_train_38"	"up"	2	"M23197_at"
"drop_Golub_train_38"	"up"	3	"D88422_at"
"drop_Golub_train_38"	"up"	4	"X95735_at"
"drop_Golub_train_38"	"up"	5	"M83652_s_at"
"drop_Golub_train_38"	"up"	6	"M27783_s_at"
"drop_Golub_train_38"	"up"	7	"X62320_at"
"drop_Golub_train_38"	"up"	8	"M84526_at"
"drop_Golub_train_38"	"up"	9	"U85767_at"
"drop_Golub_train_38"	"up"	10	"M63138_at"
"drop_Golub_train_38"	"up"	11	"U46499_at"
"drop_Golub_train_38"	"up"	12	"M16038_at"
"drop_Golub_train_38"	"up"	13	"X16546_at"
"drop_Golub_train_38"	"up"	14	"X07743_at"
"drop_Golub_train_38"	"up"	15	"M28130_rna1_s_at"
"drop_Golub_train_38"	"up"	16	"M83667_rna1_s_at"
"drop_Golub_train_38"	"up"	17	"L09209_s_at"
"drop_Golub_train_38"	"up"	18	"M54995_at"
"drop_Golub_train_38"	"up"	19	"Y00787_s_at"
"drop_Golub_train_38"	"up"	20	"HG2981-HT3127_s_at"
"drop_Golub_train_38"	"down"	1	"U22376_cds2_s_at"
"drop_Golub_train_38"	"down"	2	"HG1612-HT1612_at"
"drop_Golub_train_38"	"down"	3	"X74262_at"
"drop_Golub_train_38"	"down"	4	"M92287_at"
"drop_Golub_train_38"	"down"	5	"M31523_at"
"drop_Golub_train_38"	"down"	6	"L47738_at"
"drop_Golub_train_38"	"down"	7	"J05243_at"
"drop_Golub_train_38"	"down"	8	"J04615_at"
"drop_Golub_train_38"	"down"	9	"M13792_at"
"drop_Golub_train_38"	"down"	10	"M31211_s_at"
"drop_Golub_train_38"	"down"	11	"X70394_at"
"drop_Golub_train_38"	"down"	12	"X59417_at"
"drop_Golub_train_38"	"down"	13	"M91432_at"
"drop_Golub_train_38"	"down"	14	"X15414_at"
"drop_Golub_train_38"	"down"	15	"Z15115_at"
"drop_Golub_train_38"	"down"	16	"L25931_s_at"
"drop_Golub_train_38"	"down"	17	"U62136_at"
"drop_Golub_train_38"	"down"	18	"M31303_rna1_at"
"drop_Golub_train_38"	"down"	19	"X51521_at"
"drop_Golub_train_38"	"down"	20	"X76648_at"
"drop_Golub_train_38"	"absolute"	1	"M27891_at"
"drop_Golub_train_38"	"absolute"	2	"M23197_at"
"drop_Golub_train_38"	"absolute"	3	"D88422_at"
"drop_Golub_train_38"	"absolute"	4	"X95735_at"
"drop_Golub_train_38"	"absolute"	5	"M83652_s_at"
"drop_Golub_train_38"	"absolute"	6	"M27783_s_at"
"drop_Golub_train_38"	"absolute"	7	"X62320_at"
"drop_Golub_train_38"	"absolute"	8	"M84526_at"
"drop_Golub_train_38"	"absolute"	9	"U22376_cds2_s_at"
"drop_Golub_train_38"	"absolute"	10	"HG1612-HT1612_at"
"drop_Golub_train_38"	"absolute"	11	"U85767_at"
"drop_Golub_train_38"	"absolute"	12	"X74262_at"
"drop_Golub_train_38"	"absolute"	13	"M63138_at"
"drop_Golub_train_38"	"absolute"	14	"U46499_at"
"drop_Golub_train_38"	"absolute"	15	"M16038_at"
"drop_Golub_train_38"	"absolute"	16	"X16546_at"
"drop_Golub_train_38"	"absolute"	17	"M92287_at"
"drop_Golub_train_38"	"absolute"	18	"X07743_at"
"drop_Golub_train_38"	"absolute"	19	"M28130_rna1_s_at"
"drop_Golub_train_38"	"absolute"	20	"M83667_rna1_s_at"
