"feature_id"	"baseline_rank"	"baseline_t"	"best_observed_rank"	"worst_observed_rank"	"loo_selected_count"	"loo_scenarios"	"loo_selection_fraction"	"loo_sign_changes"	"baseline_topk"
"AFFX-HUMISGF3A/M97935_MA_at"	1317	1.75919522154538	1107	1594	0	38	0	0	FALSE
"AFFX-HUMISGF3A/M97935_MB_at"	2067	0.90985764479167	1817	2752	0	38	0	0	FALSE
"AFFX-HUMISGF3A/M97935_3_at"	2933	-0.0980259202508952	1826	3051	0	38	0	9	FALSE
"AFFX-HUMRGE/M10098_5_at"	2673	-0.338962861923537	2184	2935	0	38	0	1	FALSE
"AFFX-HUMRGE/M10098_M_at"	1633	-1.3701649292409	1274	1910	0	38	0	0	FALSE
"AFFX-HUMRGE/M10098_3_at"	1736	-1.26505225398894	1415	2018	0	38	0	0	FALSE
"AFFX-HUMGAPDH/M33197_5_at"	2249	0.722154543316479	2022	2881	0	38	0	1	FALSE
"AFFX-HUMGAPDH/M33197_M_at"	2456	0.533557665131957	2239	2798	0	38	0	1	FALSE
"AFFX-HSAC07/X00351_5_at"	3031	0.0167086537308892	1767	3049	0	38	0	14	FALSE
"AFFX-HSAC07/X00351_M_at"	2886	0.134915220696101	1468	3040	0	38	0	3	FALSE
"AFFX-HUMTFRR/M11507_5_at"	263	4.12987562089931	145	395	0	38	0	0	FALSE
"AFFX-HUMTFRR/M11507_M_at"	670	2.8478839492034	555	926	0	38	0	0	FALSE
"AFFX-HUMTFRR/M11507_3_at"	318	3.9224417189115	228	460	0	38	0	0	FALSE
"AFFX-M27830_5_at"	2565	-0.441941800886783	2208	2966	0	38	0	0	FALSE
"AFFX-M27830_M_at"	2822	-0.190501278673777	2396	3040	0	38	0	7	FALSE
"AFFX-M27830_3_at"	2664	0.349015059219006	2209	3032	0	38	0	1	FALSE
"AFFX-HSAC07/X00351_3_st"	1240	-1.85732709827022	736	1539	0	38	0	0	FALSE
"AFFX-HUMGAPDH/M33197_M_st"	800	2.60868560072705	534	941	0	38	0	0	FALSE
"AFFX-HUMGAPDH/M33197_3_st"	2608	0.4029255759662	1956	3038	0	38	0	0	FALSE
"AFFX-HSAC07/X00351_M_st"	996	2.21966276027611	651	1180	0	38	0	0	FALSE
"A28102_at"	1551	1.45077705831757	933	1863	0	38	0	0	FALSE
"AB000115_at"	2557	0.45076059130016	2089	2873	0	38	0	1	FALSE
"AB000449_at"	187	-4.50756377345015	112	252	0	38	0	0	FALSE
"AB000464_at"	2275	-0.688447272417347	1973	2917	0	38	0	0	FALSE
"AB000468_at"	1012	-2.19798129733265	769	1217	0	38	0	0	FALSE
"AB000584_at"	1581	1.42535146439855	1427	2021	0	38	0	0	FALSE
"AB001106_at"	2629	-0.383206761510589	1817	3025	0	38	0	1	FALSE
"AB001325_at"	2992	-0.0511499396832643	2287	3045	0	38	0	10	FALSE
"AB002315_at"	1711	1.29464465202263	1380	2162	0	38	0	0	FALSE
"AB002318_at"	2566	-0.441047821786265	2150	2734	0	38	0	1	FALSE
"AB002382_at"	2895	-0.131435920199286	2486	3047	0	38	0	5	FALSE
"AB002559_at"	390	3.66320439267849	255	461	0	38	0	0	FALSE
"AB003177_at"	2740	-0.274271259617611	2395	2999	0	38	0	1	FALSE
"AC000061_cds2_at"	1836	-1.14307181822722	1434	2224	0	38	0	0	FALSE
"AC000064_cds1_at"	727	2.71786991685453	463	864	0	38	0	0	FALSE
"AC002073_cds1_at"	844	2.51797384524259	636	993	0	38	0	0	FALSE
"AC002115_cds1_at"	1899	-1.08249331863846	1514	2402	0	38	0	0	FALSE
"AC002115_rna2_at"	2619	0.392139355534629	1701	3007	0	38	0	0	FALSE
"AF000231_at"	541	-3.18850923607246	431	621	0	38	0	0	FALSE
"AF000560_at"	1423	1.60942092342787	890	1760	0	38	0	0	FALSE
"AF000562_at"	1393	1.64464537434378	923	1674	0	38	0	0	FALSE
"AF002224_at"	1856	1.12252681632937	1298	2110	0	38	0	0	FALSE
"AF002700_at"	794	2.62160636637895	582	908	0	38	0	0	FALSE
"AF003743_at"	2003	-0.975570245206563	1460	2281	0	38	0	0	FALSE
"AF006041_at"	2083	0.895623183174088	1846	2447	0	38	0	0	FALSE
"AF006084_at"	1922	1.05359128244376	774	2314	0	38	0	0	FALSE
"AF006087_at"	1531	-1.46704879109865	1176	1965	0	38	0	0	FALSE
"AF007875_at"	1345	-1.7153654188326	1071	1669	0	38	0	0	FALSE
"AF008445_at"	1820	1.16005351648614	1516	2282	0	38	0	0	FALSE
"AF008937_at"	534	3.20074883391342	307	637	0	38	0	0	FALSE
"AF009301_at"	753	-2.68810594607605	349	872	0	38	0	0	FALSE
"AF010193_at"	2379	-0.589813122072707	2051	2832	0	38	0	0	FALSE
"AF014958_at"	1513	1.50204758316809	1038	1800	0	38	0	0	FALSE
"AF015910_at"	2150	-0.812649517525363	1765	2620	0	38	0	0	FALSE
"AF015913_at"	275	-4.07336967462861	126	337	0	38	0	0	FALSE
"AJ000480_at"	232	4.2933503853616	139	295	0	38	0	0	FALSE
"AJ001421_at"	2333	0.636589691062118	2028	2814	0	38	0	0	FALSE
"D00017_at"	3016	-0.0240201516553075	2382	3044	0	38	0	16	FALSE
"D00596_at"	1228	-1.87469929893128	923	1526	0	38	0	0	FALSE
"D00632_at"	883	2.44537294304496	645	1051	0	38	0	0	FALSE
"D00723_at"	1390	-1.64741374985733	1177	1660	0	38	0	0	FALSE
"D00726_at"	504	3.29298364542922	376	669	0	38	0	0	FALSE
"D00760_at"	1229	-1.87466158545148	1056	1532	0	38	0	0	FALSE
"D00761_at"	1852	1.12861331370141	1385	2373	0	38	0	0	FALSE
"D00762_at"	2095	-0.877554209428963	1602	2386	0	38	0	0	FALSE
"D00763_at"	166	-4.6740420950344	111	230	0	38	0	0	FALSE
"D10202_at"	1217	1.88126179975611	1050	1526	0	38	0	0	FALSE
"D10495_at"	120	5.17946074919084	96	156	0	38	0	0	FALSE
"D10511_at"	2036	-0.949437155030391	1603	2376	0	38	0	0	FALSE
"D10522_at"	2366	0.603272806935264	2114	3020	0	38	0	0	FALSE
"D10523_at"	2443	-0.543724487179512	2095	2993	0	38	0	1	FALSE
"D10923_at"	1739	1.26164046850078	1529	2250	0	38	0	0	FALSE
"D10995_at"	1418	1.61499496702146	626	1680	0	38	0	0	FALSE
"D11086_at"	692	-2.79470520078773	427	889	0	38	0	0	FALSE
"D11094_at"	1757	-1.24447961234353	1075	1993	0	38	0	0	FALSE
"D11428_at"	2749	0.268290835337308	1616	3018	0	38	0	2	FALSE
"D13315_at"	1147	-1.98271783584612	735	1442	0	38	0	0	FALSE
"D13370_at"	666	-2.85941986791911	488	843	0	38	0	0	FALSE
"D13435_at"	881	-2.44848588013019	619	1045	0	38	0	0	FALSE
"D13626_at"	1795	-1.19386349175172	1544	2291	0	38	0	0	FALSE
"D13627_at"	459	-3.41976999944394	282	600	0	38	0	0	FALSE
"D13628_at"	982	2.24848998063273	658	1232	0	38	0	0	FALSE
"D13630_at"	1522	-1.49454143867614	1085	1862	0	38	0	0	FALSE
"D13636_at"	407	-3.61031646563089	257	484	0	38	0	0	FALSE
"D13639_at"	2385	0.584406485047397	1806	2660	0	38	0	0	FALSE
"D13640_at"	2974	0.0669541536546374	2169	3050	0	38	0	12	FALSE
"D13641_at"	3038	-0.0132321561682626	2602	3051	0	38	0	18	FALSE
"D13643_at"	2087	-0.890004589114816	1790	2895	0	38	0	0	FALSE
"D13645_at"	1106	-2.05715970114019	879	1274	0	38	0	0	FALSE
"D13748_at"	1653	1.35505651581402	877	2000	0	38	0	0	FALSE
"D13897_rna2_at"	2912	0.117913141432845	2001	3049	0	38	0	7	FALSE
"D13900_at"	2256	-0.713568257324639	1739	2671	0	38	0	0	FALSE
"D13988_at"	2212	-0.755367655366094	1750	2573	0	38	0	0	FALSE
"D14043_at"	2124	-0.841541074875432	1341	2520	0	38	0	0	FALSE
"D14657_at"	2479	-0.514128418482565	2096	2733	0	38	0	1	FALSE
"D14658_at"	70	-5.8730738964676	9	100	1	38	0.0263157894736842	0	FALSE
"D14661_at"	2260	0.707041460705467	1874	2711	0	38	0	0	FALSE
"D14662_at"	1903	-1.08060939082518	1471	2182	0	38	0	0	FALSE
"D14663_at"	2901	0.125826225159563	2243	3050	0	38	0	7	FALSE
"D14686_at"	1303	1.77648408195094	812	1543	0	38	0	0	FALSE
"D14689_at"	1059	2.12373860601465	864	1259	0	38	0	0	FALSE
"D14694_at"	693	-2.78061768876906	443	825	0	38	0	0	FALSE
"D14695_at"	3034	0.0147579164972136	2522	3035	0	38	0	20	FALSE
"D14710_at"	711	-2.74526944679819	630	888	0	38	0	0	FALSE
"D14811_at"	451	3.45914782835618	305	578	0	38	0	0	FALSE
"D14812_at"	907	-2.40451055040408	624	1129	0	38	0	0	FALSE
"D14838_at"	1567	-1.44016778651257	1409	1925	0	38	0	0	FALSE
"D14874_at"	44	6.23412443951394	20	69	1	38	0.0263157894736842	0	FALSE
"D14878_at"	1902	-1.08072934468077	1464	2332	0	38	0	0	FALSE
"D14889_at"	737	2.70954127724006	596	859	0	38	0	0	FALSE
"D15050_at"	2630	-0.382942126974983	1467	2921	0	38	0	0	FALSE
"D15057_at"	861	-2.48723690455218	702	1019	0	38	0	0	FALSE
"D16217_at"	875	2.45659034600499	584	1055	0	38	0	0	FALSE
"D16294_at"	1871	-1.10265416462089	1514	2281	0	38	0	0	FALSE
"D16469_at"	241	4.23758052157589	125	337	0	38	0	0	FALSE
"D16532_at"	1367	-1.67838922252446	1220	1687	0	38	0	0	FALSE
"D16562_at"	777	-2.65303132610169	494	928	0	38	0	0	FALSE
"D16593_at"	2793	0.226029241339053	2397	3027	0	38	0	4	FALSE
"D17525_at"	2605	-0.404813679725208	2247	2936	0	38	0	1	FALSE
"D17716_at"	1823	-1.15719718650596	1361	2325	0	38	0	0	FALSE
"D21063_at"	661	-2.86901909956825	518	848	0	38	0	0	FALSE
"D21090_at"	1366	-1.68130068595053	1092	1607	0	38	0	0	FALSE
"D21255_at"	1300	-1.77924762265021	1147	1552	0	38	0	0	FALSE
"D21260_at"	1377	-1.66611111611192	1045	1624	0	38	0	0	FALSE
"D21261_at"	593	3.03663399915843	383	710	0	38	0	0	FALSE
"D21262_at"	138	-4.93289641157166	76	171	0	38	0	0	FALSE
"D21852_at"	379	-3.69532184522639	237	487	0	38	0	0	FALSE
"D23662_at"	1075	-2.0947368827484	796	1287	0	38	0	0	FALSE
"D25216_at"	2510	0.490586681680614	1834	2828	0	38	0	0	FALSE
"D25217_at"	1181	1.93623550018505	370	1407	0	38	0	0	FALSE
"D25218_at"	2505	0.495667369513474	2135	2892	0	38	0	0	FALSE
"D25248_at"	2248	0.722809109157859	1791	2598	0	38	0	0	FALSE
"D25274_at"	2767	-0.251697047673976	2363	3046	0	38	0	3	FALSE
"D25278_at"	2213	-0.755243151843947	1534	2600	0	38	0	0	FALSE
"D25328_at"	385	-3.68155018760455	197	463	0	38	0	0	FALSE
"D25538_at"	1937	-1.02870218966529	1597	2258	0	38	0	0	FALSE
"D25547_at"	1410	1.62217441576027	762	1679	0	38	0	0	FALSE
"D26069_at"	587	-3.0585707959534	460	689	0	38	0	0	FALSE
"D26129_at"	1434	1.59232227899674	1222	1793	0	38	0	0	FALSE
"D26308_at"	228	4.31360086949556	187	363	0	38	0	0	FALSE
"D26579_at"	268	4.10066480526336	216	366	0	38	0	0	FALSE
"D26599_at"	845	-2.51730170721937	448	1027	0	38	0	0	FALSE
"D28114_at"	2334	0.635393451631278	1242	2637	0	38	0	0	FALSE
"D28118_at"	2932	-0.0984054416427203	2577	3034	0	38	0	8	FALSE
"D28137_at"	1460	1.55747279417108	536	1746	0	38	0	0	FALSE
"D28364_at"	2868	0.149249197603597	2450	3030	0	38	0	3	FALSE
"D28383_at"	2383	-0.58599168300565	1864	2778	0	38	0	0	FALSE
"D28423_at"	1429	-1.59565130594056	888	1787	0	38	0	0	FALSE
"D28476_at"	1361	-1.68690240880437	1033	1667	0	38	0	0	FALSE
"D28588_at"	3045	0.00640189344626898	2444	3050	0	38	0	17	FALSE
"D28589_at"	1113	-2.04002568619352	817	1328	0	38	0	0	FALSE
"D28915_at"	1035	2.16918683843926	833	1271	0	38	0	0	FALSE
"D29641_at"	433	-3.52475401039651	313	511	0	38	0	0	FALSE
"D29642_at"	1232	-1.87070733644428	886	1443	0	38	0	0	FALSE
"D29643_at"	675	2.8346224570375	427	881	0	38	0	0	FALSE
"D29677_at"	1010	-2.19952854638908	576	1164	0	38	0	0	FALSE
"D30036_at"	1205	1.89878420752204	884	1432	0	38	0	0	FALSE
"D30655_at"	348	-3.8305146968348	137	437	0	38	0	0	FALSE
"D30742_at"	1590	-1.41395988622226	1156	1865	0	38	0	0	FALSE
"D30755_at"	2227	0.73988380018698	1850	2625	0	38	0	0	FALSE
"D30758_at"	2015	-0.965585158617564	1560	2420	0	38	0	0	FALSE
"D31716_at"	2315	0.655999848033908	1922	2910	0	38	0	0	FALSE
"D31764_at"	519	-3.25668857255099	466	602	0	38	0	0	FALSE
"D31766_at"	2725	-0.285929260666796	2356	3033	0	38	0	1	FALSE
"D31767_at"	1934	1.03404117467503	1404	2412	0	38	0	0	FALSE
"D31797_at"	2537	-0.46652064550936	2205	3027	0	38	0	1	FALSE
"D31883_at"	1307	-1.77158150068295	781	1575	0	38	0	0	FALSE
"D31884_at"	431	3.52879515917849	315	495	0	38	0	0	FALSE
"D31885_at"	2425	0.554999994762658	1958	2987	0	38	0	0	FALSE
"D31888_at"	2860	-0.154771659653756	2555	3004	0	38	0	5	FALSE
"D31890_at"	934	-2.34278521275511	603	1124	0	38	0	0	FALSE
"D31891_at"	322	-3.90746491620511	163	400	0	38	0	0	FALSE
"D32001_at"	1688	1.32123897596217	1116	1950	0	38	0	0	FALSE
"D32050_at"	369	-3.7470813700143	186	486	0	38	0	0	FALSE
"D38037_at"	2403	0.572102438984897	2130	3004	0	38	0	0	FALSE
"D38047_at"	1933	-1.03541568672764	1371	2321	0	38	0	0	FALSE
"D38048_at"	610	-3.00887585433438	481	728	0	38	0	0	FALSE
"D38076_at"	787	-2.64054828858368	526	966	0	38	0	0	FALSE
"D38145_at"	2078	-0.89919235850223	1494	2651	0	38	0	0	FALSE
"D38305_at"	2038	-0.94434064330236	1426	2324	0	38	0	0	FALSE
"D38521_at"	487	3.34042074228148	391	647	0	38	0	0	FALSE
"D38524_at"	130	-5.00517357279062	30	180	0	38	0	0	FALSE
"D38535_at"	2727	0.28339965359882	1961	3048	0	38	0	1	FALSE
"D38548_at"	362	-3.77903543320654	211	459	0	38	0	0	FALSE
"D38549_at"	1831	-1.14800330007648	1385	2216	0	38	0	0	FALSE
"D38550_at"	2690	-0.319582663274022	2199	3033	0	38	0	1	FALSE
"D38551_at"	423	-3.55503079941894	312	517	0	38	0	0	FALSE
"D38552_at"	509	-3.28520103497573	267	602	0	38	0	0	FALSE
"D38555_at"	959	-2.27699928700812	482	1162	0	38	0	0	FALSE
"D38583_at"	1380	1.66314522999179	1146	1730	0	38	0	0	FALSE
"D42041_at"	1342	1.71781822156742	947	1645	0	38	0	0	FALSE
"D42043_at"	216	-4.35089033147047	157	278	0	38	0	0	FALSE
"D42053_at"	864	-2.47695241571375	618	1042	0	38	0	0	FALSE
"D42054_at"	971	-2.26629162500871	599	1157	0	38	0	0	FALSE
"D42084_at"	595	-3.03383434157873	412	748	0	38	0	0	FALSE
"D42085_at"	2061	0.91841989331216	1551	2476	0	38	0	0	FALSE
"D42087_at"	3048	-0.00206016610671704	2436	3050	0	38	0	16	FALSE
"D43636_at"	2302	-0.667287278431814	1480	2613	0	38	0	0	FALSE
"D43642_at"	2210	-0.757785419960878	1785	2693	0	38	0	0	FALSE
"D43767_at"	2299	-0.667983616655231	2000	3045	0	38	0	0	FALSE
"D43947_at"	1870	-1.10299386276734	1143	2130	0	38	0	0	FALSE
"D43948_at"	153	-4.80904366422381	108	204	0	38	0	0	FALSE
"D43949_at"	2017	-0.964703091378994	1678	2714	0	38	0	0	FALSE
"D43950_at"	226	-4.31870306664405	162	309	0	38	0	0	FALSE
"D43951_at"	619	-2.98516389814767	406	760	0	38	0	0	FALSE
"D44466_at"	735	-2.71160042469504	463	885	0	38	0	0	FALSE
"D45248_at"	698	-2.77282167639866	470	878	0	38	0	0	FALSE
"D45370_at"	2263	-0.703152831968034	1802	2602	0	38	0	0	FALSE
"D45371_at"	1340	1.72304008742934	1075	1626	0	38	0	0	FALSE
"D49396_at"	1369	-1.67605481625716	1007	1612	0	38	0	0	FALSE
"D49410_at"	2101	0.870460664061997	1658	2455	0	38	0	0	FALSE
"D49489_at"	1504	-1.50889291694516	1192	1889	0	38	0	0	FALSE
"D49490_at"	2202	-0.767094715091454	1809	2637	0	38	0	0	FALSE
"D49738_at"	1058	-2.12730571752639	831	1285	0	38	0	0	FALSE
"D49817_at"	401	3.62269054397403	144	511	0	38	0	0	FALSE
"D49818_at"	2012	0.967071469728944	1685	2437	0	38	0	0	FALSE
"D50495_at"	2631	-0.382919404316244	1952	2903	0	38	0	1	FALSE
"D50525_at"	1202	-1.90743947764853	1016	1482	0	38	0	0	FALSE
"D50663_at"	2718	0.292364659540565	2124	3017	0	38	0	1	FALSE
"D50683_at"	444	-3.4898349619901	259	520	0	38	0	0	FALSE
"D50692_at"	2424	-0.556014454417622	1725	2747	0	38	0	0	FALSE
"D50840_at"	2708	-0.304728538722636	2182	3051	0	38	0	1	FALSE
"D50857_at"	2363	0.60484782921238	1705	2791	0	38	0	0	FALSE
"D50863_at"	1624	-1.3800731146427	618	1862	0	38	0	0	FALSE
"D50911_at"	1351	-1.70697369978889	953	1695	0	38	0	0	FALSE
"D50912_at"	527	-3.22781967845721	404	683	0	38	0	0	FALSE
"D50913_at"	1402	-1.63340250502541	910	1658	0	38	0	0	FALSE
"D50914_at"	515	-3.27087879254585	199	620	0	38	0	0	FALSE
"D50915_at"	1395	1.64454048617636	1160	1747	0	38	0	0	FALSE
"D50916_at"	454	-3.44296434499991	204	524	0	38	0	0	FALSE
"D50917_at"	1589	1.41406041790051	809	1905	0	38	0	0	FALSE
"D50918_at"	335	-3.86481270407579	138	446	0	38	0	0	FALSE
"D50920_at"	1919	-1.05553144720415	1465	2350	0	38	0	0	FALSE
"D50926_at"	2596	0.41440730224507	1994	2887	0	38	0	1	FALSE
"D50927_at"	896	-2.43107381648012	635	1057	0	38	0	0	FALSE
"D50928_at"	2593	0.415789366825313	2165	3029	0	38	0	0	FALSE
"D50930_at"	496	-3.30181330491966	333	595	0	38	0	0	FALSE
"D55640_at"	2729	-0.281624013772356	2323	2957	0	38	0	2	FALSE
"D55654_at"	653	-2.89153151079519	406	767	0	38	0	0	FALSE
"D55716_at"	1507	-1.50532706835309	976	1828	0	38	0	0	FALSE
"D61380_at"	1599	-1.4013298356287	1394	1957	0	38	0	0	FALSE
"D61391_at"	838	-2.53514464597676	704	987	0	38	0	0	FALSE
"D63160_at"	1412	1.62078550058008	955	1726	0	38	0	0	FALSE
"D63391_at"	185	-4.55145459765196	152	235	0	38	0	0	FALSE
"D63475_at"	2402	0.572593681771438	1801	2931	0	38	0	0	FALSE
"D63476_at"	144	-4.88058151388881	108	184	0	38	0	0	FALSE
"D63481_at"	2853	-0.160009652570837	2472	3046	0	38	0	3	FALSE
"D63486_at"	471	-3.38665733597939	313	609	0	38	0	0	FALSE
"D63487_at"	1925	-1.04426950570369	1524	2322	0	38	0	0	FALSE
"D63506_at"	1088	-2.0822369216535	877	1287	0	38	0	0	FALSE
"D63813_at"	2687	0.321744676766686	1872	3049	0	38	0	1	FALSE
"D63851_at"	2322	0.648302048667171	1925	2854	0	38	0	0	FALSE
"D63874_at"	208	-4.38762743822974	150	285	0	38	0	0	FALSE
"D63875_at"	759	-2.68238164634567	605	857	0	38	0	0	FALSE
"D63876_at"	2527	-0.476680623592434	1973	2882	0	38	0	0	FALSE
"D63877_at"	2230	0.736967684260393	1976	2890	0	38	0	0	FALSE
"D63878_at"	2815	-0.195854027927817	2432	3050	0	38	0	4	FALSE
"D63879_at"	477	-3.37064311761767	341	581	0	38	0	0	FALSE
"D63880_at"	123	-5.16158984747632	85	152	0	38	0	0	FALSE
"D63881_at"	2068	-0.9097785392739	1510	2400	0	38	0	0	FALSE
"D63998_at"	1171	1.94728681751162	748	1389	0	38	0	0	FALSE
"D64109_at"	2397	-0.575473447238121	1627	2937	0	38	0	0	FALSE
"D64110_at"	1426	1.60009000328555	604	1644	0	38	0	0	FALSE
"D64142_at"	1406	1.62906643208299	845	1681	0	38	0	0	FALSE
"D64158_at"	1657	-1.35171288682151	1237	1934	0	38	0	0	FALSE
"D67029_at"	2801	-0.209133352365747	1893	3019	0	38	0	5	FALSE
"D78012_at"	2080	0.898660836304499	1701	2441	0	38	0	0	FALSE
"D78129_at"	2835	-0.1771302314539	2400	3043	0	38	0	3	FALSE
"D78134_at"	1262	1.83253329690407	975	1606	0	38	0	0	FALSE
"D78275_at"	530	-3.21577263103026	342	666	0	38	0	0	FALSE
"D78335_at"	410	-3.59576293427683	291	495	0	38	0	0	FALSE
"D78361_at"	2722	0.289200802562972	1919	3024	0	38	0	2	FALSE
"D78586_at"	1742	-1.2595683153937	1275	1991	0	38	0	0	FALSE
"D78611_at"	1610	1.390835094089	1277	1997	0	38	0	0	FALSE
"D79986_at"	3046	-0.00274627026341236	2574	3046	0	38	0	19	FALSE
"D79990_at"	2645	-0.365947846220798	2183	2961	0	38	0	0	FALSE
"D79992_at"	1695	-1.31173824328624	1288	2177	0	38	0	0	FALSE
"D79993_at"	2273	0.694356677352015	1586	2860	0	38	0	0	FALSE
"D79994_at"	1672	-1.33586033321187	1370	2014	0	38	0	0	FALSE
"D79996_at"	1894	1.08498107602695	1506	2249	0	38	0	0	FALSE
"D79999_at"	2763	0.257323746772033	1994	3006	0	38	0	2	FALSE
"D80001_at"	317	-3.92310642204295	246	380	0	38	0	0	FALSE
"D80003_at"	523	-3.2399124040117	51	629	0	38	0	0	FALSE
"D80004_at"	3020	0.0232076582137246	2541	3031	0	38	0	16	FALSE
"D80005_at"	804	-2.59731995801189	653	984	0	38	0	0	FALSE
"D80006_at"	246	-4.22494293790667	194	323	0	38	0	0	FALSE
"D80007_at"	2251	0.719422571512572	1899	2746	0	38	0	0	FALSE
"D80008_at"	394	-3.64327862294428	231	489	0	38	0	0	FALSE
"D80009_at"	1199	-1.91136717287483	506	1393	0	38	0	0	FALSE
"D80010_at"	775	-2.65445258942701	318	891	0	38	0	0	FALSE
"D80012_at"	1000	-2.20828234961825	841	1222	0	38	0	0	FALSE
"D82061_at"	2879	-0.141012132187236	2165	3049	0	38	0	5	FALSE
"D82070_at"	1287	1.7941553317499	952	1501	0	38	0	0	FALSE
"D82345_at"	1099	-2.06625589276515	899	1282	0	38	0	0	FALSE
"D82348_at"	1356	-1.70109904079201	1157	1621	0	38	0	0	FALSE
"D83004_at"	1943	-1.02449652088796	1610	2461	0	38	0	0	FALSE
"D83032_at"	231	-4.29810152838282	81	301	0	38	0	0	FALSE
"D83243_at"	770	-2.66655547921514	541	912	0	38	0	0	FALSE
"D83542_at"	2937	-0.0934482888618756	2431	3049	0	38	0	5	FALSE
"D83597_at"	2789	0.228418175407896	2264	3042	0	38	0	2	FALSE
"D83657_at"	1821	1.15904897145261	1689	2310	0	38	0	0	FALSE
"D83703_at"	3044	-0.00673773900316986	2554	3051	0	38	0	19	FALSE
"D83735_at"	983	2.24841470234843	649	1260	0	38	0	0	FALSE
"D83776_at"	432	-3.52813905636176	111	542	0	38	0	0	FALSE
"D83777_at"	2191	0.776048510090164	1598	2893	0	38	0	0	FALSE
"D83780_at"	2269	-0.697778058090626	1553	2609	0	38	0	0	FALSE
"D83783_at"	305	-3.98698374440085	58	387	0	38	0	0	FALSE
"D83784_at"	1873	1.10040203729161	1382	2293	0	38	0	0	FALSE
"D83785_at"	283	-4.05078200413619	164	351	0	38	0	0	FALSE
"D83920_at"	1050	2.14365747014189	844	1289	0	38	0	0	FALSE
"D84110_at"	2538	0.46494475957995	1894	2998	0	38	0	0	FALSE
"D84239_at"	771	-2.66500401744958	631	917	0	38	0	0	FALSE
"D84276_at"	171	-4.62751374058466	123	213	0	38	0	0	FALSE
"D84294_at"	329	-3.88376032115667	221	403	0	38	0	0	FALSE
"D84307_at"	2641	0.367784657991225	1817	2961	0	38	0	0	FALSE
"D84557_at"	500	-3.29718060282457	435	609	0	38	0	0	FALSE
"D85245_at"	2140	0.821497327581181	1371	2442	0	38	0	0	FALSE
"D85429_at"	1210	-1.89107544654205	673	1449	0	38	0	0	FALSE
"D85527_at"	2522	0.480326373914635	1568	2865	0	38	0	0	FALSE
"D85758_at"	337	-3.85487443844694	183	420	0	38	0	0	FALSE
"D85815_at"	1644	1.36306185203319	1190	1945	0	38	0	0	FALSE
"D85939_at"	1486	1.52423876357398	1276	1830	0	38	0	0	FALSE
"D86479_at"	117	-5.21931996016104	34	139	0	38	0	0	FALSE
"D86549_at"	1526	-1.47883163250723	1223	1807	0	38	0	0	FALSE
"D86956_at"	961	-2.27653767671267	228	1112	0	38	0	0	FALSE
"D86961_at"	1612	-1.38945056782882	1360	2003	0	38	0	0	FALSE
"D86962_at"	1558	-1.44761150671067	957	1923	0	38	0	0	FALSE
"D86964_at"	1311	-1.76556284594068	820	1585	0	38	0	0	FALSE
"D86967_at"	82	-5.74772889165424	33	105	0	38	0	0	FALSE
"D86970_at"	368	-3.7490085140702	167	478	0	38	0	0	FALSE
"D86971_at"	1024	-2.1817102610814	571	1176	0	38	0	0	FALSE
"D86972_at"	2035	-0.950451188292758	1463	2327	0	38	0	0	FALSE
"D86973_at"	2050	-0.932272260264274	1584	2363	0	38	0	0	FALSE
"D86976_at"	910	-2.39512083808626	631	1108	0	38	0	0	FALSE
"D86978_at"	294	-4.02140956938877	228	364	0	38	0	0	FALSE
"D86979_at"	823	-2.56848491057395	640	964	0	38	0	0	FALSE
"D86983_at"	374	-3.73259712876674	253	447	0	38	0	0	FALSE
"D86985_at"	2144	-0.818087232473316	1682	2415	0	38	0	0	FALSE
"D87023_cds2_at"	2094	0.878378457870164	1454	2505	0	38	0	0	FALSE
"D87071_at"	2831	0.180321768959394	2470	3019	0	38	0	3	FALSE
"D87073_at"	2577	-0.434397917001972	2132	2961	0	38	0	1	FALSE
"D87074_at"	488	-3.34033375523648	407	590	0	38	0	0	FALSE
"D87075_at"	1962	-1.00685490458751	1457	2249	0	38	0	0	FALSE
"D87076_at"	224	-4.32818866683594	99	325	0	38	0	0	FALSE
"D87078_at"	77	-5.78409041709918	6	107	1	38	0.0263157894736842	0	FALSE
"D87116_at"	745	2.69835808374566	331	988	0	38	0	0	FALSE
"D87119_at"	831	-2.54623010984895	640	966	0	38	0	0	FALSE
"D87120_at"	1280	-1.80342956437973	1175	1550	0	38	0	0	FALSE
"D87292_at"	2204	-0.764853596733322	1769	2628	0	38	0	0	FALSE
"D87433_at"	773	2.65791561693025	548	972	0	38	0	0	FALSE
"D87434_at"	1048	2.14896649384026	821	1250	0	38	0	0	FALSE
"D87435_at"	2688	0.32037784717386	1881	2973	0	38	0	0	FALSE
"D87436_at"	2028	-0.9546236525273	1443	2336	0	38	0	0	FALSE
"D87438_at"	2339	-0.629763844381247	1920	2926	0	38	0	1	FALSE
"D87442_at"	1292	1.79129286606241	798	1526	0	38	0	0	FALSE
"D87445_at"	2196	0.771141560827421	1790	2576	0	38	0	0	FALSE
"D87446_at"	186	-4.54781544050808	150	230	0	38	0	0	FALSE
"D87447_at"	2066	-0.910218130108705	1452	2489	0	38	0	0	FALSE
"D87448_at"	370	-3.74484565710122	288	423	0	38	0	0	FALSE
"D87450_at"	935	-2.34222159849931	655	1118	0	38	0	0	FALSE
"D87451_at"	1384	1.65398493619262	1028	1685	0	38	0	0	FALSE
"D87452_at"	1584	-1.42172760175327	980	1924	0	38	0	0	FALSE
"D87453_at"	747	-2.69420526810485	592	907	0	38	0	0	FALSE
"D87455_at"	914	-2.38866261835967	562	1082	0	38	0	0	FALSE
"D87459_at"	695	-2.7797534971189	578	823	0	38	0	0	FALSE
"D87460_at"	1668	-1.34412121280398	1306	2132	0	38	0	0	FALSE
"D87462_at"	2125	0.841274508242479	1711	2655	0	38	0	0	FALSE
"D87464_at"	1283	-1.8007108866233	836	1501	0	38	0	0	FALSE
"D87465_at"	688	-2.80134985673559	373	807	0	38	0	0	FALSE
"D87466_at"	1164	-1.96013944689872	678	1450	0	38	0	0	FALSE
"D87469_at"	2345	-0.620918721005601	1508	2833	0	38	0	0	FALSE
"D87673_at"	2042	0.94300419002639	1828	2520	0	38	0	0	FALSE
"D87684_at"	1618	-1.38588942438542	1146	1941	0	38	0	0	FALSE
"D87937_at"	2521	0.481272816909477	2166	2928	0	38	0	0	FALSE
"D87953_at"	841	2.52750479323723	341	987	0	38	0	0	FALSE
"D87969_at"	160	-4.73149675083631	103	189	0	38	0	0	FALSE
"D88270_at"	74	-5.82602899960621	49	99	0	38	0	0	FALSE
"D88422_at"	33	6.4520349204053	9	79	2	38	0.0526315789473684	0	FALSE
"D88613_at"	2434	0.548597731148606	1508	2813	0	38	0	0	FALSE
"D89016_at"	2354	0.611840742949172	1878	2868	0	38	0	0	FALSE
"D89052_at"	689	2.80094565771007	327	816	0	38	0	0	FALSE
"D89077_at"	1263	1.83215335946501	830	1435	0	38	0	0	FALSE
"D89667_at"	1296	1.78521442663157	892	1649	0	38	0	0	FALSE
"D90084_at"	2318	0.653951320483346	1480	2833	0	38	0	0	FALSE
"D90086_at"	635	-2.94075163443925	338	814	0	38	0	0	FALSE
"D90209_at"	2164	0.800572683923491	1508	2466	0	38	0	0	FALSE
"D90224_at"	1258	-1.83557276907124	1112	1493	0	38	0	0	FALSE
"D90276_at"	1954	1.01241594170061	1381	2264	0	38	0	0	FALSE
"HG1078-HT1078_at"	880	-2.45023082536932	642	1050	0	38	0	0	FALSE
"HG1102-HT1102_at"	284	4.04599773236436	148	401	0	38	0	0	FALSE
"HG1112-HT1112_at"	239	-4.24962176817762	143	313	0	38	0	0	FALSE
"HG1153-HT1153_at"	2281	-0.684987251906301	1932	2672	0	38	0	0	FALSE
"HG1205-HT1205_at"	2863	-0.152867459603433	2345	3043	0	38	0	3	FALSE
"HG1612-HT1612_at"	11	-7.10734939860159	7	27	33	38	0.868421052631579	0	TRUE
"HG1614-HT1614_at"	701	-2.75850026896067	533	886	0	38	0	0	FALSE
"HG1649-HT1652_at"	3002	-0.039334807272525	2533	3050	0	38	0	18	FALSE
"HG1804-HT1829_at"	1568	1.44011049958085	740	1864	0	38	0	0	FALSE
"HG1862-HT1897_at"	452	-3.44550220897503	246	561	0	38	0	0	FALSE
"HG1869-HT1904_at"	450	-3.46370812013312	352	584	0	38	0	0	FALSE
"HG1872-HT1907_at"	780	2.6521705377025	602	948	0	38	0	0	FALSE
"HG1879-HT1919_at"	159	4.73252041109104	118	219	0	38	0	0	FALSE
"HG2036-HT2090_at"	835	-2.53709004314929	571	959	0	38	0	0	FALSE
"HG2059-HT2114_at"	1812	1.1701009593504	1323	2192	0	38	0	0	FALSE
"HG2167-HT2237_at"	1546	1.45246718684228	708	1857	0	38	0	0	FALSE
"HG2247-HT2332_at"	1748	1.2553309642797	1140	2026	0	38	0	0	FALSE
"HG2264-HT2360_at"	1799	1.18465269192839	1148	2188	0	38	0	0	FALSE
"HG2274-HT2370_at"	890	-2.4389241278046	740	1072	0	38	0	0	FALSE
"HG2279-HT2375_at"	2848	-0.163185834702298	2458	3018	0	38	0	5	FALSE
"HG2290-HT2386_at"	2465	0.523935659568224	1956	2856	0	38	0	0	FALSE
"HG2320-HT2416_at"	2826	-0.184983884252538	2232	3030	0	38	0	1	FALSE
"HG2325-HT2421_at"	2714	-0.29602775938307	2106	2995	0	38	0	2	FALSE
"HG2415-HT2511_at"	2663	0.349612800547864	1818	2982	0	38	0	0	FALSE
"HG2463-HT2559_at"	1066	2.10681777375834	673	1321	0	38	0	0	FALSE
"HG2480-HT2576_at"	2545	-0.461036281298158	2208	2993	0	38	0	1	FALSE
"HG2525-HT2621_at"	1501	1.51171657829073	693	1854	0	38	0	0	FALSE
"HG2602-HT2698_at"	2242	0.724830879657326	1816	2702	0	38	0	0	FALSE
"HG2715-HT2811_at"	1620	1.3855730823317	996	1901	0	38	0	0	FALSE
"HG2724-HT2820_at"	580	3.07708533459755	422	738	0	38	0	0	FALSE
"HG2788-HT2896_at"	384	3.68635165260154	195	500	0	38	0	0	FALSE
"HG2810-HT2921_at"	597	3.03063025367135	383	721	0	38	0	0	FALSE
"HG2825-HT2949_at"	1362	-1.68339086949969	785	1560	0	38	0	0	FALSE
"HG2855-HT2995_at"	95	-5.49763658116099	5	139	1	38	0.0263157894736842	0	FALSE
"HG2874-HT3018_at"	1137	-2.00499014826565	847	1369	0	38	0	0	FALSE
"HG2992-HT5186_at"	2701	-0.309483472497394	2323	3027	0	38	0	2	FALSE
"HG3039-HT3200_at"	2939	-0.0922729888123688	1408	3048	0	38	0	1	FALSE
"HG3088-HT3263_at"	428	-3.54425294068534	268	505	0	38	0	0	FALSE
"HG3162-HT3339_at"	842	2.52197043017575	548	1019	0	38	0	0	FALSE
"HG3175-HT3352_at"	2488	-0.50925067885426	2132	2875	0	38	0	0	FALSE
"HG3227-HT3404_at"	1638	-1.36777396872372	1189	1896	0	38	0	0	FALSE
"HG3231-HT3408_at"	1274	1.812921197902	992	1550	0	38	0	0	FALSE
"HG3286-HT3463_at"	2218	0.748505384751553	1799	2616	0	38	0	0	FALSE
"HG3344-HT3521_at"	1556	1.44870094239654	1200	1836	0	38	0	0	FALSE
"HG3355-HT3532_at"	2947	0.0864091885628472	2360	3031	0	38	0	9	FALSE
"HG3454-HT3647_at"	998	2.21576050292533	482	1231	0	38	0	0	FALSE
"HG3492-HT3686_at"	1014	-2.19552865871067	786	1309	0	38	0	0	FALSE
"HG3494-HT3688_at"	381	3.68807670080776	160	532	0	38	0	0	FALSE
"HG3495-HT3689_at"	1743	1.25908618994976	1560	2240	0	38	0	0	FALSE
"HG3514-HT3708_at"	1952	1.01428856345381	1204	2332	0	38	0	0	FALSE
"HG3521-HT3715_at"	2487	0.509845613780644	1752	2866	0	38	0	0	FALSE
"HG3548-HT3749_at"	1876	-1.09611973548007	1426	2144	0	38	0	0	FALSE
"HG3578-HT3781_at"	1517	-1.49878721582046	1164	1868	0	38	0	0	FALSE
"HG3627-HT3836_at"	2813	0.196023581126899	2394	3040	0	38	0	4	FALSE
"HG363-HT363_at"	1628	1.37500851930144	555	1831	0	38	0	0	FALSE
"HG3740-HT4010_at"	2495	0.502094571612635	1860	2906	0	38	0	0	FALSE
"HG3748-HT4018_at"	837	-2.53548331796595	468	953	0	38	0	0	FALSE
"HG3934-HT4204_at"	1279	-1.80354891260257	806	1496	0	38	0	0	FALSE
"HG3936-HT4206_at"	1322	-1.7507450755619	871	1625	0	38	0	0	FALSE
"HG3987-HT4257_at"	2548	-0.459064805795659	1974	2905	0	38	0	0	FALSE
"HG3995-HT4265_at"	1515	-1.50076753255545	1294	1900	0	38	0	0	FALSE
"HG4018-HT4288_at"	461	3.4148549168918	306	586	0	38	0	0	FALSE
"HG4036-HT4306_at"	2351	-0.613361648297833	1803	3000	0	38	0	1	FALSE
"HG4068-HT4338_at"	1500	-1.51398120582398	980	1763	0	38	0	0	FALSE
"HG4073-HT4343_at"	425	-3.5480726499121	243	503	0	38	0	0	FALSE
"HG4074-HT4344_at"	927	-2.36347071406865	719	1136	0	38	0	0	FALSE
"HG4126-HT4396_at"	514	-3.27547548399991	376	590	0	38	0	0	FALSE
"HG4167-HT4437_at"	1811	1.17036397170505	812	2157	0	38	0	0	FALSE
"HG4178-HT4448_at"	2651	0.362137971272643	2237	2951	0	38	0	1	FALSE
"HG4243-HT4513_at"	2902	-0.123705353309814	2466	3051	0	38	0	6	FALSE
"HG4263-HT4533_at"	2016	-0.964746903962422	1879	2973	0	38	0	0	FALSE
"HG4297-HT4567_at"	1458	-1.55824733118759	951	1837	0	38	0	0	FALSE
"HG4460-HT4729_at"	1704	-1.30416429983438	1315	2085	0	38	0	0	FALSE
"HG4582-HT4987_at"	121	-5.16980137299101	102	144	0	38	0	0	FALSE
"HG4606-HT5011_at"	2137	0.824883651206284	1586	2591	0	38	0	0	FALSE
"HG4638-HT5050_at"	1848	-1.13121135026323	708	2141	0	38	0	0	FALSE
"HG4660-HT5073_at"	2817	-0.194268933834833	2439	3051	0	38	0	2	FALSE
"HG4662-HT5075_at"	3018	-0.023237975911917	1536	3038	0	38	0	15	FALSE
"HG4716-HT5158_at"	2639	-0.371859868221926	2179	2998	0	38	0	1	FALSE
"HG4749-HT5197_at"	778	-2.65249234601511	611	917	0	38	0	0	FALSE
"HG511-HT511_at"	1749	-1.25369847034369	1390	2118	0	38	0	0	FALSE
"HG620-HT620_at"	555	3.14679380607696	429	663	0	38	0	0	FALSE
"HG830-HT830_at"	926	2.36446945141038	616	1111	0	38	0	0	FALSE
"HG846-HT846_at"	1869	-1.10381607551037	1501	2359	0	38	0	0	FALSE
"HG908-HT908_at"	1593	1.40991465862528	1162	1879	0	38	0	0	FALSE
"HG919-HT919_at"	1403	1.63124409642235	1151	1642	0	38	0	0	FALSE
"HG987-HT987_at"	590	3.05432188316743	164	717	0	38	0	0	FALSE
"J00073_at"	1604	1.39567119081719	1196	1968	0	38	0	0	FALSE
"J00306_at"	930	2.34751171157412	534	1068	0	38	0	0	FALSE
"J02645_at"	364	-3.77412097492521	220	449	0	38	0	0	FALSE
"J02902_at"	822	-2.56904767827954	249	971	0	38	0	0	FALSE
"J02906_at"	1026	2.17900422219986	862	1222	0	38	0	0	FALSE
"J02923_at"	1512	1.50267904996105	977	1778	0	38	0	0	FALSE
"J02973_rna1_at"	1621	1.38550747867135	1497	1908	0	38	0	0	FALSE
"J03040_at"	1180	1.93760900196993	1073	1456	0	38	0	0	FALSE
"J03069_rna1_at"	2138	-0.824257599756387	1523	2746	0	38	0	0	FALSE
"J03161_at"	2856	-0.157854621706873	2362	3041	0	38	0	3	FALSE
"J03191_at"	1828	-1.1528449949587	1464	2238	0	38	0	0	FALSE
"J03278_at"	2174	0.791134598968931	1737	2650	0	38	0	0	FALSE
"J03459_at"	2780	-0.236579238510483	2216	3023	0	38	0	2	FALSE
"J03473_at"	236	-4.27446417706128	128	308	0	38	0	0	FALSE
"J03589_at"	282	-4.0525952578117	114	341	0	38	0	0	FALSE
"J03600_at"	1788	-1.20448107715023	1484	2167	0	38	0	0	FALSE
"J03764_at"	1715	-1.28999690594549	1227	2186	0	38	0	0	FALSE
"J03779_at"	989	-2.23984699109848	778	1177	0	38	0	0	FALSE
"J03798_at"	167	-4.66877753479919	122	223	0	38	0	0	FALSE
"J03890_rna1_at"	2668	0.344744745271338	2349	3037	0	38	0	1	FALSE
"J03909_at"	724	2.72629311782235	355	923	0	38	0	0	FALSE
"J03925_at"	1238	1.86190854997839	1008	1553	0	38	0	0	FALSE
"J04027_at"	244	4.22855286846246	136	335	0	38	0	0	FALSE
"J04058_at"	2679	-0.332805300094296	2220	3022	0	38	0	3	FALSE
"J04088_at"	1165	-1.95966805868293	887	1434	0	38	0	0	FALSE
"J04101_at"	2872	0.144579849748478	2269	2998	0	38	0	3	FALSE
"J04102_at"	1840	1.13979519429221	1267	2076	0	38	0	0	FALSE
"J04111_at"	2211	-0.756821976435685	1608	2633	0	38	0	0	FALSE
"J04132_at"	495	-3.30181723677753	361	588	0	38	0	0	FALSE
"J04162_at"	2660	-0.35546014286648	1998	2963	0	38	0	0	FALSE
"J04164_at"	1931	-1.03833016585901	1610	2303	0	38	0	0	FALSE
"J04173_at"	2506	-0.493733080509207	2032	2897	0	38	0	1	FALSE
"J04444_at"	2223	-0.74538654259983	1653	2502	0	38	0	0	FALSE
"J04456_at"	651	2.8945230810072	455	827	0	38	0	0	FALSE
"J04501_at"	2373	-0.593786322084792	1784	2729	0	38	0	0	FALSE
"J04543_at"	591	3.05037778962666	363	741	0	38	0	0	FALSE
"J04599_at"	799	2.61251795737331	595	952	0	38	0	0	FALSE
"J04605_at"	2692	0.316372261403105	2213	3042	0	38	0	2	FALSE
"J04611_at"	1616	-1.38628406326388	1276	1954	0	38	0	0	FALSE
"J04615_at"	110	-5.30089107126109	12	169	1	38	0.0263157894736842	0	FALSE
"J04794_at"	1149	-1.97871398480573	905	1439	0	38	0	0	FALSE
"J04809_rna1_at"	2343	0.62711812293288	1946	2765	0	38	0	0	FALSE
"J04823_rna1_at"	1405	1.62967710176614	1069	1784	0	38	0	0	FALSE
"J04948_at"	1443	1.58121288663623	906	1648	0	38	0	0	FALSE
"J04973_at"	1144	-1.99079574082003	802	1345	0	38	0	0	FALSE
"J04990_at"	393	3.64852440168119	298	511	0	38	0	0	FALSE
"J05032_at"	182	-4.57193690614763	88	256	0	38	0	0	FALSE
"J05243_at"	20	-6.85980326998192	3	40	16	38	0.421052631578947	0	TRUE
"J05257_at"	1915	-1.06087740069427	1420	2200	0	38	0	0	FALSE
"J05272_at"	2711	-0.29786453247765	1598	2873	0	38	0	1	FALSE
"J05500_at"	399	3.63161812908636	168	508	0	38	0	0	FALSE
"J05614_at"	1606	-1.39480291359128	1245	1990	0	38	0	0	FALSE
"K01396_at"	708	2.75113930131143	333	925	0	38	0	0	FALSE
"K01911_at"	344	-3.84710227237587	296	417	0	38	0	0	FALSE
"K02545_cds2_at"	1985	-0.989189245180057	1450	2530	0	38	0	0	FALSE
"K02574_at"	1097	2.06726331108664	675	1308	0	38	0	0	FALSE
"K03195_at"	626	2.96565999247562	439	842	0	38	0	0	FALSE
"K03430_at"	1758	-1.24351577222165	1486	2259	0	38	0	0	FALSE
"K03460_at"	1580	1.42770977815728	781	2014	0	38	0	0	FALSE
"K03515_at"	1761	1.2374984972297	1220	2093	0	38	0	0	FALSE
"L00352_at"	1716	1.28821414710625	1270	2157	0	38	0	0	FALSE
"L00635_at"	2915	0.114003396935652	2500	3041	0	38	0	9	FALSE
"L01087_at"	536	-3.19863858955912	463	634	0	38	0	0	FALSE
"L01664_at"	1286	1.79688730064212	1087	1696	0	38	0	0	FALSE
"L02867_at"	1069	2.10512559488243	903	1353	0	38	0	0	FALSE
"L02950_at"	1784	-1.20983733862427	1375	2304	0	38	0	0	FALSE
"L03532_at"	520	-3.25605908034676	316	614	0	38	0	0	FALSE
"L04490_at"	1354	-1.70554278407073	835	1567	0	38	0	0	FALSE
"L04733_at"	981	-2.25043422482644	699	1172	0	38	0	0	FALSE
"L04953_at"	2938	-0.0930518984993468	2486	3051	0	38	0	10	FALSE
"L05148_at"	76	-5.80566941170324	22	98	0	38	0	0	FALSE
"L05424_cds2_at"	879	2.45084689763209	727	1086	0	38	0	0	FALSE
"L05425_at"	1980	-0.994024004468151	1579	2323	0	38	0	0	FALSE
"L05512_at"	2462	0.526395163062248	2139	2886	0	38	0	0	FALSE
"L05779_at"	2290	0.672632148423335	1641	2577	0	38	0	0	FALSE
"L06132_at"	526	-3.22843288660819	418	631	0	38	0	0	FALSE
"L06175_at"	1212	-1.88935090466367	943	1441	0	38	0	0	FALSE
"L06419_at"	1948	1.01750603742552	1767	2794	0	38	0	0	FALSE
"L06633_at"	2234	0.732623228674053	1933	3009	0	38	0	0	FALSE
"L06845_at"	1081	-2.08967304793539	558	1275	0	38	0	0	FALSE
"L07044_at"	2898	0.128254351592765	2510	3051	0	38	0	3	FALSE
"L07493_at"	906	-2.40626752611452	324	1090	0	38	0	0	FALSE
"L07548_at"	1720	1.28599102085021	1024	1978	0	38	0	0	FALSE
"L07597_at"	801	-2.60343078361037	253	924	0	38	0	0	FALSE
"L07633_at"	180	-4.5745713491448	96	249	0	38	0	0	FALSE
"L07758_at"	32	-6.57709811862587	6	63	1	38	0.0263157894736842	0	FALSE
"L07765_at"	1347	1.71359508810398	1026	1655	0	38	0	0	FALSE
"L07956_at"	139	-4.92592125919067	70	168	0	38	0	0	FALSE
"L08069_at"	1461	-1.55688366589001	771	1776	0	38	0	0	FALSE
"L08187_at"	2735	-0.27793985267447	2386	2934	0	38	0	3	FALSE
"L08246_at"	34	6.41827226223376	7	60	1	38	0.0263157894736842	0	FALSE
"L09260_at"	1068	-2.10518190980759	735	1254	0	38	0	0	FALSE
"L09604_at"	604	3.01703621999379	396	748	0	38	0	0	FALSE
"L09708_at"	859	2.48931541297132	620	1070	0	38	0	0	FALSE
"L10284_at"	2365	-0.603943490212299	2055	2865	0	38	0	0	FALSE
"L10373_at"	164	-4.67943827270892	112	206	0	38	0	0	FALSE
"L10378_at"	2533	-0.470039090366396	2045	2930	0	38	0	0	FALSE
"L10838_at"	1168	-1.95661449287852	912	1421	0	38	0	0	FALSE
"L10910_at"	1999	-0.977152805704139	1554	2343	0	38	0	0	FALSE
"L11239_at"	1433	1.59256286711509	1264	1820	0	38	0	0	FALSE
"L11285_at"	2046	0.93962845848589	930	2358	0	38	0	0	FALSE
"L11329_at"	2229	0.73811154614167	1953	2589	0	38	0	1	FALSE
"L11370_at"	2368	-0.600381546466452	2062	2995	0	38	0	0	FALSE
"L11373_at"	1121	-2.03114882825561	862	1316	0	38	0	0	FALSE
"L11669_at"	210	4.38488546947291	126	284	0	38	0	0	FALSE
"L12535_at"	803	2.5979691263937	632	934	0	38	0	0	FALSE
"L13203_at"	2876	-0.142763689780148	2528	3051	0	38	0	4	FALSE
"L13210_at"	1466	1.54755990302238	1014	1810	0	38	0	0	FALSE
"L13391_at"	2283	0.682289633464163	2045	2807	0	38	0	0	FALSE
"L13434_at"	1622	1.38513430925921	1276	1896	0	38	0	0	FALSE
"L13436_at"	1930	-1.03847156813602	1244	2242	0	38	0	0	FALSE
"L13689_at"	2621	-0.389460993691047	2255	3001	0	38	0	1	FALSE
"L13738_at"	915	2.38685896450813	663	1056	0	38	0	0	FALSE
"L13761_rna1_at"	1928	1.04160940824584	1572	2401	0	38	0	0	FALSE
"L13800_at"	238	-4.24973138415474	128	288	0	38	0	0	FALSE
"L13848_at"	1824	-1.15552727700635	1229	2088	0	38	0	0	FALSE
"L13852_at"	2166	-0.798911584989764	1708	2542	0	38	0	0	FALSE
"L13923_at"	1764	1.23254805996362	1003	2074	0	38	0	0	FALSE
"L13972_at"	921	2.36861187148505	521	1085	0	38	0	0	FALSE
"L14076_at"	2155	-0.807675521216079	1752	2504	0	38	0	0	FALSE
"L14565_at"	2243	-0.724573022437615	1496	2526	0	38	0	0	FALSE
"L14754_at"	2192	0.775286012763171	1685	2549	0	38	0	0	FALSE
"L14837_at"	2348	0.618663078282757	1647	2807	0	38	0	0	FALSE
"L15409_at"	1756	-1.24881598742905	1456	2140	0	38	0	0	FALSE
"L15702_at"	972	2.26426681833447	763	1171	0	38	0	0	FALSE
"L16464_at"	1481	1.53026559174749	1208	1859	0	38	0	0	FALSE
"L16842_at"	2921	-0.108695584716745	2214	3048	0	38	0	4	FALSE
"L16862_at"	2401	-0.572751570868621	2012	2841	0	38	0	0	FALSE
"L16896_at"	2747	0.269314841101023	2437	2860	0	38	0	2	FALSE
"L16991_at"	893	-2.43565603807543	468	1029	0	38	0	0	FALSE
"L17131_rna1_at"	866	2.47277993776635	513	1104	0	38	0	0	FALSE
"L17327_at"	2603	-0.40835236106154	2129	2928	0	38	0	0	FALSE
"L19067_at"	807	2.59276515502988	523	956	0	38	0	0	FALSE
"L19161_at"	2030	-0.953848994803612	1569	2368	0	38	0	0	FALSE
"L19183_at"	734	-2.71363156900916	419	877	0	38	0	0	FALSE
"L19267_at"	970	-2.26818735420313	826	1211	0	38	0	0	FALSE
"L19314_at"	2636	0.373857716458821	1701	3014	0	38	0	1	FALSE
"L19437_at"	521	3.2419271389624	161	653	0	38	0	0	FALSE
"L19605_at"	2602	-0.409078314217789	2247	2994	0	38	0	2	FALSE
"L19686_rna1_at"	1602	-1.39835500094316	1329	1967	0	38	0	0	FALSE
"L19711_at"	2866	0.149456999609841	2372	3017	0	38	0	3	FALSE
"L19779_at"	546	3.17443930604697	198	686	0	38	0	0	FALSE
"L19871_at"	1588	1.41486262375993	1343	2015	0	38	0	0	FALSE
"L19872_at"	922	2.36739636310481	693	1109	0	38	0	0	FALSE
"L20010_at"	460	-3.41528732181255	259	591	0	38	0	0	FALSE
"L20298_at"	97	-5.44837122404009	30	134	0	38	0	0	FALSE
"L20316_at"	715	2.74244534663554	475	874	0	38	0	0	FALSE
"L20815_at"	1865	1.11268317511527	998	2179	0	38	0	0	FALSE
"L20941_at"	540	3.1902290372712	241	711	0	38	0	0	FALSE
"L20971_at"	3040	0.0129654478928237	2561	3045	0	38	0	20	FALSE
"L21893_at"	1535	1.46340135114729	1252	1887	0	38	0	0	FALSE
"L21936_at"	406	-3.61162143195907	288	472	0	38	0	0	FALSE
"L21954_at"	622	2.97787473340198	312	822	0	38	0	0	FALSE
"L22075_at"	558	3.13423826915754	351	713	0	38	0	0	FALSE
"L22214_at"	2045	0.941498400815445	1360	2386	0	38	0	0	FALSE
"L22342_at"	2039	-0.944320862263093	1607	2649	0	38	0	0	FALSE
"L24559_at"	2966	0.0712511828989681	2524	3030	0	38	0	8	FALSE
"L24564_at"	2022	0.959618538728819	1868	2970	0	38	0	1	FALSE
"L24783_at"	566	-3.11634531571037	456	710	0	38	0	0	FALSE
"L24804_at"	2617	-0.395136788054646	1890	3051	0	38	0	1	FALSE
"L25081_at"	2720	-0.291478684387625	2353	2968	0	38	0	2	FALSE
"L25085_at"	2111	0.85867378302959	1577	2455	0	38	0	0	FALSE
"L25270_at"	3003	0.0385223756614657	1764	3040	0	38	0	12	FALSE
"L25444_at"	2216	-0.751509429670593	1780	2512	0	38	0	0	FALSE
"L25851_at"	1128	-2.02034645420293	826	1306	0	38	0	0	FALSE
"L25876_at"	2712	-0.296944598389583	2262	2987	0	38	0	1	FALSE
"L26247_at"	726	2.7186359748647	564	891	0	38	0	0	FALSE
"L26494_at"	2006	0.973478021450097	1565	2299	0	38	0	0	FALSE
"L27560_at"	2965	0.0716476667116609	1934	3049	0	38	0	5	FALSE
"L27706_at"	605	-3.01664990233138	327	743	0	38	0	0	FALSE
"L27841_at"	2601	0.409317895669667	2215	2999	0	38	0	0	FALSE
"L27943_at"	1273	1.81375718781095	790	1499	0	38	0	0	FALSE
"L28010_at"	86	-5.62500278724554	36	115	0	38	0	0	FALSE
"L28175_at"	2874	0.14344664072346	2315	2975	0	38	0	2	FALSE
"L28821_at"	674	2.83788585767701	478	914	0	38	0	0	FALSE
"L29008_at"	1539	-1.45874959367099	1144	1923	0	38	0	0	FALSE
"L29218_at"	2171	-0.795255225359601	1784	2448	0	38	0	0	FALSE
"L29277_at"	262	4.13002608524745	160	335	0	38	0	0	FALSE
"L31584_at"	2378	-0.589911471028536	2063	3006	0	38	0	0	FALSE
"L31801_at"	1832	-1.1473996411787	1495	2476	0	38	0	0	FALSE
"L32866_at"	2430	0.552147738794641	1957	2545	0	38	0	1	FALSE
"L32976_at"	2927	-0.102136665485181	2599	3032	0	38	0	9	FALSE
"L32977_at"	2280	-0.685689040028387	1675	2864	0	38	0	0	FALSE
"L33243_at"	2199	-0.770727935331511	1440	2445	0	38	0	0	FALSE
"L33842_rna1_at"	1789	-1.20157991363571	1350	2157	0	38	0	0	FALSE
"L34059_at"	1717	-1.28746197787975	1423	2034	0	38	0	0	FALSE
"L34060_at"	1435	1.59203295245853	967	1717	0	38	0	0	FALSE
"L34587_at"	1905	-1.0745864790467	1555	2332	0	38	0	0	FALSE
"L34657_at"	1760	1.23836698877415	1467	2137	0	38	0	0	FALSE
"L35035_at"	2088	0.888458319028332	1515	2532	0	38	0	0	FALSE
"L35240_at"	732	2.71507824499459	467	921	0	38	0	0	FALSE
"L35269_at"	2733	0.278536957502945	2311	3008	0	38	0	2	FALSE
"L35475_at"	2440	0.544868205612771	2182	2945	0	38	0	1	FALSE
"L36463_at"	1271	1.8152932771194	710	1542	0	38	0	0	FALSE
"L36531_at"	2375	0.591971156940296	1601	2735	0	38	0	0	FALSE
"L36645_at"	748	-2.69290593552108	579	909	0	38	0	0	FALSE
"L36720_at"	2252	-0.717704637933379	1456	2519	0	38	0	0	FALSE
"L36818_at"	2997	0.042224060166461	2264	3046	0	38	0	15	FALSE
"L36922_at"	2983	-0.0592022212584092	2499	3043	0	38	0	10	FALSE
"L36983_at"	250	-4.21256833973327	202	311	0	38	0	0	FALSE
"L37033_at"	1359	1.69015732156752	952	1691	0	38	0	0	FALSE
"L37042_at"	1376	1.66662392532605	541	1660	0	38	0	0	FALSE
"L37043_at"	1381	-1.66197398512786	961	1620	0	38	0	0	FALSE
"L37127_at"	1468	-1.54744667684014	1242	1779	0	38	0	0	FALSE
"L37792_at"	2830	0.181162752300808	1665	3049	0	38	0	3	FALSE
"L37936_at"	2335	-0.635361076271451	1692	2834	0	38	0	0	FALSE
"L38486_at"	2388	0.582520826084656	1223	2825	0	38	0	0	FALSE
"L38487_at"	2797	-0.214155194598303	2093	3047	0	38	0	2	FALSE
"L38616_at"	2586	0.424581396266782	1564	3030	0	38	0	0	FALSE
"L38696_at"	885	-2.44286772309879	419	1044	0	38	0	0	FALSE
"L38810_at"	1029	-2.17335170560706	745	1206	0	38	0	0	FALSE
"L38935_at"	3024	-0.0220299199052878	2450	3039	0	38	0	17	FALSE
"L38951_at"	243	-4.23156293420981	169	316	0	38	0	0	FALSE
"L38961_at"	772	-2.65950941200108	338	898	0	38	0	0	FALSE
"L39059_at"	2448	-0.539964024527418	1922	2806	0	38	0	0	FALSE
"L39874_at"	2367	-0.600414764418325	1875	2867	0	38	0	0	FALSE
"L40027_at"	2122	-0.845905730763244	1302	2548	0	38	0	0	FALSE
"L40357_at"	1505	-1.50764474826843	1101	1841	0	38	0	0	FALSE
"L40387_at"	2043	0.942009680361265	1601	2480	0	38	0	0	FALSE
"L40391_at"	327	-3.89159863906252	197	448	0	38	0	0	FALSE
"L40392_at"	788	-2.63827899803903	502	982	0	38	0	0	FALSE
"L40395_at"	1600	-1.40113102278949	1306	2036	0	38	0	0	FALSE
"L40410_at"	418	-3.57026762413204	188	516	0	38	0	0	FALSE
"L40586_at"	808	2.58803907396411	500	976	0	38	0	0	FALSE
"L40904_at"	1700	1.30586231192498	1397	2052	0	38	0	0	FALSE
"L41067_at"	434	-3.52421771556466	299	564	0	38	0	0	FALSE
"L41690_at"	2222	-0.745804804290272	1562	2876	0	38	0	0	FALSE
"L41870_at"	13	-7.0789459662	8	23	29	38	0.763157894736842	0	TRUE
"L41887_rna1_at"	109	-5.31402873311612	66	152	0	38	0	0	FALSE
"L41919_rna1_at"	932	2.34400596215331	606	1125	0	38	0	0	FALSE
"L42324_at"	2288	0.675661071193521	1930	2712	0	38	0	0	FALSE
"L42354_at"	2760	-0.260049163924723	2263	3032	0	38	0	3	FALSE
"L42373_at"	1496	-1.51822055303633	1185	1848	0	38	0	0	FALSE
"L42379_at"	332	3.86824960422721	188	433	0	38	0	0	FALSE
"L42451_at"	1553	-1.45066992637007	1258	1911	0	38	0	0	FALSE
"L42542_at"	588	-3.05751302587764	412	667	0	38	0	0	FALSE
"L42563_at"	2444	0.542642431878764	1766	2823	0	38	0	0	FALSE
"L42572_at"	98	-5.42490711274601	58	124	0	38	0	0	FALSE
"L42621_at"	2452	-0.536786543778427	1995	2929	0	38	0	1	FALSE
"L43631_at"	615	-2.99656814372108	175	756	0	38	0	0	FALSE
"L47345_at"	2027	0.955158007510658	1483	2481	0	38	0	0	FALSE
"L47738_at"	9	-7.31331655448025	4	24	37	38	0.973684210526316	0	TRUE
"L48546_at"	1294	-1.79041923409965	1086	1630	0	38	0	0	FALSE
"L49169_at"	1054	2.13300864583561	859	1271	0	38	0	0	FALSE
"L76159_at"	627	-2.96153178608144	253	765	0	38	0	0	FALSE
"L76200_at"	2751	-0.266138168145894	2199	2911	0	38	0	1	FALSE
"L76224_at"	2914	0.114101146200607	2189	3051	0	38	0	9	FALSE
"L76380_at"	1462	1.55534635767208	959	1717	0	38	0	0	FALSE
"L76465_at"	1875	-1.09714533014447	1364	2462	0	38	0	0	FALSE
"L76702_at"	172	-4.62555981962882	106	215	0	38	0	0	FALSE
"L76703_at"	532	-3.21112843381721	351	663	0	38	0	0	FALSE
"L77213_at"	2929	0.101249738340176	2506	3048	0	38	0	11	FALSE
"L77561_at"	1226	1.87548683108615	454	1435	0	38	0	0	FALSE
"L77701_at"	1923	1.05292132094908	1838	2680	0	38	0	0	FALSE
"L77886_at"	676	-2.82988608880378	514	802	0	38	0	0	FALSE
"L78440_at"	2572	0.4370278336446	1979	2952	0	38	0	0	FALSE
"M10612_at"	887	2.44135508029005	650	1097	0	38	0	0	FALSE
"M10901_at"	486	-3.34515064297172	315	589	0	38	0	0	FALSE
"M11119_at"	1835	-1.14309581210886	1489	2178	0	38	0	0	FALSE
"M11147_at"	115	5.22877024796242	38	138	0	38	0	0	FALSE
"M11186_at"	2185	0.782250676876754	1989	2798	0	38	0	0	FALSE
"M11717_rna1_at"	2877	-0.141835220021969	1938	3043	0	38	0	7	FALSE
"M11722_at"	51	-6.0829962317847	21	86	0	38	0	0	FALSE
"M11726_at"	1182	1.93487317654391	673	1373	0	38	0	0	FALSE
"M12174_at"	2904	0.12216223486141	2597	3048	0	38	0	9	FALSE
"M12759_at"	2478	-0.514294397689533	1928	2878	0	38	0	0	FALSE
"M12886_at"	840	-2.5278752196205	472	1022	0	38	0	0	FALSE
"M13194_at"	2187	-0.778751781023873	1955	2755	0	38	0	0	FALSE
"M13241_at"	1301	1.77847031613957	1082	1594	0	38	0	0	FALSE
"M13755_at"	2951	-0.083860481556374	2260	3045	0	38	0	8	FALSE
"M13792_at"	75	-5.81632147672704	36	104	0	38	0	0	FALSE
"M13903_at"	2585	0.426270551371528	2141	2959	0	38	0	0	FALSE
"M13934_cds2_at"	2590	-0.421941704639487	2086	2884	0	38	0	0	FALSE
"M13955_at"	1656	1.35242737887059	1063	1951	0	38	0	0	FALSE
"M14016_at"	581	3.07230764073557	406	787	0	38	0	0	FALSE
"M14058_at"	2337	0.630769755562899	2024	2766	0	38	0	0	FALSE
"M14158_cds4_at"	3009	0.0311810235666342	2516	3026	0	38	0	13	FALSE
"M14200_rna1_at"	901	-2.41930675398462	533	1068	0	38	0	0	FALSE
"M14219_at"	2139	-0.822634024248673	1420	2519	0	38	0	0	FALSE
"M14539_at"	2268	0.69832861646296	1992	3040	0	38	0	0	FALSE
"M14636_at"	704	2.75507611922691	430	908	0	38	0	0	FALSE
"M14660_at"	1119	2.0326136179967	1001	1374	0	38	0	0	FALSE
"M14676_at"	833	-2.54177081733492	539	1032	0	38	0	0	FALSE
"M15059_at"	1156	1.96955229399294	518	1396	0	38	0	0	FALSE
"M15182_at"	1536	1.46293706850191	879	1909	0	38	0	0	FALSE
"M15205_at"	848	2.50902500726935	551	1071	0	38	0	0	FALSE
"M15661_at"	1806	1.17587905987541	1469	2322	0	38	0	0	FALSE
"M15796_at"	328	-3.88401901536332	164	423	0	38	0	0	FALSE
"M15841_at"	356	-3.81109983357994	249	433	0	38	0	0	FALSE
"M15990_at"	2474	0.519174188237696	2015	2912	0	38	0	1	FALSE
"M16038_at"	4	7.98325956844796	3	11	38	38	1	0	TRUE
"M16279_at"	3030	0.0169558815418511	2639	3048	0	38	0	16	FALSE
"M16405_at"	1521	1.49467746204381	1123	1839	0	38	0	0	FALSE
"M16424_at"	1256	1.83850867245107	988	1633	0	38	0	0	FALSE
"M18737_rna1_at"	1524	-1.49365211033006	1217	1916	0	38	0	0	FALSE
"M19159_at"	1754	-1.25209950382424	1394	2318	0	38	0	0	FALSE
"M19483_at"	1192	-1.91892480116262	882	1482	0	38	0	0	FALSE
"M19507_at"	179	4.5776213104079	116	266	0	38	0	0	FALSE
"M19645_at"	900	2.42270008189036	671	1080	0	38	0	0	FALSE
"M19722_at"	950	2.29158795997454	686	1171	0	38	0	0	FALSE
"M19961_at"	1592	-1.41102966355498	1017	1930	0	38	0	0	FALSE
"M19989_cds2_at"	744	-2.69936329991579	465	878	0	38	0	0	FALSE
"M20471_at"	2492	-0.507130748303463	2165	2943	0	38	0	0	FALSE
"M20681_at"	899	2.42507685957755	546	1056	0	38	0	0	FALSE
"M20902_at"	790	2.6336215286667	597	1047	0	38	0	0	FALSE
"M21005_at"	797	2.61321667804031	514	968	0	38	0	0	FALSE
"M21121_at"	781	2.65162206823833	614	1030	0	38	0	0	FALSE
"M21154_at"	987	2.24415615261249	659	1222	0	38	0	0	FALSE
"M21186_at"	2033	0.951917789573854	1179	2402	0	38	0	0	FALSE
"M21259_at"	295	-4.01882855662018	123	390	0	38	0	0	FALSE
"M21551_rna1_at"	61	5.98855614830553	44	90	0	38	0	0	FALSE
"M21574_at"	2905	0.121767208083008	2069	3049	0	38	0	4	FALSE
"M21624_at"	960	-2.27673813180485	860	1148	0	38	0	0	FALSE
"M21904_at"	448	3.46686274471173	171	570	0	38	0	0	FALSE
"M21984_at"	2659	-0.355470295603588	1392	3032	0	38	0	1	FALSE
"M21985_at"	2376	0.591815935505642	1824	2761	0	38	0	0	FALSE
"M22324_at"	173	4.61427311908288	63	285	0	38	0	0	FALSE
"M22382_at"	741	-2.70548775678048	383	941	0	38	0	0	FALSE
"M22430_at"	2669	0.342453559153571	2009	2967	0	38	0	0	FALSE
"M22489_at"	1086	-2.08450096136934	990	1305	0	38	0	0	FALSE
"M22538_at"	2805	0.203514023924373	2303	2992	0	38	0	3	FALSE
"M22632_at"	237	-4.26074468729366	194	295	0	38	0	0	FALSE
"M22638_at"	2484	0.511070678551245	2066	3018	0	38	0	0	FALSE
"M22760_at"	1710	-1.29765525538913	1464	2072	0	38	0	0	FALSE
"M22877_at"	815	-2.57724564389986	357	981	0	38	0	0	FALSE
"M22898_at"	132	-4.99088114841748	93	194	0	38	0	0	FALSE
"M22919_rna2_at"	1774	1.21941832928093	1081	2122	0	38	0	0	FALSE
"M22960_at"	79	5.76531111068152	24	113	0	38	0	0	FALSE
"M22976_at"	1542	-1.4559659791153	1251	1886	0	38	0	0	FALSE
"M22995_at"	2761	0.25909413371478	2003	2991	0	38	0	1	FALSE
"M23114_at"	2576	0.435121398533157	2025	3017	0	38	0	0	FALSE
"M23161_at"	248	-4.21319183675451	149	314	0	38	0	0	FALSE
"M23197_at"	23	6.78781948087932	9	56	11	38	0.289473684210526	0	FALSE
"M23254_at"	498	3.29913614552557	377	598	0	38	0	0	FALSE
"M23294_at"	2954	-0.0825249020583628	2330	3046	0	38	0	11	FALSE
"M23379_at"	223	-4.33240704293218	140	280	0	38	0	0	FALSE
"M24248_at"	2055	0.927903325117011	1179	2438	0	38	0	0	FALSE
"M24398_at"	2007	-0.972275455502875	982	2408	0	38	0	0	FALSE
"M24439_at"	1936	1.03155461460244	1228	2331	0	38	0	0	FALSE
"M24470_at"	1145	1.98904823054421	835	1390	0	38	0	0	FALSE
"M24594_at"	1577	1.43077865464297	1333	1983	0	38	0	0	FALSE
"M24899_at"	1559	-1.44720752116354	1279	1916	0	38	0	0	FALSE
"M25077_at"	1613	1.3876542469498	1418	2101	0	38	0	0	FALSE
"M25269_at"	1913	1.06239666754975	1425	2181	0	38	0	0	FALSE
"M25280_at"	2656	0.358497138404238	2211	2914	0	38	0	1	FALSE
"M25809_at"	656	2.88675297488649	319	840	0	38	0	0	FALSE
"M25897_at"	1201	1.90780332729313	1043	1413	0	38	0	0	FALSE
"M26576_cds2_at"	1805	1.17715132824252	1337	2139	0	38	0	0	FALSE
"M26602_at"	1104	2.05992717137263	980	1457	0	38	0	0	FALSE
"M26880_at"	2071	-0.907301930183772	1723	2433	0	38	0	0	FALSE
"M27161_at"	3051	0.000204145459916889	2303	3051	0	38	0	17	FALSE
"M27819_at"	863	2.47888321844285	706	1128	0	38	0	0	FALSE
"M27826_at"	611	-3.00659187340663	543	726	0	38	0	0	FALSE
"M27891_at"	2	9.77584665725552	1	4	38	38	1	0	TRUE
"M28209_at"	350	3.83008998912587	40	433	0	38	0	0	FALSE
"M28713_at"	551	3.15730126216693	223	677	0	38	0	0	FALSE
"M28825_at"	2838	0.17475182002307	2321	3039	0	38	0	5	FALSE
"M28826_at"	819	-2.57224275150955	737	961	0	38	0	0	FALSE
"M28827_at"	2120	-0.847845126874423	1868	3035	0	38	0	1	FALSE
"M29064_at"	213	-4.36840969245233	91	268	0	38	0	0	FALSE
"M29273_at"	2104	0.866559471280481	1514	2493	0	38	0	0	FALSE
"M29474_at"	686	-2.81381461462206	619	813	0	38	0	0	FALSE
"M29536_at"	60	-6.00989544718536	33	76	0	38	0	0	FALSE
"M29696_at"	46	-6.16850252503288	9	71	1	38	0.0263157894736842	0	FALSE
"M29877_at"	2127	-0.834651316457754	1802	2546	0	38	0	0	FALSE
"M29927_at"	430	3.53190898804864	209	556	0	38	0	0	FALSE
"M29971_at"	485	-3.34670426594571	257	567	0	38	0	0	FALSE
"M30185_at"	3050	-0.000286130441379478	2427	3051	0	38	0	17	FALSE
"M30818_at"	2065	0.910245936415621	1705	2610	0	38	0	0	FALSE
"M30894_at"	905	2.40690380353607	622	1131	0	38	0	0	FALSE
"M30938_at"	336	-3.85751328598507	229	420	0	38	0	0	FALSE
"M31013_at"	2825	-0.1855071542868	2494	3002	0	38	0	4	FALSE
"M31166_at"	247	4.21727235750153	181	331	0	38	0	0	FALSE
"M31303_rna1_at"	118	-5.1883695822803	39	168	0	38	0	0	FALSE
"M31328_at"	2908	-0.120300538475486	2279	3040	0	38	0	4	FALSE
"M31627_at"	2253	-0.717210566414324	1859	2607	0	38	0	0	FALSE
"M31642_at"	736	-2.71035338804326	510	847	0	38	0	0	FALSE
"M31994_at"	419	3.56752277000772	285	521	0	38	0	0	FALSE
"M32011_at"	1827	1.15293251084317	1470	2324	0	38	0	0	FALSE
"M32053_at"	1839	1.14000887927399	1060	2252	0	38	0	0	FALSE
"M32313_at"	1499	-1.51501639822917	1224	1849	0	38	0	0	FALSE
"M32315_at"	913	2.39046515235835	641	1105	0	38	0	0	FALSE
"M32334_at"	639	-2.92231383952982	431	825	0	38	0	0	FALSE
"M32886_at"	2900	0.127101610856058	2321	3048	0	38	0	10	FALSE
"M33195_at"	176	4.61011427463882	54	251	0	38	0	0	FALSE
"M33308_at"	750	2.69065372217786	469	950	0	38	0	0	FALSE
"M33336_at"	189	-4.49369719491457	146	298	0	38	0	0	FALSE
"M33518_at"	2745	0.2700527576673	2121	3028	0	38	0	4	FALSE
"M33521_at"	672	-2.84470456664586	467	833	0	38	0	0	FALSE
"M33552_at"	1187	1.9316594559357	846	1422	0	38	0	0	FALSE
"M33680_at"	102	-5.38599274199564	46	137	0	38	0	0	FALSE
"M33764_at"	1572	-1.43600406581525	813	1886	0	38	0	0	FALSE
"M33882_at"	1967	1.00230736312704	1612	2504	0	38	0	0	FALSE
"M34041_at"	719	2.73249338503618	288	888	0	38	0	0	FALSE
"M34175_at"	1213	1.88758392236688	953	1457	0	38	0	0	FALSE
"M34181_at"	1488	-1.52271315423268	839	1768	0	38	0	0	FALSE
"M34344_at"	1968	1.00095735726447	1661	2482	0	38	0	0	FALSE
"M34423_at"	1728	1.27738542946115	1213	2074	0	38	0	0	FALSE
"M34455_at"	2259	0.708195276772157	1464	2670	0	38	0	0	FALSE
"M34539_at"	1939	-1.02765079069999	1644	2381	0	38	0	0	FALSE
"M34667_at"	2135	0.825663640987544	1846	2638	0	38	0	0	FALSE
"M34668_at"	479	-3.36635144992037	220	580	0	38	0	0	FALSE
"M34677_at"	2730	0.281533362889094	2182	3048	0	38	0	2	FALSE
"M35128_at"	2632	-0.382917244080999	2272	3032	0	38	0	1	FALSE
"M35531_at"	1740	1.26131453862338	1006	2027	0	38	0	0	FALSE
"M35878_at"	2324	0.648128690944541	1952	2708	0	38	0	0	FALSE
"M36067_at"	1809	-1.1719902849538	1572	2142	0	38	0	0	FALSE
"M36089_at"	1475	1.53708105514075	1170	1794	0	38	0	0	FALSE
"M36341_at"	1890	1.09001362070795	1386	2368	0	38	0	0	FALSE
"M37033_at"	561	-3.12713475335574	412	662	0	38	0	0	FALSE
"M37104_at"	984	-2.24685627887227	738	1129	0	38	0	0	FALSE
"M37245_at"	1963	1.00612690917838	1258	2376	0	38	0	0	FALSE
"M37435_at"	195	4.47377078836522	149	271	0	38	0	0	FALSE
"M37583_at"	1030	-2.17333868585133	843	1210	0	38	0	0	FALSE
"M37766_at"	852	-2.4992914048488	549	998	0	38	0	0	FALSE
"M38591_at"	1904	1.08021938261826	1509	2375	0	38	0	0	FALSE
"M38690_at"	682	-2.81916805707776	368	810	0	38	0	0	FALSE
"M54992_at"	412	-3.59144448150968	349	499	0	38	0	0	FALSE
"M54995_at"	272	4.07849954292575	178	409	0	38	0	0	FALSE
"M55067_at"	2686	0.324056770101686	2382	3013	0	38	0	2	FALSE
"M55150_at"	3	8.0329392125638	3	8	38	38	1	0	TRUE
"M55265_at"	2311	0.65913733576187	1422	2755	0	38	0	0	FALSE
"M55268_at"	2198	-0.770940589133062	1701	2763	0	38	0	0	FALSE
"M55531_at"	1540	1.45764207243724	1249	1943	0	38	0	0	FALSE
"M55593_at"	1325	1.746636813147	901	1571	0	38	0	0	FALSE
"M55671_at"	2032	-0.952840645816916	1719	2532	0	38	0	0	FALSE
"M57567_at"	2152	0.810053462819416	1791	2585	0	38	0	0	FALSE
"M57609_at"	2092	-0.88227558484716	1479	2447	0	38	0	0	FALSE
"M57710_at"	300	3.99965668811379	158	426	0	38	0	0	FALSE
"M57763_at"	1236	1.86430609198892	714	1511	0	38	0	0	FALSE
"M58028_at"	988	-2.24345068226693	470	1286	0	38	0	0	FALSE
"M58285_at"	1886	1.09146627300024	1494	2235	0	38	0	0	FALSE
"M58378_cds1_at"	2047	0.938800555809417	1473	2489	0	38	0	0	FALSE
"M58459_at"	1208	-1.89171946525366	917	1469	0	38	0	0	FALSE
"M58603_at"	311	3.97011566660413	192	394	0	38	0	0	FALSE
"M59465_at"	2374	-0.593453061920693	1865	2911	0	38	0	0	FALSE
"M59807_at"	1136	-2.00629227086177	896	1341	0	38	0	0	FALSE
"M59815_at"	2871	0.144846628539419	1880	3021	0	38	0	5	FALSE
"M59820_at"	1073	2.09954020839402	842	1400	0	38	0	0	FALSE
"M59829_at"	2573	-0.436661597342391	1748	2908	0	38	0	0	FALSE
"M59830_at"	2924	0.104923819745102	2257	3051	0	38	0	4	FALSE
"M59911_at"	3033	0.0155958132573124	2527	3051	0	38	0	20	FALSE
"M60091_at"	1897	-1.08435856983229	1464	2508	0	38	0	0	FALSE
"M60165_cds1_at"	1878	1.09556464275923	1443	2125	0	38	0	0	FALSE
"M60278_at"	2109	-0.859237825943921	1034	2358	0	38	0	0	FALSE
"M60298_at"	834	2.54172997980748	696	1110	0	38	0	0	FALSE
"M60527_at"	66	-5.94486950780901	23	85	0	38	0	0	FALSE
"M60721_at"	2683	0.325697599349004	2376	3028	0	38	0	1	FALSE
"M60752_at"	1493	-1.51886546439289	993	1752	0	38	0	0	FALSE
"M60830_at"	2865	0.151425473505135	2548	3045	0	38	0	4	FALSE
"M60922_at"	2102	0.870146690081457	1607	2527	0	38	0	0	FALSE
"M61199_at"	1151	1.97717344519618	928	1436	0	38	0	0	FALSE
"M61764_at"	1494	1.51848027966906	1353	1980	0	38	0	0	FALSE
"M61906_at"	2681	0.329072708288061	2279	2974	0	38	0	1	FALSE
"M62302_at"	1346	1.71519595397408	1018	1605	0	38	0	0	FALSE
"M62324_at"	2327	0.643117791628411	1819	2665	0	38	0	0	FALSE
"M62762_at"	73	5.8382574764751	21	98	0	38	0	0	FALSE
"M62783_at"	1908	1.07110531967815	1492	2210	0	38	0	0	FALSE
"M62810_at"	1091	-2.07453459545705	936	1272	0	38	0	0	FALSE
"M62831_at"	2493	-0.502796149883499	1822	3012	0	38	0	1	FALSE
"M62994_at"	1220	-1.87861814609716	988	1511	0	38	0	0	FALSE
"M63138_at"	24	6.77110198185867	4	47	9	38	0.236842105263158	0	FALSE
"M63167_at"	199	4.43221319918278	151	251	0	38	0	0	FALSE
"M63175_at"	1120	2.03238572080262	641	1333	0	38	0	0	FALSE
"M63180_at"	765	-2.67263745114551	550	892	0	38	0	0	FALSE
"M63262_at"	2693	0.316290049794631	2247	3045	0	38	0	2	FALSE
"M63379_at"	449	3.46517059530707	315	583	0	38	0	0	FALSE
"M63573_at"	2438	-0.5469541877272	1863	2704	0	38	0	0	FALSE
"M63582_at"	2666	0.346696924940369	2238	3030	0	38	0	2	FALSE
"M63589_at"	1090	2.0798025904776	908	1429	0	38	0	0	FALSE
"M63904_at"	2881	0.139424609471315	1773	3049	0	38	0	8	FALSE
"M63928_at"	1561	-1.44463671291595	925	1833	0	38	0	0	FALSE
"M63959_at"	602	3.02030381602161	494	793	0	38	0	0	FALSE
"M64098_at"	1868	-1.10627999389265	1537	2331	0	38	0	0	FALSE
"M64108_at"	836	2.53577894583419	541	1025	0	38	0	0	FALSE
"M64174_at"	2913	-0.117649785181242	2062	3038	0	38	0	9	FALSE
"M64590_at"	646	-2.90245524913372	457	770	0	38	0	0	FALSE
"M64595_at"	2857	0.157777531098452	2057	3044	0	38	0	9	FALSE
"M64673_at"	2021	-0.961288097008537	1369	2396	0	38	0	0	FALSE
"M64925_at"	1822	1.15897054546647	1514	2201	0	38	0	0	FALSE
"M64929_at"	2891	0.133957568004643	2412	3045	0	38	0	9	FALSE
"M64934_at"	1529	1.47116824324374	925	1920	0	38	0	0	FALSE
"M64992_at"	2090	-0.888152239652241	1200	2455	0	38	0	0	FALSE
"M65066_at"	2975	0.0666687631149853	2630	3051	0	38	0	18	FALSE
"M65085_at"	2106	-0.861074995082301	1372	2377	0	38	0	0	FALSE
"M65217_at"	2738	0.275470725332104	2070	3016	0	38	0	1	FALSE
"M68520_at"	1260	-1.83326735851817	915	1545	0	38	0	0	FALSE
"M68864_at"	257	-4.16390707801279	146	346	0	38	0	0	FALSE
"M68891_at"	578	3.08175797240661	169	756	0	38	0	0	FALSE
"M68941_at"	779	-2.65236538199627	460	942	0	38	0	0	FALSE
"M69023_at"	700	-2.76316991387326	460	872	0	38	0	0	FALSE
"M69039_at"	973	-2.26321548568297	763	1164	0	38	0	0	FALSE
"M69043_at"	91	5.55067148246667	31	120	0	38	0	0	FALSE
"M69066_at"	2119	0.851218033260469	1362	2537	0	38	0	0	FALSE
"M73047_at"	954	-2.28691924583137	539	1110	0	38	0	0	FALSE
"M73547_at"	253	-4.19672425128661	147	342	0	38	0	0	FALSE
"M73720_at"	1268	1.81952527805787	704	1614	0	38	0	0	FALSE
"M74002_at"	2785	-0.230474746641729	2082	3021	0	38	0	2	FALSE
"M74089_at"	650	-2.89693492105598	491	758	0	38	0	0	FALSE
"M74099_at"	2755	0.261913685322831	2344	2987	0	38	0	1	FALSE
"M74491_at"	2277	0.687500167153436	1440	2758	0	38	0	0	FALSE
"M74524_at"	556	-3.14262585703657	348	668	0	38	0	0	FALSE
"M74719_at"	1235	-1.86603830296516	1034	1452	0	38	0	0	FALSE
"M75099_at"	2206	-0.763630968027487	1860	2837	0	38	0	0	FALSE
"M75126_at"	1927	1.0419524794187	1298	2352	0	38	0	0	FALSE
"M76378_at"	543	3.18714481546205	280	639	0	38	0	0	FALSE
"M76424_at"	2731	0.281383542547723	2329	3027	0	38	0	1	FALSE
"M76766_at"	2685	0.324301006950216	1989	2987	0	38	0	1	FALSE
"M77142_at"	55	-6.05532439492717	36	74	0	38	0	0	FALSE
"M77698_at"	948	-2.29588029973523	797	1158	0	38	0	0	FALSE
"M77836_at"	1883	1.09420543808684	1535	2257	0	38	0	0	FALSE
"M80244_at"	1974	0.997037196145077	1284	2269	0	38	0	0	FALSE
"M80254_at"	207	4.38818150898964	112	330	0	38	0	0	FALSE
"M80333_at"	2821	-0.192153024163153	2073	3047	0	38	0	4	FALSE
"M80335_at"	1062	-2.1160168491907	867	1300	0	38	0	0	FALSE
"M80359_at"	2936	-0.0937383085399985	2303	3047	0	38	0	12	FALSE
"M80563_at"	791	2.6324786888507	418	993	0	38	0	0	FALSE
"M80629_at"	2523	0.479546983236828	2100	2998	0	38	0	0	FALSE
"M80647_at"	1691	1.31582312338825	1415	2147	0	38	0	0	FALSE
"M80899_at"	438	3.50418826803135	126	557	0	38	0	0	FALSE
"M81057_at"	1549	1.45194279042911	691	1926	0	38	0	0	FALSE
"M81601_at"	592	-3.04458804442768	373	731	0	38	0	0	FALSE
"M81758_at"	260	4.14388997938632	144	327	0	38	0	0	FALSE
"M81780_cds5_at"	2634	0.382601652613828	1818	2893	0	38	0	1	FALSE
"M81830_at"	1224	1.87683428974713	726	1469	0	38	0	0	FALSE
"M82809_at"	1537	1.46050816776009	1039	1846	0	38	0	0	FALSE
"M82882_at"	2499	-0.501092297586269	2191	2653	0	38	0	1	FALSE
"M83088_at"	1530	-1.46825687123452	1026	1870	0	38	0	0	FALSE
"M83181_at"	2583	-0.426638925518436	2167	2965	0	38	0	0	FALSE
"M83221_at"	181	4.57300902164967	87	239	0	38	0	0	FALSE
"M83233_at"	49	-6.09373274331049	32	74	0	38	0	0	FALSE
"M83751_at"	1368	-1.6778785257479	981	1647	0	38	0	0	FALSE
"M84349_at"	1122	2.03082317897223	899	1437	0	38	0	0	FALSE
"M84526_at"	136	4.94476017991272	67	222	0	38	0	0	FALSE
"M84739_at"	764	2.67346008115042	535	921	0	38	0	0	FALSE
"M85169_at"	387	-3.6683051196744	248	506	0	38	0	0	FALSE
"M85247_at"	2854	-0.159138736815203	2216	3015	0	38	0	2	FALSE
"M85276_at"	2091	-0.88781996166871	1651	2556	0	38	0	0	FALSE
"M86400_at"	287	-4.03609550433685	134	393	0	38	0	0	FALSE
"M86546_at"	1687	-1.32170171250288	1414	2172	0	38	0	0	FALSE
"M86667_at"	633	-2.94158271323423	340	734	0	38	0	0	FALSE
"M86707_at"	2394	-0.577162663790209	1911	2858	0	38	0	0	FALSE
"M86737_at"	1161	-1.96281839215141	965	1418	0	38	0	0	FALSE
"M86752_at"	225	-4.3265228404574	123	326	0	38	0	0	FALSE
"M86852_at"	1124	-2.02719386004205	872	1279	0	38	0	0	FALSE
"M87339_at"	967	-2.26899838357447	711	1177	0	38	0	0	FALSE
"M87434_at"	2957	-0.0772996253347317	2225	3050	0	38	0	8	FALSE
"M87503_at"	1630	1.37259478341325	1215	2019	0	38	0	0	FALSE
"M87860_at"	1603	1.39592436350578	1426	2013	0	38	0	0	FALSE
"M88108_at"	507	-3.28602344527052	250	629	0	38	0	0	FALSE
"M88279_at"	2524	-0.478309375800665	1937	2998	0	38	0	1	FALSE
"M88282_at"	1174	-1.94363302196526	560	1345	0	38	0	0	FALSE
"M88458_at"	2890	-0.13404286421522	2074	3046	0	38	0	8	FALSE
"M88468_at"	2855	0.158510010967131	2504	3050	0	38	0	6	FALSE
"M89957_at"	41	-6.25663621134073	30	75	0	38	0	0	FALSE
"M90299_at"	2193	0.773492907934511	836	2516	0	38	0	0	FALSE
"M90656_at"	2423	0.556673844717945	1778	2903	0	38	0	0	FALSE
"M91029_cds2_at"	1895	-1.08453743852568	1453	2546	0	38	0	0	FALSE
"M91036_rna1_at"	398	3.63289906147053	281	527	0	38	0	0	FALSE
"M91083_at"	2852	0.16017126093845	2492	3047	0	38	0	6	FALSE
"M91196_at"	1746	1.25682398914485	1414	2222	0	38	0	0	FALSE
"M91432_at"	12	-7.08153562999937	7	30	35	38	0.921052631578947	0	TRUE
"M91438_at"	372	3.7382030295839	136	516	0	38	0	0	FALSE
"M91585_at"	2765	-0.252853276067429	2151	3040	0	38	0	3	FALSE
"M91592_at"	1414	-1.61970612626742	883	1802	0	38	0	0	FALSE
"M91670_at"	1778	1.21622349974747	1166	2107	0	38	0	0	FALSE
"M92287_at"	38	-6.31859374710027	13	71	2	38	0.0526315789473684	0	FALSE
"M92303_at"	2346	0.619835643378548	2025	2734	0	38	0	0	FALSE
"M92357_at"	761	2.67902500414534	611	926	0	38	0	0	FALSE
"M92439_at"	103	-5.38005930868055	57	138	0	38	0	0	FALSE
"M92449_at"	2466	-0.523761771679347	2069	3050	0	38	0	0	FALSE
"M92934_at"	786	-2.64153346400385	634	931	0	38	0	0	FALSE
"M93056_at"	193	4.48712692706629	63	260	0	38	0	0	FALSE
"M93107_at"	2624	-0.385900685652273	2071	3020	0	38	0	1	FALSE
"M93221_at"	2461	0.526735247315097	1605	2557	0	38	0	1	FALSE
"M93283_at"	1669	1.34303141463899	832	1958	0	38	0	0	FALSE
"M93405_at"	2595	0.414416057883997	1974	3022	0	38	0	0	FALSE
"M93426_at"	1631	-1.37255126817302	1309	2063	0	38	0	0	FALSE
"M93718_at"	2798	0.211983144662489	2059	3040	0	38	0	5	FALSE
"M94250_at"	1901	-1.08237151024958	1479	2124	0	38	0	0	FALSE
"M94345_at"	2353	0.611913033483462	1389	2696	0	38	0	0	FALSE
"M94362_at"	731	-2.71529121355647	569	897	0	38	0	0	FALSE
"M94556_at"	889	-2.44039356527597	675	1011	0	38	0	0	FALSE
"M94630_at"	1859	-1.11936413192326	1498	2377	0	38	0	0	FALSE
"M94633_at"	47	-6.1376889409605	32	72	0	38	0	0	FALSE
"M94856_at"	805	-2.59705843738518	584	985	0	38	0	0	FALSE
"M95178_at"	314	3.94514007417977	102	414	0	38	0	0	FALSE
"M95549_at"	1319	1.75382835663227	1034	1520	0	38	0	0	FALSE
"M95610_at"	400	3.62767342101026	120	486	0	38	0	0	FALSE
"M95623_cds1_at"	1230	1.8729967273666	882	1582	0	38	0	0	FALSE
"M95678_at"	119	5.18340373596525	89	156	0	38	0	0	FALSE
"M95712_at"	2946	-0.0869999961088259	2382	3040	0	38	0	6	FALSE
"M95787_at"	1330	1.73943975004255	1018	1609	0	38	0	0	FALSE
"M96326_rna1_at"	104	5.37503998779511	35	138	0	38	0	0	FALSE
"M96803_at"	227	-4.3169080828947	106	275	0	38	0	0	FALSE
"M96859_at"	2432	0.550434926753635	1765	2829	0	38	0	0	FALSE
"M96982_at"	2031	-0.952988068386251	1524	2317	0	38	0	0	FALSE
"M97287_at"	2340	-0.629188923099728	1797	2836	0	38	0	0	FALSE
"M97815_at"	1650	1.35559755080181	1160	1910	0	38	0	0	FALSE
"M97856_at"	962	-2.27589355890195	779	1151	0	38	0	0	FALSE
"M97925_rna1_at"	1946	1.01799240296951	1261	2324	0	38	0	0	FALSE
"M97936_at"	1495	1.51827087369282	1162	1769	0	38	0	0	FALSE
"M98045_at"	624	-2.97456741663451	358	773	0	38	0	0	FALSE
"M98539_at"	510	3.28479222888957	367	651	0	38	0	0	FALSE
"M98776_rna1_at"	2300	-0.667933174200693	1873	2782	0	38	0	0	FALSE
"M98833_at"	143	-4.9019157493307	77	178	0	38	0	0	FALSE
"M99063_at"	2968	-0.0697981330483727	2565	3049	0	38	0	12	FALSE
"M99701_at"	1698	-1.30921554406994	1296	2126	0	38	0	0	FALSE
"S43646_at"	2948	0.0860490716968428	1722	3051	0	38	0	10	FALSE
"S45630_at"	806	2.59359023308284	325	962	0	38	0	0	FALSE
"S50223_at"	36	-6.37147193324077	20	58	1	38	0.0263157894736842	0	FALSE
"S53911_at"	2829	0.182417455059544	2501	3001	0	38	0	3	FALSE
"S58733_at"	2609	0.401379313158923	2187	3030	0	38	0	1	FALSE
"S59049_at"	3029	0.017103425177644	2477	3051	0	38	0	17	FALSE
"S61953_at"	2181	0.783078758091876	1599	2686	0	38	0	0	FALSE
"S63912_at"	2344	0.621390302643928	1928	2770	0	38	0	0	FALSE
"S65583_rna1_at"	1676	1.33202983209759	1256	1938	0	38	0	0	FALSE
"S65738_at"	1595	1.40733376910674	1260	1850	0	38	0	0	FALSE
"S66431_at"	255	-4.18888148629309	120	339	0	38	0	0	FALSE
"S67070_at"	2563	-0.443036286509274	2031	2870	0	38	0	0	FALSE
"S67325_at"	2778	0.240875887027229	2201	2986	0	38	0	3	FALSE
"S68616_at"	1401	1.63362130644659	1004	1713	0	38	0	0	FALSE
"S69115_at"	2029	-0.954006895509331	1705	2407	0	38	0	0	FALSE
"S70609_at"	2626	0.38545485797417	2111	3013	0	38	0	1	FALSE
"S71824_at"	2809	-0.198063971261192	2383	2956	0	38	0	3	FALSE
"S72008_at"	278	-4.06297184955365	46	377	0	38	0	0	FALSE
"S72487_at"	424	3.55363288064502	186	496	0	38	0	0	FALSE
"S73591_at"	2726	-0.284852383983864	2184	2991	0	38	0	2	FALSE
"S74017_at"	2132	0.827380223268	1794	2681	0	38	0	0	FALSE
"S74221_at"	941	-2.31959569368134	702	1153	0	38	0	0	FALSE
"S74445_at"	2896	-0.130755897163138	2384	3046	0	38	0	5	FALSE
"S75168_rna1_at"	1365	1.68133391545219	946	1637	0	38	0	0	FALSE
"S75463_at"	1808	-1.17434480546797	1537	2360	0	38	0	0	FALSE
"S76617_at"	183	-4.56738191289136	158	233	0	38	0	0	FALSE
"S76965_at"	129	-5.00746479357041	98	161	0	38	0	0	FALSE
"S76992_at"	1896	-1.08440897784531	1507	2321	0	38	0	0	FALSE
"S77356_at"	683	2.81688411192621	544	837	0	38	0	0	FALSE
"S77576_at"	2832	0.180108422303291	2233	3045	0	38	0	5	FALSE
"S77763_at"	2053	0.929155277999224	1463	2430	0	38	0	0	FALSE
"S77812_at"	2470	-0.520850738505069	2132	3016	0	38	0	0	FALSE
"S78085_at"	2509	-0.492648468107924	2119	2989	0	38	0	0	FALSE
"S78187_at"	868	-2.4675588611653	569	1038	0	38	0	0	FALSE
"S78296_at"	2782	-0.234143789920148	2287	3034	0	38	0	2	FALSE
"S79639_at"	2301	-0.667434428868704	2004	2852	0	38	0	0	FALSE
"S80335_at"	1976	0.995857669559317	1635	2482	0	38	0	0	FALSE
"S81003_at"	1790	1.1993893866703	1485	2239	0	38	0	0	FALSE
"S81439_at"	570	3.10882617521963	344	706	0	38	0	0	FALSE
"S81914_at"	1013	2.19582827709264	911	1255	0	38	0	0	FALSE
"S82470_at"	277	4.06551941423659	127	410	0	38	0	0	FALSE
"S83364_at"	1378	1.66573180737309	1029	1755	0	38	0	0	FALSE
"S85655_at"	660	-2.87515938202817	265	784	0	38	0	0	FALSE
"S87759_at"	2689	0.319607913052656	2046	3002	0	38	0	1	FALSE
"S90469_at"	1627	1.37753285698465	1260	1970	0	38	0	0	FALSE
"U00115_at"	1373	1.66998208652742	1078	1680	0	38	0	0	FALSE
"U00672_at"	1108	2.05002745696541	818	1355	0	38	0	0	FALSE
"U00921_at"	1655	1.35332942681702	1167	1906	0	38	0	0	FALSE
"U00943_at"	2060	0.918428093784786	1000	2451	0	38	0	0	FALSE
"U00952_at"	1541	-1.45635979201957	599	1950	0	38	0	0	FALSE
"U00968_at"	589	3.05616033357694	495	677	0	38	0	0	FALSE
"U01038_at"	1725	1.27967586413182	1020	2084	0	38	0	0	FALSE
"U01147_at"	2721	-0.29117389235216	2277	2914	0	38	0	1	FALSE
"U01212_at"	1454	1.56298529213868	685	1748	0	38	0	0	FALSE
"U01317_cds6_at"	1270	1.81839121328247	1105	1624	0	38	0	0	FALSE
"U01824_at"	2737	-0.277219379348507	2305	3040	0	38	0	1	FALSE
"U01923_at"	1293	-1.79044032732244	831	1578	0	38	0	0	FALSE
"U02020_at"	145	4.87315404219911	28	201	0	38	0	0	FALSE
"U02031_at"	1777	-1.21637067202974	999	2036	0	38	0	0	FALSE
"U02081_at"	1484	1.52507588580513	1273	1891	0	38	0	0	FALSE
"U02310_at"	2774	-0.248357887269157	2368	3017	0	38	0	5	FALSE
"U02493_at"	122	-5.16344185205149	70	160	0	38	0	0	FALSE
"U02556_at"	1388	-1.64929009472255	971	1716	0	38	0	0	FALSE
"U02570_at"	2873	-0.143483167466414	2325	3041	0	38	0	5	FALSE
"U02619_at"	1880	-1.094728631891	1528	2435	0	38	0	0	FALSE
"U02687_at"	2709	0.301776945236973	2343	3050	0	38	0	2	FALSE
"U03057_at"	630	2.95394574297965	478	752	0	38	0	0	FALSE
"U03090_at"	1198	1.9117458503799	1016	1427	0	38	0	0	FALSE
"U03105_at"	1912	-1.06502430038784	1591	2409	0	38	0	0	FALSE
"U03270_at"	1452	1.5660740180592	1150	1675	0	38	0	0	FALSE
"U03272_at"	1562	1.44440023440621	1064	1823	0	38	0	0	FALSE
"U03398_at"	2231	0.735033825972929	1707	2623	0	38	0	0	FALSE
"U03642_at"	2700	-0.310349785708685	2060	3016	0	38	0	2	FALSE
"U03851_at"	1966	-1.00299971738609	1594	2488	0	38	0	0	FALSE
"U03891_at"	1847	1.1313269211378	1373	2229	0	38	0	0	FALSE
"U04811_at"	2172	-0.794703544015471	1849	2653	0	38	0	0	FALSE
"U04898_at"	1699	-1.30877450670435	1467	2123	0	38	0	0	FALSE
"U05237_at"	466	-3.39573630164119	331	606	0	38	0	0	FALSE
"U05259_rna1_at"	65	-5.95685457688145	34	89	0	38	0	0	FALSE
"U05340_at"	1169	-1.95513861632895	905	1435	0	38	0	0	FALSE
"U05659_at"	525	3.2355646118962	305	637	0	38	0	0	FALSE
"U05875_at"	2883	0.138484739118233	2297	3050	0	38	0	9	FALSE
"U06088_at"	2305	-0.666062074267163	1525	2626	0	38	0	0	FALSE
"U06631_at"	1408	-1.62527959616775	1206	1729	0	38	0	0	FALSE
"U06681_at"	1152	1.9759414694936	728	1391	0	38	0	0	FALSE
"U06863_at"	2741	-0.273292539689191	2068	2938	0	38	0	2	FALSE
"U07132_at"	206	4.39036748082538	137	250	0	38	0	0	FALSE
"U07158_at"	304	3.99082843325761	221	365	0	38	0	0	FALSE
"U07223_at"	2962	0.0735563201343054	2288	3034	0	38	0	13	FALSE
"U07358_at"	1533	-1.4656866529761	1198	1908	0	38	0	0	FALSE
"U07418_at"	489	-3.33382902083216	350	601	0	38	0	0	FALSE
"U07424_at"	535	-3.19973055095818	428	654	0	38	0	0	FALSE
"U07550_at"	846	-2.51271888470927	367	1001	0	38	0	0	FALSE
"U07563_cds1_at"	923	-2.36723430010095	666	1069	0	38	0	0	FALSE
"U07664_at"	2640	-0.36866481963201	2238	3044	0	38	0	2	FALSE
"U07681_at"	1480	-1.53196019632548	1064	1757	0	38	0	0	FALSE
"U07695_at"	2190	0.776319232392103	1671	2664	0	38	0	0	FALSE
"U07802_at"	1191	-1.9231379400894	738	1389	0	38	0	0	FALSE
"U07857_at"	1079	-2.09095108631458	896	1264	0	38	0	0	FALSE
"U07919_at"	3023	-0.0223678655753333	2651	3046	0	38	0	16	FALSE
"U08316_at"	1011	2.1980882361795	632	1261	0	38	0	0	FALSE
"U08336_at"	997	2.21709394680919	405	1192	0	38	0	0	FALSE
"U08815_at"	1222	-1.8774964786155	1038	1519	0	38	0	0	FALSE
"U08989_at"	2950	0.0839752347364328	2408	3050	0	38	0	6	FALSE
"U09117_at"	1485	1.52487012540379	349	1786	0	38	0	0	FALSE
"U09196_at"	1849	1.13043865064957	1487	2289	0	38	0	0	FALSE
"U09284_at"	1586	-1.41717030479818	1314	1994	0	38	0	0	FALSE
"U09303_at"	2436	0.547327513859385	1699	2843	0	38	0	0	FALSE
"U09410_at"	1528	-1.47511858916735	1142	1818	0	38	0	0	FALSE
"U09564_at"	443	-3.49023639515431	302	548	0	38	0	0	FALSE
"U09578_at"	1132	2.01768607791771	836	1445	0	38	0	0	FALSE
"U09579_at"	2795	0.220327995935984	2320	3019	0	38	0	4	FALSE
"U09607_at"	2469	0.521249745749811	1760	2793	0	38	0	0	FALSE
"U09770_at"	1640	-1.36638671014417	1205	1942	0	38	0	0	FALSE
"U09825_at"	942	-2.31816123719939	800	1146	0	38	0	0	FALSE
"U09848_at"	1364	-1.68205141478951	957	1714	0	38	0	0	FALSE
"U09850_at"	2870	0.145560163993123	2474	3050	0	38	0	8	FALSE
"U10117_at"	2941	0.0904528803426148	2431	3051	0	38	0	11	FALSE
"U10323_at"	296	-4.01563579566837	167	369	0	38	0	0	FALSE
"U10324_at"	757	-2.68382864442986	472	874	0	38	0	0	FALSE
"U10362_at"	2393	0.577543530312781	2014	2882	0	38	0	0	FALSE
"U10439_at"	1973	-0.997615130538558	1467	2537	0	38	0	0	FALSE
"U10485_at"	200	-4.43182023860698	149	267	0	38	0	0	FALSE
"U10492_at"	2574	0.436297521909878	2218	2965	0	38	0	1	FALSE
"U10686_at"	1353	1.70583745875607	946	1553	0	38	0	0	FALSE
"U10868_at"	321	3.9166841629781	216	421	0	38	0	0	FALSE
"U10991_at"	1843	1.13896758576907	1508	2241	0	38	0	0	FALSE
"U11732_at"	1666	1.34558831745472	1154	2056	0	38	0	0	FALSE
"U11791_at"	2419	0.55785098857799	1716	3033	0	38	0	0	FALSE
"U11870_rna1_at"	2107	-0.859691205551378	842	2424	0	38	0	0	FALSE
"U11872_at"	2819	0.193342576644759	2373	3042	0	38	0	6	FALSE
"U11877_at"	1306	-1.7723402783346	1115	1579	0	38	0	0	FALSE
"U12139_at"	2648	-0.363382811015454	2022	2993	0	38	0	0	FALSE
"U12255_at"	2157	0.806237754535367	1607	2583	0	38	0	0	FALSE
"U12779_at"	1625	1.37954499507311	1245	1984	0	38	0	0	FALSE
"U13395_at"	2215	0.75288865689225	1123	2540	0	38	0	0	FALSE
"U13666_at"	413	3.58811693958216	224	503	0	38	0	0	FALSE
"U13695_at"	709	-2.74859812674045	476	870	0	38	0	0	FALSE
"U13706_at"	1629	-1.37292803618035	1238	1976	0	38	0	0	FALSE
"U13737_at"	2116	-0.853773261983068	1372	2357	0	38	0	0	FALSE
"U13991_at"	2360	-0.608801121128652	1838	3003	0	38	0	0	FALSE
"U14193_at"	297	-4.01277024693448	151	358	0	38	0	0	FALSE
"U14391_at"	1598	1.40297753339991	1012	1885	0	38	0	0	FALSE
"U14417_at"	628	2.96025418916568	384	773	0	38	0	0	FALSE
"U14575_at"	1218	-1.88111535101952	959	1467	0	38	0	0	FALSE
"U14588_at"	289	4.0307899239942	148	387	0	38	0	0	FALSE
"U14603_at"	1929	-1.04107221881194	1665	2259	0	38	0	0	FALSE
"U15009_at"	955	-2.2865383809233	786	1156	0	38	0	0	FALSE
"U15085_at"	2312	-0.657575770232658	1601	2671	0	38	0	0	FALSE
"U15128_at"	2862	-0.15374432368817	2365	3050	0	38	0	7	FALSE
"U15173_at"	2814	-0.195875062176293	2187	3015	0	38	0	3	FALSE
"U15177_at"	1163	1.96096373233542	725	1402	0	38	0	0	FALSE
"U15552_at"	2820	0.193143955020139	1331	3026	0	38	0	2	FALSE
"U15555_at"	857	2.49262099997521	647	1148	0	38	0	0	FALSE
"U15782_at"	703	-2.75559271306824	538	901	0	38	0	0	FALSE
"U15932_at"	945	2.30850651227018	610	1124	0	38	0	0	FALSE
"U16031_at"	2589	-0.422990715140978	1702	2920	0	38	0	0	FALSE
"U16127_at"	2811	0.197911141053536	1871	3032	0	38	0	4	FALSE
"U16282_at"	333	3.86790932126724	158	409	0	38	0	0	FALSE
"U16306_at"	816	2.57543513666353	682	1017	0	38	0	0	FALSE
"U16660_at"	2163	-0.801493347461297	1786	2531	0	38	0	0	FALSE
"U16954_at"	157	-4.77232637324757	126	192	0	38	0	0	FALSE
"U17163_at"	2907	-0.12069854317726	2493	3045	0	38	0	9	FALSE
"U17327_at"	1130	2.01908624416047	913	1394	0	38	0	0	FALSE
"U17418_at"	2802	0.208383565026887	2504	2992	0	38	0	3	FALSE
"U17579_rna1_at"	2458	0.531905903051288	1522	2909	0	38	0	0	FALSE
"U17886_at"	2540	0.464486442463079	2159	2953	0	38	0	1	FALSE
"U17894_at"	3025	0.0210478078138736	2482	3051	0	38	0	14	FALSE
"U18009_at"	1557	-1.44787380855716	1118	1848	0	38	0	0	FALSE
"U18062_at"	341	-3.8504302668488	130	431	0	38	0	0	FALSE
"U18242_at"	1753	-1.25218648642639	1350	2008	0	38	0	0	FALSE
"U18291_at"	869	-2.46632744570811	691	1080	0	38	0	0	FALSE
"U18548_at"	1339	1.72628087712734	710	1522	0	38	0	0	FALSE
"U19261_at"	2773	0.249081164742714	2343	3018	0	38	0	3	FALSE
"U19796_at"	1626	-1.37797748642352	1304	2044	0	38	0	0	FALSE
"U19948_at"	1427	1.59755092019027	721	1749	0	38	0	0	FALSE
"U19977_at"	1906	1.07201074268301	1262	2337	0	38	0	0	FALSE
"U20158_at"	3026	0.0202403783192213	2570	3047	0	38	0	18	FALSE
"U20285_at"	1996	-0.983163170418984	1203	2440	0	38	0	0	FALSE
"U20325_at"	2917	-0.113632372246251	2193	3043	0	38	0	5	FALSE
"U20350_at"	2217	-0.750666465639293	1908	2602	0	38	0	0	FALSE
"U20428_at"	878	2.45454413501959	628	1015	0	38	0	0	FALSE
"U20582_at"	2646	-0.364960989254418	2190	2956	0	38	0	2	FALSE
"U20647_at"	1309	1.76927413106373	808	1502	0	38	0	0	FALSE
"U20657_at"	1677	1.33131664468419	1304	2100	0	38	0	0	FALSE
"U20908_at"	1651	-1.3554038931009	1471	2072	0	38	0	0	FALSE
"U20979_at"	1945	-1.01833300674737	1636	2465	0	38	0	0	FALSE
"U20998_at"	71	-5.8667630568086	4	98	1	38	0.0263157894736842	0	FALSE
"U21049_at"	1920	1.05383910324871	1722	2522	0	38	0	0	FALSE
"U21090_at"	697	-2.77300630476775	308	816	0	38	0	0	FALSE
"U21551_at"	2840	-0.168079119975874	2432	3032	0	38	0	5	FALSE
"U21931_at"	2418	0.56032122307813	1556	2959	0	38	0	0	FALSE
"U22055_at"	2935	-0.0943931273090749	2595	3046	0	38	0	10	FALSE
"U22526_at"	1682	-1.32669485162181	1121	1900	0	38	0	0	FALSE
"U22897_at"	717	-2.73638195867756	473	894	0	38	0	0	FALSE
"U22963_at"	2611	0.400510971288568	1785	2952	0	38	0	0	FALSE
"U23143_at"	2284	-0.681846979257939	1622	2818	0	38	0	0	FALSE
"U23803_at"	2787	-0.230175150387632	2332	3039	0	38	0	3	FALSE
"U23946_at"	1025	-2.1814633054209	637	1280	0	38	0	0	FALSE
"U24105_at"	1509	1.50441913456491	750	1793	0	38	0	0	FALSE
"U24152_at"	2575	0.435909820635315	1793	2949	0	38	0	0	FALSE
"U24169_at"	991	-2.22669405024607	618	1156	0	38	0	0	FALSE
"U24266_at"	1659	-1.35079559595291	1128	1941	0	38	0	0	FALSE
"U24576_at"	1724	-1.28026237961214	831	2067	0	38	0	0	FALSE
"U24704_at"	710	-2.7482102966455	505	913	0	38	0	0	FALSE
"U25029_at"	548	-3.16798458956221	193	636	0	38	0	0	FALSE
"U25165_at"	573	-3.10441071389819	386	694	0	38	0	0	FALSE
"U25182_at"	1892	-1.08857176816432	1026	2128	0	38	0	0	FALSE
"U25265_at"	1447	-1.57012690070526	916	1751	0	38	0	0	FALSE
"U25435_at"	212	-4.36936887601343	116	315	0	38	0	0	FALSE
"U25750_at"	2637	-0.37286079813057	2193	2914	0	38	0	1	FALSE
"U25849_at"	798	-2.61313740374678	437	963	0	38	0	0	FALSE
"U25956_at"	2642	0.367729459754529	2213	3037	0	38	0	1	FALSE
"U26648_at"	2247	-0.722987725457523	1906	2816	0	38	0	0	FALSE
"U26710_at"	422	-3.55555927497799	201	523	0	38	0	0	FALSE
"U27831_at"	858	2.491515778634	679	1021	0	38	0	0	FALSE
"U28131_at"	723	2.72715665432399	344	903	0	38	0	0	FALSE
"U28368_at"	1935	-1.03396592239982	1742	2712	0	38	0	0	FALSE
"U28386_at"	2286	-0.680318102955823	1922	2681	0	38	0	0	FALSE
"U28686_at"	2235	-0.730703039635036	1727	2702	0	38	0	0	FALSE
"U28687_at"	2453	0.534908005464508	2092	2980	0	38	0	0	FALSE
"U28811_at"	2093	-0.881958960910854	1730	2467	0	38	0	0	FALSE
"U28831_at"	2963	-0.0730447487320258	2379	3051	0	38	0	9	FALSE
"U29091_at"	978	2.25285141408529	885	1312	0	38	0	0	FALSE
"U29171_at"	576	3.09341414360367	408	739	0	38	0	0	FALSE
"U29195_at"	2525	0.477441444499088	2044	2964	0	38	0	1	FALSE
"U29607_at"	847	-2.5105133469525	567	1120	0	38	0	0	FALSE
"U29615_at"	2588	-0.423333635627227	1783	2885	0	38	0	0	FALSE
"U29680_at"	539	3.19558938856902	350	675	0	38	0	0	FALSE
"U29700_at"	2758	-0.260944544197933	2248	2928	0	38	0	2	FALSE
"U29953_rna1_at"	2025	-0.958073717361935	1623	2285	0	38	0	0	FALSE
"U30255_at"	198	4.43562833313077	158	279	0	38	0	0	FALSE
"U30521_at"	274	-4.07764564240867	173	365	0	38	0	0	FALSE
"U30825_at"	965	-2.2732005497709	830	1217	0	38	0	0	FALSE
"U30872_at"	1233	-1.86981765860193	608	1462	0	38	0	0	FALSE
"U30888_at"	1370	1.67596579883651	1055	1711	0	38	0	0	FALSE
"U30999_at"	1118	2.03598759628015	756	1342	0	38	0	0	FALSE
"U31099_at"	1722	1.28305378588606	1329	2027	0	38	0	0	FALSE
"U31176_at"	2736	0.277397336889743	2009	3045	0	38	0	1	FALSE
"U31382_at"	2955	0.0806797599387819	2500	3048	0	38	0	14	FALSE
"U31383_at"	1585	-1.41962707512022	1068	1797	0	38	0	0	FALSE
"U31384_at"	2226	-0.740037803806867	1571	2721	0	38	0	0	FALSE
"U31501_at"	2168	-0.797137880963219	1780	2806	0	38	0	0	FALSE
"U31814_at"	165	-4.6786799719162	137	248	0	38	0	0	FALSE
"U31875_at"	2744	0.27051216280099	1173	3029	0	38	0	2	FALSE
"U31930_at"	663	-2.86051504942938	458	805	0	38	0	0	FALSE
"U32519_at"	1295	-1.78850139153778	935	1585	0	38	0	0	FALSE
"U32645_at"	1978	0.995322052548163	1758	2538	0	38	0	0	FALSE
"U32680_at"	1508	1.50484596397524	1302	1786	0	38	0	0	FALSE
"U32849_at"	2014	-0.965902669477123	1696	2432	0	38	0	0	FALSE
"U32944_at"	31	-6.61289695136261	10	49	7	38	0.184210526315789	0	FALSE
"U33053_at"	1336	1.72698428310882	959	1591	0	38	0	0	FALSE
"U33147_at"	2628	-0.384928102481364	2151	2989	0	38	0	1	FALSE
"U33286_at"	353	-3.81878512679725	158	428	0	38	0	0	FALSE
"U33429_at"	763	2.67808953810304	598	970	0	38	0	0	FALSE
"U33821_at"	470	3.38704229017343	308	598	0	38	0	0	FALSE
"U33822_at"	481	-3.36325365152412	417	577	0	38	0	0	FALSE
"U34252_at"	783	-2.65085426260482	298	961	0	38	0	0	FALSE
"U34605_at"	1779	-1.21524981395846	1358	2103	0	38	0	0	FALSE
"U34877_at"	1162	1.96183249146446	841	1349	0	38	0	0	FALSE
"U34880_at"	2205	0.764560771419173	1565	2471	0	38	0	0	FALSE
"U34962_at"	1473	1.53984623908126	1131	1825	0	38	0	0	FALSE
"U35048_at"	2591	-0.421507891285335	1789	2963	0	38	0	0	FALSE
"U35113_at"	503	-3.29388633186596	196	584	0	38	0	0	FALSE
"U35451_at"	151	-4.81786473366888	102	200	0	38	0	0	FALSE
"U36221_at"	2477	0.514306611289586	1212	2838	0	38	0	0	FALSE
"U36764_at"	2682	-0.327808619112393	2091	2995	0	38	0	1	FALSE
"U36798_at"	1234	-1.86902469389422	759	1503	0	38	0	0	FALSE
"U36922_at"	192	-4.48764369200837	161	247	0	38	0	0	FALSE
"U37012_at"	1707	-1.29954708513052	1179	2114	0	38	0	0	FALSE
"U37022_rna1_at"	1142	-1.99905185352774	925	1391	0	38	0	0	FALSE
"U37122_at"	1237	-1.86233333351623	963	1502	0	38	0	0	FALSE
"U37219_at"	1276	1.80786629285161	863	1519	0	38	0	0	FALSE
"U37248_at"	2177	0.787326966639615	1770	2501	0	38	0	0	FALSE
"U37251_at"	2635	-0.378420681883764	2272	3007	0	38	0	1	FALSE
"U37352_at"	254	-4.19465841859578	179	323	0	38	0	0	FALSE
"U37408_at"	733	-2.71464623582783	601	942	0	38	0	0	FALSE
"U37518_at"	917	2.38515286129302	788	1162	0	38	0	0	FALSE
"U37519_at"	2149	0.812851350754522	1361	2549	0	38	0	0	FALSE
"U37547_at"	2417	-0.562365033479935	1921	2785	0	38	0	0	FALSE
"U37689_at"	974	-2.2628217027769	740	1277	0	38	0	0	FALSE
"U37707_at"	2203	0.765175637220798	1920	2543	0	38	0	0	FALSE
"U38175_at"	2779	-0.240777644221491	2209	3042	0	38	0	3	FALSE
"U38268_at"	1855	1.12361689835122	1092	2300	0	38	0	0	FALSE
"U38846_at"	85	-5.64931001013641	45	122	0	38	0	0	FALSE
"U38847_at"	1266	-1.82275910692639	689	1566	0	38	0	0	FALSE
"U38980_at"	1846	1.13311322462698	1429	2186	0	38	0	0	FALSE
"U39317_at"	2579	-0.432408128955125	2202	2982	0	38	0	0	FALSE
"U39400_at"	1703	-1.30470930594587	1406	2161	0	38	0	0	FALSE
"U39412_at"	645	2.90267781215238	408	824	0	38	0	0	FALSE
"U39573_at"	1787	1.20544660818312	1419	2297	0	38	0	0	FALSE
"U39905_at"	2550	0.458372456423519	1666	2916	0	38	0	0	FALSE
"U40282_at"	1982	0.993068668013273	1750	2407	0	38	0	0	FALSE
"U40343_at"	1385	-1.65336786904404	869	1700	0	38	0	0	FALSE
"U40369_rna1_at"	194	4.47845558072858	116	277	0	38	0	0	FALSE
"U40391_rna1_at"	1769	1.22722354743758	1244	2064	0	38	0	0	FALSE
"U40434_at"	1337	1.72697701053268	1135	1521	0	38	0	0	FALSE
"U40462_at"	205	-4.39384003086047	81	293	0	38	0	0	FALSE
"U40490_at"	1383	-1.65653218791419	943	1788	0	38	0	0	FALSE
"U40714_at"	583	3.07036405216014	289	713	0	38	0	0	FALSE
"U40990_at"	2464	0.523944593575184	1918	2816	0	38	0	0	FALSE
"U40998_at"	1335	1.72902960127385	957	1616	0	38	0	0	FALSE
"U41344_at"	3028	-0.0172837024804245	2042	3042	0	38	0	17	FALSE
"U41387_at"	2426	0.554999098265489	1860	2820	0	38	0	0	FALSE
"U41515_at"	776	-2.65384840301834	526	932	0	38	0	0	FALSE
"U41635_at"	334	3.86564808062661	118	470	0	38	0	0	FALSE
"U41668_at"	636	-2.92834387629702	343	794	0	38	0	0	FALSE
"U41813_at"	229	4.30260542850899	130	310	0	38	0	0	FALSE
"U42031_at"	1465	-1.54912899734381	983	1753	0	38	0	0	FALSE
"U42408_at"	2356	0.610147040919061	2114	2720	0	38	0	1	FALSE
"U43030_at"	1983	0.993007285204614	1440	2284	0	38	0	0	FALSE
"U43077_at"	1243	1.85195898482066	861	1529	0	38	0	0	FALSE
"U43083_at"	178	4.58822802047563	116	233	0	38	0	0	FALSE
"U43148_at"	2771	-0.249681451732733	2196	3043	0	38	0	1	FALSE
"U43177_at"	2110	0.859236452239394	1733	2603	0	38	0	0	FALSE
"U43286_at"	1474	-1.5392677363538	1163	1821	0	38	0	0	FALSE
"U43519_at"	2850	-0.16287276983714	1803	3041	0	38	0	4	FALSE
"U43522_at"	2381	0.588290736995244	1677	2753	0	38	0	0	FALSE
"U43527_at"	2023	0.95850130374288	1709	2495	0	38	0	0	FALSE
"U43586_at"	1565	1.44206284981968	1220	1953	0	38	0	0	FALSE
"U43899_at"	2382	0.587215173226973	2084	3019	0	38	0	1	FALSE
"U44059_at"	1453	1.56471750050949	1083	1828	0	38	0	0	FALSE
"U44772_at"	326	3.89239803104842	135	448	0	38	0	0	FALSE
"U44839_at"	2756	0.261846776141311	2026	3007	0	38	0	2	FALSE
"U44975_at"	1265	1.82391972447355	1056	1495	0	38	0	0	FALSE
"U45285_at"	1891	1.08913076010735	1510	2237	0	38	0	0	FALSE
"U45955_at"	980	-2.25247357107767	863	1130	0	38	0	0	FALSE
"U45976_at"	389	3.66339789427072	296	509	0	38	0	0	FALSE
"U46194_at"	1102	2.06151625488012	547	1354	0	38	0	0	FALSE
"U46499_at"	43	6.24236237044855	9	85	3	38	0.0789473684210526	0	FALSE
"U46569_at"	2961	-0.0744992906284064	2527	3041	0	38	0	11	FALSE
"U46571_at"	2097	0.874684159953011	1680	2491	0	38	0	0	FALSE
"U46692_rna1_at"	2885	0.134938559946091	2327	3038	0	38	0	6	FALSE
"U46751_at"	128	5.03886535264129	43	203	0	38	0	0	FALSE
"U46901_at"	440	3.49740601299646	105	571	0	38	0	0	FALSE
"U47101_at"	2371	-0.599031072062365	2049	2930	0	38	0	1	FALSE
"U47334_at"	1815	1.16832928776704	1191	2040	0	38	0	0	FALSE
"U47414_at"	1036	-2.16892090916305	771	1255	0	38	0	0	FALSE
"U47621_at"	2884	-0.136957898106247	2173	3047	0	38	0	7	FALSE
"U47634_at"	2129	0.832428720831437	1229	2482	0	38	0	0	FALSE
"U47635_at"	1594	1.40762137627035	1228	1996	0	38	0	0	FALSE
"U47742_at"	920	-2.37182282501235	435	1167	0	38	0	0	FALSE
"U47927_at"	943	-2.31763330599051	715	1170	0	38	0	0	FALSE
"U47931_at"	1355	1.7044197590399	857	1572	0	38	0	0	FALSE
"U48251_at"	586	-3.06330356441928	471	726	0	38	0	0	FALSE
"U48296_at"	1146	1.98650610010697	909	1341	0	38	0	0	FALSE
"U48405_at"	625	2.97103544302605	418	776	0	38	0	0	FALSE
"U48408_at"	2471	-0.520430935185198	2028	3032	0	38	0	0	FALSE
"U48437_at"	2985	-0.0545755010022783	2468	3048	0	38	0	12	FALSE
"U48861_at"	2086	-0.890360719070612	1712	2809	0	38	0	0	FALSE
"U48959_at"	1791	-1.19868601158203	1603	2325	0	38	0	0	FALSE
"U49070_at"	1394	-1.64455110965687	1006	1751	0	38	0	0	FALSE
"U49089_at"	2428	0.554071862747707	2037	2945	0	38	0	0	FALSE
"U49188_at"	1605	-1.39512019795565	1205	1904	0	38	0	0	FALSE
"U49250_at"	601	3.02226147927597	396	758	0	38	0	0	FALSE
"U49278_at"	544	3.17540068128816	156	681	0	38	0	0	FALSE
"U49352_at"	1285	-1.79716441659352	1055	1537	0	38	0	0	FALSE
"U49395_at"	404	-3.61717148772425	206	510	0	38	0	0	FALSE
"U49436_at"	1045	2.15530467729013	667	1250	0	38	0	0	FALSE
"U49785_at"	2480	-0.513704451101517	1961	2983	0	38	0	1	FALSE
"U49837_at"	2892	0.133582043270279	2231	3044	0	38	0	7	FALSE
"U49844_at"	88	-5.59207894640907	20	112	1	38	0.0263157894736842	0	FALSE
"U49857_at"	1807	-1.17499559218901	1492	2175	0	38	0	0	FALSE
"U50078_at"	1872	-1.10171077457793	1284	2168	0	38	0	0	FALSE
"U50136_rna1_at"	16	6.97029391331588	2	34	29	38	0.763157894736842	0	TRUE
"U50315_at"	1141	1.9997426586843	479	1461	0	38	0	0	FALSE
"U50523_at"	1129	2.01971383993344	571	1340	0	38	0	0	FALSE
"U50535_at"	2271	-0.696100219450583	1867	2782	0	38	0	0	FALSE
"U50553_at"	1316	1.76216590079688	940	1587	0	38	0	0	FALSE
"U50733_at"	286	-4.03700029148201	195	379	0	38	0	0	FALSE
"U50743_at"	1794	-1.19607852152723	1496	2103	0	38	0	0	FALSE
"U50928_at"	94	-5.51512843979318	63	112	0	38	0	0	FALSE
"U50939_at"	222	-4.33569253789622	163	309	0	38	0	0	FALSE
"U51004_at"	951	2.29033801604789	592	1256	0	38	0	0	FALSE
"U51127_at"	1250	1.84249870875854	750	1477	0	38	0	0	FALSE
"U51166_at"	233	-4.29312017179877	109	270	0	38	0	0	FALSE
"U51240_at"	2990	-0.0514712407339387	2302	3046	0	38	0	16	FALSE
"U51269_at"	1941	-1.02553002531302	1625	2444	0	38	0	0	FALSE
"U51334_at"	2278	0.686776777673408	1846	2847	0	38	0	0	FALSE
"U51432_at"	2272	-0.695619222030443	1876	2639	0	38	0	0	FALSE
"U51477_at"	2971	0.0681430764579047	2300	3049	0	38	0	10	FALSE
"U51478_at"	2254	-0.716173066364889	1336	2650	0	38	0	0	FALSE
"U51586_at"	1219	-1.8788084376171	924	1428	0	38	0	0	FALSE
"U51587_at"	1907	-1.07185781385866	1199	2217	0	38	0	0	FALSE
"U51678_at"	319	-3.92073082717896	66	440	0	38	0	0	FALSE
"U51903_at"	1259	-1.8333847904088	920	1505	0	38	0	0	FALSE
"U51990_at"	464	-3.40016010374165	171	584	0	38	0	0	FALSE
"U52101_at"	659	2.88261674784523	480	768	0	38	0	0	FALSE
"U52112_rna5_at"	1673	1.3357610813202	1092	2011	0	38	0	0	FALSE
"U52426_at"	2564	-0.442435122444042	2132	2923	0	38	0	1	FALSE
"U52427_rna1_at"	442	-3.49318839525476	314	543	0	38	0	0	FALSE
"U52513_at"	1663	1.34857075663066	1341	2018	0	38	0	0	FALSE
"U52518_at"	2468	0.521519007413939	1652	2553	0	38	0	1	FALSE
"U52522_at"	2658	-0.35616889208931	2093	3001	0	38	0	1	FALSE
"U52682_at"	562	-3.12712933215441	504	657	0	38	0	0	FALSE
"U52830_at"	2341	-0.62863501980763	1914	2989	0	38	0	0	FALSE
"U53003_at"	266	-4.10319132506056	192	323	0	38	0	0	FALSE
"U53209_at"	898	-2.4298427101901	643	1081	0	38	0	0	FALSE
"U53786_at"	2622	0.388280531103245	2173	2970	0	38	0	1	FALSE
"U53830_at"	2704	0.30756662227943	2427	2888	0	38	0	2	FALSE
"U54778_at"	554	-3.14758170072892	275	719	0	38	0	0	FALSE
"U55258_at"	2594	0.415241058329473	2330	2963	0	38	0	2	FALSE
"U56244_at"	2491	-0.507911118933372	1789	2810	0	38	0	0	FALSE
"U56417_at"	1430	1.5950368963546	797	1755	0	38	0	0	FALSE
"U56418_at"	768	2.66938143537495	301	933	0	38	0	0	FALSE
"U56637_at"	261	-4.13736448220168	152	364	0	38	0	0	FALSE
"U56816_at"	2581	0.429871651034148	1691	3039	0	38	0	0	FALSE
"U56833_at"	343	-3.84858412603821	197	437	0	38	0	0	FALSE
"U56998_at"	2153	0.808181597671445	1831	2680	0	38	0	0	FALSE
"U57094_at"	352	3.82563312715388	175	436	0	38	0	0	FALSE
"U57316_at"	2988	-0.0522260582225853	2454	3051	0	38	0	13	FALSE
"U57342_at"	871	2.46512291610576	322	1055	0	38	0	0	FALSE
"U57450_at"	2916	0.114003356097475	2330	3049	0	38	0	9	FALSE
"U57592_at"	529	3.22070149196295	210	646	0	38	0	0	FALSE
"U57650_at"	2724	0.28830063061058	2360	3044	0	38	0	2	FALSE
"U57911_at"	1637	-1.36823450431778	1389	2040	0	38	0	0	FALSE
"U58048_at"	1818	1.16275442846005	931	2172	0	38	0	0	FALSE
"U58087_at"	752	-2.68814739782675	558	983	0	38	0	0	FALSE
"U58089_at"	2084	-0.894803459276405	1576	2409	0	38	0	0	FALSE
"U58130_at"	2496	0.502079813530681	2072	2968	0	38	0	0	FALSE
"U58681_at"	952	2.28927456884577	750	1139	0	38	0	0	FALSE
"U58766_at"	1357	-1.6950680076189	1027	1653	0	38	0	0	FALSE
"U58970_at"	1783	1.20999171281435	1133	2038	0	38	0	0	FALSE
"U59302_at"	1949	-1.01740324706239	1655	2585	0	38	0	0	FALSE
"U59309_at"	919	-2.37825689949199	712	1112	0	38	0	0	FALSE
"U59321_at"	2175	-0.789367836711507	1269	2409	0	38	0	0	FALSE
"U59423_at"	1457	-1.55832111614119	1100	1815	0	38	0	0	FALSE
"U59736_at"	2056	0.927499579713284	1234	2411	0	38	0	0	FALSE
"U59878_at"	1117	2.03714216608897	692	1342	0	38	0	0	FALSE
"U60115_at"	453	-3.4437874863543	183	590	0	38	0	0	FALSE
"U60269_cds3_at"	755	2.68618372607001	507	896	0	38	0	0	FALSE
"U60325_at"	1103	-2.06104648726741	862	1285	0	38	0	0	FALSE
"U60644_at"	497	3.30049282514202	294	673	0	38	0	0	FALSE
"U60800_at"	2546	-0.460487638690341	1521	3013	0	38	0	1	FALSE
"U60975_at"	2019	0.962148225448492	1509	2536	0	38	0	0	FALSE
"U61145_at"	792	-2.62852172639237	511	968	0	38	0	0	FALSE
"U61166_at"	839	2.52934704520676	587	990	0	38	0	0	FALSE
"U61234_at"	3005	-0.0366997287208578	2445	3044	0	38	0	18	FALSE
"U61263_at"	2520	0.481367250638409	2059	2952	0	38	0	0	FALSE
"U61836_at"	383	3.68701024434444	234	517	0	38	0	0	FALSE
"U62136_at"	29	-6.67509959743064	7	43	3	38	0.0789473684210526	0	FALSE
"U62317_rna7_at"	1988	-0.987261590319995	1373	2300	0	38	0	0	FALSE
"U62433_at"	1275	1.80881726183145	866	1515	0	38	0	0	FALSE
"U62962_at"	1969	-0.999935936607596	1617	2414	0	38	0	0	FALSE
"U63455_at"	1543	1.45592069087143	682	1794	0	38	0	0	FALSE
"U63541_at"	1641	1.36509602674558	753	2035	0	38	0	0	FALSE
"U63743_at"	2316	-0.655066113860236	1898	2724	0	38	0	0	FALSE
"U63825_at"	891	-2.43719496971803	630	1094	0	38	0	0	FALSE
"U63842_at"	2536	-0.467193954723876	2065	2737	0	38	0	1	FALSE
"U64105_at"	2816	-0.194370129801405	2331	3015	0	38	0	4	FALSE
"U64675_at"	2392	-0.578844120400783	1329	2739	0	38	0	0	FALSE
"U64998_at"	1648	1.35861428160157	1459	2131	0	38	0	0	FALSE
"U65093_at"	789	2.63680203496632	446	1007	0	38	0	0	FALSE
"U65402_at"	2823	-0.189201208298665	1915	2972	0	38	0	1	FALSE
"U65579_at"	1694	-1.31256147657816	1121	1921	0	38	0	0	FALSE
"U65581_at"	1290	1.79231508734543	1048	1578	0	38	0	0	FALSE
"U65676_at"	2126	-0.838874515579701	1871	3017	0	38	0	1	FALSE
"U65785_at"	2942	0.0885546492378014	2173	3046	0	38	0	8	FALSE
"U65928_at"	96	-5.46166103705333	60	128	0	38	0	0	FALSE
"U65932_at"	738	-2.70836153005815	569	884	0	38	0	0	FALSE
"U66048_at"	2875	-0.143150193010315	2267	3046	0	38	0	4	FALSE
"U66059_cds7_at"	2742	-0.272538950364862	2324	3047	0	38	0	2	FALSE
"U66406_at"	2490	-0.508362482503809	2039	3024	0	38	0	0	FALSE
"U66464_at"	542	-3.18784817194609	350	681	0	38	0	0	FALSE
"U66468_at"	1932	1.03660941786388	1628	2384	0	38	0	0	FALSE
"U66559_at"	2169	-0.796241885385266	1683	2533	0	38	0	0	FALSE
"U66615_at"	2910	0.11996577733151	2204	3050	0	38	0	10	FALSE
"U66616_at"	2390	-0.581065541359105	1872	2976	0	38	0	0	FALSE
"U66618_at"	3021	-0.0229219424728196	2425	3050	0	38	0	22	FALSE
"U66838_at"	612	3.00654504457002	412	735	0	38	0	0	FALSE
"U67171_at"	1291	-1.79199968213791	1064	1608	0	38	0	0	FALSE
"U67674_at"	2713	-0.296420227419273	2212	2986	0	38	0	1	FALSE
"U67963_at"	35	6.4162178354415	7	57	3	38	0.0789473684210526	0	FALSE
"U68018_at"	1087	-2.08367077890193	768	1317	0	38	0	0	FALSE
"U68019_at"	1574	1.43507599703543	1370	1981	0	38	0	0	FALSE
"U68063_at"	215	-4.35771097562562	131	332	0	38	0	0	FALSE
"U68142_at"	2207	-0.761182607110895	1262	2642	0	38	0	0	FALSE
"U68233_at"	1534	-1.46544172231458	926	1903	0	38	0	0	FALSE
"U68485_at"	1084	-2.08603265955454	836	1331	0	38	0	0	FALSE
"U68494_at"	795	2.6146216853254	326	1037	0	38	0	0	FALSE
"U68566_at"	594	-3.0356337367639	434	717	0	38	0	0	FALSE
"U68723_at"	1166	-1.95782724457229	749	1424	0	38	0	0	FALSE
"U69141_at"	1252	-1.84107325918658	715	1513	0	38	0	0	FALSE
"U69546_at"	2995	0.0478013001252105	2225	3047	0	38	0	13	FALSE
"U69645_at"	1727	-1.27832165526851	1405	2278	0	38	0	0	FALSE
"U70063_at"	474	3.37881146403712	314	643	0	38	0	0	FALSE
"U70321_at"	1866	1.11234786383153	1322	2277	0	38	0	0	FALSE
"U70322_at"	784	-2.64878985816131	609	969	0	38	0	0	FALSE
"U70323_at"	2652	-0.361880076778534	2132	3040	0	38	0	0	FALSE
"U70426_at"	1768	-1.22897977763155	1437	2287	0	38	0	0	FALSE
"U70451_at"	2362	-0.60793897965058	1972	2529	0	38	0	1	FALSE
"U70660_at"	2918	0.110706121167013	2157	3044	0	38	0	7	FALSE
"U70663_at"	812	2.58494358568845	650	1024	0	38	0	0	FALSE
"U70671_at"	2911	-0.11874665898572	1973	3040	0	38	0	3	FALSE
"U70732_rna1_at"	2412	0.566238688167142	2098	2779	0	38	0	1	FALSE
"U70735_at"	1261	-1.83259137118487	609	1416	0	38	0	0	FALSE
"U70867_at"	739	2.70821829942513	515	933	0	38	0	0	FALSE
"U71088_at"	2799	0.211145707114871	2272	3033	0	38	0	4	FALSE
"U71364_at"	2415	0.563359050470839	1979	2907	0	38	0	1	FALSE
"U71598_at"	1472	1.54091164889715	968	1774	0	38	0	0	FALSE
"U72206_at"	2834	-0.17786812878384	2371	3049	0	38	0	3	FALSE
"U72342_at"	78	-5.77197672147374	27	104	0	38	0	0	FALSE
"U72507_at"	1006	-2.20297548888349	878	1191	0	38	0	0	FALSE
"U72508_at"	2562	-0.445382700409127	1888	2708	0	38	0	1	FALSE
"U72511_at"	3041	0.0118706978348035	2356	3048	0	38	0	17	FALSE
"U72515_at"	1404	1.63084140768994	1029	1758	0	38	0	0	FALSE
"U72517_at"	2671	-0.341126220987228	2358	2949	0	38	0	1	FALSE
"U72621_at"	1617	1.38624539708588	1314	2037	0	38	0	0	FALSE
"U72661_at"	813	2.58229043493428	680	1016	0	38	0	0	FALSE
"U72761_at"	2842	0.166594886476393	2388	3044	0	38	0	5	FALSE
"U73167_cds5_at"	614	-3.00175185439008	234	735	0	38	0	0	FALSE
"U73328_at"	647	2.89867137287924	528	769	0	38	0	0	FALSE
"U73377_at"	1089	2.07982045079515	644	1363	0	38	0	0	FALSE
"U73379_at"	2598	-0.41161521728252	1928	3020	0	38	0	0	FALSE
"U73737_at"	45	-6.2025093872774	32	63	0	38	0	0	FALSE
"U73799_at"	2882	-0.139059080970834	2004	3026	0	38	0	3	FALSE
"U73824_at"	2804	0.204007587749992	2375	3025	0	38	0	5	FALSE
"U73960_at"	245	4.22538216471052	190	357	0	38	0	0	FALSE
"U74667_at"	2501	0.5003166162232	2019	2846	0	38	0	0	FALSE
"U75362_at"	1992	-0.98509454321914	1714	2535	0	38	0	0	FALSE
"U75370_at"	707	-2.75200596547809	472	848	0	38	0	0	FALSE
"U75679_at"	1114	-2.03981274140198	801	1353	0	38	0	0	FALSE
"U75968_at"	1652	-1.35518434241413	1253	1971	0	38	0	0	FALSE
"U76010_at"	2422	-0.556772668137808	2124	2668	0	38	0	1	FALSE
"U76272_at"	1153	-1.97577518099778	732	1366	0	38	0	0	FALSE
"U76421_at"	1667	-1.34489715227028	1520	2039	0	38	0	0	FALSE
"U76638_at"	279	-4.05991329324715	174	343	0	38	0	0	FALSE
"U77396_at"	169	4.65528899181407	65	237	0	38	0	0	FALSE
"U77413_at"	2889	0.134148190942549	2481	3033	0	38	0	3	FALSE
"U77456_at"	925	-2.36586871394284	414	1125	0	38	0	0	FALSE
"U77718_at"	2178	-0.78693054057916	1859	2653	0	38	0	0	FALSE
"U77735_at"	2463	0.523948364805495	2140	2985	0	38	0	1	FALSE
"U77948_at"	276	-4.07157853521877	189	359	0	38	0	0	FALSE
"U77968_at"	1864	1.11380419923576	1578	2277	0	38	0	0	FALSE
"U78027_rna4_at"	2369	-0.60003424759662	2089	2817	0	38	0	0	FALSE
"U78095_at"	1257	-1.83593925234437	904	1582	0	38	0	0	FALSE
"U78190_rna1_at"	473	-3.38013239310729	389	570	0	38	0	0	FALSE
"U78521_at"	706	-2.75234889924197	612	898	0	38	0	0	FALSE
"U78524_at"	2244	-0.724052723515569	1622	2567	0	38	0	0	FALSE
"U78525_at"	2224	0.741640322590535	1103	2580	0	38	0	0	FALSE
"U78556_at"	1819	1.16044874769199	1523	2224	0	38	0	0	FALSE
"U78575_at"	1959	1.0092940165479	1730	2378	0	38	0	0	FALSE
"U78798_at"	1255	1.8401112848967	917	1498	0	38	0	0	FALSE
"U79251_at"	2170	0.795858654543837	1877	2753	0	38	0	0	FALSE
"U79252_at"	2998	0.0414981843257761	1597	3048	0	38	0	12	FALSE
"U79254_at"	376	-3.71926134111385	138	468	0	38	0	0	FALSE
"U79255_at"	2702	0.308293314848964	2453	3002	0	38	0	2	FALSE
"U79259_at"	1015	-2.19493726430407	656	1249	0	38	0	0	FALSE
"U79260_at"	2517	-0.4850015553527	1880	2890	0	38	0	1	FALSE
"U79262_at"	931	-2.3472040508852	646	1185	0	38	0	0	FALSE
"U79265_at"	533	3.20626388377841	415	640	0	38	0	0	FALSE
"U79266_at"	3019	0.0232213657733122	2271	3051	0	38	0	15	FALSE
"U79270_at"	621	-2.97822639536372	322	700	0	38	0	0	FALSE
"U79273_at"	2395	0.577091049081494	1939	2861	0	38	0	0	FALSE
"U79274_at"	101	-5.39796419225617	70	137	0	38	0	0	FALSE
"U79275_at"	1083	2.08702596665951	482	1295	0	38	0	0	FALSE
"U79285_at"	57	-6.05190577492891	35	76	0	38	0	0	FALSE
"U79287_at"	1008	-2.20078401550403	785	1175	0	38	0	0	FALSE
"U79291_at"	106	-5.35587089861979	41	131	0	38	0	0	FALSE
"U79303_at"	3036	0.0136723238960405	2411	3050	0	38	0	16	FALSE
"U79718_at"	1420	-1.61181369118289	1111	1714	0	38	0	0	FALSE
"U79725_at"	2743	-0.270635339242227	2339	3045	0	38	0	2	FALSE
"U80017_rna3_at"	2615	0.395348818697083	2147	2940	0	38	0	0	FALSE
"U80073_at"	340	3.85060877974716	188	418	0	38	0	0	FALSE
"U80457_at"	323	-3.90540823930789	148	388	0	38	0	0	FALSE
"U81001_at"	478	-3.36690065142235	336	625	0	38	0	0	FALSE
"U81006_at"	2514	-0.487203397400037	2181	2998	0	38	0	0	FALSE
"U81375_at"	1441	1.58410464573288	1247	1808	0	38	0	0	FALSE
"U81554_at"	140	4.91685964017331	91	179	0	38	0	0	FALSE
"U81556_at"	141	-4.90752968502101	103	196	0	38	0	0	FALSE
"U81599_at"	1289	1.79290669475231	1051	1514	0	38	0	0	FALSE
"U81600_at"	1665	1.34736976810675	1389	1926	0	38	0	0	FALSE
"U81607_at"	1419	-1.61224802072146	439	1655	0	38	0	0	FALSE
"U81802_at"	3035	-0.0139904369692074	2541	3049	0	38	0	19	FALSE
"U82010_rna1_at"	1002	-2.20716959017475	609	1284	0	38	0	0	FALSE
"U82169_at"	1197	1.91306571042263	615	1472	0	38	0	0	FALSE
"U82275_at"	1399	-1.63465101230669	865	1616	0	38	0	0	FALSE
"U82303_at"	1372	-1.67189870635393	805	1656	0	38	0	0	FALSE
"U82311_at"	2258	0.7092320212066	1417	2644	0	38	0	0	FALSE
"U82613_at"	937	-2.33483982464555	386	1081	0	38	0	0	FALSE
"U82671_cds2_at"	2717	0.292970621359605	2339	2988	0	38	0	2	FALSE
"U82759_at"	22	6.82302196005656	5	38	10	38	0.263157894736842	0	FALSE
"U83115_at"	2057	-0.925569686536306	1372	2324	0	38	0	0	FALSE
"U83192_at"	1747	1.2565691004577	945	2009	0	38	0	0	FALSE
"U83246_at"	1227	-1.87525139952946	847	1488	0	38	0	0	FALSE
"U83303_cds2_at"	2298	-0.668176507933904	1548	2665	0	38	0	0	FALSE
"U83463_at"	1095	2.06906184132092	801	1358	0	38	0	0	FALSE
"U83843_at"	331	-3.8703935671054	141	410	0	38	0	0	FALSE
"U84569_at"	1327	1.74150928632843	593	1670	0	38	0	0	FALSE
"U84720_at"	2451	-0.536865587608935	1759	2747	0	38	0	0	FALSE
"U85245_at"	2703	0.308039230344713	2069	3043	0	38	0	3	FALSE
"U85611_at"	1986	0.987992863027224	1537	2282	0	38	0	0	FALSE
"U85767_at"	170	4.65251344333686	95	283	0	38	0	0	FALSE
"U85992_at"	2105	0.861579288776225	1174	2440	0	38	0	0	FALSE
"U86409_at"	2786	-0.230306489731979	2244	3044	0	38	0	2	FALSE
"U86602_at"	870	-2.46606666336355	656	1054	0	38	0	0	FALSE
"U87408_at"	2411	-0.56734868633486	2028	2929	0	38	0	1	FALSE
"U87972_at"	1867	-1.11232013825907	1009	2135	0	38	0	0	FALSE
"U88047_at"	585	3.06943124941145	425	726	0	38	0	0	FALSE
"U88667_at"	1209	1.8913959708284	922	1499	0	38	0	0	FALSE
"U88964_at"	811	-2.58695945830391	404	988	0	38	0	0	FALSE
"U89278_at"	2794	0.22341791272128	2321	3036	0	38	0	3	FALSE
"U89336_cds1_at"	2257	-0.712134553769904	1826	2670	0	38	0	0	FALSE
"U89336_cds3_at"	2407	-0.570934542947524	2093	2861	0	38	0	1	FALSE
"U89336_cds4_at"	1814	-1.16845996219609	1475	2295	0	38	0	0	FALSE
"U89336_cds6_at"	2503	0.497662244237333	2119	2843	0	38	0	1	FALSE
"U89355_at"	1196	-1.91354382750614	826	1398	0	38	0	0	FALSE
"U89505_at"	420	-3.56432370279333	231	508	0	38	0	0	FALSE
"U89896_at"	1796	-1.19137267335538	1507	2311	0	38	0	0	FALSE
"U90306_at"	2240	0.72618938733391	1468	2625	0	38	0	0	FALSE
"U90426_at"	2625	0.385709112617608	2124	3018	0	38	0	0	FALSE
"U90547_at"	1645	-1.36258322558208	1249	1908	0	38	0	0	FALSE
"U90549_at"	349	-3.83040532628597	158	446	0	38	0	0	FALSE
"U90550_at"	2846	0.164969431996944	2323	3044	0	38	0	5	FALSE
"U90551_at"	1135	-2.01035051827333	716	1324	0	38	0	0	FALSE
"U90651_at"	599	-3.02459604225951	447	746	0	38	0	0	FALSE
"U90878_at"	2188	-0.778192856264892	1685	2481	0	38	0	0	FALSE
"U90904_at"	564	-3.12296040705086	442	725	0	38	0	0	FALSE
"U90907_at"	979	-2.25273069555852	699	1193	0	38	0	0	FALSE
"U90909_at"	2836	0.177048154828725	2372	3041	0	38	0	3	FALSE
"U90911_at"	2123	-0.842288342451472	1741	2555	0	38	0	0	FALSE
"U90916_at"	2194	-0.77269403552867	1448	2491	0	38	0	0	FALSE
"U90918_at"	832	2.5430143662027	656	1051	0	38	0	0	FALSE
"U91316_at"	637	-2.92757563202716	456	741	0	38	0	0	FALSE
"U91327_at"	1964	-1.00511800006853	1628	2424	0	38	0	0	FALSE
"U91930_at"	1329	-1.73963546600343	1104	1605	0	38	0	0	FALSE
"U91931_at"	2551	0.455621115143682	1674	2919	0	38	0	0	FALSE
"U91932_at"	2386	-0.584135604678813	1927	2903	0	38	0	0	FALSE
"U91985_at"	928	-2.35460286374185	493	1079	0	38	0	0	FALSE
"U92014_at"	2899	0.12741405041847	2273	3049	0	38	0	7	FALSE
"U92436_at"	1697	-1.30975405543457	1127	1948	0	38	0	0	FALSE
"U92971_at"	2197	0.771053480951645	1584	2534	0	38	0	0	FALSE
"U93049_at"	1597	-1.40515684583738	975	1880	0	38	0	0	FALSE
"U93205_at"	1428	1.59677685416071	937	1783	0	38	0	0	FALSE
"U93237_rna2_at"	609	-3.01178183725885	433	697	0	38	0	0	FALSE
"U94319_at"	652	-2.89270068595755	366	777	0	38	0	0	FALSE
"U94586_at"	2748	-0.268946500483626	2109	3026	0	38	0	4	FALSE
"U94592_at"	2812	0.196843539136884	2358	3035	0	38	0	6	FALSE
"U94831_at"	2964	-0.0721288111631335	2514	3048	0	38	0	13	FALSE
"U94855_at"	339	-3.85192877055886	122	453	0	38	0	0	FALSE
"U95006_at"	1755	-1.25129665147059	1066	2143	0	38	0	0	FALSE
"U95040_at"	1569	-1.43945845536029	1050	1867	0	38	0	0	FALSE
"U95740_rna1_at"	1195	-1.91725857096546	613	1422	0	38	0	0	FALSE
"U95740_rna2_at"	2255	-0.715169030789419	2028	2813	0	38	0	1	FALSE
"U96094_at"	1043	2.15966070904714	633	1239	0	38	0	0	FALSE
"U96113_at"	2201	-0.767708284139046	1740	2618	0	38	0	0	FALSE
"U96629_rna2_at"	2359	-0.609179274294404	1973	2990	0	38	0	1	FALSE
"U96915_at"	1829	-1.14927657770538	1450	2176	0	38	0	0	FALSE
"U97105_at"	131	-4.99257836994046	25	194	0	38	0	0	FALSE
"V00563_at"	1115	-2.03928720695814	691	1342	0	38	0	0	FALSE
"V00572_at"	2306	-0.666047806469356	1888	2736	0	38	0	0	FALSE
"V01512_rna1_at"	2952	-0.0835360441850002	2472	3050	0	38	0	9	FALSE
"X00274_at"	2529	0.475585318626461	1460	2865	0	38	0	0	FALSE
"X01060_at"	482	3.36234205556795	327	627	0	38	0	0	FALSE
"X01388_at"	3042	0.0105151364219691	2328	3051	0	38	0	18	FALSE
"X01630_at"	1683	-1.3255893145654	1076	1969	0	38	0	0	FALSE
"X01715_at"	1341	1.72265608226712	716	1547	0	38	0	0	FALSE
"X02152_at"	1690	-1.31583802200641	1366	2039	0	38	0	0	FALSE
"X02317_at"	550	-3.15965415542993	382	657	0	38	0	0	FALSE
"X02530_at"	2497	0.501741956028489	1879	2559	0	38	0	1	FALSE
"X02596_at"	1424	-1.60849914405215	1025	1790	0	38	0	0	FALSE
"X02874_at"	725	-2.72025309699368	570	871	0	38	0	0	FALSE
"X02910_at"	2691	-0.317823811937237	1055	3027	0	38	0	1	FALSE
"X03072_at"	2723	0.288505018673472	1908	3045	0	38	0	0	FALSE
"X03100_cds2_at"	2672	0.339126442333112	1904	3048	0	38	0	0	FALSE
"X03473_at"	2993	0.0509196730655935	2213	3047	0	38	0	13	FALSE
"X03484_at"	1911	1.06507690851334	1498	2347	0	38	0	0	FALSE
"X03656_rna1_at"	2864	0.152178184831042	2444	3050	0	38	0	7	FALSE
"X03934_at"	347	-3.83402170418382	265	421	0	38	0	0	FALSE
"X04011_at"	2413	-0.565601536424022	1911	2730	0	38	0	0	FALSE
"X04085_rna1_at"	48	6.09642690419014	26	82	0	38	0	0	FALSE
"X04106_at"	1350	1.70817308309284	836	1669	0	38	0	0	FALSE
"X04145_at"	629	-2.95937662606437	546	742	0	38	0	0	FALSE
"X04201_at"	2420	-0.557784650308013	1875	2742	0	38	0	0	FALSE
"X04327_at"	1842	1.13936296656987	1457	2265	0	38	0	0	FALSE
"X04366_at"	1950	-1.01678046258674	1619	2434	0	38	0	0	FALSE
"X04391_at"	2433	0.549275571111896	1919	2893	0	38	0	0	FALSE
"X04412_at"	2285	0.680637111520787	1831	2638	0	38	0	0	FALSE
"X04500_at"	1518	1.49798799338208	1308	1858	0	38	0	0	FALSE
"X04828_at"	1692	1.31451852867789	729	2008	0	38	0	0	FALSE
"X05196_at"	2186	-0.779429755598392	1633	2689	0	38	0	0	FALSE
"X05276_at"	1552	-1.450704991478	1214	1913	0	38	0	0	FALSE
"X05323_at"	267	-4.10200344893888	114	366	0	38	0	0	FALSE
"X05409_at"	949	2.29409120092901	843	1231	0	38	0	0	FALSE
"X05908_at"	366	3.7637347852632	108	473	0	38	0	0	FALSE
"X06256_at"	2189	0.77677744812476	2021	2359	0	38	0	1	FALSE
"X06323_at"	802	-2.59833876102806	651	1011	0	38	0	0	FALSE
"X06482_at"	1397	1.64162498505463	1261	1856	0	38	0	0	FALSE
"X06614_at"	665	2.859688297209	404	897	0	38	0	0	FALSE
"X06745_at"	324	-3.90069935485183	212	381	0	38	0	0	FALSE
"X06985_at"	135	4.95299327572206	71	184	0	38	0	0	FALSE
"X07109_at"	1409	-1.62311749366046	1117	1753	0	38	0	0	FALSE
"X07290_at"	1826	1.15325356640399	1334	2188	0	38	0	0	FALSE
"X07315_at"	1080	-2.08987806498862	871	1218	0	38	0	0	FALSE
"X07743_at"	27	6.7422299860193	11	42	7	38	0.184210526315789	0	FALSE
"X07767_at"	1816	-1.1665891289	870	2073	0	38	0	0	FALSE
"X07834_at"	600	3.02393718441218	495	760	0	38	0	0	FALSE
"X07979_at"	2103	-0.866874613363143	1706	2829	0	38	0	0	FALSE
"X12433_at"	1323	1.74974803273088	989	1587	0	38	0	0	FALSE
"X12447_at"	994	2.22110541099979	558	1228	0	38	0	0	FALSE
"X12451_at"	388	3.66453003507139	208	490	0	38	0	0	FALSE
"X12492_at"	743	2.70169097789888	599	869	0	38	0	0	FALSE
"X12791_at"	1074	-2.09514018599689	882	1285	0	38	0	0	FALSE
"X13238_at"	517	-3.25902350178257	149	624	0	38	0	0	FALSE
"X13293_at"	2841	0.166797923842649	2458	3032	0	38	0	3	FALSE
"X13334_at"	1960	1.00893503417363	1836	2899	0	38	0	0	FALSE
"X13444_at"	2214	0.754887379596733	1580	2586	0	38	0	0	FALSE
"X13482_at"	1190	-1.92388680386824	869	1381	0	38	0	0	FALSE
"X13546_rna1_at"	1861	-1.1169561885816	1451	2282	0	38	0	0	FALSE
"X13794_rna1_at"	966	-2.2697526895781	630	1206	0	38	0	0	FALSE
"X13839_at"	1527	1.47811160021674	1336	1987	0	38	0	0	FALSE
"X13956_at"	553	-3.14873837839938	339	657	0	38	0	0	FALSE
"X13967_at"	2981	0.0618080075456045	2086	3049	0	38	0	9	FALSE
"X13973_at"	358	3.79831081924165	78	484	0	38	0	0	FALSE
"X14046_at"	315	3.93391271205343	205	381	0	38	0	0	FALSE
"X14329_at"	2710	0.301714866288657	886	3049	0	38	0	0	FALSE
"X14448_at"	1211	1.89049579917504	973	1438	0	38	0	0	FALSE
"X14675_at"	2332	-0.640614551489202	1902	2936	0	38	0	1	FALSE
"X14787_at"	999	2.21053699175649	936	1203	0	38	0	0	FALSE
"X14789_at"	1173	1.94437218464419	850	1397	0	38	0	0	FALSE
"X14813_at"	1738	-1.26422100402271	1194	1980	0	38	0	0	FALSE
"X14850_at"	351	-3.82598222702093	274	460	0	38	0	0	FALSE
"X14975_at"	774	-2.65748871214518	623	911	0	38	0	0	FALSE
"X15183_at"	363	-3.77723466957693	175	445	0	38	0	0	FALSE
"X15187_at"	1492	1.51939202610248	978	1841	0	38	0	0	FALSE
"X15357_at"	579	-3.0785074378878	407	738	0	38	0	0	FALSE
"X15393_rna1_at"	856	2.49400147362197	605	1025	0	38	0	0	FALSE
"X15414_at"	114	-5.24041995751103	70	155	0	38	0	0	FALSE
"X15573_at"	939	-2.32735122532172	845	1101	0	38	0	0	FALSE
"X15822_at"	1253	-1.84059883854143	447	1450	0	38	0	0	FALSE
"X15875_at"	2903	0.123373372040074	2368	3051	0	38	0	8	FALSE
"X15880_at"	1830	-1.14838990878742	1386	2100	0	38	0	0	FALSE
"X15882_at"	1053	2.13827576403222	675	1295	0	38	0	0	FALSE
"X15949_at"	30	-6.61414883993492	14	41	4	38	0.105263157894737	0	FALSE
"X16316_at"	1269	-1.81928297285923	907	1578	0	38	0	0	FALSE
"X16396_at"	2113	-0.857786368385944	1568	2410	0	38	0	0	FALSE
"X16416_at"	2894	0.13155501121218	2393	3035	0	38	0	8	FALSE
"X16560_at"	862	-2.4823984087624	492	1016	0	38	0	0	FALSE
"X16663_at"	2485	0.510927003789117	1544	2864	0	38	0	0	FALSE
"X16665_at"	435	3.5199743144843	213	575	0	38	0	0	FALSE
"X16667_at"	439	3.49960881184562	341	567	0	38	0	0	FALSE
"X16706_at"	687	2.80487586443737	543	947	0	38	0	0	FALSE
"X16832_at"	758	2.68316043924651	534	934	0	38	0	0	FALSE
"X16983_at"	769	-2.66684357761047	440	899	0	38	0	0	FALSE
"X17025_at"	853	-2.4982681862206	701	977	0	38	0	0	FALSE
"X17042_at"	69	5.88829128880565	10	93	1	38	0.0263157894736842	0	FALSE
"X17094_at"	377	3.71547498137436	225	522	0	38	0	0	FALSE
"X17254_at"	1278	1.80381083473844	484	1564	0	38	0	0	FALSE
"X17620_at"	1282	-1.80090723247102	1121	1516	0	38	0	0	FALSE
"X17651_at"	1729	1.27685875452082	1365	2110	0	38	0	0	FALSE
"X51521_at"	15	-7.06408474774184	6	29	32	38	0.842105263157895	0	TRUE
"X51757_at"	2037	-0.947151867077035	1831	2907	0	38	0	0	FALSE
"X51956_rna1_at"	1548	-1.4520522535881	961	1824	0	38	0	0	FALSE
"X52056_at"	292	4.02399442403747	147	419	0	38	0	0	FALSE
"X52151_at"	929	2.34979063877826	682	1171	0	38	0	0	FALSE
"X52192_at"	235	4.27543469287871	157	280	0	38	0	0	FALSE
"X52425_at"	2759	-0.260182666823842	2344	2979	0	38	0	1	FALSE
"X52479_at"	1431	1.5935484212039	1195	1708	0	38	0	0	FALSE
"X52541_at"	1995	0.98417317198677	1608	2434	0	38	0	0	FALSE
"X52638_at"	2051	0.930742028054774	1800	2613	0	38	0	0	FALSE
"X52773_at"	2502	0.499604396509418	2243	3044	0	38	0	1	FALSE
"X52882_at"	1215	-1.88231733146869	647	1416	0	38	0	0	FALSE
"X52943_at"	1320	1.75376669109992	805	1642	0	38	0	0	FALSE
"X52947_at"	2940	0.0912084395346683	2026	3032	0	38	0	3	FALSE
"X53331_at"	749	2.69146097790946	582	904	0	38	0	0	FALSE
"X53416_at"	516	3.25953557847027	289	618	0	38	0	0	FALSE
"X53586_rna1_at"	1031	-2.17263087186929	680	1202	0	38	0	0	FALSE
"X53793_at"	572	-3.10640963846204	404	701	0	38	0	0	FALSE
"X53795_at"	2518	0.484578260965322	1987	3001	0	38	0	0	FALSE
"X53961_at"	1993	0.984916977689677	1870	2953	0	38	0	0	FALSE
"X54232_at"	3043	-0.00916598128010928	2325	3046	0	38	0	16	FALSE
"X54304_at"	995	-2.22016366209195	715	1148	0	38	0	0	FALSE
"X54326_at"	154	-4.7933864677337	124	228	0	38	0	0	FALSE
"X54870_at"	582	-3.07104399559745	452	670	0	38	0	0	FALSE
"X54938_at"	2389	0.581262541291317	1439	2808	0	38	0	0	FALSE
"X54941_at"	1154	-1.9714184074769	961	1435	0	38	0	0	FALSE
"X54942_at"	1021	-2.18460812464711	714	1267	0	38	0	0	FALSE
"X55079_rna1_at"	1179	1.93801618465749	580	1488	0	38	0	0	FALSE
"X55666_at"	1523	1.49386878808261	633	1822	0	38	0	0	FALSE
"X55668_at"	964	2.27352284378072	875	1282	0	38	0	0	FALSE
"X55733_at"	1662	-1.34927994102066	1329	2067	0	38	0	0	FALSE
"X55740_at"	895	-2.43199613068361	788	1051	0	38	0	0	FALSE
"X55885_at"	1138	-2.00266053824142	842	1385	0	38	0	0	FALSE
"X56199_at"	1664	1.34851816808761	1270	2004	0	38	0	0	FALSE
"X56253_rna1_at"	1245	1.84915927708167	866	1604	0	38	0	0	FALSE
"X56468_at"	81	-5.76416924522957	36	105	0	38	0	0	FALSE
"X56494_at"	3039	-0.0130007977683298	1988	3047	0	38	0	13	FALSE
"X56667_at"	2405	-0.571712735909788	1987	2891	0	38	0	0	FALSE
"X57129_at"	2535	0.467309479432666	2225	2801	0	38	0	1	FALSE
"X57206_at"	373	-3.73267089705966	318	432	0	38	0	0	FALSE
"X57346_at"	1563	-1.44266081306261	1262	1835	0	38	0	0	FALSE
"X57398_at"	2052	0.929986992397219	1535	2448	0	38	0	0	FALSE
"X57522_at"	1037	-2.16728577423786	690	1189	0	38	0	0	FALSE
"X57766_at"	3008	0.0341572711581355	2223	3041	0	38	0	14	FALSE
"X58255_at"	1415	1.619529588253	854	1717	0	38	0	0	FALSE
"X58288_at"	1587	-1.41641858426976	1405	2021	0	38	0	0	FALSE
"X58521_at"	1310	-1.7655633458603	1044	1659	0	38	0	0	FALSE
"X58529_at"	620	-2.98228134779339	278	788	0	38	0	0	FALSE
"X59350_at"	50	-6.08499554255932	7	82	1	38	0.0263157894736842	0	FALSE
"X59417_at"	112	-5.27376697416137	26	163	0	38	0	0	FALSE
"X59434_at"	671	2.84745262694378	300	827	0	38	0	0	FALSE
"X59834_at"	2209	0.75867993522521	1874	2707	0	38	0	0	FALSE
"X59841_at"	2650	0.362223545906315	2221	3030	0	38	0	2	FALSE
"X59871_at"	184	-4.56650075159922	151	231	0	38	0	0	FALSE
"X59892_at"	417	3.5740400380103	325	519	0	38	0	0	FALSE
"X60188_at"	1511	1.50350677231565	1195	1851	0	38	0	0	FALSE
"X60221_at"	1116	-2.03804538561868	687	1367	0	38	0	0	FALSE
"X60483_at"	2597	-0.413162878057324	1907	2911	0	38	0	0	FALSE
"X60486_at"	2996	-0.0452157605162468	2414	3050	0	38	0	13	FALSE
"X60592_at"	1413	1.62018571423401	1150	1716	0	38	0	0	FALSE
"X60673_rna1_at"	865	2.47612406926858	618	1082	0	38	0	0	FALSE
"X60708_at"	2076	-0.900663532898268	1845	2984	0	38	0	0	FALSE
"X60957_at"	2406	0.571338270522346	1894	2844	0	38	0	0	FALSE
"X60992_at"	1186	-1.93231582074666	862	1407	0	38	0	0	FALSE
"X61072_at"	1854	-1.12388749316022	1401	2420	0	38	0	0	FALSE
"X61118_rna1_at"	1223	1.87727857816567	793	1453	0	38	0	0	FALSE
"X61123_at"	1251	-1.84118073824213	1037	1555	0	38	0	0	FALSE
"X61587_at"	84	5.65887019002834	52	104	0	38	0	0	FALSE
"X61615_at"	1979	0.99527956544814	1516	2378	0	38	0	0	FALSE
"X61970_at"	196	-4.47064280733923	136	260	0	38	0	0	FALSE
"X62025_rna1_at"	1863	1.11481632317222	1145	2197	0	38	0	0	FALSE
"X62055_at"	2986	0.0539631048632506	2393	3043	0	38	0	13	FALSE
"X62078_at"	1047	2.15091408836166	790	1338	0	38	0	0	FALSE
"X62320_at"	92	5.53511263485702	45	129	0	38	0	0	FALSE
"X62466_at"	1125	-2.02620303370689	602	1415	0	38	0	0	FALSE
"X62535_at"	52	-6.06975434697812	12	84	1	38	0.0263157894736842	0	FALSE
"X62573_at"	308	3.98437549202267	235	361	0	38	0	0	FALSE
"X62654_rna1_at"	26	6.76000429842915	12	48	8	38	0.210526315789474	0	FALSE
"X62744_at"	1671	1.33882997684449	866	1884	0	38	0	0	FALSE
"X63359_at"	1297	1.78347727562007	921	1618	0	38	0	0	FALSE
"X63417_at"	673	2.84301461921526	463	871	0	38	0	0	FALSE
"X63422_at"	1917	1.05741565732658	1461	2398	0	38	0	0	FALSE
"X63469_at"	63	-5.98169996022887	16	92	1	38	0.0263157894736842	0	FALSE
"X63563_at"	1389	-1.64821454000939	1066	1696	0	38	0	0	FALSE
"X63679_at"	1479	1.53278460352714	1036	1754	0	38	0	0	FALSE
"X63692_at"	1009	-2.19995261036517	849	1202	0	38	0	0	FALSE
"X63753_at"	53	-6.05996911139381	20	84	1	38	0.0263157894736842	0	FALSE
"X63755_at"	1057	-2.12794837505684	750	1207	0	38	0	0	FALSE
"X64037_at"	1438	1.58851900022684	1222	1744	0	38	0	0	FALSE
"X64044_at"	1782	1.21106811447766	1307	2088	0	38	0	0	FALSE
"X64229_at"	1437	1.58952259321572	995	1807	0	38	0	0	FALSE
"X64269_at"	2328	0.64306804175671	1432	2735	0	38	0	0	FALSE
"X64330_at"	501	-3.29579732822545	368	603	0	38	0	0	FALSE
"X64364_at"	197	4.44155607349123	162	272	0	38	0	0	FALSE
"X64594_at"	1016	2.19085497117929	909	1357	0	38	0	0	FALSE
"X64838_at"	1338	-1.7266057727151	914	1584	0	38	0	0	FALSE
"X65614_at"	1445	1.57367852007394	1187	1774	0	38	0	0	FALSE
"X65867_at"	1358	-1.69351020621108	980	1563	0	38	0	0	FALSE
"X65873_at"	877	-2.45471718690779	658	1139	0	38	0	0	FALSE
"X65977_at"	1938	1.02814094271405	1854	2813	0	38	0	0	FALSE
"X66079_at"	445	-3.48618075540789	307	538	0	38	0	0	FALSE
"X66363_at"	1491	1.51948571666985	977	1819	0	38	0	0	FALSE
"X66364_at"	2977	-0.0658503021919548	2428	3050	0	38	0	15	FALSE
"X66365_at"	2160	-0.803607275879987	1855	2626	0	38	0	0	FALSE
"X66397_at"	606	-3.01618777750468	402	755	0	38	0	0	FALSE
"X66401_cds1_at"	105	-5.36932951691591	33	122	0	38	0	0	FALSE
"X66403_at"	1649	1.35660646723916	529	1866	0	38	0	0	FALSE
"X66417_at"	1573	1.43528807560826	880	1918	0	38	0	0	FALSE
"X66436_at"	2559	0.44661146864692	2086	2919	0	38	0	0	FALSE
"X66503_at"	360	-3.78053548056116	233	418	0	38	0	0	FALSE
"X66533_at"	490	-3.32993482167802	386	567	0	38	0	0	FALSE
"X66534_at"	824	-2.56633476781569	519	965	0	38	0	0	FALSE
"X66839_at"	3012	0.0286457692881325	2339	3049	0	38	0	18	FALSE
"X66867_cds1_at"	382	-3.68712570880791	275	525	0	38	0	0	FALSE
"X66899_at"	264	-4.12774990656425	191	381	0	38	0	0	FALSE
"X66945_at"	668	-2.85392167132244	369	794	0	38	0	0	FALSE
"X67098_at"	2143	0.818361643447387	1669	2594	0	38	0	0	FALSE
"X67155_at"	1411	-1.62138766090542	1061	1685	0	38	0	0	FALSE
"X67325_at"	1571	-1.43789339008638	1481	1968	0	38	0	0	FALSE
"X67594_at"	2978	-0.0657293524289699	2145	3047	0	38	0	9	FALSE
"X67698_at"	342	3.84958484137616	187	462	0	38	0	0	FALSE
"X67951_at"	415	-3.58216146303506	163	525	0	38	0	0	FALSE
"X68194_at"	2241	-0.725232836783608	1243	2536	0	38	0	0	FALSE
"X68277_at"	2291	-0.672591352159237	1885	2887	0	38	0	0	FALSE
"X68487_at"	2839	-0.174537945417099	2335	3049	0	38	0	6	FALSE
"X68560_at"	83	-5.73375071549537	18	110	1	38	0.0263157894736842	0	FALSE
"X68733_rna1_at"	2643	0.366959792349241	2243	3027	0	38	0	1	FALSE
"X68836_at"	1765	-1.23163212020054	1049	2029	0	38	0	0	FALSE
"X69111_at"	392	-3.65294750106866	190	476	0	38	0	0	FALSE
"X69141_at"	269	-4.09607217615736	177	357	0	38	0	0	FALSE
"X69398_at"	1550	-1.45130258355499	1264	1864	0	38	0	0	FALSE
"X69433_at"	2307	-0.664774104936754	1762	2726	0	38	0	0	FALSE
"X69550_at"	569	3.11523769875357	388	673	0	38	0	0	FALSE
"X69699_at"	1207	1.89360347871716	781	1436	0	38	0	0	FALSE
"X69819_at"	699	2.76736501470876	392	903	0	38	0	0	FALSE
"X69838_at"	655	-2.888286193798	419	837	0	38	0	0	FALSE
"X69878_at"	1304	1.77574158880871	672	1595	0	38	0	0	FALSE
"X69908_rna1_at"	1771	-1.22454288252105	973	2115	0	38	0	0	FALSE
"X69910_at"	2246	-0.723046698413542	1743	2673	0	38	0	0	FALSE
"X69978_at"	1448	-1.56795605506092	388	1777	0	38	0	0	FALSE
"X70040_at"	483	3.35390101696293	391	594	0	38	0	0	FALSE
"X70070_at"	346	3.83593716143861	156	434	0	38	0	0	FALSE
"X70218_at"	2567	0.440130262891956	1677	2933	0	38	0	1	FALSE
"X70297_at"	134	4.96306400699581	39	218	0	38	0	0	FALSE
"X70394_at"	100	-5.40038926760683	38	154	0	38	0	0	FALSE
"X70476_at"	511	-3.28250215262766	249	623	0	38	0	0	FALSE
"X70649_at"	467	-3.38976494105165	295	546	0	38	0	0	FALSE
"X70683_at"	607	-3.01386313956153	413	768	0	38	0	0	FALSE
"X70991_at"	2547	0.459724842798533	2200	3039	0	38	0	1	FALSE
"X71129_at"	3047	-0.00267724548868828	2518	3048	0	38	0	21	FALSE
"X71428_at"	2270	-0.697505164997183	1826	2917	0	38	0	0	FALSE
"X71490_at"	506	-3.28734815396366	166	626	0	38	0	0	FALSE
"X71874_cds1_at"	1299	-1.77967857280109	1072	1550	0	38	0	0	FALSE
"X71973_at"	1023	2.18178043065106	827	1183	0	38	0	0	FALSE
"X72012_at"	2806	-0.202867247261272	1768	3043	0	38	0	4	FALSE
"X72308_at"	2004	0.97452502216805	1566	2353	0	38	0	0	FALSE
"X72755_at"	2508	0.49313045270973	2096	2878	0	38	0	0	FALSE
"X72790_at"	617	-2.99453527819116	277	715	0	38	0	0	FALSE
"X72841_at"	1463	-1.55348717251807	1149	1734	0	38	0	0	FALSE
"X74008_at"	301	-3.99693190614615	210	398	0	38	0	0	FALSE
"X74104_at"	2739	-0.275124045943313	2333	3019	0	38	0	3	FALSE
"X74262_at"	7	-7.41592877904187	4	18	38	38	1	0	TRUE
"X74295_at"	2715	0.294928697206703	2088	2979	0	38	0	2	FALSE
"X74328_rna1_at"	2500	-0.500697499944759	1975	2853	0	38	0	0	FALSE
"X74570_at"	298	4.0035332120173	51	401	0	38	0	0	FALSE
"X74764_at"	2294	-0.669463507130402	1945	3026	0	38	0	0	FALSE
"X74794_at"	1718	-1.28686977170754	1211	2056	0	38	0	0	FALSE
"X74795_at"	1801	-1.18030359191732	1404	2213	0	38	0	0	FALSE
"X74801_at"	18	-6.9541272865567	3	29	23	38	0.605263157894737	0	TRUE
"X74837_at"	2654	0.359378841533332	1750	2839	0	38	0	1	FALSE
"X75042_at"	234	4.27612559680834	133	303	0	38	0	0	FALSE
"X75208_at"	1803	-1.17881099880732	1428	2373	0	38	0	0	FALSE
"X75252_at"	1483	-1.52719017337325	1241	1856	0	38	0	0	FALSE
"X75304_at"	2396	-0.576030303353212	1889	2953	0	38	0	0	FALSE
"X75315_at"	2837	0.176026550740227	2492	3008	0	38	0	5	FALSE
"X75342_at"	2923	-0.106058292117523	2543	3046	0	38	0	8	FALSE
"X75593_at"	809	2.58780090881761	607	945	0	38	0	0	FALSE
"X75861_at"	796	2.6145494647972	459	1002	0	38	0	0	FALSE
"X75962_at"	1085	-2.08543028458998	807	1316	0	38	0	0	FALSE
"X76013_at"	2675	-0.334833506203521	2128	2993	0	38	0	1	FALSE
"X76040_at"	2314	-0.656039068933073	1833	2688	0	38	0	0	FALSE
"X76059_at"	3027	0.01773814657846	2310	3045	0	38	0	22	FALSE
"X76104_at"	3015	0.0251497607170751	2605	3051	0	38	0	14	FALSE
"X76105_at"	2781	-0.236135248422155	1518	3042	0	38	0	0	FALSE
"X76302_at"	1352	-1.70633242071956	1010	1589	0	38	0	0	FALSE
"X76538_at"	1034	-2.16988530892075	570	1327	0	38	0	0	FALSE
"X76648_at"	93	-5.51998180098127	28	131	0	38	0	0	FALSE
"X76717_at"	3022	0.0226445481965352	2127	3048	0	38	0	20	FALSE
"X76732_at"	2323	0.648190689589062	1927	2689	0	38	0	0	FALSE
"X77094_at"	2380	-0.589293023983742	2123	2782	0	38	0	0	FALSE
"X77548_at"	1155	1.97074454631927	902	1472	0	38	0	0	FALSE
"X77584_at"	1730	1.27650278608362	1253	2016	0	38	0	0	FALSE
"X77737_at"	616	2.99514891193823	433	826	0	38	0	0	FALSE
"X77794_at"	1744	-1.25756691542652	1361	2078	0	38	0	0	FALSE
"X77909_at"	1596	1.40690436303759	1251	1900	0	38	0	0	FALSE
"X78031_at"	2542	-0.463484129769342	1409	2882	0	38	0	0	FALSE
"X78136_at"	2552	0.45559243744525	2227	2985	0	38	0	1	FALSE
"X78549_at"	1851	1.12861779047556	1344	2173	0	38	0	0	FALSE
"X78627_at"	441	-3.49619294194116	340	525	0	38	0	0	FALSE
"X78706_at"	2245	0.723444625066606	2026	3027	0	38	0	0	FALSE
"X78817_at"	2769	0.250905324058102	2340	3023	0	38	0	3	FALSE
"X78924_at"	2556	0.452087672798505	1805	2864	0	38	0	0	FALSE
"X78925_at"	513	3.27786551174306	212	643	0	38	0	0	FALSE
"X78992_at"	1200	1.90815872247539	867	1434	0	38	0	0	FALSE
"X79066_at"	1591	1.41378777232814	1171	1845	0	38	0	0	FALSE
"X79067_at"	1072	-2.10004125729054	659	1314	0	38	0	0	FALSE
"X79353_at"	1305	-1.7724846041617	952	1602	0	38	0	0	FALSE
"X79439_at"	2949	0.0853126232839111	2435	3047	0	38	0	10	FALSE
"X79536_at"	2100	-0.872777669950692	1529	2473	0	38	0	0	FALSE
"X79780_at"	1248	1.84698027429707	928	1506	0	38	0	0	FALSE
"X79781_at"	2287	-0.677688328439672	1898	2940	0	38	0	1	FALSE
"X79865_at"	1547	-1.45238059537171	1147	1894	0	38	0	0	FALSE
"X79882_at"	2274	0.694327658644402	2020	3037	0	38	0	0	FALSE
"X79981_at"	1608	1.39125554046096	1085	1966	0	38	0	0	FALSE
"X80026_at"	729	2.71764340338183	478	870	0	38	0	0	FALSE
"X80198_at"	2897	0.130490759012723	2372	3048	0	38	0	5	FALSE
"X80199_at"	1444	-1.57517583080693	451	1736	0	38	0	0	FALSE
"X80200_at"	2326	-0.645203533461145	1949	2807	0	38	0	0	FALSE
"X80230_at"	242	-4.23525885939701	147	324	0	38	0	0	FALSE
"X80497_at"	1176	1.94019401482687	873	1409	0	38	0	0	FALSE
"X80692_at"	2670	0.341525351460492	1453	3036	0	38	0	0	FALSE
"X80695_at"	1751	1.25360629241178	1380	2117	0	38	0	0	FALSE
"X80907_at"	730	2.71696383820235	199	908	0	38	0	0	FALSE
"X80910_at"	2973	-0.0673909375060479	2330	3051	0	38	0	13	FALSE
"X80915_rna1_at"	1998	0.980442799648285	1172	2278	0	38	0	0	FALSE
"X80923_at"	2808	0.201865638850116	1900	3034	0	38	0	4	FALSE
"X81003_at"	2460	-0.529084874639137	2053	2814	0	38	0	0	FALSE
"X81198_at"	552	-3.1503216669507	285	701	0	38	0	0	FALSE
"X81817_at"	2075	0.900762744986756	1583	2596	0	38	0	0	FALSE
"X82200_at"	944	-2.31421426081597	631	1202	0	38	0	0	FALSE
"X82207_at"	1110	2.04408542362252	671	1336	0	38	0	0	FALSE
"X82240_rna1_at"	54	-6.05635013626686	35	82	0	38	0	0	FALSE
"X82434_at"	1654	1.35379543834663	800	1981	0	38	0	0	FALSE
"X82456_at"	1363	-1.68232316161162	1110	1613	0	38	0	0	FALSE
"X82494_at"	1334	-1.72908579206637	1189	1630	0	38	0	0	FALSE
"X82554_rna1_at"	938	-2.33214611175185	642	1110	0	38	0	0	FALSE
"X82895_at"	2561	0.446030470675353	1575	2861	0	38	0	0	FALSE
"X83127_at"	2539	0.46475025541561	2166	2978	0	38	0	1	FALSE
"X83218_at"	936	-2.34070124707394	612	1091	0	38	0	0	FALSE
"X83441_at"	782	-2.65131009639447	666	910	0	38	0	0	FALSE
"X83573_at"	904	2.40699362012905	352	1096	0	38	0	0	FALSE
"X83928_at"	2409	-0.568483867463929	1545	2802	0	38	0	0	FALSE
"X84373_at"	1051	-2.14006592940052	497	1208	0	38	0	0	FALSE
"X84709_at"	667	-2.8568197275147	515	780	0	38	0	0	FALSE
"X85106_at"	2297	0.668724360568851	2020	3001	0	38	0	0	FALSE
"X85372_at"	312	-3.96424899333951	127	399	0	38	0	0	FALSE
"X85373_at"	751	-2.6885861631103	256	946	0	38	0	0	FALSE
"X85785_rna1_at"	985	2.24659058160769	620	1191	0	38	0	0	FALSE
"X85786_at"	2647	-0.363507207712901	2134	3004	0	38	0	1	FALSE
"X86012_at"	1702	-1.30474371523033	1219	1950	0	38	0	0	FALSE
"X86018_at"	3049	-0.00183807114200477	2304	3049	0	38	0	20	FALSE
"X86570_at"	2303	0.667165655027163	1006	2698	0	38	0	0	FALSE
"X86681_at"	2989	0.052199215006744	2464	3044	0	38	0	14	FALSE
"X86691_at"	258	-4.15528709796902	170	378	0	38	0	0	FALSE
"X86779_at"	2085	-0.891376300736459	1744	2594	0	38	0	0	FALSE
"X86809_at"	2454	-0.534133388928541	1962	2823	0	38	0	0	FALSE
"X87212_at"	1525	1.48453567357436	1235	1920	0	38	0	0	FALSE
"X87237_at"	2618	-0.394553340095853	2012	3047	0	38	0	0	FALSE
"X87241_at"	557	-3.13589359829376	488	656	0	38	0	0	FALSE
"X87838_at"	1277	1.80398474319135	811	1548	0	38	0	0	FALSE
"X87904_at"	1780	-1.21439055842153	1354	2044	0	38	0	0	FALSE
"X89267_at"	2141	0.820607947916392	1757	2638	0	38	0	0	FALSE
"X89398_cds2_at"	480	-3.36604150163989	291	599	0	38	0	0	FALSE
"X89576_at"	1254	-1.84058778721569	1059	1435	0	38	0	0	FALSE
"X89750_at"	2734	-0.278309247220273	2160	3040	0	38	0	2	FALSE
"X89960_at"	2167	0.79798663044557	1603	2533	0	38	0	0	FALSE
"X89985_at"	855	2.49488129490703	499	1031	0	38	0	0	FALSE
"X90858_at"	142	4.90448784042316	118	209	0	38	0	0	FALSE
"X90872_at"	518	3.25898552785691	261	650	0	38	0	0	FALSE
"X91247_at"	1924	-1.04809664646746	1196	2433	0	38	0	0	FALSE
"X91249_at"	1183	-1.93484655804436	929	1374	0	38	0	0	FALSE
"X91257_at"	306	-3.98586477140186	163	411	0	38	0	0	FALSE
"X91504_at"	2062	-0.914948626443952	1604	2595	0	38	0	0	FALSE
"X91788_at"	2002	-0.97625321485554	1631	2372	0	38	0	0	FALSE
"X91809_at"	1331	-1.7338114756474	1158	1555	0	38	0	0	FALSE
"X92098_at"	2387	0.582712139493935	1869	2968	0	38	0	0	FALSE
"X92106_at"	402	-3.62217286724184	274	533	0	38	0	0	FALSE
"X92396_at"	2475	0.516481789537386	1798	3006	0	38	0	0	FALSE
"X92720_at"	3017	-0.0239909910306417	1890	3050	0	38	0	15	FALSE
"X92744_at"	1060	2.11934215933462	816	1324	0	38	0	0	FALSE
"X92762_at"	2331	-0.640795225344888	1826	2773	0	38	0	0	FALSE
"X92896_at"	2446	0.542545876050619	2150	2848	0	38	0	0	FALSE
"X92972_at"	2869	0.146781051154817	2532	3017	0	38	0	3	FALSE
"X93499_at"	1150	1.97838819925667	730	1434	0	38	0	0	FALSE
"X93512_at"	522	-3.24047967548709	451	615	0	38	0	0	FALSE
"X93920_at"	309	3.98094005173042	219	385	0	38	0	0	FALSE
"X93921_at"	1888	1.09030608342373	1280	2288	0	38	0	0	FALSE
"X93996_rna1_at"	2676	-0.33440758410987	2268	3041	0	38	0	3	FALSE
"X94232_at"	133	-4.98073843242809	94	197	0	38	0	0	FALSE
"X94910_at"	2620	0.389849424757247	2139	2965	0	38	0	0	FALSE
"X95735_at"	1	10.5777480888816	1	2	38	38	1	0	TRUE
"X96381_rna1_at"	2330	0.642293214568754	1695	2592	0	38	0	0	FALSE
"X96401_at"	2776	-0.245325990440096	2329	2991	0	38	0	1	FALSE
"X96484_at"	1439	1.58786368079131	1170	1708	0	38	0	0	FALSE
"X96584_at"	2130	0.832257590519942	1966	2578	0	38	0	1	FALSE
"X96586_at"	2498	-0.501371150503404	2077	3005	0	38	0	0	FALSE
"X96698_at"	2553	-0.454682529297157	2031	2964	0	38	0	0	FALSE
"X96719_at"	2308	0.662140995636109	2056	2966	0	38	0	1	FALSE
"X96752_at"	313	-3.94696292203028	223	407	0	38	0	0	FALSE
"X96849_at"	2696	-0.314336166804912	2040	3050	0	38	0	0	FALSE
"X96924_rna1_at"	2967	-0.0698679752829348	2453	3043	0	38	0	9	FALSE
"X96969_at"	1955	1.01202664096907	1492	2352	0	38	0	0	FALSE
"X97074_at"	1647	1.36070297893914	1166	2035	0	38	0	0	FALSE
"X97160_rna1_at"	1400	1.63421775855851	1121	1635	0	38	0	0	FALSE
"X97302_at"	1417	1.61513032933731	1133	1763	0	38	0	0	FALSE
"X97324_at"	2156	0.806550710787753	1777	2699	0	38	0	0	FALSE
"X97544_at"	1981	-0.993660402087351	1198	2327	0	38	0	0	FALSE
"X98085_at"	2768	0.251282687882996	2267	2983	0	38	0	1	FALSE
"X98172_at"	2472	0.520028509171155	2027	2828	0	38	0	0	FALSE
"X98248_rna1_at"	1133	-2.01498914846323	780	1346	0	38	0	0	FALSE
"X98260_at"	1272	1.814946360266	682	1571	0	38	0	0	FALSE
"X98261_at"	1634	1.36984114507173	664	1887	0	38	0	0	FALSE
"X98263_at"	860	-2.4877602848066	457	1034	0	38	0	0	FALSE
"X98411_at"	221	4.33791289197358	144	296	0	38	0	0	FALSE
"X98507_at"	2320	0.652553902512834	1708	2786	0	38	0	0	FALSE
"X98743_at"	713	-2.74453150943522	553	917	0	38	0	0	FALSE
"X98801_at"	1785	-1.20919538494323	1173	2254	0	38	0	0	FALSE
"X99076_rna1_at"	1957	1.0101394688956	1813	2877	0	38	0	0	FALSE
"X99140_at"	2445	0.542607509737038	1834	2814	0	38	0	0	FALSE
"X99141_at"	1887	1.09035580301812	1619	2264	0	38	0	0	FALSE
"X99142_at"	2195	0.772229730136271	1261	2524	0	38	0	0	FALSE
"X99209_at"	1614	-1.38701853593447	1105	1991	0	38	0	0	FALSE
"X99325_at"	1004	-2.20670434699666	771	1281	0	38	0	0	FALSE
"X99459_at"	2888	-0.134590729447616	2374	3043	0	38	0	7	FALSE
"X99584_at"	762	2.67853895606552	404	939	0	38	0	0	FALSE
"X99664_at"	1344	1.71597949321209	699	1557	0	38	0	0	FALSE
"X99688_at"	1987	-0.987831150918615	1552	2700	0	38	0	0	FALSE
"X99699_at"	2991	-0.0512169061217541	2294	3049	0	38	0	12	FALSE
"X99720_rna1_at"	1570	-1.43858860294174	1047	1907	0	38	0	0	FALSE
"X99728_at"	2486	0.509896427415364	1597	2936	0	38	0	0	FALSE
"X99920_at"	545	-3.1749892152286	498	661	0	38	0	0	FALSE
"Y00062_at"	2410	0.567941661658641	2009	2761	0	38	0	0	FALSE
"Y00281_at"	2441	0.544838233055339	1969	2816	0	38	0	1	FALSE
"Y00282_at"	756	2.68435445907437	460	976	0	38	0	0	FALSE
"Y00433_at"	252	4.1972739715769	132	315	0	38	0	0	FALSE
"Y00486_rna1_at"	1958	-1.01004725506912	1347	2170	0	38	0	0	FALSE
"Y00636_at"	742	-2.70285395151551	550	865	0	38	0	0	FALSE
"Y00796_at"	2044	0.941977143177143	1583	2364	0	38	0	0	FALSE
"Y07604_at"	168	4.66829352893399	133	229	0	38	0	0	FALSE
"Y07829_xpt4_at"	1759	1.24009831477947	1096	2036	0	38	0	0	FALSE
"Y07847_at"	990	2.23953274878943	564	1159	0	38	0	0	FALSE
"Y08134_at"	2108	0.859323569914564	907	2421	0	38	0	0	FALSE
"Y08263_at"	2582	0.429538379360059	1863	2927	0	38	0	0	FALSE
"Y08302_at"	2151	-0.812513416087513	1680	2879	0	38	0	0	FALSE
"Y08409_at"	2599	0.41063590601281	1478	2984	0	38	0	0	FALSE
"Y08612_at"	58	-6.03539217514133	28	79	0	38	0	0	FALSE
"Y08614_at"	299	-4.00328055566957	56	405	0	38	0	0	FALSE
"Y08836_at"	2321	0.651567211249077	1829	2757	0	38	0	0	FALSE
"Y08915_at"	897	-2.43013575130089	536	1027	0	38	0	0	FALSE
"Y09022_at"	1184	-1.93302976333852	389	1381	0	38	0	0	FALSE
"Y09216_at"	2526	-0.476798446113605	1864	2853	0	38	0	0	FALSE
"Y09443_at"	1643	-1.36339607946395	1349	1947	0	38	0	0	FALSE
"Y10032_at"	1921	1.05366330170141	1597	2474	0	38	0	0	FALSE
"Y10055_at"	1709	1.29799338414248	1169	1992	0	38	0	0	FALSE
"Y10207_at"	1020	-2.18499748981328	461	1202	0	38	0	0	FALSE
"Y10209_at"	1879	1.09490497082366	1438	2153	0	38	0	0	FALSE
"Y10260_at"	1510	-1.50425862583404	828	1827	0	38	0	0	FALSE
"Y10376_at"	574	3.10232482303794	411	658	0	38	0	0	FALSE
"Y10871_at"	867	2.47265290474106	681	1018	0	38	0	0	FALSE
"Y10936_at"	1833	-1.14602320864717	1281	2246	0	38	0	0	FALSE
"Y11215_at"	2851	-0.162477566262619	2390	3024	0	38	0	7	FALSE
"Y11306_rna1_at"	1642	1.36353257996662	1221	1938	0	38	0	0	FALSE
"Y11681_at"	1862	-1.11513020446182	1468	2394	0	38	0	0	FALSE
"Y11710_rna1_at"	746	2.69808783483086	321	947	0	38	0	0	FALSE
"Y12670_at"	17	6.96131024907752	4	37	28	38	0.736842105263158	0	TRUE
"Y12856_at"	2482	0.511595169276654	1491	2770	0	38	0	0	FALSE
"Y13115_at"	2984	-0.0563261368311178	2488	3051	0	38	0	12	FALSE
"Y13247_at"	2232	-0.734433259551043	1896	2805	0	38	0	0	FALSE
"Y13620_at"	662	-2.8669248305455	416	803	0	38	0	0	FALSE
"Y14140_at"	1853	1.12477680012453	1412	2138	0	38	0	0	FALSE
"Z11697_at"	694	2.7800764706485	479	876	0	38	0	0	FALSE
"Z12830_at"	1636	1.36831457302976	1291	2010	0	38	0	0	FALSE
"Z14000_at"	2980	0.0639955833083216	2295	3033	0	38	0	12	FALSE
"Z14244_at"	1456	-1.56078978203484	921	1811	0	38	0	0	FALSE
"Z14982_rna1_at"	316	-3.92340437521053	171	426	0	38	0	0	FALSE
"Z15108_at"	1140	-2.00189227025344	1076	1352	0	38	0	0	FALSE
"Z17227_at"	820	-2.57052325936986	497	980	0	38	0	0	FALSE
"Z19002_at"	2613	-0.397367483485631	2020	2772	0	38	0	1	FALSE
"Z21488_at"	2516	-0.486952740671948	1923	2871	0	38	0	0	FALSE
"Z21507_at"	476	-3.37102969734319	348	588	0	38	0	0	FALSE
"Z22536_at"	2695	0.316197783691982	2044	3031	0	38	0	1	FALSE
"Z22548_at"	1312	1.76523487009355	1113	1710	0	38	0	0	FALSE
"Z22551_at"	280	-4.05532566375427	182	384	0	38	0	0	FALSE
"Z22555_at"	1737	-1.26451727014818	1362	2108	0	38	0	0	FALSE
"Z23090_at"	1281	-1.80330728301123	904	1600	0	38	0	0	FALSE
"Z23115_at"	2073	0.903997964476159	1749	2654	0	38	0	0	FALSE
"Z24680_at"	1349	1.71142271223495	860	1682	0	38	0	0	FALSE
"Z25535_at"	2391	0.578877575421785	1946	2721	0	38	0	0	FALSE
"Z25884_at"	2447	0.542269044183107	1530	2768	0	38	0	0	FALSE
"Z27113_at"	1159	-1.96437190028475	900	1392	0	38	0	0	FALSE
"Z29064_at"	1360	-1.69000671720106	1154	1618	0	38	0	0	FALSE
"Z29090_at"	644	-2.9038789365773	425	780	0	38	0	0	FALSE
"Z29481_at"	494	3.30271810277878	382	583	0	38	0	0	FALSE
"Z29505_at"	2655	-0.358535825357265	2034	2928	0	38	0	1	FALSE
"Z29574_at"	1432	-1.59293551098476	1004	1771	0	38	0	0	FALSE
"Z29678_at"	1583	1.42371486085083	656	1850	0	38	0	0	FALSE
"Z30425_at"	2970	-0.0684012555175352	2524	3017	0	38	0	10	FALSE
"Z30426_at"	873	-2.46120896898783	595	1043	0	38	0	0	FALSE
"Z31357_at"	2699	0.310390177865037	2294	3026	0	38	0	1	FALSE
"Z32765_at"	251	4.20313073785039	158	369	0	38	0	0	FALSE
"Z35093_at"	1422	-1.61030876261173	1068	1798	0	38	0	0	FALSE
"Z35102_at"	220	-4.34467062489939	83	317	0	38	0	0	FALSE
"Z35227_at"	458	-3.42221118597509	203	607	0	38	0	0	FALSE
"Z35278_at"	976	2.25845416926046	731	1276	0	38	0	0	FALSE
"Z35307_at"	2792	0.227088951181721	2408	3023	0	38	0	2	FALSE
"Z35491_at"	2459	0.531470917499693	1841	3020	0	38	0	0	FALSE
"Z36714_at"	1554	-1.4502816472688	1365	1940	0	38	0	0	FALSE
"Z36715_at"	1436	-1.59198057612818	946	1735	0	38	0	0	FALSE
"Z37166_at"	1845	-1.13377004699949	1246	2243	0	38	0	0	FALSE
"Z46376_rna1_at"	1498	-1.51563081914377	1213	1864	0	38	0	0	FALSE
"Z46973_at"	355	-3.81221516222953	275	416	0	38	0	0	FALSE
"Z48042_at"	685	-2.81524361138949	354	834	0	38	0	0	FALSE
"Z48054_at"	2887	-0.134894432598291	2420	3047	0	38	0	9	FALSE
"Z48199_at"	2114	0.85745683325476	1095	2491	0	38	0	0	FALSE
"Z48481_at"	2571	-0.437169628714487	2224	3034	0	38	0	1	FALSE
"Z48512_at"	2627	-0.38529195859117	2285	2989	0	38	0	1	FALSE
"Z48579_at"	1160	-1.96428919390298	914	1323	0	38	0	0	FALSE
"Z48633_at"	760	-2.68122188235713	447	1004	0	38	0	0	FALSE
"Z48950_at"	1579	1.42796216419834	1285	1858	0	38	0	0	FALSE
"Z49099_at"	1750	-1.25368171764459	1036	2000	0	38	0	0	FALSE
"Z49194_at"	214	-4.36042981451717	186	274	0	38	0	0	FALSE
"Z49254_at"	2221	-0.746006146220447	1712	2654	0	38	0	0	FALSE
"Z49269_at"	1686	1.32319476375845	1499	2024	0	38	0	0	FALSE
"Z49878_at"	2534	-0.46754945919002	2061	3051	0	38	0	1	FALSE
"Z50022_at"	2791	0.227180680555596	1149	3035	0	38	0	1	FALSE
"Z50749_at"	850	-2.50472324284529	582	1033	0	38	0	0	FALSE
"Z50781_at"	2959	-0.0770440487867873	2249	3047	0	38	0	11	FALSE
"Z50853_at"	721	-2.73174840269483	582	849	0	38	0	0	FALSE
"Z56281_at"	456	-3.43330542738279	254	602	0	38	0	0	FALSE
"Z67743_at"	993	2.22136571312921	716	1183	0	38	0	0	FALSE
"Z68129_cds1_at"	2398	-0.574912972653567	1871	2823	0	38	0	0	FALSE
"Z68747_at"	116	-5.22259105578518	87	136	0	38	0	0	FALSE
"Z69881_at"	56	-6.05311779952694	20	88	1	38	0.0263157894736842	0	FALSE
"Z69915_at"	1375	-1.66794892219528	1046	1700	0	38	0	0	FALSE
"Z70219_at"	2719	-0.292139996123077	2265	3028	0	38	0	2	FALSE
"Z70220_at"	3032	0.0158034634847369	2424	3050	0	38	0	19	FALSE
"Z71460_at"	1781	1.21306835833594	1358	2109	0	38	0	0	FALSE
"Z72499_at"	2554	-0.45268524062431	2066	2977	0	38	0	0	FALSE
"Z81326_at"	2179	-0.785718435234694	1958	2770	0	38	0	1	FALSE
"Z83821_cds2_at"	924	2.36719926106165	713	1214	0	38	0	0	FALSE
"Z84721_cds1_at"	705	2.75341675752339	386	972	0	38	0	0	FALSE
"Z84721_cds2_at"	1185	1.93256541367326	965	1428	0	38	0	0	FALSE
"Z93784_at"	325	-3.89612579784007	145	429	0	38	0	0	FALSE
"Z97054_xpt2_at"	2063	0.911228870323341	1420	2418	0	38	0	0	FALSE
"AB006782_at"	2358	0.609639707695834	2034	2899	0	38	0	0	FALSE
"D00860_at"	810	-2.58758635716365	567	930	0	38	0	0	FALSE
"D10040_at"	728	2.71772385741313	547	934	0	38	0	0	FALSE
"D16105_at"	946	2.30049575841641	510	1165	0	38	0	0	FALSE
"D16480_at"	2543	0.463381092027552	2036	3028	0	38	0	1	FALSE
"D16481_at"	1956	1.01041680577174	1693	2486	0	38	0	0	FALSE
"D21235_at"	2513	-0.487646699176789	1585	2922	0	38	0	0	FALSE
"D25304_at"	826	-2.56307805722011	255	958	0	38	0	0	FALSE
"D26070_at"	2099	-0.872912408218078	1231	2377	0	38	0	0	FALSE
"D29805_at"	3001	0.0396412957691567	2497	3049	0	38	0	17	FALSE
"D31889_at"	3007	-0.035308281443879	2594	3049	0	38	0	17	FALSE
"D38073_at"	64	-5.96270062613512	8	95	1	38	0.0263157894736842	0	FALSE
"D38081_at"	623	-2.97655633047168	507	737	0	38	0	0	FALSE
"D43968_at"	1425	-1.60376500308629	976	1720	0	38	0	0	FALSE
"D45132_at"	2040	-0.943737494626596	1539	2481	0	38	0	0	FALSE
"D50405_at"	563	-3.12436137152934	261	701	0	38	0	0	FALSE
"D80000_at"	408	-3.60953435205561	315	503	0	38	0	0	FALSE
"D86550_at"	2072	-0.905674309029295	1660	2500	0	38	0	0	FALSE
"D86988_at"	3004	0.0371244342294298	2320	3047	0	38	0	14	FALSE
"HG2846-HT2983_at"	230	-4.30158866315229	156	285	0	38	0	0	FALSE
"HG3543-HT3739_at"	1914	1.0612396846841	1424	2254	0	38	0	0	FALSE
"HG651-HT4201_at"	1313	-1.76418832276296	1036	1563	0	38	0	0	FALSE
"J02783_at"	684	2.81606366028953	232	906	0	38	0	0	FALSE
"J04182_at"	690	2.7992189995622	474	868	0	38	0	0	FALSE
"L00058_at"	204	-4.40335223239367	175	256	0	38	0	0	FALSE
"L04282_at"	953	-2.28749433764928	654	1216	0	38	0	0	FALSE
"L04731_at"	1264	1.82603477344684	922	1475	0	38	0	0	FALSE
"L07648_at"	361	3.77913473807169	252	478	0	38	0	0	FALSE
"L08895_at"	320	-3.92014025089732	74	383	0	38	0	0	FALSE
"L10413_at"	107	-5.32737980281485	74	127	0	38	0	0	FALSE
"L11066_at"	2408	-0.568946192954419	1787	2992	0	38	0	1	FALSE
"L11284_at"	2317	-0.654741882139788	2024	2898	0	38	0	0	FALSE
"L13773_at"	2013	-0.966753938591381	1470	2497	0	38	0	0	FALSE
"L21998_at"	2267	0.698843087907085	933	2600	0	38	0	0	FALSE
"L22454_at"	1961	-1.00859794191421	1650	2475	0	38	0	0	FALSE
"L33075_at"	302	-3.99458115772727	213	438	0	38	0	0	FALSE
"L35263_at"	2338	-0.630521989312954	1697	2690	0	38	0	0	FALSE
"L40397_at"	1189	1.92809467098921	864	1507	0	38	0	0	FALSE
"L49380_at"	3006	0.0359775422304493	2370	3051	0	38	0	16	FALSE
"L76517_at"	2827	-0.18464307801992	2057	3046	0	38	0	4	FALSE
"M14745_at"	405	-3.61375674607241	234	524	0	38	0	0	FALSE
"M16276_at"	814	-2.58223800656462	593	949	0	38	0	0	FALSE
"M16342_at"	1470	-1.54622571331312	776	1705	0	38	0	0	FALSE
"M24283_at"	560	3.13283350904431	382	708	0	38	0	0	FALSE
"M24900_at"	310	3.97153548946901	159	406	0	38	0	0	FALSE
"M31724_at"	1123	2.02724954817899	577	1390	0	38	0	0	FALSE
"M58026_at"	1449	1.56751981946276	1081	1842	0	38	0	0	FALSE
"M64231_rna1_at"	2200	0.768789765581456	1846	2629	0	38	0	0	FALSE
"M69013_at"	2555	-0.452120617858766	2121	2810	0	38	0	1	FALSE
"M69181_at"	817	-2.57505846040974	490	945	0	38	0	0	FALSE
"M83664_at"	2845	-0.165309505021212	2050	3033	0	38	0	6	FALSE
"M91463_rna1_at"	584	3.06956097403973	158	729	0	38	0	0	FALSE
"M93651_at"	446	-3.47638432990063	315	566	0	38	0	0	FALSE
"M94046_at"	1575	-1.4325655680283	1284	1886	0	38	0	0	FALSE
"M96843_at"	2960	-0.0769725817201899	2494	3048	0	38	0	13	FALSE
"M97676_at"	2018	-0.964402524713901	1639	2569	0	38	0	0	FALSE
"S68805_at"	1670	-1.34058874579419	1348	2089	0	38	0	0	FALSE
"S76638_at"	634	2.94143443087128	451	791	0	38	0	0	FALSE
"U04636_rna1_at"	754	2.68740152886129	684	941	0	38	0	0	FALSE
"U07139_at"	963	-2.27581853995383	813	1139	0	38	0	0	FALSE
"U12767_at"	1374	1.66943009039414	1097	1672	0	38	0	0	FALSE
"U13022_at"	2678	0.332989220394428	1973	3036	0	38	0	1	FALSE
"U16307_at"	1177	1.9397424467795	707	1457	0	38	0	0	FALSE
"U17838_at"	1804	-1.17818545099473	1315	2104	0	38	0	0	FALSE
"U17969_at"	1440	1.58656826153474	1142	1706	0	38	0	0	FALSE
"U18259_at"	158	-4.74841710572267	134	194	0	38	0	0	FALSE
"U18422_at"	1421	-1.61122696453244	890	1743	0	38	0	0	FALSE
"U20938_at"	475	-3.37538954979682	184	553	0	38	0	0	FALSE
"U25988_at"	2158	0.804608441270866	1569	2520	0	38	0	0	FALSE
"U31556_at"	89	-5.59140882658863	55	113	0	38	0	0	FALSE
"U33841_at"	371	-3.74338078853955	192	445	0	38	0	0	FALSE
"U34587_at"	1681	-1.32895300192727	1173	1948	0	38	0	0	FALSE
"U36341_rna1_at"	613	3.0056302144781	425	804	0	38	0	0	FALSE
"U37146_at"	2176	0.788790413330755	1882	2591	0	38	0	0	FALSE
"U37426_at"	559	-3.13310423230412	363	646	0	38	0	0	FALSE
"U38276_at"	2295	0.669389804122387	1716	2732	0	38	0	0	FALSE
"U41518_at"	577	3.08798877993939	392	736	0	38	0	0	FALSE
"U41654_at"	499	-3.29856562143885	242	616	0	38	0	0	FALSE
"U47077_at"	72	-5.84173012163887	40	93	0	38	0	0	FALSE
"U53204_at"	2399	-0.574104450543568	1916	2965	0	38	0	0	FALSE
"U58675_cds2_at"	2001	-0.97681413949803	1560	2455	0	38	0	0	FALSE
"U60061_at"	1105	-2.05737090608888	625	1259	0	38	0	0	FALSE
"U72649_at"	2697	-0.313677996752985	2120	3017	0	38	0	1	FALSE
"U83171_at"	2292	0.672014803302024	1021	2649	0	38	0	0	FALSE
"U94832_at"	2011	-0.968321031266421	1564	2269	0	38	0	0	FALSE
"U96131_at"	2541	-0.463847243213649	2197	3023	0	38	0	1	FALSE
"X02160_at"	265	-4.1269306534966	208	344	0	38	0	0	FALSE
"X04526_at"	397	-3.63773051634145	232	521	0	38	0	0	FALSE
"X05610_at"	1965	1.00409858415641	1417	2252	0	38	0	0	FALSE
"X07203_at"	986	-2.24525772124424	909	1177	0	38	0	0	FALSE
"X12671_rna1_at"	1482	-1.5274281303356	1027	1781	0	38	0	0	FALSE
"X16323_at"	1786	-1.20899103710165	1498	2311	0	38	0	0	FALSE
"X55990_rna1_at"	854	2.4960757420218	597	1033	0	38	0	0	FALSE
"X56841_at"	2077	-0.899423352029484	1640	2445	0	38	0	0	FALSE
"X57985_rna2_at"	2118	0.852329455376538	1622	2550	0	38	0	0	FALSE
"X58072_at"	502	-3.29453564425117	440	605	0	38	0	0	FALSE
"X59739_at"	338	-3.85215639824986	227	406	0	38	0	0	FALSE
"X65463_at"	911	2.39444757796291	613	1098	0	38	0	0	FALSE
"X65488_at"	912	-2.39182130542758	590	1073	0	38	0	0	FALSE
"X72727_at"	1877	-1.09573378023059	1538	2243	0	38	0	0	FALSE
"X72889_at"	1635	-1.36914836755855	1292	1925	0	38	0	0	FALSE
"X73478_at"	2319	-0.653936119931034	1921	3021	0	38	0	1	FALSE
"X75918_at"	1797	1.18829330875327	1387	2256	0	38	0	0	FALSE
"X78338_at"	1514	1.5012207075465	1003	1864	0	38	0	0	FALSE
"X81625_at"	1096	2.06801933258158	758	1306	0	38	0	0	FALSE
"X82209_at"	3013	0.0273497997719033	1757	3038	0	38	0	14	FALSE
"Y00264_at"	2147	-0.817110102816246	1588	2473	0	38	0	0	FALSE
"Y07909_at"	1776	1.21815472047046	1441	2334	0	38	0	0	FALSE
"Z15115_at"	8	-7.3481379428185	4	22	37	38	0.973684210526316	0	TRUE
"Z74615_at"	3010	-0.030098933823655	2550	3050	0	38	0	15	FALSE
"X95808_s_at"	1450	-1.5673429738677	852	1723	0	38	0	0	FALSE
"Z49107_s_at"	2867	0.149298008832484	2077	3030	0	38	0	5	FALSE
"AC002045_xpt2_s_at"	1947	-1.01753856693255	1339	2391	0	38	0	0	FALSE
"D00408_s_at"	2519	-0.481898220192434	1969	2873	0	38	0	0	FALSE
"X83416_s_at"	2969	0.0694085063358944	2541	3044	0	38	0	13	FALSE
"M23178_s_at"	531	3.21314864233382	374	644	0	38	0	0	FALSE
"M18700_s_at"	2919	0.109568887213271	2482	3049	0	38	0	9	FALSE
"Y00097_s_at"	1077	-2.09373462329894	833	1292	0	38	0	0	FALSE
"M37271_s_at"	2494	-0.502250204452523	2033	2824	0	38	0	0	FALSE
"D00749_s_at"	493	-3.30871728222017	327	578	0	38	0	0	FALSE
"X15331_s_at"	2982	-0.0607305499427324	2429	3051	0	38	0	13	FALSE
"L09229_s_at"	528	3.22186435503154	339	660	0	38	0	0	FALSE
"L32832_s_at"	2069	-0.909017258861094	1220	2401	0	38	0	0	FALSE
"D10537_s_at"	1126	2.02317487354468	683	1308	0	38	0	0	FALSE
"L06797_s_at"	175	-4.61015422049814	102	240	0	38	0	0	FALSE
"D11327_s_at"	977	2.25519651500989	642	1105	0	38	0	0	FALSE
"D12775_s_at"	1997	0.98122896832338	1647	2311	0	38	0	0	FALSE
"M15465_s_at"	2473	0.519311877005615	1573	2913	0	38	0	0	FALSE
"D79206_s_at"	1065	2.10799711008524	721	1332	0	38	0	0	FALSE
"HG1686-HT4572_s_at"	1284	1.7974404432322	1065	1544	0	38	0	0	FALSE
"D13631_s_at"	1302	-1.77676481348562	841	1563	0	38	0	0	FALSE
"D13705_s_at"	1055	2.1315357483334	838	1200	0	38	0	0	FALSE
"HG1400-HT1400_s_at"	155	-4.77548005289902	114	206	0	38	0	0	FALSE
"HG2348-HT2444_s_at"	2237	0.7292275059522	1999	2795	0	38	0	0	FALSE
"D14826_s_at"	1678	1.33053531580816	1521	1917	0	38	0	0	FALSE
"S68271_s_at"	2146	0.817666179339707	1958	2880	0	38	0	1	FALSE
"X52213_s_at"	1970	0.999518100631041	1761	2817	0	38	0	0	FALSE
"Z49835_s_at"	378	3.69544500090716	267	477	0	38	0	0	FALSE
"HG4541-HT4946_s_at"	365	3.77228840709154	243	436	0	38	0	0	FALSE
"U00802_s_at"	1170	-1.9545609073955	1053	1377	0	38	0	0	FALSE
"D26156_s_at"	80	-5.76417565511824	53	106	0	38	0	0	FALSE
"D87716_s_at"	657	-2.88369181485087	455	773	0	38	0	0	FALSE
"L15326_s_at"	678	2.8253741765816	618	859	0	38	0	0	FALSE
"D28235_s_at"	712	2.74509205966692	653	910	0	38	0	0	FALSE
"D28473_s_at"	293	-4.02303269854748	207	352	0	38	0	0	FALSE
"X59842_rna1_s_at"	2746	0.270031683873048	2355	3034	0	38	0	2	FALSE
"D29640_s_at"	1071	-2.10137156889182	526	1333	0	38	0	0	FALSE
"D29675_s_at"	1857	1.1203872992655	1008	2135	0	38	0	0	FALSE
"U34380_rna1_s_at"	1951	1.01469541564446	1206	2292	0	38	0	0	FALSE
"X68688_rna1_s_at"	829	2.55466733496245	285	1038	0	38	0	0	FALSE
"D31840_s_at"	1469	1.54672340019459	635	1755	0	38	0	0	FALSE
"HG4312-HT4582_s_at"	720	-2.73243962397931	537	918	0	38	0	0	FALSE
"X62153_s_at"	285	-4.03978680283061	139	384	0	38	0	0	FALSE
"U27325_s_at"	2610	-0.400674769794376	2055	2788	0	38	0	1	FALSE
"D38251_s_at"	1214	-1.88265893845579	917	1507	0	38	0	0	FALSE
"U38964_s_at"	1039	-2.16600087224416	695	1274	0	38	0	0	FALSE
"D42040_s_at"	2810	-0.197985393555551	2276	3003	0	38	0	2	FALSE
"Z84497_s_at"	1178	1.9384586152855	667	1411	0	38	0	0	FALSE
"D43682_s_at"	190	4.49068520955137	92	292	0	38	0	0	FALSE
"X89109_s_at"	2261	-0.705492939888944	1961	2809	0	38	0	0	FALSE
"M19311_s_at"	174	-4.61154219289088	10	242	1	38	0.0263157894736842	0	FALSE
"D49487_s_at"	2922	0.107148399890491	1918	3047	0	38	0	7	FALSE
"D49824_s_at"	2653	0.359817050188822	2300	3042	0	38	0	3	FALSE
"L38593_s_at"	884	2.4436789847119	636	1089	0	38	0	0	FALSE
"U50079_s_at"	1623	-1.38251876281421	1286	2061	0	38	0	0	FALSE
"U58046_s_at"	654	-2.88829245827004	478	810	0	38	0	0	FALSE
"D63479_s_at"	571	-3.10799622299222	446	673	0	38	0	0	FALSE
"S82447_s_at"	2684	0.325296765266129	2142	2999	0	38	0	2	FALSE
"M96954_s_at"	2754	0.2641113942473	2194	3013	0	38	0	3	FALSE
"Y10807_s_at"	909	-2.39519899273278	553	1065	0	38	0	0	FALSE
"D78132_s_at"	2020	0.961823887669682	1582	2343	0	38	0	0	FALSE
"D78577_s_at"	455	-3.43853413755937	329	572	0	38	0	0	FALSE
"D79984_s_at"	1721	1.28321699848258	858	2071	0	38	0	0	FALSE
"S78271_s_at"	1225	-1.87603011827303	958	1473	0	38	0	0	FALSE
"D83260_s_at"	2449	-0.538925641586945	1936	2830	0	38	0	0	FALSE
"D85131_s_at"	2732	-0.280184237954163	2283	3033	0	38	0	2	FALSE
"D86043_s_at"	2796	-0.215895312962092	1999	3037	0	38	0	2	FALSE
"Y10375_s_at"	1175	1.94034387408471	783	1400	0	38	0	0	FALSE
"U19713_s_at"	291	4.02582023092738	117	395	0	38	0	0	FALSE
"Z35085_s_at"	2828	0.183631872712061	2114	3043	0	38	0	5	FALSE
"U52191_s_at"	1379	-1.66500019136904	782	1619	0	38	0	0	FALSE
"L33930_s_at"	99	-5.41770543336912	85	123	0	38	0	0	FALSE
"D90070_s_at"	1800	-1.18280893269217	1229	2052	0	38	0	0	FALSE
"J03260_s_at"	2956	0.0787400116635559	2406	3050	0	38	0	9	FALSE
"HG1728-HT1734_s_at"	1706	1.30015871795427	1394	1982	0	38	0	0	FALSE
"X55448_cds1_s_at"	1689	1.31674997332286	1317	1989	0	38	0	0	FALSE
"HG110-HT110_s_at"	1247	-1.84720410761256	804	1570	0	38	0	0	FALSE
"HG1140-HT4817_s_at"	1100	2.06389761481455	633	1320	0	38	0	0	FALSE
"HG1322-HT5143_s_at"	126	-5.10606873713647	39	172	0	38	0	0	FALSE
"M25079_s_at"	2128	-0.833089847177581	1848	2656	0	38	0	0	FALSE
"HG1428-HT1428_s_at"	1578	1.42797505966063	1381	1985	0	38	0	0	FALSE
"HG1471-HT3923_s_at"	1206	1.896820020749	324	1428	0	38	0	0	FALSE
"HG1496-HT1496_s_at"	2005	0.974282247441437	1865	2992	0	38	0	1	FALSE
"X57351_at"	2264	-0.700852867744208	1942	2938	0	38	0	0	FALSE
"X57351_s_at"	1977	-0.995806217552726	1586	2297	0	38	0	0	FALSE
"HG1595-HT4788_s_at"	2476	-0.514552216005103	1874	2832	0	38	0	0	FALSE
"HG1751-HT1768_at"	2377	0.590316387615831	1840	2918	0	38	0	0	FALSE
"U19247_rna1_s_at"	680	2.82108128089084	431	924	0	38	0	0	FALSE
"HG1763-HT1780_s_at"	1984	-0.992732206139163	1598	2300	0	38	0	0	FALSE
"J03915_s_at"	1532	1.46701512124942	1000	1855	0	38	0	0	FALSE
"U43901_rna1_s_at"	2530	-0.472789466795366	1603	2818	0	38	0	0	FALSE
"HG1827-HT1856_s_at"	2716	0.293056247110127	1767	3041	0	38	0	1	FALSE
"U24183_s_at"	1506	-1.50758324197347	851	1814	0	38	0	0	FALSE
"Z26248_s_at"	2544	0.463145871440332	1943	2620	0	38	0	1	FALSE
"HG2238-HT2321_s_at"	1898	-1.08430284745894	1061	2129	0	38	0	0	FALSE
"HG4069-HT4339_s_at"	549	3.16513512729996	463	661	0	38	0	0	FALSE
"HG2259-HT2348_s_at"	1745	-1.25685773888339	1188	2135	0	38	0	0	FALSE
"L14778_s_at"	2427	-0.554204489917475	2096	2827	0	38	0	0	FALSE
"HG2479-HT2575_s_at"	1611	-1.39045712757464	978	2030	0	38	0	0	FALSE
"L08835_rna2_s_at"	1471	-1.54153923746591	1204	1877	0	38	0	0	FALSE
"X06182_s_at"	1127	2.02230857603941	843	1475	0	38	0	0	FALSE
"U22376_cds2_s_at"	10	-7.27676441013278	3	26	36	38	0.947368421052632	0	TRUE
"HG2639-HT2735_s_at"	303	3.99448879616887	175	365	0	38	0	0	FALSE
"HG2705-HT2801_s_at"	2972	-0.0674177766065214	2326	3049	0	38	0	13	FALSE
"HG274-HT274_s_at"	1076	2.09393720190699	620	1304	0	38	0	0	FALSE
"HG2797-HT2906_s_at"	2532	0.470095343552459	2131	2906	0	38	0	1	FALSE
"M13452_s_at"	188	4.49554880761202	142	262	0	38	0	0	FALSE
"HG2809-HT2920_s_at"	2638	0.37252652766666	2079	2970	0	38	0	0	FALSE
"X04654_s_at"	631	-2.95315663609835	473	841	0	38	0	0	FALSE
"HG2815-HT2931_at"	1022	-2.18373465089561	754	1191	0	38	0	0	FALSE
"HG2815-HT2931_s_at"	1490	-1.52061109524394	815	1812	0	38	0	0	FALSE
"HG2981-HT3127_s_at"	211	4.3703479214974	117	316	0	38	0	0	FALSE
"HG2981-HT3125_s_at"	307	3.98558794398668	135	391	0	38	0	0	FALSE
"HG2994-HT4850_s_at"	2762	0.258905973987549	2161	2985	0	38	0	1	FALSE
"U77846_rna1_at"	1884	1.09326090558657	1378	2221	0	38	0	0	FALSE
"U77846_rna1_s_at"	1333	1.72913918557767	932	1554	0	38	0	0	FALSE
"L07807_s_at"	1028	2.17589521278075	759	1279	0	38	0	0	FALSE
"HG3076-HT3238_s_at"	1989	-0.986772418419172	1632	2320	0	38	0	0	FALSE
"X75755_rna1_s_at"	273	-4.0780320155785	168	360	0	38	0	0	FALSE
"HG3107-HT3283_s_at"	2239	0.727586755801389	1124	2577	0	38	0	0	FALSE
"HG3148-HT3324_s_at"	2431	-0.551887371083452	1985	2793	0	38	0	0	FALSE
"M31520_rna1_at"	2481	-0.511639481673513	1548	2897	0	38	0	0	FALSE
"U05572_s_at"	596	3.03084927906066	454	817	0	38	0	0	FALSE
"HG3342-HT3519_s_at"	2184	0.782383878564519	1533	2657	0	38	0	0	FALSE
"HG3395-HT3573_s_at"	872	-2.46407928611093	423	1041	0	38	0	0	FALSE
"HG3417-HT3600_s_at"	1519	1.49643782008594	1222	1868	0	38	0	0	FALSE
"HG3437-HT3628_s_at"	2435	-0.547605890545516	1993	3033	0	38	0	0	FALSE
"HG3484-HT3678_s_at"	2228	-0.739572718610283	1767	2626	0	38	0	0	FALSE
"HG3523-HT4899_s_at"	1889	-1.09008221932557	1096	2186	0	38	0	0	FALSE
"M13929_s_at"	785	-2.64602696730782	508	909	0	38	0	0	FALSE
"J03242_s_at"	2569	0.439583499877608	2135	2831	0	38	0	1	FALSE
"HG3638-HT3849_s_at"	2945	-0.0870289251937966	2260	3032	0	38	0	12	FALSE
"HG371-HT26388_s_at"	1398	1.63785466354753	567	1723	0	38	0	0	FALSE
"HG3725-HT3981_s_at"	367	3.75930024918835	195	457	0	38	0	0	FALSE
"HG3730-HT4000_s_at"	2134	0.826478579773576	1776	2639	0	38	0	0	FALSE
"S80267_s_at"	1900	1.08248536932614	1527	2369	0	38	0	0	FALSE
"HG3920-HT4521_s_at"	956	2.28596180364587	676	1141	0	38	0	0	FALSE
"HG3925-HT4195_s_at"	2847	0.163356134239812	2559	3001	0	38	0	4	FALSE
"X77588_s_at"	1070	-2.10167737499217	939	1328	0	38	0	0	FALSE
"HG4011-HT4804_s_at"	1994	-0.984243541893599	1620	2503	0	38	0	0	FALSE
"M74509_s_at"	1298	1.78143430564456	957	1574	0	38	0	0	FALSE
"HG4113-HT4383_s_at"	2414	-0.565148579350103	2087	2986	0	38	0	1	FALSE
"HG417-HT417_s_at"	468	3.38952137148161	282	613	0	38	0	0	FALSE
"U09937_rna1_s_at"	940	2.32151112605	239	1155	0	38	0	0	FALSE
"M20867_s_at"	975	-2.26095729873584	710	1246	0	38	0	0	FALSE
"HG4264-HT4534_s_at"	1111	2.04218050721718	787	1379	0	38	0	0	FALSE
"HG4318-HT4588_s_at"	2182	0.78300433226777	1748	2597	0	38	0	0	FALSE
"HG4334-HT4604_s_at"	1701	1.3051628896585	1231	2100	0	38	0	0	FALSE
"HG4535-HT4940_s_at"	354	3.81393731103728	130	456	0	38	0	0	FALSE
"HG4668-HT5083_s_at"	1003	2.20697255567964	586	1202	0	38	0	0	FALSE
"HG4755-HT5203_s_at"	679	-2.82241541120023	195	822	0	38	0	0	FALSE
"HG4757-HT5207_s_at"	1502	1.5097732547302	1302	1878	0	38	0	0	FALSE
"M79463_s_at"	1386	1.65236275309299	923	1680	0	38	0	0	FALSE
"HG627-HT5097_s_at"	411	3.59386058396234	289	551	0	38	0	0	FALSE
"HG627-HT5098_s_at"	894	2.43518656338726	608	1176	0	38	0	0	FALSE
"HG651-HT5209_s_at"	1157	-1.96580379809692	625	1314	0	38	0	0	FALSE
"HG721-HT4828_s_at"	2783	0.2329160812699	2178	3044	0	38	0	3	FALSE
"HG880-HT880_at"	2266	0.699220112239219	2034	2894	0	38	0	0	FALSE
"L08096_s_at"	2208	-0.759584968124463	1243	2717	0	38	0	0	FALSE
"S76942_s_at"	1109	2.04898436648042	745	1283	0	38	0	0	FALSE
"HG982-HT982_s_at"	1194	1.91770387618065	644	1423	0	38	0	0	FALSE
"HG998-HT998_s_at"	2753	-0.264402205038196	2380	3047	0	38	0	4	FALSE
"M97935_s_at"	2807	-0.20236410375278	1939	3049	0	38	0	3	FALSE
"L00022_s_at"	2070	-0.907386546612226	1931	2895	0	38	0	1	FALSE
"S71043_rna1_s_at"	457	3.43321211902414	322	571	0	38	0	0	FALSE
"M87789_s_at"	150	4.84049337957125	99	199	0	38	0	0	FALSE
"J00268_s_at"	1158	-1.96559916839142	804	1414	0	38	0	0	FALSE
"V00594_at"	1874	1.09850143229673	1599	2419	0	38	0	0	FALSE
"V00594_s_at"	1371	1.67395780295603	1017	1626	0	38	0	0	FALSE
"J02621_s_at"	463	-3.40703965420289	383	563	0	38	0	0	FALSE
"J02683_s_at"	876	-2.45582774568008	659	1022	0	38	0	0	FALSE
"X05130_s_at"	357	3.81061223098804	190	472	0	38	0	0	FALSE
"M29610_s_at"	643	2.90516170990934	499	889	0	38	0	0	FALSE
"U05255_s_at"	874	2.45924975628183	716	1168	0	38	0	0	FALSE
"Y00339_s_at"	524	3.2394173411025	398	705	0	38	0	0	FALSE
"U50327_s_at"	1314	1.76398438380893	614	1687	0	38	0	0	FALSE
"J03077_s_at"	598	3.02613714877598	493	709	0	38	0	0	FALSE
"U07806_s_at"	2504	-0.497284212375022	2104	2702	0	38	0	1	FALSE
"J03263_s_at"	568	3.11580719897578	201	705	0	38	0	0	FALSE
"Y00285_s_at"	1693	-1.31324926220136	1077	2012	0	38	0	0	FALSE
"M26004_s_at"	886	-2.44192108788253	765	1042	0	38	0	0	FALSE
"M31551_s_at"	1005	2.20646450794828	913	1220	0	38	0	0	FALSE
"X57579_s_at"	957	2.28227884559921	713	1100	0	38	0	0	FALSE
"U01691_s_at"	2752	0.26576869641041	2228	2986	0	38	0	2	FALSE
"M21119_s_at"	484	3.34721996142236	268	641	0	38	0	0	FALSE
"J03805_s_at"	658	-2.88325223744306	208	818	0	38	0	0	FALSE
"M96233_s_at"	1049	2.14380595458392	554	1268	0	38	0	0	FALSE
"J05253_s_at"	1860	-1.11930405749686	1468	2300	0	38	0	0	FALSE
"J04029_s_at"	472	-3.38241454521418	333	628	0	38	0	0	FALSE
"J04046_s_at"	2265	0.699671272379905	1417	2592	0	38	0	0	FALSE
"M69203_s_at"	1203	1.90523965764686	989	1435	0	38	0	0	FALSE
"J04130_s_at"	1396	1.64325980696132	1161	1738	0	38	0	0	FALSE
"M61827_rna1_s_at"	1348	1.71231220785208	1048	1681	0	38	0	0	FALSE
"X14684_s_at"	888	-2.44051021815783	568	1059	0	38	0	0	FALSE
"J04430_s_at"	1315	-1.76241922451317	708	1562	0	38	0	0	FALSE
"U75272_s_at"	2880	-0.140981027708645	2311	3037	0	38	0	4	FALSE
"X52979_rna1_s_at"	2133	-0.8271771960432	1298	2417	0	38	0	0	FALSE
"S40719_s_at"	2173	0.7936872982384	1399	2571	0	38	0	0	FALSE
"X03689_s_at"	2849	0.163173153490863	1880	3023	0	38	0	3	FALSE
"J05016_rna1_s_at"	1940	1.02745083439848	1626	2507	0	38	0	0	FALSE
"J05036_s_at"	1684	1.32555319764713	1463	2144	0	38	0	0	FALSE
"M32304_s_at"	137	4.93849639531162	48	176	0	38	0	0	FALSE
"M34996_s_at"	1632	-1.37205605990673	1254	1970	0	38	0	0	FALSE
"K01160_s_at"	2680	-0.330244552005595	1490	3004	0	38	0	1	FALSE
"K02777_s_at"	447	-3.46867774352539	282	522	0	38	0	0	FALSE
"L00634_s_at"	162	-4.71877778492968	59	215	0	38	0	0	FALSE
"L03411_s_at"	567	-3.11586620668272	326	652	0	38	0	0	FALSE
"U09851_s_at"	908	-2.39940459379345	492	1078	0	38	0	0	FALSE
"L05072_s_at"	2592	0.415992916399664	1874	3030	0	38	0	0	FALSE
"M26665_s_at"	1991	0.985701000357512	1348	2322	0	38	0	0	FALSE
"L05624_s_at"	1392	1.64620070306258	992	1694	0	38	0	0	FALSE
"S57212_s_at"	918	-2.3788031488241	541	1113	0	38	0	0	FALSE
"L09209_s_at"	5	7.96552791357062	3	10	38	38	1	0	TRUE
"X70940_s_at"	2225	-0.741080383316686	1849	2665	0	38	0	0	FALSE
"U89922_s_at"	249	-4.21278299956106	93	307	0	38	0	0	FALSE
"L12711_s_at"	1838	1.1403722173339	1443	2176	0	38	0	0	FALSE
"L13939_s_at"	2953	0.0829344018578583	2412	3049	0	38	0	9	FALSE
"X67235_s_at"	2329	0.642317034094701	1974	2775	0	38	0	0	FALSE
"U33838_s_at"	830	2.55382354083054	316	996	0	38	0	0	FALSE
"Z22951_rna1_s_at"	1705	1.30105728302349	1327	1978	0	38	0	0	FALSE
"L19493_s_at"	1850	-1.12938871941681	1387	2154	0	38	0	0	FALSE
"U11875_s_at"	1926	1.04212301281366	1451	2289	0	38	0	0	FALSE
"X64624_s_at"	1582	-1.424478133226	443	1813	0	38	0	0	FALSE
"U59632_s_at"	608	3.01283554639685	416	739	0	38	0	0	FALSE
"L23333_s_at"	1221	1.87807950064325	894	1456	0	38	0	0	FALSE
"M27394_s_at"	1052	-2.13993710774569	974	1253	0	38	0	0	FALSE
"M60974_s_at"	1139	2.00209742032792	899	1360	0	38	0	0	FALSE
"L24774_s_at"	1658	1.35096759681456	907	1925	0	38	0	0	FALSE
"L25931_s_at"	90	-5.57608416017664	52	128	0	38	0	0	FALSE
"S69265_s_at"	2361	0.608728260929865	1688	2718	0	38	0	0	FALSE
"M96995_s_at"	1674	1.33351096151575	772	2077	0	38	0	0	FALSE
"S77893_s_at"	968	2.2689228216692	833	1289	0	38	0	0	FALSE
"L32831_s_at"	1056	2.12868208391625	815	1332	0	38	0	0	FALSE
"S75578_s_at"	2906	0.121246394811309	2294	3049	0	38	0	10	FALSE
"U80226_s_at"	1018	2.18595532528469	731	1208	0	38	0	0	FALSE
"L35249_s_at"	1148	1.98242353266624	823	1396	0	38	0	0	FALSE
"L46720_s_at"	2943	0.0873167788155383	2297	3048	0	38	0	11	FALSE
"X95097_rna1_s_at"	1555	-1.45007152327007	883	1892	0	38	0	0	FALSE
"L37360_s_at"	2121	-0.847138724573641	1684	2474	0	38	0	0	FALSE
"M34458_rna1_s_at"	163	-4.71003186327424	101	217	0	38	0	0	FALSE
"L38490_s_at"	2843	0.16568607031351	1306	3034	0	38	0	4	FALSE
"U32986_s_at"	1476	-1.5369913128556	1165	1837	0	38	0	0	FALSE
"L40386_s_at"	2790	0.228018496377474	2405	3044	0	38	0	2	FALSE
"U61734_s_at"	508	3.28526051032533	214	629	0	38	0	0	FALSE
"U43185_s_at"	1770	1.22481236131789	1197	2128	0	38	0	0	FALSE
"M97347_s_at"	2089	-0.8883316232643	1489	2543	0	38	0	0	FALSE
"L42374_s_at"	2082	0.89821470329759	1719	2466	0	38	0	0	FALSE
"L43575_s_at"	1731	1.2734007283343	752	2122	0	38	0	0	FALSE
"L43579_s_at"	259	4.14721007295	55	358	0	38	0	0	FALSE
"L44140_cds4_s_at"	1387	1.65220098552572	1213	1694	0	38	0	0	FALSE
"L47276_s_at"	958	-2.28071327657248	703	1167	0	38	0	0	FALSE
"Y08765_s_at"	1078	2.09279628014926	652	1302	0	38	0	0	FALSE
"Y08766_s_at"	1719	1.28664128326737	1174	2003	0	38	0	0	FALSE
"X62891_s_at"	2009	-0.96884261774539	1889	2985	0	38	0	0	FALSE
"X05855_s_at"	403	-3.61818315044381	248	499	0	38	0	0	FALSE
"X07438_s_at"	437	3.5103025980828	284	554	0	38	0	0	FALSE
"X02875_s_at"	2944	-0.087038598075355	2226	3023	0	38	0	8	FALSE
"M12959_s_at"	25	-6.76008537752755	9	40	11	38	0.289473684210526	0	FALSE
"M13560_s_at"	1817	1.16329457516313	921	2135	0	38	0	0	FALSE
"M13690_s_at"	203	4.40916110769465	156	291	0	38	0	0	FALSE
"M13829_s_at"	2117	0.852439979614601	1840	2701	0	38	0	0	FALSE
"M34353_s_at"	2979	0.06473575693489	2453	3051	0	38	0	11	FALSE
"M13994_s_at"	1713	1.29183187225383	1330	2092	0	38	0	0	FALSE
"M60891_s_at"	1326	1.74418360162101	1169	1749	0	38	0	0	FALSE
"M14328_s_at"	1321	1.75255405437845	588	1540	0	38	0	0	FALSE
"M16336_s_at"	290	-4.02776292169128	247	371	0	38	0	0	FALSE
"X04602_s_at"	1239	1.8582732339308	1127	1504	0	38	0	0	FALSE
"Y00081_s_at"	1193	1.91786054581853	1098	1425	0	38	0	0	FALSE
"X64072_s_at"	147	4.85883458983939	5	213	1	38	0.0263157894736842	0	FALSE
"M36429_s_at"	1944	-1.01920523064912	1430	2482	0	38	0	0	FALSE
"M16591_s_at"	1763	1.23334908167545	1516	2224	0	38	0	0	FALSE
"M16652_at"	1477	1.53429638140083	1154	1815	0	38	0	0	FALSE
"M16707_rna1_s_at"	2219	-0.748050946051846	1124	2512	0	38	0	0	FALSE
"M16750_s_at"	421	3.56428206736292	127	566	0	38	0	0	FALSE
"M16938_s_at"	2336	0.633098099608075	1356	2608	0	38	0	0	FALSE
"M28130_rna1_s_at"	37	6.32170283696108	3	76	1	38	0.0263157894736842	0	FALSE
"Y00787_s_at"	19	6.86557886432735	2	43	9	38	0.236842105263158	0	TRUE
"M17236_at"	2442	0.544231358516198	2048	2869	0	38	0	1	FALSE
"M17254_s_at"	1858	-1.11984085187721	796	2214	0	38	0	0	FALSE
"Y00414_s_at"	492	3.31622389150967	342	602	0	38	0	0	FALSE
"M18255_cds2_s_at"	681	-2.81980506283636	338	905	0	38	0	0	FALSE
"M19508_xpt3_s_at"	462	3.41323103948485	232	604	0	38	0	0	FALSE
"M27783_s_at"	108	5.32661967823202	69	151	0	38	0	0	FALSE
"M20203_s_at"	469	3.38729123698725	362	604	0	38	0	0	FALSE
"M26311_s_at"	828	2.55519797452224	575	1011	0	38	0	0	FALSE
"M84371_rna1_s_at"	111	-5.27719586600331	74	141	0	38	0	0	FALSE
"M26692_s_at"	892	-2.43566552350075	779	1043	0	38	0	0	FALSE
"M26730_s_at"	2674	-0.335209843583257	2060	2984	0	38	0	2	FALSE
"M22348_s_at"	3037	0.0134744468653996	2383	3051	0	38	0	19	FALSE
"M23323_s_at"	1343	-1.71708538211207	1092	1555	0	38	0	0	FALSE
"Z68228_s_at"	2450	-0.538104074271421	2008	2767	0	38	0	0	FALSE
"X95325_s_at"	2665	0.34837337850991	2221	3037	0	38	0	1	FALSE
"M24485_s_at"	1007	2.20099171690369	529	1319	0	38	0	0	FALSE
"M54915_s_at"	547	3.16849772542317	101	696	0	38	0	0	FALSE
"U16799_s_at"	2416	-0.562459209721	1378	2973	0	38	0	0	FALSE
"M31776_s_at"	1019	-2.18580567195503	733	1207	0	38	0	0	FALSE
"M26041_s_at"	2236	0.730498117987945	1527	2708	0	38	0	0	FALSE
"Z80345_rna1_s_at"	2644	-0.366725703262179	947	2905	0	38	0	0	FALSE
"M27504_s_at"	218	-4.34697243830176	96	278	0	38	0	0	FALSE
"X60003_s_at"	1837	-1.14168393713061	1421	2252	0	38	0	0	FALSE
"S72493_s_at"	1675	1.33270198720296	761	1985	0	38	0	0	FALSE
"M29277_at"	1467	1.54747995656909	802	1704	0	38	0	0	FALSE
"M29277_s_at"	2081	-0.898603593133994	1055	2389	0	38	0	0	FALSE
"M28882_s_at"	2859	-0.155861069513998	2258	3040	0	38	0	5	FALSE
"U20734_s_at"	766	2.67245369275967	328	927	0	38	0	0	FALSE
"Z47055_s_at"	375	-3.72039172930407	285	444	0	38	0	0	FALSE
"M29932_s_at"	1241	1.85719822572147	881	1448	0	38	0	0	FALSE
"M29994_s_at"	1646	1.36176825699924	747	1953	0	38	0	0	FALSE
"M33493_s_at"	992	2.22316469680033	803	1315	0	38	0	0	FALSE
"M30448_s_at"	2934	0.0947555205473901	2412	3046	0	38	0	12	FALSE
"M30703_s_at"	603	3.01898247338267	508	800	0	38	0	0	FALSE
"M74587_rna1_s_at"	2784	-0.230830036016004	2311	3045	0	38	0	3	FALSE
"X97748_s_at"	409	3.60597257630026	329	536	0	38	0	0	FALSE
"M31169_s_at"	1825	1.15498916598331	1038	2162	0	38	0	0	FALSE
"M31211_s_at"	28	-6.70712240805833	12	50	7	38	0.184210526315789	0	FALSE
"U05681_s_at"	256	4.17994030910599	153	309	0	38	0	0	FALSE
"M32879_at"	1607	-1.39248914261987	432	1821	0	38	0	0	FALSE
"M32879_s_at"	2558	-0.44695560260976	1939	2901	0	38	0	0	FALSE
"M58286_s_at"	1134	-2.01127674357205	1017	1332	0	38	0	0	FALSE
"M34338_s_at"	2931	-0.0984214913988539	2473	3048	0	38	0	9	FALSE
"S37730_s_at"	2010	-0.968717017671756	626	2270	0	38	0	0	FALSE
"U50648_s_at"	2165	0.800548714933631	1773	2661	0	38	0	0	FALSE
"X13955_s_at"	1660	1.35017459544321	1507	2205	0	38	0	0	FALSE
"M36284_s_at"	1813	1.16967615622306	1290	2190	0	38	0	0	FALSE
"M36542_s_at"	1231	1.87222022123876	854	1429	0	38	0	0	FALSE
"X13810_s_at"	825	2.56581594538652	584	994	0	38	0	0	FALSE
"M57731_s_at"	219	4.34485773488965	147	306	0	38	0	0	FALSE
"X53800_s_at"	882	2.44669135541137	775	1082	0	38	0	0	FALSE
"M37238_s_at"	1734	-1.2684942034041	1304	2124	0	38	0	0	FALSE
"M37457_at"	1798	-1.1863008417846	1502	2208	0	38	0	0	FALSE
"M38449_s_at"	793	2.62825008988603	256	972	0	38	0	0	FALSE
"M86933_s_at"	2987	-0.0534095896237259	2114	3048	0	38	0	15	FALSE
"M55513_s_at"	1107	-2.05557715842401	893	1304	0	38	0	0	FALSE
"M57466_s_at"	2614	0.396393180402278	2072	2962	0	38	0	0	FALSE
"U16720_rna1_s_at"	2310	0.660879865509657	1781	2830	0	38	0	0	FALSE
"X13461_s_at"	2136	0.825315173339562	867	2443	0	38	0	0	FALSE
"M58525_s_at"	2604	0.40718276225664	1591	2936	0	38	0	0	FALSE
"X52282_s_at"	1885	1.09246807666787	1575	2543	0	38	0	0	FALSE
"M60284_s_at"	3011	0.0292298546200377	2615	3047	0	38	0	14	FALSE
"M60483_rna1_s_at"	1017	-2.18939396774267	743	1253	0	38	0	0	FALSE
"X69950_s_at"	2507	-0.493549830037779	2017	2807	0	38	0	0	FALSE
"M60784_s_at"	947	-2.29698758663568	781	1163	0	38	0	0	FALSE
"M61826_s_at"	1324	1.74814531540631	1056	1640	0	38	0	0	FALSE
"M61832_s_at"	2607	0.403741213495877	1759	3015	0	38	0	0	FALSE
"M62403_s_at"	1615	-1.38670830729921	1137	1922	0	38	0	0	FALSE
"M62628_s_at"	2238	-0.729162372353074	1815	2629	0	38	0	0	FALSE
"M63438_s_at"	113	5.26903580481583	58	151	0	38	0	0	FALSE
"M92843_s_at"	1487	1.52350573132287	839	1869	0	38	0	0	FALSE
"M63838_s_at"	148	-4.85172836055759	35	230	0	38	0	0	FALSE
"Z26491_s_at"	2570	-0.438165989270973	2116	2877	0	38	0	1	FALSE
"M72885_rna1_s_at"	916	2.38681341294985	787	1128	0	38	0	0	FALSE
"X63131_s_at"	1762	1.23624088587538	1553	2288	0	38	0	0	FALSE
"M74715_s_at"	641	2.91256002751008	482	736	0	38	0	0	FALSE
"U04285_s_at"	2623	0.386974643149307	2177	2970	0	38	0	1	FALSE
"Z31690_s_at"	1918	1.05732431409489	1570	2490	0	38	0	0	FALSE
"M75715_s_at"	240	4.23849825095432	99	356	0	38	0	0	FALSE
"M77348_rna1_s_at"	2766	0.252455154528554	2436	2942	0	38	0	2	FALSE
"X90824_s_at"	2355	0.6105477223294	1349	2671	0	38	0	0	FALSE
"M80397_s_at"	2920	-0.108734043290947	2198	3045	0	38	0	6	FALSE
"X62083_s_at"	1407	-1.62591443617626	1080	1796	0	38	0	0	FALSE
"M81181_s_at"	2549	0.458442695157078	2164	2919	0	38	0	1	FALSE
"M81695_s_at"	68	5.89257670021485	35	101	0	38	0	0	FALSE
"M83652_s_at"	124	5.1280418021766	22	190	0	38	0	0	FALSE
"X62534_s_at"	1741	-1.26031882480313	1266	2072	0	38	0	0	FALSE
"M83667_rna1_s_at"	217	4.34813180971044	126	349	0	38	0	0	FALSE
"S54005_s_at"	270	-4.09436878704381	167	350	0	38	0	0	FALSE
"S57132_s_at"	2600	0.41043626206993	2161	3003	0	38	0	1	FALSE
"X75091_s_at"	1459	-1.55783890888892	959	1773	0	38	0	0	FALSE
"M94172_s_at"	1972	0.99854875972581	1508	2334	0	38	0	0	FALSE
"Y10141_s_at"	2429	-0.553860113744945	1962	2801	0	38	0	0	FALSE
"X68985_s_at"	2058	0.92159021397532	1686	2345	0	38	0	0	FALSE
"M97796_s_at"	2115	0.854085892775835	1379	2442	0	38	0	0	FALSE
"X59303_s_at"	2325	-0.647785026664717	1859	2797	0	38	0	0	FALSE
"M98399_s_at"	209	4.38649928075588	105	338	0	38	0	0	FALSE
"X66142_s_at"	2142	-0.819098016423337	1900	2994	0	38	0	1	FALSE
"X57809_s_at"	1032	2.17132987082216	728	1226	0	38	0	0	FALSE
"X65784_s_at"	1793	-1.19731503780179	1434	2166	0	38	0	0	FALSE
"S56151_s_at"	1503	1.50946452253995	1029	1774	0	38	0	0	FALSE
"S69272_s_at"	1040	2.16433019150161	616	1250	0	38	0	0	FALSE
"X51362_s_at"	2705	0.307172265951042	2119	3044	0	38	0	2	FALSE
"S72024_s_at"	1167	1.95669921465603	888	1471	0	38	0	0	FALSE
"S72503_s_at"	2439	0.546936295963779	1126	2834	0	38	0	0	FALSE
"S73885_s_at"	702	-2.75570301384966	395	971	0	38	0	0	FALSE
"U31929_s_at"	2728	0.281878572008762	1888	3047	0	38	0	2	FALSE
"U33052_s_at"	1893	1.0859296204919	1443	2409	0	38	0	0	FALSE
"S77154_s_at"	632	2.94964258570958	452	751	0	38	0	0	FALSE
"S79219_s_at"	2096	-0.87505191955665	1616	2475	0	38	0	0	FALSE
"S79873_s_at"	2026	0.95654003763831	1554	2422	0	38	0	0	FALSE
"S80437_s_at"	1143	-1.99820025083639	811	1407	0	38	0	0	FALSE
"X58199_s_at"	1308	1.77152399887404	617	1590	0	38	0	0	FALSE
"S81243_s_at"	691	2.79528231064128	252	875	0	38	0	0	FALSE
"S81264_s_at"	2421	0.557085090371815	1697	2951	0	38	0	0	FALSE
"S82597_rna1_s_at"	2364	0.604605467187156	2016	2978	0	38	0	0	FALSE
"S83362_s_at"	2048	0.936411797389777	1544	2429	0	38	0	0	FALSE
"U04806_s_at"	2313	0.656290043596369	1781	2720	0	38	0	0	FALSE
"X73358_s_at"	1101	-2.06175308188189	704	1295	0	38	0	0	FALSE
"U06155_s_at"	1708	-1.29818129541421	1525	2004	0	38	0	0	FALSE
"U51010_s_at"	1063	-2.11278687848328	618	1265	0	38	0	0	FALSE
"U18271_cds3_s_at"	125	-5.10889794961286	85	147	0	38	0	0	FALSE
"U09178_s_at"	429	-3.54267664569411	280	494	0	38	0	0	FALSE
"U09510_s_at"	2580	0.432300293327192	2265	2954	0	38	0	1	FALSE
"U09716_s_at"	2059	-0.919645395882035	1626	2367	0	38	0	0	FALSE
"U09820_s_at"	849	-2.50849323601173	578	1122	0	38	0	0	FALSE
"X75346_s_at"	664	2.86018453626594	407	834	0	38	0	0	FALSE
"X91911_s_at"	396	3.64013261797748	216	512	0	38	0	0	FALSE
"X84213_s_at"	2930	0.100770070722824	2297	3043	0	38	0	10	FALSE
"X74301_s_at"	161	-4.72889950724517	130	200	0	38	0	0	FALSE
"U19252_s_at"	1680	1.32897049146405	1295	1975	0	38	0	0	FALSE
"U22431_s_at"	2162	0.80221360142079	1641	2514	0	38	0	0	FALSE
"U22970_rna1_s_at"	2008	-0.970003811976004	1618	2487	0	38	0	0	FALSE
"U23852_s_at"	288	-4.03423382042583	220	358	0	38	0	0	FALSE
"U25034_s_at"	1712	1.29297529885816	1430	2012	0	38	0	0	FALSE
"U26173_s_at"	191	4.48909539601244	59	274	0	38	0	0	FALSE
"U26266_s_at"	21	-6.84787530995967	3	35	7	38	0.184210526315789	0	FALSE
"U26312_s_at"	722	-2.73013396174978	227	916	0	38	0	0	FALSE
"U75276_s_at"	330	-3.8716386264141	128	400	0	38	0	0	FALSE
"Z50115_s_at"	669	-2.85111557015608	573	847	0	38	0	0	FALSE
"U30827_s_at"	2309	-0.661839452519059	1941	2836	0	38	0	0	FALSE
"U45328_s_at"	2296	-0.668924000656825	1902	2810	0	38	0	0	FALSE
"U31903_s_at"	2437	-0.547130893063632	2035	2811	0	38	0	1	FALSE
"U41068_cds2_s_at"	2079	0.898713811905174	1712	2493	0	38	0	0	FALSE
"U32674_s_at"	2800	0.210573052107595	2435	2946	0	38	0	3	FALSE
"U43203_s_at"	2304	0.666824838404586	1807	2892	0	38	0	1	FALSE
"X82850_s_at"	1834	1.14594250046458	1485	2305	0	38	0	0	FALSE
"U67092_s_at"	1520	1.49496157436897	777	1710	0	38	0	0	FALSE
"X85116_rna1_s_at"	62	5.98730080843087	16	97	1	38	0.0263157894736842	0	FALSE
"U33936_s_at"	2757	-0.261750170890075	2094	3018	0	38	0	1	FALSE
"U35835_s_at"	538	-3.19740953917984	321	623	0	38	0	0	FALSE
"U36759_s_at"	2584	0.426502453596014	1964	2966	0	38	0	0	FALSE
"Z69030_s_at"	767	-2.67067002042357	490	908	0	38	0	0	FALSE
"X85137_s_at"	1267	-1.82091530304583	975	1506	0	38	0	0	FALSE
"U76366_s_at"	2455	-0.53376822828392	1852	2803	0	38	0	0	FALSE
"U41315_rna1_s_at"	1041	2.1628258317282	834	1368	0	38	0	0	FALSE
"U41767_s_at"	156	4.77456414851051	103	207	0	38	0	0	FALSE
"X96506_s_at"	1328	1.74078882880017	1074	1545	0	38	0	0	FALSE
"U51333_s_at"	1767	1.22918873452875	1140	2098	0	38	0	0	FALSE
"U43189_s_at"	1564	1.44247478624777	1198	1925	0	38	0	0	FALSE
"U43916_s_at"	1082	2.08708185700992	947	1357	0	38	0	0	FALSE
"U44799_s_at"	2667	-0.346366448073998	1984	3019	0	38	0	1	FALSE
"U45448_s_at"	2661	0.35483336342388	1229	2952	0	38	0	0	FALSE
"U47686_s_at"	1042	-2.16241012963768	550	1208	0	38	0	0	FALSE
"U49020_cds2_s_at"	40	-6.27568949815418	30	57	0	38	0	0	FALSE
"Z49148_s_at"	2764	0.253911506231559	2415	2994	0	38	0	3	FALSE
"U49835_s_at"	1188	-1.92830289712514	943	1390	0	38	0	0	FALSE
"U52077_s_at"	2844	0.165362258881496	2233	3037	0	38	0	5	FALSE
"U52696_s_at"	1661	-1.35003820477587	1157	2047	0	38	0	0	FALSE
"Z54367_s_at"	718	2.73312832959397	203	922	0	38	0	0	FALSE
"U54644_s_at"	2000	0.976884411471962	1413	2404	0	38	0	0	FALSE
"U66711_rna1_s_at"	1766	1.2300366107698	1290	2083	0	38	0	0	FALSE
"U57971_s_at"	565	3.1211232978082	405	655	0	38	0	0	FALSE
"U59831_rna1_s_at"	2161	0.802540611799018	1383	2510	0	38	0	0	FALSE
"U69140_s_at"	2803	-0.208103288784132	1961	3043	0	38	0	3	FALSE
"U61276_s_at"	1093	2.07314556581967	869	1322	0	38	0	0	FALSE
"U67122_s_at"	2064	-0.91085339158998	1636	2466	0	38	0	0	FALSE
"U61397_s_at"	512	-3.28081725447756	299	621	0	38	0	0	FALSE
"U79261_s_at"	1910	1.06813704331288	1663	2561	0	38	0	0	FALSE
"X56687_s_at"	618	-2.99124397583572	140	768	0	38	0	0	FALSE
"X00437_s_at"	1094	-2.06982509339715	540	1277	0	38	0	0	FALSE
"U70064_s_at"	2180	-0.785080261238597	1780	2839	0	38	0	0	FALSE
"Z48501_s_at"	271	4.09085622680755	195	342	0	38	0	0	FALSE
"U69126_s_at"	1576	1.43167029953055	669	1840	0	38	0	0	FALSE
"U70439_s_at"	2649	0.362263581974691	2267	3032	0	38	0	1	FALSE
"U72509_s_at"	2098	0.872959576276501	1456	2406	0	38	0	0	FALSE
"U72936_s_at"	14	-7.07476270834987	8	25	33	38	0.868421052631579	0	TRUE
"U73477_s_at"	1844	1.13480656649276	873	2155	0	38	0	0	FALSE
"Y09392_s_at"	2858	-0.15601801986651	2428	3049	0	38	0	8	FALSE
"U79528_s_at"	1971	-0.999164242213542	1650	2512	0	38	0	0	FALSE
"U76764_s_at"	2515	0.487012180833964	1939	2829	0	38	0	0	FALSE
"U82108_s_at"	427	3.54518271966659	289	494	0	38	0	0	FALSE
"U83598_at"	2511	0.488292749134046	2142	2968	0	38	0	0	FALSE
"U86759_s_at"	1881	1.09452248625844	1576	2233	0	38	0	0	FALSE
"U90543_s_at"	1619	1.38569718820467	1126	2030	0	38	0	0	FALSE
"U90552_s_at"	152	-4.81446747249655	88	237	0	38	0	0	FALSE
"X12530_s_at"	827	-2.55604113489445	745	969	0	38	0	0	FALSE
"X65965_s_at"	740	2.70696790317131	589	933	0	38	0	0	FALSE
"X15729_s_at"	1204	-1.89963040689818	756	1444	0	38	0	0	FALSE
"X70944_s_at"	2698	-0.310522252595595	2315	3032	0	38	0	2	FALSE
"X53296_s_at"	426	3.54564749149028	306	543	0	38	0	0	FALSE
"X61755_rna1_s_at"	2707	0.305777951604854	1776	2820	0	38	0	1	FALSE
"X53390_s_at"	1478	-1.53351638232017	1068	1804	0	38	0	0	FALSE
"X55037_s_at"	2349	-0.618564375569917	2006	2758	0	38	0	0	FALSE
"Y00451_s_at"	575	3.09383366556114	464	709	0	38	0	0	FALSE
"X58431_rna2_s_at"	202	4.41427617831265	134	279	0	38	0	0	FALSE
"X59932_s_at"	1446	-1.57251674048578	923	1692	0	38	0	0	FALSE
"X74874_rna1_s_at"	1909	1.06992003231383	1511	2366	0	38	0	0	FALSE
"X83492_at"	1752	1.25337676411021	1050	2083	0	38	0	0	FALSE
"X89101_s_at"	386	3.68039310021031	82	522	0	38	0	0	FALSE
"X66276_s_at"	1464	1.55171127848037	1024	1751	0	38	0	0	FALSE
"Z25521_s_at"	1131	-2.01851111713069	683	1344	0	38	0	0	FALSE
"X76223_s_at"	648	-2.89798279322441	587	798	0	38	0	0	FALSE
"X79200_at"	2788	0.230061669337478	1957	3046	0	38	0	2	FALSE
"X97267_rna1_s_at"	201	-4.42064296673846	139	290	0	38	0	0	FALSE
"X82206_s_at"	1382	1.66134706392322	1129	1652	0	38	0	0	FALSE
"Z49825_s_at"	1775	1.21821316357533	1073	2077	0	38	0	0	FALSE
"Z69043_s_at"	2706	-0.306429384661083	2149	3046	0	38	0	3	FALSE
"X90846_at"	2054	0.92832030855913	1308	2418	0	38	0	0	FALSE
"X98534_s_at"	1067	2.10663638560659	781	1282	0	38	0	0	FALSE
"Z11899_s_at"	2818	0.193731532160294	2180	3048	0	38	0	4	FALSE
"Z35402_rna1_s_at"	2909	0.120200940956114	2509	3043	0	38	0	8	FALSE
"AF000424_s_at"	1538	1.46016532969963	993	1834	0	38	0	0	FALSE
"U46006_s_at"	395	-3.64187967209656	355	484	0	38	0	0	FALSE
"HG3546-HT3744_s_at"	177	-4.60575308841767	83	231	0	38	0	0	FALSE
"K02882_cds1_s_at"	1726	-1.27839793606548	1199	2067	0	38	0	0	FALSE
"M36430_s_at"	2612	-0.400479757756831	2183	3019	0	38	0	1	FALSE
"M95936_s_at"	3000	-0.0399371852254994	2173	3051	0	38	0	10	FALSE
"S82297_at"	2633	-0.382625645671277	2017	2939	0	38	0	0	FALSE
"X89399_s_at"	1244	-1.85032744085586	838	1486	0	38	0	0	FALSE
"M21305_at"	2154	-0.807874640975109	1467	2424	0	38	0	0	FALSE
"HG2147-HT2217_r_at"	2352	0.612792919312685	2094	3031	0	38	0	1	FALSE
"HG2239-HT2324_r_at"	1685	1.32327201386806	1431	1974	0	38	0	0	FALSE
"HG3033-HT3194_r_at"	2528	0.476098949200351	1476	2928	0	38	0	0	FALSE
"HG3565-HT3768_r_at"	1455	1.56235191339424	994	1801	0	38	0	0	FALSE
"HG4557-HT4962_at"	1714	-1.29152178474383	1274	2015	0	38	0	0	FALSE
"HG4557-HT4962_r_at"	2750	-0.26757858874964	2336	3007	0	38	0	4	FALSE
"L11672_at"	696	-2.77908426839761	324	963	0	38	0	0	FALSE
"L11672_r_at"	414	-3.58616190097101	264	549	0	38	0	0	FALSE
"M21388_r_at"	391	3.66294619173485	257	467	0	38	0	0	FALSE
"M55422_at"	1810	1.171298376394	1217	2140	0	38	0	0	FALSE
"U57341_at"	716	2.73773041179039	541	949	0	38	0	0	FALSE
"U90546_at"	359	-3.78243717380498	294	434	0	38	0	0	FALSE
"X87344_cds10_at"	2587	0.424115551659519	2114	3013	0	38	0	1	FALSE
"X87344_cds10_r_at"	2512	-0.487943835617849	2068	2938	0	38	0	0	FALSE
"X94563_xpt2_r_at"	2289	0.673696586594151	1810	3010	0	38	0	0	FALSE
"Z46632_r_at"	1953	1.01289794443535	1846	2878	0	38	0	0	FALSE
"AF001359_f_at"	2483	-0.511095237788941	1630	2736	0	38	0	0	FALSE
"HG2148-HT2218_f_at"	2342	-0.628060755809501	1844	2819	0	38	0	0	FALSE
"HG3236-HT3413_f_at"	2049	0.935834345373908	1565	2376	0	38	0	0	FALSE
"HG3576-HT3779_f_at"	1442	1.58385779791141	535	1631	0	38	0	0	FALSE
"HG3597-HT3800_f_at"	1975	0.996677835794361	1615	2396	0	38	0	0	FALSE
"HG3921-HT4191_f_at"	933	2.34355462179145	720	1201	0	38	0	0	FALSE
"HG688-HT688_f_at"	642	2.90648600021261	448	771	0	38	0	0	FALSE
"J02982_f_at"	714	2.74326782024842	399	975	0	38	0	0	FALSE
"J03801_f_at"	67	5.91723870828527	29	86	0	38	0	0	FALSE
"M19045_f_at"	42	6.25138994997569	25	65	0	38	0	0	FALSE
"X14008_rna1_f_at"	87	5.61803473941415	41	113	0	38	0	0	FALSE
"X59244_f_at"	2384	-0.584413976357947	2084	2866	0	38	0	1	FALSE
"D17793_at"	818	2.57290980688885	608	1084	0	38	0	0	FALSE
"D38024_at"	1064	-2.10926827919092	457	1259	0	38	0	0	FALSE
"D49728_at"	1332	1.7310652975796	859	1559	0	38	0	0	FALSE
"HG1980-HT2023_at"	1033	2.17041358633678	736	1220	0	38	0	0	FALSE
"HG3636-HT3846_at"	1046	2.1531525271758	804	1230	0	38	0	0	FALSE
"HG4322-HT4592_at"	1544	1.45540463039277	1312	1995	0	38	0	0	FALSE
"HG4593-HT4998_at"	2616	0.395258198345341	2196	3025	0	38	0	0	FALSE
"HG881-HT881_at"	969	2.26881331982909	563	1160	0	38	0	0	FALSE
"L05187_at"	2350	0.615982275458357	1973	2888	0	38	0	0	FALSE
"L08010_at"	2400	0.574052676924561	2210	2698	0	38	0	1	FALSE
"L13740_at"	3014	0.0257794528886995	2061	3049	0	38	0	20	FALSE
"M10942_at"	2775	-0.246475423699663	2375	3038	0	38	0	5	FALSE
"M12125_at"	1566	-1.44132863013777	1330	1866	0	38	0	0	FALSE
"M13485_at"	127	5.04954364444691	86	173	0	38	0	0	FALSE
"M30838_at"	2770	-0.250617002290027	2205	3050	0	38	0	3	FALSE
"M31523_at"	6	-7.54834779503368	5	17	38	38	1	0	TRUE
"M31932_at"	1679	1.32958597556337	1252	2005	0	38	0	0	FALSE
"M32578_at"	649	2.89729587149961	454	830	0	38	0	0	FALSE
"M60746_at"	2034	0.951434288487007	1375	2280	0	38	0	0	FALSE
"M99439_at"	2606	0.403812899491993	2077	2987	0	38	0	0	FALSE
"S72043_rna1_at"	2024	0.958127686510137	1703	2346	0	38	0	0	FALSE
"U01317_cds4_at"	537	3.19794763714494	339	703	0	38	0	0	FALSE
"U03858_at"	2824	0.188965684796302	2227	3036	0	38	0	2	FALSE
"U19765_at"	902	-2.41542433601982	575	1075	0	38	0	0	FALSE
"U24685_at"	1733	-1.26986858429179	1327	2068	0	38	0	0	FALSE
"U25975_at"	2772	-0.249411348496506	2085	3050	0	38	0	2	FALSE
"U27460_at"	59	-6.02879467302044	33	74	0	38	0	0	FALSE
"U28014_at"	1990	0.986144137237393	1597	2308	0	38	0	0	FALSE
"U40279_at"	465	3.39939014012473	134	593	0	38	0	0	FALSE
"U66061_cds3_at"	1098	2.06711748032043	885	1344	0	38	0	0	FALSE
"U76388_at"	1027	2.17863655926217	673	1209	0	38	0	0	FALSE
"U84388_at"	146	-4.86278630070039	117	177	0	38	0	0	FALSE
"U92027_at"	2404	-0.57177822784464	2022	2924	0	38	0	0	FALSE
"X01703_at"	1773	-1.22232604225841	1342	2102	0	38	0	0	FALSE
"X16546_at"	149	4.8454485944913	70	217	0	38	0	0	FALSE
"X17093_at"	677	-2.82553593286609	498	851	0	38	0	0	FALSE
"X55989_rna1_at"	2148	0.813807928906407	1856	2658	0	38	0	0	FALSE
"X58399_at"	821	-2.57031641629606	561	932	0	38	0	0	FALSE
"X69115_at"	2233	0.733261463788436	1640	2810	0	38	0	0	FALSE
"X69654_at"	2578	-0.433808056916512	1929	2958	0	38	0	0	FALSE
"X72475_at"	640	2.92134814840475	422	786	0	38	0	0	FALSE
"X87211_at"	1545	1.45528248200999	1278	1956	0	38	0	0	FALSE
"X90530_at"	1092	2.07427939179792	853	1288	0	38	0	0	FALSE
"X98296_at"	2861	0.154143851187198	2171	3036	0	38	0	8	FALSE
"Z30643_at"	903	2.40731793862765	621	1062	0	38	0	0	FALSE
"Z30644_at"	281	4.05514400045571	214	366	0	38	0	0	FALSE
"Z49105_at"	2560	-0.446246465710311	2168	2995	0	38	0	2	FALSE
"Z80783_at"	1696	1.31090243683005	1224	1939	0	38	0	0	FALSE
"Z80787_at"	1516	1.49883706405405	1135	1817	0	38	0	0	FALSE
"J00314_at"	1318	-1.75767463876278	1041	1575	0	38	0	0	FALSE
"L08904_at"	1841	1.13978453119994	1152	2159	0	38	0	0	FALSE
"L35594_at"	1916	1.05786037871857	1745	2593	0	38	0	0	FALSE
"L37112_at"	2467	0.523192999442574	1503	2830	0	38	0	0	FALSE
"M15395_at"	436	3.51265291192587	111	573	0	38	0	0	FALSE
"M24069_at"	2489	-0.508614219651143	2218	3025	0	38	0	1	FALSE
"M25296_at"	2457	-0.532687218250948	1897	2842	0	38	0	0	FALSE
"M25667_at"	2279	0.686730400736153	1558	2649	0	38	0	0	FALSE
"U01337_at"	2112	0.858228321912573	1148	2453	0	38	0	0	FALSE
"U03494_at"	1451	-1.56668374867562	1196	1742	0	38	0	0	FALSE
"U04241_at"	843	-2.52101656250452	512	1014	0	38	0	0	FALSE
"U09587_at"	1061	-2.11828446082818	869	1288	0	38	0	0	FALSE
"U20499_at"	380	-3.69501609347675	190	530	0	38	0	0	FALSE
"U35234_at"	2074	0.903938486802139	1617	2482	0	38	0	0	FALSE
"U47677_at"	1792	-1.19767669082411	1454	2230	0	38	0	0	FALSE
"X06318_at"	638	-2.92614683376867	183	780	0	38	0	0	FALSE
"X07730_at"	345	3.83704784774786	226	422	0	38	0	0	FALSE
"X12953_at"	1391	1.64679091625638	820	1670	0	38	0	0	FALSE
"X14767_at"	1242	1.85421255190282	1027	1557	0	38	0	0	FALSE
"X16105_at"	2293	0.671078798317525	1865	2587	0	38	0	0	FALSE
"X51345_at"	1044	2.15542947891414	467	1236	0	38	0	0	FALSE
"X52889_at"	2220	0.746379972572578	1733	2632	0	38	0	0	FALSE
"X53683_at"	2131	0.829105325183771	1848	2619	0	38	0	0	FALSE
"X80878_at"	2568	-0.439781335618567	2053	2899	0	38	0	0	FALSE
"X95876_at"	1639	-1.36716689727742	1143	1916	0	38	0	0	FALSE
"Y00477_at"	2282	0.683081570797036	1821	2878	0	38	0	0	FALSE
"Z14978_at"	1772	1.22371143048631	1033	2047	0	38	0	0	FALSE
"M27749_at"	1112	-2.04162880599825	885	1330	0	38	0	0	FALSE
"M27749_r_at"	851	-2.50183894982057	729	979	0	38	0	0	FALSE
"M34516_at"	1489	1.52181737650172	871	1800	0	38	0	0	FALSE
"M34516_r_at"	1560	1.44624266023993	1222	1906	0	38	0	0	FALSE
"U88898_r_at"	1288	1.79299162808968	903	1584	0	38	0	0	FALSE
"D32129_f_at"	2183	0.78262784640215	1843	2682	0	38	0	0	FALSE
"D38437_f_at"	1723	-1.28134780579197	680	1995	0	38	0	0	FALSE
"D38498_f_at"	2372	0.596980702604307	1557	2775	0	38	0	0	FALSE
"HG2915-HT3059_f_at"	1216	1.88203804760163	994	1478	0	38	0	0	FALSE
"HG2917-HT3061_f_at"	1416	1.61541091664068	897	1681	0	38	0	0	FALSE
"HG3527-HT3721_f_at"	2994	-0.0487109654888492	2294	3050	0	38	0	14	FALSE
"HG4490-HT4876_f_at"	1001	2.20752290621307	687	1181	0	38	0	0	FALSE
"J00212_f_at"	2250	0.72154972954725	1160	2564	0	38	0	0	FALSE
"K02405_f_at"	1246	1.8476579039443	892	1456	0	38	0	0	FALSE
"K03183_f_at"	2893	0.132657208765688	2508	2999	0	38	0	3	FALSE
"K03189_f_at"	491	3.3252660652473	305	592	0	38	0	0	FALSE
"K03207_f_at"	2925	-0.104745015216235	2413	3051	0	38	0	10	FALSE
"L00389_f_at"	2878	0.141605661156477	2280	3048	0	38	0	8	FALSE
"L02326_f_at"	2262	-0.704360849640853	1815	2741	0	38	0	0	FALSE
"L42601_f_at"	1038	2.16637807836561	639	1239	0	38	0	0	FALSE
"L42611_f_at"	1601	1.39948488708791	1210	2011	0	38	0	0	FALSE
"L76568_xpt3_f_at"	2928	0.101388864104598	2337	3024	0	38	0	10	FALSE
"M22612_f_at"	1942	1.02507534665004	1842	2730	0	38	0	0	FALSE
"M33600_f_at"	1882	1.09431642726329	748	2126	0	38	0	0	FALSE
"M60750_f_at"	1497	-1.51808308970438	1116	1772	0	38	0	0	FALSE
"M90356_f_at"	2531	-0.471831725441431	2007	3032	0	38	0	1	FALSE
"U10690_f_at"	2677	-0.333365348822897	2061	2985	0	38	0	2	FALSE
"X13930_f_at"	2976	0.0665668862537	1867	3043	0	38	0	12	FALSE
"X64177_f_at"	2662	-0.353688383114759	1318	3034	0	38	0	1	FALSE
"X67491_f_at"	2370	0.599728987612539	1984	2931	0	38	0	0	FALSE
"X71345_f_at"	2159	0.803690806109408	1899	2904	0	38	0	1	FALSE
"X97444_f_at"	416	3.58160403442563	292	493	0	38	0	0	FALSE
"Z80780_f_at"	2347	0.618934721980593	1736	2797	0	38	0	0	FALSE
"X00351_f_at"	2145	-0.817869947269481	947	2382	0	38	0	0	FALSE
"X01677_f_at"	2657	-0.357829220686799	2117	2959	0	38	0	0	FALSE
"M31667_f_at"	1735	1.26645140151408	1317	1997	0	38	0	0	FALSE
"L41268_f_at"	2357	-0.609776467938268	1951	2888	0	38	0	0	FALSE
"X99479_f_at"	1172	-1.94677247357622	613	1375	0	38	0	0	FALSE
"HG658-HT658_f_at"	2833	0.178572674616531	2467	3033	0	38	0	6	FALSE
"M94880_f_at"	1609	1.39125548905062	1393	1982	0	38	0	0	FALSE
"S80905_f_at"	1802	-1.17951371248312	1297	2167	0	38	0	0	FALSE
"X03068_f_at"	2041	0.943385112863895	1384	2313	0	38	0	0	FALSE
"U88902_cds1_f_at"	2958	-0.0772693794898138	2535	3031	0	38	0	10	FALSE
"D64015_at"	1732	1.27223642120057	1341	2068	0	38	0	0	FALSE
"L78833_cds4_at"	2777	-0.24226443524513	2241	2969	0	38	0	3	FALSE
"M93143_at"	2276	-0.688394212535832	1894	2779	0	38	0	0	FALSE
"U29175_at"	39	-6.293615607855	29	62	0	38	0	0	FALSE
"U58516_at"	2999	0.0413624128368185	2539	3049	0	38	0	12	FALSE
"X06956_at"	2694	0.316234473524573	2139	2994	0	38	0	0	FALSE
"X83863_at"	1249	1.84252929388244	776	1475	0	38	0	0	FALSE
"Z17240_at"	2926	0.10468791201024	2417	3047	0	38	0	11	FALSE
"M71243_f_at"	505	3.29258254947086	345	679	0	38	0	0	FALSE
