653635
100996442
729737
102723897
100132287
113219467
100133331
107984841
107984847
100288069
79854
643837
100130417
107985728
148398
26155
339451
84069
57801
9636
375790
105378948
401934
54991
554210
8784
7293
51150
126792
388581
118424
6339
116983
126789
54973
80772
83756
1855
54587
54998
81669
148413
55052
441869
64856
219293
83858
55210
29101
643988
142678
8510
984
728661
8511
728642
9906
112268218
65220
2782
339456
5590
100506504
199990
112268219
6497
79906
100129534
11079
5192
9651
55229
115110
8764
100996583
127281
79258
63976
105378604
27237
1953
127262
49856
7161
57212
57470
9731
1677
339448
100133612
261734
8514
6146
107985733
388591
23463
387509
11332
54626
83715
8718
57449
79707
3104
9903
148479
90326
55735
23261
9341
8863
10911
3604
11315
54206
473
2023
6518
80045
106614088
9563
80176
84275
199953
5293
22883
56998
105376717
84328
64802
10277
23095
5226
100526739
378708
1676
5195
54897
23435
10747
6723
5394
105376736
2475
100873935
29914
26232
93611
26270
10459
57085
284498
4524
1185
100379251
90231
5351
9927
60672
102465836
7133
55187
9249
10630
7799
23254
200197
55092
114827
79180
842
23341
79814
84301
6248
23207
284723
388595
54751
440567
729614
23013
7709
27129
1969
101927479
128272
101927546
79363
54455
26099
374955
55707
114819
55672
105376794
84809
11209
11223
105376805
9696
4237
23400
6390
11240
55920
55160
127707
8659
126917
23352
101927895
23065
51154
246181
22977
100506730
8574
54896
832
440574
100532736
644068
4681
255104
54546
23252
5320
26279
127733
55450
79594
978
65018
102464833
100861548
1650
112268222
50809
8672
1889
84224
249
5909
84196
401944
3339
29092
998
54361
9923
712
714
713
2048
100422914
23028
7798
100996511
10236
80818
148898
6920
55616
1870
3399
6135
6924
100506963
57095
105376860
11313
2582
3155
2517
55629
10772
127294
58985
163702
90529
57185
11123
100506985
400746
10250
25932
864
25949
57035
23585
6006
55219
26119
57134
57190
56181
646471
79000
164091
3925
100500808
5051
149420
79927
51042
10256
64793
83442
91544
1043
55057
79947
3151
6195
8289
55650
84243
2810
54707
63906
10726
126695
388610
115572
6548
23038
84065
84958
9064
10163
27245
2268
2537
199870
23673
5511
9473
6118
27293
55113
2140
5724
22826
93974
83667
54797
65979
1104
8420
54952
85028
115273
6883
10691
51441
2035
399474
6429
51102
10076
7805
9672
9698
9410
51538
2170
347735
105378626
64129
3061
553115
107985471
1307
576
8073
10657
55116
23633
200081
79140
56063
55721
149069
8668
339483
84734
3932
3065
65108
81629
100128071
55108
653121
339487
5928
81493
57648
8565
64766
3208
113452
127544
204
113451
55223
149076
1912
100500853
7579
105378641
2707
2701
113444
653160
100506144
9204
79830
6421
9202
100861513
79932
23154
339488
5690
127703
63967
192670
26523
192669
54936
1296
27095
55700
9967
79729
55194
83931
84967
127700
64960
1441
2899
728431
80149
64769
79753
7802
29889
54955
55143
284656
149175
79693
127687
4520
3633
10946
2275
51118
64121
100527950
26292
54933
105378662
79647
4725
23499
643314
353500
728448
8761
101929516
26508
10450
656
54802
4610
105378668
84879
10487
5538
6018
10269
1298
64744
65243
339559
64789
127396
9783
100130557
4802
9132
163732
1503
100507178
22955
1907
59269
2981
2980
22887
284716
84217
728621
79717
10465
4904
64175
79078
374969
114625
51058
6513
10969
128218
149466
7075
991
64834
112950
107984947
23334
100873952
81888
5792
9682
100132774
6487
101929609
9670
1802
533
8704
149473
6536
55929
79033
55182
107984950
79639
11004
6202
266675
1263
149478
8643
8891
79654
7389
57643
84842
4595
114034
10420
126661
25974
5052
10327
4678
149483
60313
51249
3652
23139
110117499
8503
10103
55624
8438
10489
7388
387338
2166
100507423
8569
148932
64756
100130197
9813
260293
10158
6886
6491
51727
102724077
84793
2306
388630
200010
54558
79656
1996
11124
1031
26994
22996
2060
105378720
114883
4898
105378721
5865
51060
112970
91408
9372
200014
4998
84950
23318
2882
65260
79699
55268
6342
127435
6512
1376
54987
4116
7804
55706
54432
51668
115353
9528
127428
606495
51253
23648
26027
338094
100527960
374977
7268
25973
55001
1718
199964
255738
23358
8613
5563
115209
4070
114803
3725
55277
51361
1573
4774
83941
10207
54596
163782
7398
85440
84938
29929
23421
84455
5236
4919
57685
55225
3716
205
9829
3953
54741
5142
84251
10022
79819
57708
23169
149233
3595
26135
1647
55970
100289178
79971
55635
55631
9295
81573
11147
1491
5733
100132618
9406
257194
100526835
8790
1429
127253
34
1744
5876
256435
81849
10026
26009
23032
374986
91624
8880
11080
54810
5737
10964
10561
64123
23266
79739
5567
148418
80135
2787
100505741
1486
117178
255231
55283
84144
148423
8915
646626
23576
3491
54680
255631
57489
1179
105378827
22802
105378828
51100
9403
9653
339524
8543
5586
2959
56267
494115
2635
2633
2634
112268267
115361
115362
23507
84230
55144
492303
284695
107985088
84146
8317
7049
23285
11146
79871
2672
7813
6125
388650
22823
50999
343099
100131564
1810
54874
8412
100129046
30836
2730
9411
5825
2152
101928079
126969
1266
729970
199857
148534
100527978
25950
58155
1806
51375
9890
54873
391059
178
23443
64645
163786
54482
127495
1629
8634
8556
7412
2135
148867
51611
102606465
1901
1301
55599
280
55170
10451
29957
284611
113802
55119
6814
29899
23155
22911
6884
56900
57535
6301
1952
84722
6272
5686
127002
284613
57463
2773
271
2948
2946
2944
2949
2947
79574
1435
10768
85369
257
3749
64783
9122
10542
3737
3738
963
55791
128338
10390
79961
5016
79084
515
128346
57413
140
5906
107985184
55924
11218
3752
105378909
55917
7482
54879
829
4343
389
333926
6566
9860
260425
10745
54665
100287722
26191
440603
10717
64858
204851
56944
51592
10286
163259
270
4893
7812
80143
10100
81839
845
55356
126868
476
84852
112268235
965
3321
914
5738
9398
8458
80263
10905
54855
54834
10885
200162
10352
101929147
3284
90874
26227
3158
83998
4853
9554
105378954
728841
100996724
107985524
101929796
101060684
728855
100996720
653820
653464
107985200
554282
100996712
284565
647135
728833
103091866
100996740
100288142
105371312
101929780
653519
5174
11126
27246
10623
200035
10401
148741
8515
8799
114814
9939
105371260
128077
84265
10628
100132406
388677
170688
102724364
100996756
149013
5565
9557
171423
2330
607
51205
2702
51463
100034743
200030
388685
105371224
25832
100996763
440672
100996517
9659
400818
653513
100996716
100996717
101060226
57234
2209
8370
8337
337873
723790
112268238
554313
8349
51027
9900
10262
10903
56957
11311
51177
81611
23632
51107
79630
54460
9129
23248
80222
1893
100289061
54507
4170
2029
55204
1520
1513
405
9869
29956
8416
55793
58497
54964
56882
10962
126626
10500
388695
100534012
79626
79005
6944
8394
5710
57592
5298
5993
8991
5692
23126
57530
7286
81609
11189
65005
51686
11022
6097
100191040
100132111
117145
6281
105371441
6282
6280
6279
6277
6275
101928034
140576
57402
6284
6271
26097
23557
3608
4881
65123
11000
57459
101928059
9909
200186
27173
148327
10899
5872
6232
7170
25912
9898
10456
57198
3570
126669
126668
55585
100874097
1141
103
3782
10654
57326
90780
101928120
6464
1163
80308
51043
127579
149095
100505666
8751
1945
1944
1942
55974
54344
200185
80128
4582
7059
105371450
4580
2630
2629
10712
10067
1196
57657
5313
2224
284618
23623
55870
693140
645676
55154
55249
7818
100129405
54856
23208
6016
22889
339403
9181
107985208
6746
105371729
56893
28956
57111
92312
4000
64218
9673
100527963
11243
79957
23381
84283
112770
7203
4209
128239
128240
54865
105371453
63827
10763
1382
81875
51093
79590
3068
5546
9047
375033
9826
2117
83416
115352
79368
115350
55243
912
911
913
4332
149628
3428
9447
57863
100131825
2532
2205
1401
54935
56833
284677
107985216
8407
57549
89886
100505633
93183
93185
477
729867
8682
50717
100287049
5824
107985219
1314
474338
23385
57216
114836
8832
6504
962
57823
4063
51744
55600
142683
50848
100131187
7391
257106
81607
126823
5202
4817
9191
51506
27005
5498
8703
9507
4720
2207
84134
9970
4359
6391
257177
2212
3310
2214
9103
3311
2215
2213
84824
11266
22926
25903
9722
400793
127933
6675
4921
51478
5999
8490
83540
5087
6258
4259
223
54499
7371
100500832
149297
57645
117143
105371600
10223
5451
919
8804
92241
9019
25874
55827
23432
261726
375035
84832
9095
1805
481
29922
8548
10560
2153
6403
6402
6401
92342
55732
57147
22920
92344
5396
2329
23215
4653
8674
51603
26052
100628315
92346
5279
51430
356
7292
100506023
9588
27252
91687
55157
100506046
60674
26774
106635533
692196
84614
149041
9910
105371622
27101
63931
9674
64326
60676
111240474
89866
730102
9462
400798
646976
55103
9068
9917
64222
27
6646
163589
148753
163590
26092
9857
5768
89884
84320
100527964
9213
57710
10228
3140
51278
2752
6041
6004
80896
647070
1660
3915
3918
23057
9887
4688
10092
23179
23127
116461
81563
107985236
80267
116496
6045
81627
54823
10625
83872
10216
7175
54953
5743
5321
339479
64407
5996
100616345
5997
51377
6738
51022
101929160
79577
8707
105371671
3075
3078
259266
360023
163486
388722
140609
5788
2494
23528
9928
83479
23271
55765
647215
23046
252839
91156
3898
101929343
7135
23612
1465
107985246
376693
89796
100873949
55705
149345
25802
10440
6051
112268254
102723465
1999
9283
127829
5778
59352
29089
4660
127833
10765
5877
59349
51094
51706
92703
8497
134
1116
7832
2331
5549
493
54900
9877
100381270
6635
9580
55224
127845
22874
84919
5287
4194
105371692
10446
23114
6900
5929
25778
9911
81788
5129
284578
148808
2005
85414
64710
8934
254428
103021295
338382
1510
440712
729533
23380
9641
83593
1939
8444
9261
9214
5284
83953
79098
55432
5208
725
722
1604
1380
1378
4179
100128537
947
105372883
5362
3914
100422894
50486
3290
80342
148304
3664
27042
56256
55733
3756
55758
7188
84791
7779
4751
9926
25896
51514
100131205
5525
55248
29937
467
25936
128387
642946
28982
90806
26750
5629
56950
107985263
5784
1063
51133
55105
51018
7042
127018
643136
55532
2058
10380
55699
25782
4139
79762
54996
64757
3142
11221
9015
375056
64853
148362
400823
84976
7100
388743
824
7159
441124
100287497
23219
8560
101927164
4931
29097
80232
149111
127602
3930
55740
6726
2052
9725
10637
29920
7044
163859
3020
64746
107985353
286826
142
375057
3707
5664
56997
8476
339500
116841
65094
7483
375
79169
128308
2987
57165
200205
84033
81559
92815
149603
58480
105373159
5867
126731
55746
23456
27097
9816
2590
79605
22796
107985358
183
10753
107985359
84886
79573
64801
375061
128061
8443
112268256
149371
83932
54583
100303453
7257
27185
57568
54627
107985361
84284
80003
84451
3775
101927765
388753
6894
359948
9804
23029
51742
9453
6905
148789
2786
1130
4811
7107
56605
128178
3964
100287902
107985367
55127
4548
6262
1131
56776
64388
2271
8564
23596
1122
9156
731275
9859
10806
10000
10472
159
51029
116228
3192
106635532
101928068
84288
55083
64754
64216
163882
51097
25909
93474
79862
7678
112268259
100500849
84838
107985115
114548
25893
646627
107985747
80851
79894
55657
267002
102724250
102724562
105379524
642273
26751
52
285016
129787
105373354
7173
7837
7260
51112
55256
246243
100506054
6201
78989
129607
91543
9781
101929531
101929567
100506299
3398
57498
129642
8853
9270
51692
285148
6868
10971
9014
29841
8462
192668
6241
3241
4953
79954
245973
10130
130814
9475
1876
23175
28951
151354
51594
1653
81553
7447
79677
348654
3790
100526794
57665
105373456
130497
130502
57539
9741
6382
23369
388
64342
151449
60526
338
114818
54454
165324
80304
2281
51639
375190
9540
50618
8648
391356
79172
109
51277
22979
1788
1838
101929272
55252
3797
10890
150946
3030
3032
165082
85465
3777
54978
1058
22924
54867
60509
100128731
11117
3795
10669
84696
10113
8884
51374
790
4358
2976
100505624
105374363
8890
9784
130557
5496
29959
200634
26160
64838
84450
79635
11321
9913
22950
9553
64080
9577
100302650
2355
151056
112267877
5500
245711
55006
23160
79745
51646
81606
253558
92291
30845
7498
51072
84661
6683
55676
58484
84272
57448
55622
4052
25780
25940
100288911
51232
9637
5212
6801
54497
253635
5610
100505876
10153
55471
23683
25797
10602
151393
1545
64225
92906
130589
6432
79833
90957
729967
6654
8491
728730
130733
80745
6546
91461
27436
107985873
9167
57504
165140
23498
678
63892
130271
51626
10128
102723904
5495
6519
9581
79823
55133
102724965
5581
2034
90423
23433
5281
9419
9655
90411
57217
805
101927043
105374588
4072
4436
2956
80204
3344
129285
286749
11037
9378
51130
100302652
494143
27248
112268415
23198
98
6711
400954
57142
130162
6233
4528
344405
55704
112942
57223
87178
2202
114800
7444
107984043
55120
53335
64895
5966
150962
5194
84542
339804
130872
9736
7514
84140
10575
150684
10678
23301
100132215
51057
4190
7360
51542
57162
105374771
29094
54812
9792
107984063
6509
23177
5861
10097
200734
4211
54465
10438
116143
56902
5534
25927
5341
554251
200558
9938
84168
2673
27247
22848
112268437
307
64395
11017
4084
400960
5093
54980
7072
51449
6637
84908
7039
119
50489
79998
113419
55577
84693
10199
400961
27332
8291
56603
23233
6697
94097
26056
10322
84279
10574
150726
7840
51002
8446
10617
112268419
72
1716
100874048
200424
388962
100507171
55233
10797
57835
1639
388963
84058
6242
100532735
83444
23559
7841
116540
84865
64427
85474
151534
84759
165545
550
27429
84695
1796
10505
3099
105374809
56655
84141
9801
6936
5967
1496
347730
8802
1768
129293
105374836
9168
56888
83439
100996506
10618
54884
84173
822
105374841
284948
100630918
4144
2677
8673
10791
51255
129303
10713
388969
10578
84913
8869
25885
55037
10989
51318
65055
55818
100526767
51652
7844
64795
925
926
400966
285074
102724642
112597
730268
5342
729857
51315
2168
55258
101928371
9451
22934
645784
3514
28946
28947
28948
28949
28950
28908
28907
28929
28299
28943
28915
28942
28941
28914
28940
28939
28913
28938
28937
28912
28906
28923
28922
28935
28921
28920
28919
28933
28931
28930
107985911
28878
28893
28894
28896
28881
28882
28883
28898
28884
28885
28870
28874
28900
28901
28875
28902
28903
28876
28904
28877
654342
728034
4118
64969
84874
7549
150696
30818
51011
107985917
150759
400986
729234
150763
151
1844
56910
285033
55654
9391
23020
150771
23397
93082
10865
55683
81562
26504
26505
200539
51239
54910
151313
375248
100506076
100506123
57730
1329
10120
728537
7535
23505
107985921
200403
3631
493753
25972
11320
343990
80705
150590
51601
129531
51263
10190
9669
51455
3899
164832
9486
79031
4862
6160
11138
55571
105373511
284996
9448
7850
3554
8808
9173
8809
8807
6549
84804
130827
64965
101927492
9392
100506473
79074
2274
8440
84417
80146
653489
84620
285190
6819
27233
9648
644903
3987
5903
165055
10913
100287216
344558
151011
65124
84220
100271835
96626
440894
7851
4867
205251
151009
100288695
729540
699
55289
10018
541471
64682
10461
84910
129804
84524
376940
727851
150465
84172
101927330
84269
6574
150468
3553
3557
23550
7849
654433
150472
375260
118433
11159
80255
10096
57628
389023
8886
54520
51141
8685
55240
100874111
105373581
130355
1622
140738
80775
5775
57669
79134
105373583
5899
3625
2736
29842
23332
254128
84365
7247
2995
274
2071
10746
100506922
5624
105373608
55677
4648
101927834
55679
55339
84826
5433
83607
79595
56886
9394
84084
91409
55627
80097
84317
92856
26469
100216479
50649
130074
55041
150786
653784
150776
90557
29798
2863
116372
344148
4249
905
22930
84083
23518
107985946
23190
4175
1615
101928243
112268426
7852
3176
339745
8942
55843
79712
9839
100303491
92
5000
55777
26122
3800
130576
130574
27249
101929231
390
375287
9111
7130
55183
26225
10254
114793
55660
151188
3760
4929
440918
2820
11227
728066
9595
130399
90
8502
100129029
85461
151525
29994
643072
64844
100526664
9936
4065
22925
3694
5937
10010
100996579
10213
285116
57282
1803
2641
2191
64135
25801
55137
22837
151258
6328
80034
2591
79809
6335
6332
8708
27347
253782
100861402
115677
57405
8647
10170
129880
79675
9360
493911
100526832
151230
6741
29081
130507
389058
26003
9874
79828
80067
79901
1781
8604
8520
254042
3655
5163
11069
51776
339751
83879
6670
29789
9541
79634
151556
7456
440926
1134
1123
1386
518
80856
3239
3237
3236
3235
3234
3233
401022
3231
10651
375295
220988
100616394
4780
100130691
8540
150737
92104
50940
129831
114880
101927027
8575
51661
65977
100506866
7273
91404
57703
10477
3676
375298
4760
6744
5136
54431
2487
10787
142679
129401
401024
105373785
55854
3685
165215
10203
7035
51454
105373791
1281
100500837
1290
84128
30061
54529
110599588
150709
64172
94101
5378
84281
26275
3628
54842
100131211
105376748
4664
2744
6772
6775
4430
64859
8436
57181
56171
9262
101927454
57520
9330
80055
91526
23451
80219
3329
106635540
100529241
3336
25843
130132
92935
5334
105373831
23314
150538
348751
205327
129450
79568
26010
101927741
130535
151246
316
101927795
9689
1195
53938
60491
4999
105373835
285172
4709
8837
65072
843
841
66008
55437
65062
57679
8324
7341
51602
659
150864
130026
55759
79800
65065
57404
10152
65059
940
1493
29851
117583
8828
54891
4719
100329109
1933
57683
8745
22868
130749
8609
1385
151194
151195
7855
389072
3417
200576
4133
6120
151050
10314
1373
22807
79582
580
471
2335
112268430
55686
55825
7520
150967
50485
100507554
6168
3485
3488
7145
3580
3579
10109
151306
14
25953
64114
102465256
6556
58190
7429
57695
9125
84812
7701
617
64320
27148
9654
1593
80326
1412
255101
3549
100422957
79840
151295
27013
79137
130617
10058
79065
55139
79411
8576
7277
3300
5798
23549
1674
10290
29926
79586
130612
23363
114790
6508
2043
130367
10056
105373902
2181
23704
7857
130340
57590
65080
5270
8452
55619
3667
84236
1286
1285
56947
79853
3267
80704
6364
55022
9320
130888
151473
3431
11262
93349
105373925
6672
51719
81618
9290
257407
112268432
5707
80210
93010
4691
10316
5757
100302285
5147
64708
129563
248
200765
9470
80303
26058
389084
25791
101928881
3635
55054
8527
55230
54576
54575
54600
54577
54578
54579
54657
54659
54658
55355
151507
10123
23677
116987
57007
10920
1293
79083
64284
9208
10267
100533179
140739
51540
80895
55502
8864
26146
51665
107986003
117581
9759
4705
150678
2817
51281
285193
57140
101752400
11132
2859
653437
285191
547
189
79919
25992
130916
23178
5510
50636
3069
101927509
4735
9855
10494
666
51078
23192
1841
84289
728294
105373976
64090
129807
5133
728323
10752
152330
51095
51185
285362
6419
3708
100507582
8553
55207
9695
29995
51066
56852
9901
25917
440944
55209
375323
64419
7862
4968
8536
10474
10093
100526693
26140
285367
63924
84522
132014
84818
78987
285368
55831
442075
152302
2177
55845
7428
3656
9797
113219470
100126793
6396
3269
102723663
10533
9686
132001
7079
5468
80746
100129480
23609
5894
23066
6161
9922
23225
79885
2199
112268445
131474
79188
7508
27258
6533
80852
51244
152273
100505641
7182
64432
64145
23473
100505696
9467
131965
85403
8292
26061
686
23243
117248
285381
92106
23180
23228
9779
6304
131096
151651
5868
151649
8850
151648
79750
7325
7324
28512
6138
9975
7068
5915
7155
100616477
55768
54995
9497
152100
64343
152098
27303
7048
201595
114884
344787
23171
152189
112616
54918
51143
25904
1233
2720
643853
10491
26032
25827
7342
23122
105377023
10015
9881
9852
4292
9209
112268444
152048
2803
3680
101928153
10217
50853
5333
9940
30
4615
9943
9942
93
9941
57599
64689
199223
64651
1524
105377644
54977
3921
25924
10289
956
285266
9045
285267
253639
285268
1499
54986
22906
7433
100874007
9117
51188
4820
92999
152206
25994
1238
389114
729085
84892
54861
100873954
55129
51099
285343
353274
285346
55888
110354863
285349
10168
7584
91392
115560
57456
56992
131616
51304
23016
7123
64866
25907
23395
8994
644714
22908
54716
54585
79443
10663
2829
1230
729230
1234
9034
4057
79442
6997
259173
5745
151903
23218
29072
64147
23276
25930
22937
54859
6599
22907
4134
993
51385
10201
101060195
5364
79714
51372
84126
111822955
11277
51246
5210
1294
7384
65010
1951
51517
51447
5576
100506637
788
646450
10425
54681
11180
55152
25915
3615
54870
5859
10869
3913
64925
200942
375341
7375
107986084
2876
387
6988
275
84276
1605
327
4485
63891
386724
29925
9807
389119
7318
100847079
10293
4486
102724438
84315
10180
10181
100775107
100129060
6405
2771
7869
132228
7866
8372
24142
3373
8692
11334
11186
102060282
10641
11068
11070
9254
51161
51409
1154
7867
7873
29890
9730
23132
51368
9136
10039
57060
84836
100526760
25864
95
6159
1849
25886
211
54106
11344
132160
80335
132158
25981
8314
51533
56920
7134
11188
23166
64943
440957
55193
26354
55830
28972
6787
3699
3700
100526772
375346
51460
91869
5580
7086
55802
105377094
776
55349
55540
93973
58515
7474
285331
23272
50650
54756
26060
142686
105377102
201626
378
201627
7871
2317
105377105
1776
57406
11102
109703458
54899
5162
200845
8309
11170
105377108
131177
105377109
200844
2272
5793
57415
8618
80145
6314
9861
100652759
166336
56999
9223
115286
26018
84541
8801
101927111
285203
7110
9039
10550
23150
4286
27086
317649
23429
55164
727936
151987
23024
5067
100846999
692099
401074
100131827
6092
6091
2632
253559
389136
25978
8545
55279
285237
2042
5627
200894
415117
200895
63899
84100
131544
84864
56650
2838
1371
10402
131566
1295
101929357
84319
11259
55773
56954
9868
348801
55076
84873
10342
25890
57337
54931
57092
27107
100009676
6152
105374013
79598
91775
64332
214
868
56987
961
55081
11148
22989
57650
9666
105374034
84666
50852
401081
25945
10225
257068
90102
55347
79669
257144
4345
105374041
151888
64422
55032
112268447
100506621
151887
131450
29083
25871
107986114
91653
55779
152185
54847
205717
80218
523
54762
254887
57577
79691
201633
26137
2596
4045
8702
100874201
57514
55254
56983
51300
141
51365
64091
10063
89876
8856
2932
107986119
116064
100130701
11167
406975
4710
3081
285282
2960
10721
3059
2804
9657
55840
6565
286676
942
1475
131076
26355
54554
3836
105374071
83666
151636
165631
54625
79663
84925
100129550
54437
10954
26984
111
201562
100506826
4638
105369194
64770
8997
7372
3693
56667
57493
84561
7707
8723
114885
102723696
100125556
200810
54946
105374085
10840
28999
79364
166012
114112
84303
5361
131601
4171
107986126
50512
80325
11343
107986127
166348
29927
8607
60678
2624
101927167
6184
7879
28976
57501
79825
100534599
339122
57461
7555
22820
56941
8971
339942
132241
8930
55764
23129
23023
644974
105374105
729375
30849
27032
28990
79858
152195
131870
11222
105374114
55
23317
100532724
84129
51554
79876
27031
66000
55573
11073
7018
58477
51560
6578
6259
51421
25847
80254
5523
55167
5096
10274
80723
101927597
4690
107986136
199221
51163
25852
347736
22808
80321
55179
5291
56945
9276
100507291
5947
349565
64084
55186
92370
253461
5922
9616
483
7029
256356
54464
545
5357
7220
26577
23350
9435
285195
205428
5352
57088
5359
185
1359
2992
6596
84343
1356
116441
4071
25937
51122
11342
5217
653659
9819
27230
83939
51714
6478
29909
9934
53829
285313
201651
4154
401093
5028
5912
26084
170506
4311
23007
285315
9197
8833
7881
6747
100287227
25976
730091
647033
57018
101928236
5806
51319
4291
85476
56925
5918
100287290
64747
100505385
29970
401097
100174949
57560
10051
286827
3840
80117
151742
8706
51068
101243545
6476
101928405
590
11235
5274
107986152
27333
2122
84517
55892
151827
344657
79782
7095
26996
80012
5584
6498
5010
200916
56648
23043
5337
64778
8743
57552
1894
254827
79718
100505566
64393
5290
27094
51193
55669
59345
86
57129
4711
8975
151613
339829
8087
131118
23200
54165
56922
27074
23101
84002
107986160
100505687
89857
107986162
54800
55689
100874113
79929
55486
10057
8893
1857
1173
55324
90113
10195
110599564
110599583
5708
1981
131408
1181
5437
8646
2049
64110
23355
285382
339926
1962
9175
90407
200879
59343
10644
6434
344887
2119
1608
55171
51726
3827
1974
5984
6480
116832
5648
64108
6750
604
339929
4026
55214
9076
3556
152137
151963
84239
4976
100873941
105374285
3280
131578
79572
100507297
93109
55341
131583
152002
23527
5504
347
107986029
105374298
727956
440993
693155
200958
4585
10188
100128262
255812
7037
200931
5130
255758
26043
165918
348793
200933
375387
84984
54965
5062
205564
22916
100874001
152217
80235
4241
100507057
1739
100129516
622
220729
112268458
9711
84248
84859
84223
6165
89782
728262
152687
255403
7700
79963
170960
54872
5158
521
4636
84179
10336
107986211
100129917
10815
2580
84286
1609
10861
3425
53834
285498
10417
100130872
285463
1487
92070
10296
57654
152877
7884
92305
10460
112268460
2261
3954
7468
7469
100126332
401115
353497
79441
10608
100616358
57732
6047
8603
79155
6452
118
10227
317648
8602
2868
3064
345222
6002
285489
4043
348926
101928217
85013
55646
166793
27065
53407
100507266
55351
132884
2121
1400
7466
23324
93621
93622
6286
114932
55330
9778
57533
100129931
257236
93624
80273
57537
84740
60312
389199
84448
54436
94031
8310
152992
8532
56606
9948
85460
9957
9364
259282
132864
114905
57545
26234
285550
683
952
9982
8842
202018
202020
9079
5860
51056
80306
27146
54876
64151
254251
9353
133015
80333
166647
57733
107986265
105374527
10891
1665
6649
91050
102723675
55203
51091
55300
29063
29945
23231
389203
3516
55296
57620
5099
116984
55286
768211
55276
23216
79667
51274
105374412
81793
7096
10333
92689
80008
51088
57728
5981
152831
6133
11019
7358
100885776
201895
3093
23244
55728
399
54502
79730
323
7345
22998
55161
10463
152573
10396
60558
132789
2555
107986276
54951
57205
152518
1259
152519
7294
7006
57606
326340
285527
54940
132299
80157
23142
339977
6443
132671
64854
643783
57291
152579
81608
84708
26511
5156
3815
3791
79644
55858
9575
55763
9662
57482
132949
5471
10606
6731
84525
6691
5978
84273
5431
3490
255130
23284
1060
26228
55236
550112
91746
7366
79799
7364
27284
260436
3512
57050
22902
2926
92597
1633
8671
285521
26057
213
166824
3576
2919
2921
2920
441024
2069
374
685
25849
105377283
100506253
25898
152815
8999
9908
8615
27163
55153
4283
3627
53371
950
100129583
105377286
100631383
8987
57619
345079
55752
10983
101928864
901
10563
246175
65008
102724916
80144
306
100505702
55589
152559
118429
56978
651
5593
153020
3184
9987
58478
441027
79966
22872
100499177
79725
132660
51138
51316
27235
10855
113510
51023
84142
84803
102723338
1040
23001
404201
83478
5602
5783
100506746
4299
57563
51170
53343
8404
6696
5311
9429
152926
55008
102723458
51191
84992
100996939
8916
266812
285512
10144
166815
285513
6622
22915
401145
474
56916
27306
10611
8633
5910
10098
1977
23173
128
100507053
130
124
125
126
93587
27071
8649
79982
3015
51705
5530
90024
55024
64116
4790
4126
102723704
7323
493856
150159
133308
56898
1062
80319
54790
27068
105377352
54848
57117
79807
255743
93627
9255
9061
166929
107986298
113612
3033
51176
6164
58505
10427
55013
839
81579
3426
54433
1950
79071
107986303
2028
5308
132720
55435
92610
80216
55345
51574
109864269
287
817
79642
7368
100093630
8492
729218
57721
9871
171024
54532
401152
2169
401149
645513
8654
4085
11107
79625
308
5393
890
55212
84162
166379
2247
11162
166378
10252
57182
79633
27152
22824
10733
256471
80167
55132
10424
79960
132320
132321
54510
23657
25819
1998
4717
80155
105377449
107984036
83452
80854
4258
55534
60592
255520
23158
57484
27309
3600
8821
84640
2549
100128055
8467
64399
10393
6059
54726
4086
104326058
166785
646603
152485
11157
84068
1909
55751
90826
79658
4306
166614
987
10586
6189
152503
107986196
105377486
729830
5188
55294
54553
201799
27236
85462
23321
303
84057
23240
7097
6423
54798
5356
2244
2243
2266
79884
2982
2983
6999
1519
56034
51313
285505
55314
201725
2110
5481
57600
9693
92345
4886
55319
55016
100505989
201931
11275
6307
1363
7092
55601
91351
23022
84869
57630
4750
1182
54969
9848
51166
101928223
101930370
51809
3148
8819
9464
79804
26269
80817
3248
105377548
2823
60559
7424
55247
175
55714
105377576
1635
80014
55602
3622
201965
60684
56977
133121
102723766
3660
836
201973
79682
2180
291
57587
83891
55805
353322
55325
256309
27295
8470
7098
25854
285440
4543
2195
2483
133957
6389
10016
57491
116349
11336
6550
25845
100288152
55722
11076
653082
79844
65980
9319
85409
10723
107986396
340024
7015
81037
79888
728609
728613
64979
4726
23379
84246
134111
54888
6715
11044
108
4552
79072
100505738
9037
100505806
134145
22948
134147
10299
113218502
651746
1611
7204
54491
106635684
90268
56172
100130744
23194
90441
54463
4651
10409
728411
106635539
1004
29102
55322
23037
64083
54545
51663
10923
4883
6897
81792
23600
100534612
114899
26064
5810
55299
134218
5618
79925
3575
92255
6502
133686
6507
646719
25836
65250
9631
55100
2668
133584
3977
9180
253260
2533
1601
5734
23548
5562
6167
84674
730
5019
100874002
285636
26272
2690
100129792
6414
643977
648987
389289
153684
100132356
100506639
7690
3157
56477
64417
375444
10605
100652772
23530
2255
10884
133418
79668
3670
3672
53918
3673
4338
257396
10468
4724
54622
112574
3003
3001
493869
10309
54505
23517
8611
153129
3572
4214
105378980
133383
166968
65056
10769
202309
115827
5144
55789
79993
1161
91942
643155
101928630
105378992
57688
3796
27292
51194
101180901
285671
401190
285672
10283
11174
64105
23398
373
80006
112441434
54557
57486
55914
140890
375449
4064
5295
64924
891
64946
92259
1022
202243
102157402
6880
5884
153562
100506658
728340
653188
112267941
728492
6607
11039
653238
11042
653080
8293
6606
4671
2966
647859
100049076
55814
64087
4131
23107
79810
167465
3842
115548
134285
340090
689
57763
84135
64283
8507
3074
84340
10412
26049
51301
3156
10087
51426
728780
134359
22987
10788
2151
2149
2150
55109
84327
8622
55255
6902
8546
728769
9522
10184
411
23743
133746
9456
167153
202333
345778
7060
256987
9765
1719
100462981
4437
5924
1160
100131067
84240
23635
83734
6228
92270
153339
7518
1462
1404
10085
105379057
1350
5921
902
153396
100505894
109729137
4208
1070
153364
10622
116068
84059
57561
441094
7025
83989
285600
84250
79772
9652
153642
83890
22836
2745
22936
5122
831
107986363
51752
102724748
64167
4012
55781
285704
503569
1105
100289230
345757
7903
353189
5066
54826
23262
90355
83594
1946
64839
100652853
2241
9867
4124
91137
134430
814
134429
100505678
9315
64097
114915
54508
324
6728
7905
167227
4163
64848
55521
5229
153733
105379130
56929
100302736
353376
51014
9140
1176
51397
57556
101927233
285605
100422885
1657
25816
3295
51334
153443
4015
9627
6643
28966
5480
93166
153241
1456
57507
65983
501
51808
105379162
4001
115123
401207
133619
644873
6558
2201
51015
337876
3094
90624
56990
105379173
51735
96459
23305
100861518
8974
8572
6583
553103
6584
441108
3659
10111
101927761
11127
645121
23176
134548
134549
2661
27089
116842
27125
54819
3308
56951
7416
6932
6500
5515
100500905
51265
7320
91368
101927934
23338
51128
10802
819
9879
134553
79770
84105
5307
100996485
9555
497189
9547
153328
105379189
7045
4090
389332
6695
26249
10949
4888
27039
51306
10902
10112
8697
2676
995
51307
51780
51308
1958
2107
3313
105379193
1495
64374
9782
724102
51247
9963
51237
389333
202051
202052
641700
111064649
340061
7322
51523
100505636
5813
492311
84418
5201
1839
404734
54882
8637
10011
10307
113829
55374
929
4695
3550
100500820
54853
373863
3035
23438
153527
56133
56131
56126
56123
56122
56121
6879
56114
56113
56112
56104
56111
56103
56110
56102
56109
56108
8641
9708
56101
56107
56100
56106
56099
56105
26025
5098
56098
56097
1729
8841
285613
89848
64411
107986454
5097
9812
51294
9604
10007
80762
81848
23092
2908
81555
153768
107986458
153769
51520
54439
10915
5521
202374
1809
6690
11005
81545
3360
154
79628
22885
134265
134266
78991
728264
1452
389337
133522
5145
1836
81789
22993
1436
5159
1044
6534
340075
6949
972
6208
3340
11346
55696
51164
85027
91975
2878
10318
309
26112
105378230
2760
206358
6678
101927096
475
100652758
10146
10827
4238
55568
79685
23367
10826
9337
25929
29093
6444
26762
84868
9443
3702
26999
8728
11063
105377675
100190949
54974
134353
9685
1879
153830
134510
7265
114825
79616
114898
63920
10569
9232
107075116
23120
2561
105377700
900
134492
3161
101927813
27430
23286
5917
79646
6586
101927969
54908
1794
133874
3937
3779
64901
4869
23291
6793
92181
285590
54492
1843
57222
51121
8992
153222
662
8614
91272
80315
51617
94081
3274
10814
84321
107986486
643201
375484
57179
285598
51491
192286
1212
23197
22838
112267951
54825
114787
26262
3101
51720
23567
2264
64324
53917
27166
83463
10960
10636
2161
2870
80758
1627
9260
79930
51428
54540
107986488
54732
11285
202181
728554
23138
64777
55651
3182
85007
91522
57396
6940
117608
345462
30832
9509
80230
101928445
3187
821
9794
4056
11282
8878
51149
23061
55819
5601
9945
57472
2324
4245
100859930
729678
643836
79908
10917
153579
81786
90933
10399
619571
101928649
84851
100507602
105377771
100132062
56940
3662
55770
2295
2296
2762
100508120
340156
56897
1992
5272
5269
401232
4835
401233
8737
670
7280
347733
389362
63027
643327
221749
26240
8899
404220
10455
9425
10799
100129461
57128
648791
10667
51299
2162
9450
6239
6745
83732
101928076
1832
154007
654
100526836
81567
100526837
63915
9521
51000
2651
55003
51522
81853
221710
4739
100113407
84830
107986566
3096
1906
221692
107080638
51256
54438
23408
105374938
51406
10048
63933
107986571
9308
3720
84062
29116
2766
6310
101928433
221662
10486
51439
9972
105374952
63971
378884
7172
221656
7913
255488
3400
154141
1871
54901
6659
51473
57380
2822
7915
9856
51567
55856
81688
51053
9750
8418
55604
10590
10050
10475
3006
108783645
3077
8347
8334
3017
8339
3012
8353
105374985
8365
11118
10385
11119
54718
10384
11120
107986583
493812
10473
29777
79692
102724851
85236
10279
7754
346157
7738
100131289
8329
8357
8363
8362
7718
221584
100129195
80345
7745
7746
387032
7741
84547
64288
80317
9753
105374997
222696
114821
5987
282890
10537
2550
3134
285830
3135
3136
80868
3105
80862
3137
30834
6992
80352
11074
104533120
135644
10107
89870
7726
3139
414777
56658
202658
79897
3133
2794
80742
23
5514
28973
79969
221545
8449
170954
11270
9656
106478956
203068
10211
105379695
8870
780
2968
57176
170679
1041
54535
6941
5460
100130889
253018
3107
3106
101929072
100507436
10866
352961
4277
100532737
7919
4795
7124
4050
7940
199
7916
7917
55937
57827
7918
1460
58496
105375019
7920
23564
1192
100532732
4439
80737
7407
57819
3305
3303
3304
50854
4758
80736
10919
107986588
717
221527
629
7936
6499
1797
8859
720
7146
721
7148
1388
63943
80863
100507547
9374
100532746
80864
10554
102466190
6048
177
5089
63940
4855
3122
3127
3128
3123
107986589
3117
3119
106480429
3118
3120
3112
6891
5696
100507463
6890
5698
100294145
3109
3108
6046
3111
3113
3115
3116
6257
7922
7923
6015
414765
6293
6222
8705
9277
10471
5863
6892
9278
1616
3833
5252
51596
8831
221504
578
3710
84300
221496
3159
221491
11165
100529239
6204
29993
25803
64771
101929243
6631
54887
6882
23294
222663
7629
50619
5467
2178
4736
7005
2289
6732
1432
5603
27154
389384
51513
222658
11329
6428
1026
401258
57699
221477
51645
221476
23787
221472
5292
221468
55633
9025
107986531
23070
154467
266727
60685
114781
2739
55776
8645
23500
4337
222643
221443
4800
221442
54209
79865
54210
116113
4188
7942
10817
29964
100188893
25862
9477
705
896
129685
647024
55173
55809
23304
5961
6903
23506
401261
285855
441150
10695
107080644
5190
4201
5528
116138
88745
9820
51069
89953
112267958
5754
6722
23113
10591
84630
24149
89845
65989
93643
25844
9533
57510
5429
54676
9587
221421
55168
7422
221416
64928
55362
107986599
2030
3326
347734
100616124
4794
57505
988
8464
860
53405
22875
59084
10231
51302
9481
7941
4224
221395
266977
27242
23607
221393
4594
55166
135398
4172
85315
114327
9697
401264
730101
28978
2938
2941
125050
22858
26268
60481
2729
55227
27283
222584
653
81578
667
57691
26036
9532
51715
5558
375513
106660613
106660612
51557
7803
23469
441155
577
55788
1310
1297
57579
135154
60682
135152
79627
115004
25821
1915
26503
135228
1303
1347
55754
27145
26054
4646
134728
55023
9324
100288198
167691
112267857
83699
7272
594
55603
25998
7162
90025
23033
5238
112611
4199
51167
112609
22832
101928820
4907
57231
10492
387066
23036
57150
10559
57038
23595
55122
1268
8732
10957
135293
51465
58528
22881
57226
101929057
23195
9994
60468
6885
105377896
2045
79694
23376
9457
81491
29078
114792
253714
26235
84553
51805
25957
101927365
100130890
85015
892
10973
57531
11149
105377920
5550
639
9474
202
84816
55278
100133941
51250
57673
57107
55084
256380
11231
28962
8724
246269
2309
84071
27244
285753
221262
8763
285755
6610
64780
9841
221264
9896
8936
51362
728464
8528
23097
262
112495
84154
117247
91749
5980
643749
10758
2534
105377945
51175
619208
3910
107986633
4082
285758
3066
2444
221294
23270
29940
7259
100287467
441168
254228
51389
221302
3841
285761
57120
116150
387119
5350
254394
25842
4121
221322
2697
3298
57515
5570
10924
154214
7164
51020
23493
135112
135114
60487
387103
84870
81847
55862
387104
9729
387357
5796
101928140
3908
93663
84456
154075
114801
2037
9465
9439
5169
79541
643854
5167
1490
26002
8417
8876
8875
116843
6206
6943
9519
154091
6446
10767
4602
105378011
54806
27115
113115
9774
9053
4217
5191
53832
3459
107986649
7128
64065
57221
23593
57224
25901
85021
58527
51696
167838
10370
51534
57211
3097
51390
134637
8504
2519
9749
84946
5325
57061
83443
8676
7402
7957
100507557
84085
257218
10981
729178
134957
389432
23328
10090
23118
340152
85313
116254
645958
11104
9113
348995
5110
84918
100652739
79465
81706
389434
57480
25902
9590
57621
55005
79624
80129
2099
23345
80177
7432
26271
54516
26034
154043
22828
26230
51106
57492
105378075
729515
79683
51429
8871
84947
404672
56995
57583
6993
94120
7430
101409257
83861
105378083
117289
84624
6648
9589
100129518
39
6950
29074
3482
729603
6581
4216
56895
5071
9444
10846
113402
51660
6196
8635
11116
1235
26238
441179
653483
4301
107986673
79981
168002
64094
7058
253769
387263
55274
6991
55780
28514
84498
5689
6908
5134
56975
5154
5575
54919
23353
51608
11033
90639
84310
54905
115330
2852
90637
101927021
79778
26173
7975
100128653
202915
84262
114796
392617
8379
29960
4521
29886
8662
55501
3955
221927
23288
80727
2768
84433
221935
221937
9907
55698
441191
100533952
57786
26100
222962
84629
100129484
80028
60
6624
54476
401303
51622
107986694
5395
7965
27102
84132
9265
84792
5879
221955
11014
392862
55146
79034
54753
100131017
7559
441194
221960
107986696
56913
340267
101927391
54468
6119
729852
113263
3382
4697
9678
221981
54664
85477
10124
2115
4223
105375166
729920
25928
57037
105375169
28969
27075
10551
155465
196
23161
9734
221830
346389
100506098
101927811
3696
222901
6671
8701
55536
102724143
9771
54543
84668
55975
11097
10457
115416
29896
90693
340277
51678
1687
26031
54205
136895
9603
3181
11335
29887
441204
8935
3198
100506311
3199
3200
285943
3201
100133311
3202
3203
3204
100534589
3205
100874323
3206
3207
221883
3209
100316868
11112
8887
221895
9586
9865
54504
1124
107986700
222171
646762
644150
9805
55033
84725
222166
223082
222161
100506516
10392
79017
401320
2617
100526825
11185
84182
358
117
5137
23658
23080
100129460
441208
401321
25948
441212
11328
51251
6100
27241
168667
23333
64224
101930085
989
80820
23366
54443
313
9844
353345
6424
54749
83930
445347
100506776
273
27072
57002
5898
349114
8621
136647
79783
3624
2737
79020
5683
64983
9263
55744
644
100534592
64951
55665
51619
84820
285955
401331
255031
28988
5224
27434
165
5425
10652
23386
54606
222068
4967
83637
5478
94239
5814
64005
285958
83605
23148
9238
10268
107
641977
3486
64759
168507
3364
7378
10320
63979
1644
100129427
2887
23242
222008
23480
1956
100507500
55915
81552
360132
349075
51373
2631
5723
908
25870
5260
51142
442319
728927
340252
51427
7697
10793
109504726
51351
2086
643180
285905
168374
441242
643253
154807
2990
435
27297
8460
285908
493754
154881
27342
729156
644794
55069
112268006
51119
55253
5382
64940
26053
64409
441250
155370
9883
260294
378108
442578
100101440
643862
100093631
654816
55695
9031
9275
26608
51085
84277
114049
6804
171022
83451
1365
1364
155368
2006
107986809
3984
7458
7462
5982
7461
9569
2969
101926943
653361
84163
442582
5383
729438
81554
389524
654817
2970
107986710
5380
54441
155400
100101267
5387
3092
6369
57414
5447
83862
51657
4191
222183
3315
7532
7784
113878
100133091
22932
441263
100132832
100505767
641808
57639
10875
54103
5782
100505854
222194
85025
57157
105375368
9863
100505881
2770
948
10512
3082
781
27445
9723
10371
223117
222223
9988
79161
11257
54677
5244
5243
154661
55972
10926
53616
6717
102723885
79689
26872
261729
79846
85865
9069
5218
8321
7978
10142
1595
889
54467
57798
5189
84060
257415
1021
54809
219285
253012
55610
7980
2791
10282
1278
64921
8910
23089
55607
5446
5445
5166
10165
7979
57001
440
107986827
389538
22853
168620
25851
25798
55971
4885
222865
8295
101927550
57154
10552
10095
11333
8896
113219453
100526740
26024
10898
9551
285989
84124
23660
221786
79027
100289187
221785
1577
1576
89122
563
7586
7589
7551
10980
4176
9179
6878
245812
255374
389541
55262
100616439
79690
221914
10734
352954
79037
441272
5379
101752399
101735302
101752334
29990
29992
55063
56257
221908
101927632
81628
222950
3268
100316904
4034
101927655
100129845
5118
64598
7036
2783
64599
10248
2050
56996
7205
51593
402682
43
105375431
4584
10071
102724094
140453
81844
5054
1174
7425
346606
8985
10467
24146
51024
64792
1523
10603
729597
100630923
100289561
79706
80228
54784
222229
100847073
5439
100271927
548644
107983993
441273
10156
246721
100134938
100310812
100133005
222234
222235
10234
83787
222236
9512
27000
5701
375611
5649
5001
723809
55904
100216546
100216545
6733
54517
60561
100130771
222255
222256
6856
10135
105375440
168455
5294
5577
26959
10466
11062
115253422
55973
101927974
79872
1811
1738
3912
4897
50640
168451
4189
83943
9732
11179
3475
286006
64418
154743
401397
93986
29969
22797
26136
107986838
858
857
4233
830
93653
7982
93654
93655
1080
83992
51691
23554
54556
79974
10447
10157
93664
4698
8976
2861
25913
2918
168850
79571
381
105375489
27044
64101
55131
3614
29923
55798
101928451
402483
813
64753
2318
9296
100130705
375616
3663
23534
407835
340348
6608
23382
107986847
57464
4899
7328
51530
23008
84928
95681
4232
26958
114960
378805
100506860
4289
100506881
5420
91584
54927
100500804
60412
84912
231
57016
669
800
340351
78996
55281
29062
4850
23165
647087
389558
767558
136319
5764
64764
8805
57670
92092
56829
79989
254048
51631
154791
100996928
100129148
28996
6916
64761
80853
100134229
84255
401409
23608
27147
90956
100134713
4708
673
51650
100507421
55750
57189
6742
8972
93432
28567
28639
28638
2051
105375545
373156
135932
835
9715
100507507
7791
2041
441294
285966
340307
154761
9747
100128553
445328
101928605
101928492
401428
401427
728377
100142659
441295
7984
27010
26047
8454
2146
9601
136051
155054
57541
8427
7988
100289678
155060
27153
155061
79970
84626
168544
643641
155066
653857
65999
113763
5919
105375563
29803
285971
728743
285972
155038
168537
55303
474344
26157
100527949
170575
55340
105375566
28959
55365
26
3757
4846
285973
11194
1020
6522
10922
83590
116988
114483834
10061
54480
768213
6604
51667
349136
6009
51422
100505483
63917
58508
100128822
7516
57180
100132707
22976
202781
3638
100506302
155435
6469
389602
100506380
140545
64327
64434
3110
645249
9690
10049
5799
100506585
54892
57488
55112
7434
101927506
644128
169270
26260
157695
157697
2055
101927752
9639
9920
101928058
9172
100287015
79648
285
100507530
55326
1672
286042
157285
137075
9258
90459
79660
8658
4482
83595
54984
286046
66036
83648
640
252969
2222
1508
85002
619423
100506990
729732
91694
57604
10395
7991
4481
286097
51201
29883
137492
9108
6542
5157
57509
5108
427
9
10
23362
63898
55790
55174
4023
6570
526
11178
2675
9046
23039
2039
64760
79873
55806
80346
649
9796
661
55124
23516
5533
10174
64236
541565
107986876
57805
55909
1960
23221
8795
8794
8793
8797
389641
91782
203069
4017
9583
51312
6781
10863
27299
4741
4747
80005
54793
157313
5520
665
10687
1808
23087
2185
2053
1191
51435
55246
107986934
157570
55872
286133
389643
55140
5368
55893
7976
2137
55756
79618
23303
1846
51669
23484
10671
11030
112268024
2961
2936
7993
5516
7486
3084
84750
84549
80185
79845
78986
80139
102723701
11160
11212
25960
55290
80223
1978
9070
27257
9530
23259
84513
54904
137994
2260
286140
6867
59339
83877
8754
203102
3620
56892
6422
51125
84296
137964
286
7994
105379393
10947
5327
3551
5423
7419
6575
114926
55145
81790
84376
2339
84197
138050
23514
1052
5591
4173
105375819
7336
6591
115294
102724330
9821
100507516
51606
6917
10434
29088
64321
114786
137695
96764
4067
6224
5324
79145
195814
54928
90362
137886
6386
8439
9760
100505501
767
5862
55636
157807
444
8836
7274
253943
27319
9420
55156
9650
5150
23212
137872
4603
80124
100533105
56260
23678
157777
641638
10987
79848
10565
57094
80243
23213
81796
10499
23471
286190
51110
9242
100132891
8989
7013
157869
6129
157506
27067
55284
6921
54968
23643
56704
54332
51050
83690
101805492
3174
5828
5569
51101
3574
105375914
11075
23462
28957
7163
65986
619279
55824
2171
2167
3612
347051
79752
92421
64089
85444
1875
401466
377677
759
100996348
760
245972
105375624
11059
51115
8895
4325
101929709
8767
734
4683
1666
169200
55529
100506365
51633
862
286144
137392
389677
91147
54704
1015
105375647
2669
25788
25962
100288748
54845
286148
55656
9134
137682
94241
79666
157657
7381
51001
9791
6383
10404
85453
92140
55353
4147
6156
203111
10247
10940
79815
6788
116039
157680
1345
5440
6674
25897
157567
26986
102466854
7534
51123
83955
107986962
79977
83988
50484
101927221
51366
105375683
7071
401472
51582
528
79870
105369147
8323
115908
81034
25879
29967
23414
55074
284
340419
3646
9694
84955
56943
93035
9166
55638
27012
7227
8667
84294
5885
644660
90390
2131
401474
4982
114569
105375726
4856
5168
6873
79075
64798
7373
28998
27085
6641
3037
594842
22882
79139
93594
84933
100533106
11244
29028
55093
114907
312
157769
654463
157378
55039
101927612
11236
83940
4715
9788
105375740
137209
6713
9897
286053
10221
157638
105375751
101867536
4609
5820
51571
50807
23167
23639
137835
51105
6503
8840
10397
6482
57623
102723694
10656
51059
83696
54108
27161
5747
101927963
22898
105375785
57210
11156
203062
575
8629
51337
66004
4061
286128
2738
100507316
79943
116447
114822
23144
79792
100310756
642475
93100
1936
84948
65263
7264
9831
286075
225689
286077
100128338
23513
100126338
22827
107986985
340371
83481
5339
84875
2907
26873
54512
8733
1537
81858
84232
340390
51236
727957
23246
642658
3297
8694
102465511
340393
26233
79581
203054
29894
100126351
55630
51160
4796
100287098
50626
90990
8928
84988
101928953
2875
113655
9401
9684
441381
414919
80728
90987
80778
6132
340385
100130027
7553
28991
58500
7564
286101
286102
286103
65265
100287171
55871
81704
23189
10655
6595
7436
9933
5991
169792
6505
55064
403313
55664
50808
10171
3717
55848
29126
80380
57589
79956
158358
26953
90865
115426
2731
23081
90871
5789
101929407
7306
286343
8777
4781
340481
158326
105375981
158219
6619
11168
203238
54796
54875
105375987
92949
158297
10670
54801
123
55667
6194
340485
4300
54914
401494
55958
4507
1029
100048912
1030
63951
286319
79886
9373
80173
64922
7010
79817
203228
48
23586
10210
100129250
4712
54840
3301
55234
2683
101929639
27290
573
51510
4799
364
360
65083
304
11191
5646
54926
55833
25853
51271
347240
318
57462
84688
203259
375704
1271
138716
11258
10280
2592
3590
730098
107987063
6363
6366
25822
7415
2189
84720
30968
80256
10497
9853
7016
971
27240
6023
203260
84904
7169
7094
102465513
10488
57704
9827
692094
4882
26206
84681
51754
646962
8434
152007
1211
10020
152006
9833
5079
100506710
84186
9380
9925
64425
26267
401505
158234
51010
79269
92014
6461
219
100289137
253650
158228
79937
401509
389741
654466
107986991
101929959
107984006
107986997
100132352
595135
644019
107984035
107987001
102724238
728673
203274
220869
107987072
26149
643827
100131997
100133121
445571
5239
8395
116224
101927069
2395
9414
9413
320
375743
256691
23137
687
101927086
23670
51104
138241
9615
100507540
7763
216
301
140803
55071
138199
54981
26578
5125
55312
653162
2650
105376095
158471
23230
9630
2776
84131
29968
7091
7088
105376106
158158
112268037
257019
414328
29979
105376114
80318
55582
84267
3190
80010
64078
4915
23287
389765
60560
51280
81689
79670
2619
1612
1514
23552
102724156
10927
1903
53358
1164
79048
10507
10912
6850
549
4783
4920
10558
112268048
3376
55035
401541
4969
54829
1842
64768
23299
83744
89846
101927954
203328
84270
4814
65268
445577
107987097
158293
23196
5253
107987098
138639
169841
84641
101928099
2203
84909
2176
105376156
5727
100507346
105376161
100128782
375748
11046
195828
22927
8555
195827
22869
158431
84278
1515
101926917
57653
100499484
100499483
23424
7111
158427
4686
7507
51531
10541
54187
9830
7464
55357
203286
79695
1306
7046
85365
10952
8013
55014
23071
27130
54881
91283
100526694
54534
7743
229
84302
56254
116443
10592
25934
55335
19
23446
83856
26134
2218
55151
58499
112268052
5887
9314
8518
54942
8727
23731
54566
107987113
5774
445815
401546
7295
79987
4593
1902
23392
158399
22949
552891
548645
2790
7357
105376220
64420
9991
84263
100133204
158405
58493
401548
7539
1318
23307
1317
246184
9128
114987
54836
81932
210
54107
5998
114991
259
113220
85301
5004
80709
25861
9550
203197
9966
944
3371
5069
23245
22954
7099
55755
1955
26190
100288842
5711
253039
26147
7185
727
11064
51552
2934
57000
2040
2681
153090
158135
4702
26468
92400
92399
5742
5082
54542
10773
57684
23637
55342
81571
286204
57706
10783
5695
100129034
2649
169611
401551
11224
81873
2800
286205
5537
10244
3309
26130
112268055
79109
5090
89853
23099
403341
9649
23452
84253
112268056
29988
7633
6136
90678
64855
6812
138428
286207
27433
10044
1025
2356
2022
102723566
203
30815
27090
8818
399665
203245
114789
100289019
80142
3934
79095
25792
1759
2801
375757
26995
105376286
51117
10999
81605
51148
4957
2733
6709
89891
6418
29941
84885
100506100
10444
54662
2021
51490
883
56262
101929291
254295
22845
23511
101929314
56904
84895
57171
1384
5524
389792
100506190
28989
140459
9536
27348
1861
51759
10868
23048
57720
23413
256158
107987134
445
105376294
8939
23404
25
84929
10319
83543
8021
286336
84814
84726
107987135
10585
83549
642515
2889
9442
84628
23064
7270
64794
9329
11092
7248
106635683
9328
1056
1057
5900
26301
28
6838
6837
6130
26815
6834
6835
6836
57109
11093
11094
11182
9719
642968
1757
7410
266655
8019
11091
6256
1289
101448202
2219
10439
100506599
9858
51116
101928525
157922
107987141
10422
138151
90120
169714
26086
728489
64170
6621
10807
23203
56623
9919
158055
4851
101928483
51162
10555
138311
84973
389812
85014
84960
100131193
55684
389813
29085
158056
8721
7186
54461
733
286256
5730
286257
9022
20
56654
954
89958
91373
100289341
11253
101930307
29952
2902
105376328
389816
29882
8636
286262
94107
27158
727800
10383
401565
25920
54863
441478
54932
10811
377841
26012
375775
64975
92715
116225
92714
85026
79813
651337
643224
105376333
10771
107984190
22982
414235
23185
23560
55853
3422
22884
5214
10531
100507034
1316
83592
1645
1646
8644
114131
79861
10276
79754
54906
2665
54522
84893
105376384
3601
107984200
3559
84991
5209
5588
439949
57713
80760
22944
509
105376392
83860
2625
10659
9712
107984208
79746
254427
26019
55526
55176
11164
8872
57118
83643
10133
55388
5264
22929
222389
8559
55691
83641
51182
79723
64421
10557
9397
107984210
221061
8516
80013
9317
6251
1787
100507347
7431
338596
9200
8027
653567
4360
783
221078
221079
84898
10529
8028
64215
100532731
23412
648
100499489
5305
22921
220213
56243
57584
56952
79896
54518
23590
10006
22852
10730
84930
91452
22931
283078
143098
220906
51322
25805
102724316
6840
57608
55149
1326
220929
220930
6935
94134
107984219
3799
80314
79741
3688
106633814
8829
56288
8453
1390
219771
8325
100616500
57209
219749
7581
7587
158160
101929540
399744
100129482
7582
105378268
9790
5979
55454
221002
3185
642819
8187
220992
7580
414208
6387
643236
83937
105378281
11067
220979
7570
240
220972
105378286
93550
653234
253725
119016
114004351
728407
100287932
8031
653268
107984026
5540
9721
83849
414241
399761
26095
118738
113939912
642517
107987147
642826
439965
102724488
100996758
414224
5599
58504
57705
196740
170371
2074
267004
55753
8505
100652748
113218477
414189
387680
56624
259230
104355295
653308
29974
5592
23283
100506939
11130
253430
55847
7321
7019
80114
84457
220965
220963
8030
288
983
9886
219623
84159
219790
84890
1959
29982
221037
221035
56521
23411
26091
64081
3189
55680
1763
8034
80312
55749
219736
79009
9188
26128
5552
9559
6832
80201
3098
23555
219738
1305
55506
84883
219743
56681
5464
55222
1979
27143
5551
140766
8879
5092
219699
55315
64072
64115
5660
9469
9806
51008
119504
54541
54788
10367
90550
170392
84647
5033
25961
11319
317662
23234
414245
51021
118491
310
5532
101929145
159195
113939925
729092
729096
2749
9632
170384
118487
23053
100507331
8509
818
5328
414236
7414
26985
132
23522
142891
7417
118881
84858
253264
100131213
83938
3778
9231
11128
6229
57178
107984247
10105
219654
143244
729238
650623
101060691
729262
642361
283008
219347
80195
219348
311
439990
84293
81619
27069
387695
92211
340745
54462
2894
23063
11155
657
79812
6623
10974
119385
2746
54537
728118
728190
439994
728130
9562
9060
84896
100144748
5728
55328
142910
340654
118932
57559
100132116
59
355
9023
3988
3433
3437
3434
107984251
24138
53354
9585
643529
10556
84333
143279
5507
80351
143282
9044
22849
54708
3416
3832
3087
54536
26509
55165
338557
5950
118924
9211
159371
266971
51196
100128054
64318
23232
3070
1562
9124
10580
5832
26123
953
728558
54619
9849
29760
7093
56889
105378443
118788
728658
102723665
84458
100533184
84986
10023
23401
23223
5223
51013
84287
64210
80019
118812
55361
60370
83742
118813
401647
55118
27291
84171
84795
3257
60495
26507
2805
101927300
159296
81894
57089
1355
51076
1244
23268
100188954
10613
1147
55280
282991
6319
90271
25956
4714
55662
55719
57715
84545
56652
84445
79955
81855
107984262
81621
8945
27343
25911
6468
10360
10724
79591
79803
8861
23082
9221
8729
4791
5662
79176
79004
100505761
79946
79847
10121
51684
81603
105378460
403
118980
54838
100528007
119032
54805
22978
84108
6877
84833
22984
51063
9148
9644
79991
9748
1308
100126326
119392
9446
119391
85450
114815
7511
100505933
120
4601
10285
1847
9126
282997
27250
100616113
92482
8036
644511
150
57678
51703
64429
143187
112268058
103344931
6934
840
79949
9937
374354
153
55088
100302224
340706
84632
3983
57700
142940
2674
5408
259217
387712
57698
6571
118987
22841
255082
63877
143384
8661
404636
119559
10935
2869
6001
7073
105378512
9531
22876
79892
11196
55717
105378519
105378520
2263
11101
54780
10579
59338
5654
1755
196792
80007
118672
64376
36
9184
119587
51363
4942
64077
105378539
9679
399818
23172
54764
1488
26098
7390
56647
55760
92565
8038
1793
105378552
119467
5791
4288
4255
387723
10539
55844
664
282974
80313
170394
105378570
105378569
3632
84504
101
10844
118472
118471
282969
1892
196743
92170
503542
619207
1571
100133161
51272
60626
23410
5719
171389
80162
10581
8519
10410
338707
11187
59307
338440
105376506
81490
6050
115399
3265
256329
692247
8045
100506211
143666
57661
3665
53841
10522
283232
64787
6888
347862
171391
79751
55367
6181
57104
283229
977
5441
7106
66005
161
4588
101927503
4583
727897
112577518
54472
9024
81532
1850
338651
440021
402778
1509
4046
102465993
6150
103344718
283120
3481
723961
430
29125
10077
101927682
975
10078
29850
3784
10984
1028
5003
5002
7262
4676
833
100852407
114879
7748
105376526
4928
27315
391
6786
100616453
6240
6737
55128
143503
3043
85363
445372
53840
10346
160298
84067
112464
101927825
6609
322
3263
10612
23647
26515
144132
23378
3611
6881
1200
8642
63875
387751
7762
7761
283298
8495
51700
8665
7275
79608
9866
6157
6764
56672
56674
493900
57758
23258
440026
10527
7702
7465
23075
283104
81846
105369149
133
272
100463486
50862
10894
10335
9646
1982
58486
729013
374378
283106
55031
27122
9645
84953
55742
7003
644943
406
84280
84188
10418
22800
1315
5682
5140
120227
387755
105376567
55553
10944
144100
10819
6207
5286
4925
374383
107984316
3767
10083
26297
7166
113174
6288
11234
2965
3939
7251
55293
100506540
144108
144110
54503
79733
89797
100874014
10553
10196
203859
2188
258010
338645
387758
91057
55366
55327
497258
81930
196074
120534
120526
196294
26610
5080
5954
10480
493860
79056
79832
91614
55346
283267
1479
10114
100131378
966
26273
4005
101929918
4076
55226
25841
102723539
847
26298
51074
8050
960
25891
24147
54765
143458
29099
79899
7189
5896
119710
8539
55761
51144
107984328
221120
387763
84680
2132
3732
90139
9537
56981
101060179
57586
8534
55343
1408
9479
9409
120071
51317
90993
8525
4192
55626
283254
9776
392
79797
9793
100507401
4038
79096
107984329
84364
29763
1643
53
10062
8567
6688
91252
5702
10658
114971
55709
4722
23788
79841
23360
23279
5795
2346
187
85456
6749
29015
8501
26519
9246
710
10978
25921
219541
100528016
51075
280636
1500
9404
80829
386607
374393
101927204
63901
23220
219972
5007
219988
6809
54948
2206
64231
643680
51338
58475
931
54860
83661
79080
11251
27339
79073
54972
51296
923
921
55048
1642
26007
220002
51524
51259
79869
54949
220004
9066
747
745
746
693196
2237
3992
9415
3995
5866
7439
107984334
2495
3619
4246
80150
79026
1937
64852
9219
256364
6094
26229
23193
80789
79081
102288414
751071
790955
51035
221091
100534595
26580
2785
221092
283237
79842
5436
10629
374395
79064
10482
6811
105369332
54663
23642
6520
1128
5920
54979
11145
25923
10313
65998
144097
2011
283248
79829
1351
55611
28992
23769
10963
83706
83707
84304
3338
7423
2286
114841035
26472
105369340
5331
572
56834
2101
51504
25824
102723878
283234
8986
9379
10235
5837
7536
5871
4221
55561
10938
113218486
105369343
406967
23130
5526
116071
100528018
402
29907
29901
10004
113130
7542
738
7108
741
2197
740
84447
728975
823
23649
10435
5977
283130
83786
107984338
283131
378938
109136579
57410
4054
254100
10534
23625
254102
4296
399909
6494
5970
105369347
10524
84153
91056
5017
254122
1072
80198
30008
1521
9158
11007
8061
83638
10589
9092
84285
8815
10992
55690
64837
105369352
81876
107984340
10897
57124
9610
25855
11041
102724064
3177
65003
246330
101928069
10072
582
254359
8722
9973
100526737
10432
5936
83759
6712
79703
9986
5091
78999
254439
29984
22992
156
338692
54961
100130987
57804
23529
5883
5499
374403
57571
6199
57175
5790
57010
80194
9049
9600
10263
2950
4723
254552
347853
91703
645332
105369360
112268076
81622
221
4728
10312
1119
51111
53838
4041
55291
51083
9633
1374
219927
3508
116535
219931
26579
105379407
595
220064
55107
8772
8500
105369373
107984347
2017
22941
1717
55191
55199
100133315
55298
10068
4926
100128494
220074
55004
25906
2350
3636
81570
5138
116985
100506020
10809
89849
9873
5029
5031
9828
100287837
84957
23201
58473
5870
51642
51287
80227
7351
26005
51400
283209
10008
387787
100287896
10714
25884
254225
143570
9789
10825
11309
105369388
408
6188
81544
871
4135
80168
84649
7405
7481
5612
100506127
56946
2615
107984360
25987
55331
192134
726
4647
5058
282679
1207
51773
28971
92105
100532726
65987
4718
79053
100289388
283219
57558
9846
79731
26011
5547
220042
27314
100506233
51585
100506282
338699
60492
1740
55863
84233
58487
54843
8301
8726
51501
10873
107984427
11098
8322
65084
23682
1075
26973
120103
56935
85459
619383
79101
677822
28970
9440
387804
24145
4361
54851
2526
105369438
143689
154810
51503
10929
23052
143686
143684
9702
8898
84441
79780
8690
143872
5241
7225
57562
10413
330
329
114908
4312
4314
4321
84259
79659
80310
643733
837
838
834
114769
440068
84437
143879
60496
2977
105369477
143884
91801
54733
8065
38
4863
472
143888
23086
1662
85463
5962
2230
57569
399948
120376
5450
143903
23235
5519
79796
91893
64776
1410
3316
100528019
91894
85458
1737
120379
55216
26521
6392
3606
83875
5805
107984387
4684
54970
9183
57646
7704
4837
54494
10179
25996
120406
120400
54827
105369504
23705
84811
8882
335
23387
5049
51092
100652768
6876
9159
257160
23621
100379571
22897
57453
105369515
100533181
53826
84000
3587
100526771
56649
6330
6327
120425
196264
10205
916
915
917
9354
100131626
10632
4297
101929089
84866
56912
372
23187
102466719
11181
1656
643
283149
338657
6230
51399
2542
10525
55823
3145
3014
1798
9854
25988
79671
79849
283152
867
4162
79102
114902
83552
9099
7070
5818
105369526
23650
220323
25833
219902
23365
219899
6309
6653
399959
84959
79864
3312
79827
57476
55800
7753
4013
84897
54414
53340
4900
23584
90952
101929340
79684
64221
54538
80071
219855
219854
63876
9638
9538
3703
1111
219844
83480
50937
84881
79607
6734
55572
114609
105369557
28960
6484
2113
2313
3762
219833
9743
399975
8538
120224
4798
56980
334
6768
29068
11095
170689
103611081
399979
50863
283174
22997
83700
23310
112936
29087
27034
89944
283177
107987373
102724852
100288778
440073
5927
84318
283358
4815
100049716
65125
5893
23085
81029
144699
79602
93589
100271702
196513
775
283440
2288
55846
83714
2305
83695
7289
7004
10867
84766
57097
103752584
894
57103
57102
10635
8798
10566
4704
101929549
26290
3742
7450
928
55200
7132
112268088
6337
107984500
4055
678655
939
55080
6843
51258
9918
112268089
2597
25900
4839
1108
57121
84519
51147
171017
196500
50813
8079
5763
3902
920
27239
10536
2784
83461
8078
7167
84727
171220
10233
2026
1822
113246
5777
105369635
11331
10436
10162
716
715
51279
283314
83758
9746
5830
283316
9332
339
6515
55810
719
25977
50856
8076
57494
1911
4074
144571
2
100499405
642846
440081
3820
107987174
374443
29121
969
9976
160364
51267
64581
23710
3824
101928100
100528032
22914
3822
255308
10748
55110
55359
8531
100533464
5554
106707243
100129361
2120
79370
4040
54682
118426
107984485
80824
1389
2842
1027
105369663
81575
51202
387841
9052
693199
100506314
55507
50865
93164
57613
2012
283422
2904
55729
79887
101928317
101928290
144608
2984
55766
51729
4256
121506
397
85004
5800
2059
102724146
11171
51071
4257
55885
79785
54477
121536
5139
53919
79912
5965
51026
3945
3764
10060
55907
6489
9847
55500
6660
586
4033
144363
3845
11228
79365
8082
3709
55726
26127
51768
9412
23012
56938
8496
387849
60488
57542
729291
55297
101928705
55711
100506606
51290
83857
10526
65981
441631
1663
58516
160518
254013
196394
105369724
440093
55196
636
121512
10059
51067
5318
84920
144245
144402
55605
225
114134
120892
1272
29951
283464
10138
85437
51535
144165
83448
51135
5756
84216
4753
51054
196527
400027
196528
9169
81539
54407
100288798
55089
347902
91523
100233209
79657
105369748
10411
55652
51564
7421
79022
29843
5213
140461
121274
54934
904
255411
112
784
9416
105369755
27289
51303
377
7480
105369758
5571
8085
55716
10376
7846
84790
101927267
5630
10024
79962
65244
10445
25766
91010
7009
57701
100286844
144233
23017
29127
41
6602
2819
84987
91012
51474
113251
57609
466
25840
4891
25875
81566
7024
5463
9802
57228
102723983
51411
11226
9498
6334
94
91
160622
3164
60673
196374
3856
113218482
3875
1975
283335
23371
84926
3489
51380
283337
3695
5916
84975
9700
5204
112268097
60314
8086
6667
54458
5094
102157401
7786
6895
114108587
11016
100652999
517
57658
23583
400043
23468
100616400
3178
22818
25946
3678
3071
5153
9840
196410
3679
100528022
2647
5959
967
105369779
10220
84324
29095
85406
440104
4327
84305
1606
6490
1017
5869
6821
64375
105369780
6231
2065
105369782
5036
6171
84872
23344
107987175
140465
4637
6601
10193
79035
283375
283373
93058
1431
10330
112268098
9924
6773
8914
283377
27165
5939
11176
506
10728
4666
5557
8630
9880
4640
23306
4665
6778
4035
105751187
6472
56901
246329
22864
2735
64333
4141
1649
114785
10540
3798
79837
196403
115557
2583
10956
116986
100130776
6302
1019
92979
1594
4234
25895
10102
10677
10106
91419
121227
9194
9958
102465133
23041
57460
552
283417
10329
104169670
57522
144577
11260
29110
283349
2799
23329
23592
253827
8091
84298
51643
11213
92797
23426
55832
8445
105369816
56890
5908
57122
55508
4193
1368
11052
4069
8089
10818
10576
117177
101928062
4848
27345
5787
105369828
5801
7103
105369832
8549
196441
83591
55266
23011
64786
29953
552889
84698
11010
11103
22822
4673
79738
114882
23390
1466
144455
89795
6857
5074
4659
8825
79611
29080
84190
160335
9182
91298
80184
160418
4254
1848
282809
100528030
8693
490
338758
4060
1634
694
8411
11163
7334
28977
8835
8738
10154
51134
57458
102465834
55967
7181
55785
55591
10988
59277
6636
102723340
4048
2004
5128
121441
100128191
7112
5250
121457
317
56899
23074
55592
64431
120863
55681
283431
27340
400
56994
50511
79158
55332
51019
79023
55010
5367
3479
55576
51559
7184
100500842
728568
6996
83468
29915
4801
7296
50515
84102
121053
160428
23325
55198
387882
105369957
9891
10970
255394
55703
55188
90488
80298
1407
121551
11137
11108
101929162
1240
11153
9733
23479
338773
6404
23603
54434
1610
84749
100131733
121642
7374
32
83892
89910
326625
4598
84915
59341
51228
84260
9815
88455
400073
28981
488
51434
10094
51184
29902
51699
144715
160760
79600
84329
5501
144717
10019
6311
8315
80724
217
51275
8550
89894
10961
80018
10906
283450
6128
5781
4938
4940
4939
1840
8437
387885
79039
84934
115811
53373
80024
196463
10993
113675
9904
6926
23389
643246
79794
26259
54997
23014
283455
5985
55884
54621
101928274
5037
51347
64426
26353
105370027
5564
11113
92558
11021
10985
6175
100506649
5829
4440
1337
51499
283459
8683
8655
100506668
84274
9921
51367
9761
84747
100616329
35
121665
283460
6927
64897
8638
5027
5025
10645
51433
80196
84678
84876
144404
54509
338799
23067
5715
605
22877
79369
56616
65082
6249
55596
65117
9735
8562
9026
79720
23457
79676
51329
57605
10198
91574
8099
55206
387893
196383
11066
353116
10959
57696
105370041
1967
2967
79867
23545
80212
100533183
144348
144347
9612
949
7316
57647
140707
102659353
65985
114795
107984449
105370062
105370070
92293
121260
23504
2054
5901
283383
6433
4326
8408
80324
57634
347918
317781
79050
57666
5426
5827
192111
23141
2802
55743
100289635
7574
7637
7699
101060200
7556
10795
54737
55269
9205
7750
2706
51084
8100
53342
221143
64328
26524
10284
221150
78988
650794
253832
221154
2254
26278
55504
4285
221178
143
55835
5042
9107
9818
51761
6049
1024
10810
219333
6144
387496
2971
219402
222484
51082
3651
100132234
1045
646625
2322
255967
100288730
2321
51371
283537
6541
5412
84056
3146
10208
241
84935
10808
145173
10129
675
90634
10443
116828
23047
9365
90627
5983
26960
9201
23111
5994
4093
29880
11340
55578
10631
51569
80209
387921
10186
57511
2308
10240
10166
100616668
693206
1997
11193
89890
84078
9617
79612
28984
105370174
23078
160851
11215
8600
94240
29103
55068
160857
144811
101929212
79024
387923
400128
8848
641467
26747
55425
2963
7178
100190939
253512
83548
23091
3936
80183
23143
2098
8803
55270
29079
100873965
9445
5925
10161
1102
57105
22862
81602
81617
107303344
83852
51131
55213
115761
84650
3839
57213
8847
10206
283518
10301
145165
107984567
79621
220108
647174
26512
115825
79758
540
440138
9724
4752
100887750
55901
51028
26586
144983
10910
10562
27253
81624
81550
64881
5101
1602
440145
79866
22894
10464
688
11278
9882
170622
7347
101927155
4008
115207
1203
26224
23077
100874212
8796
122060
1910
100874222
79596
64062
54602
10253
84189
407975
10082
23483
160897
10257
22873
100289274
5611
55757
27199
10150
5911
3843
10160
8428
6564
23348
100861541
337867
1880
9375
171425
101927437
105370333
5095
87769
84899
9358
2259
7174
196541
93081
79070
54841
100533467
2073
112268109
1948
55082
728215
3981
84945
10673
8660
1282
1284
100129836
100874203
55647
55739
79587
3621
283487
55608
8874
10426
23250
23263
100289410
2159
55795
8451
3916
79774
100874068
113622
55208
55002
7027
348013
650669
2621
22821
8881
105370384
65110
283489
91875
57820
10038
7011
55644
328
90809
4860
283
6038
6039
6035
64745
101929718
29986
57447
102465428
55701
51222
643382
283624
3183
11198
107984643
57680
84932
9878
56339
6297
28526
28755
1603
63874
5018
9056
122704
4323
26020
55147
100505758
10419
54930
100616424
84962
107984660
60686
5693
64403
22985
107984665
55017
23428
57594
90673
599
100529063
8106
51310
10278
25983
79178
85446
8906
102724814
84502
55449
10901
317749
728635
90668
4901
5106
80344
5720
51016
5721
102465801
55072
10379
9985
79711
10548
283629
29082
100528064
145553
4738
51292
26277
5875
102725044
115817
161424
27141
56413
1241
196883
11035
4776
57523
23351
643866
56948
101927045
1215
1511
2999
3002
29091
4857
5587
55632
23256
1690
29966
11154
25831
25938
112487
80224
394
84837
9472
112399
171546
55837
105370447
112268123
58533
1073
11177
112268124
6729
283635
101927178
55012
9692
5687
4792
253959
84312
51562
100129794
145282
3169
319089
6751
161198
10484
105370458
8487
122553
5411
4253
100288846
254170
122525
54813
23116
55015
2287
57697
55320
105370481
6235
107987206
6029
122769
6166
4247
55172
5427
122773
23588
9147
378707
105378179
378706
382
283551
105370485
79609
6655
79944
27109
8814
11183
51062
60485
51199
5836
81542
122786
54331
51637
22795
5729
5732
57544
30001
5706
6815
64841
10979
80821
652
1033
10175
2764
10668
23034
2643
11169
122809
93487
3958
9787
55030
22863
3895
57161
54916
10640
55745
122830
145407
55860
5684
379025
5926
26520
9786
51339
23002
64582
112849
51528
6252
105370524
64430
51635
5494
4331
57570
145389
5583
161291
100750246
3091
100750247
6617
57381
5529
112268140
112840
81537
23224
2100
4522
7597
9495
22890
3306
145376
26030
6710
100529261
91612
2877
376267
2342
4149
100506321
2530
645431
10243
64398
51382
1965
26499
161145
57475
5283
384
10490
51109
23503
5890
105370546
677
87
8816
55218
57452
2079
55334
9766
100289511
6430
64093
100529257
51241
55333
10001
23508
4293
100506411
22990
102724015
26037
9628
8110
26094
53349
105370560
58517
5663
89932
8650
79697
641371
10965
122970
83544
9240
91748
145482
57862
145483
51004
957
80127
4329
91750
5826
10577
100616211
122961
4053
9870
51077
56252
1743
83694
5228
8892
27030
97
79696
91754
10972
2353
122953
10538
102724153
55640
11161
23093
7043
112752
55668
22846
100506603
23357
64207
107984638
85457
57156
29954
2954
283578
63894
10598
9517
8846
81892
22938
283579
57143
9369
1734
145508
2957
85439
6400
23768
2581
8477
54207
55812
11099
79882
161436
123016
1112
90141
55775
56659
5700
55051
801
145567
9252
80017
8111
440193
105370624
55671
123036
10516
9321
4287
4707
53981
79890
5641
9950
1113
3705
64112
26175
84520
55148
55727
145270
51676
78990
57062
122509
3429
83982
866
5265
12
23405
79789
161176
283596
51218
56967
624
623
55102
51527
122481
10914
7443
388011
64919
84193
8812
317762
84439
2009
51466
123099
7528
123096
7453
79446
55384
64150
100302145
1735
5527
107984658
107984659
1778
107984661
3320
91833
5891
55778
51550
9895
122416
23186
7187
81693
9578
91828
7127
105370687
1983
4140
1152
115708
9529
84334
3831
7517
112268131
79038
23368
105370689
9556
105370691
374569
26153
388021
64423
122622
107987209
10572
102723342
207
100128927
283638
122618
113146
122616
55038
29933
102723354
3714
256281
2972
90135
23241
9112
1397
1396
283643
3494
3503
3501
3505
2003
3493
3500
105378184
3502
3495
3507
28475
28478
28476
28477
28479
28481
28483
9834
28385
28474
28473
28401
57289
28457
28452
102723170
28386
28450
28449
28448
28447
28468
28445
28444
28443
28442
28467
28455
28400
28439
28398
28434
28395
28394
28428
28426
28465
28424
28423
28388
28421
28420
28393
28464
28392
28391
28416
28414
102724977
28413
28412
28461
28402
102723169
28454
28411
28410
28409
28408
727764
28451
102723407
283755
102724760
102724971
388077
400322
123606
81614
23191
114791
102723534
102723564
4692
104472715
6638
8926
100506965
3653
7337
57194
2562
8924
440248
646278
321
23359
56160
100130111
7082
653075
101059918
100288203
727909
102725021
728498
89839
100288637
22909
54893
283710
51621
161725
1139
728047
107987222
100288615
100996255
643699
9824
114118903
6447
26585
100131315
342184
6263
57099
56851
161779
79768
51234
9990
55505
254531
23015
440270
9716
54989
89978
84529
4212
161742
283742
10125
7057
161835
11245
440275
6727
100131089
90427
701
106821730
56924
5330
100505573
388115
644844
85455
90417
3712
22893
113189
90416
27079
57082
100505648
5888
55177
2644
55192
643338
84936
54866
102724362
6692
171177
57617
54567
79094
54617
11261
729082
11339
51203
51103
23168
3706
4058
26015
7301
23269
23005
8681
100137047
100137049
51332
105370792
30844
255189
23339
105370795
25963
2595
825
64397
8773
255252
55142
57519
146059
146057
197131
80021
23582
9836
161823
146050
27229
7158
4130
9677
1159
117155
110006325
548596
2923
80237
10169
100529067
100302254
619189
25764
4236
79968
84978
113201
51496
645212
8669
80208
197135
567
113218500
100419583
653381
6652
50506
405753
53905
90525
9153
2628
79029
84419
100126311
107987223
105376714
7782
283651
26258
58472
80031
50804
1854
2200
22995
23741
9728
9318
2585
196951
2252
56986
79895
11001
3067
2553
55056
100129387
9101
54822
84888
23431
388121
342035
23312
29106
256586
29767
29766
112268148
123169
5597
10017
10681
100129973
55930
4644
10776
56204
51187
5873
101928527
9488
100533483
9236
145788
26108
4734
64864
374618
55329
54816
145783
6938
283663
84952
145781
100820829
81488
3990
102
54629
79811
54778
9133
4643
145773
9245
2958
663
302
79664
6095
54832
145741
388125
83660
105370854
7168
111064646
114294
51065
51762
83464
771
102723344
9960
100130855
283807
8925
23604
101928988
84191
6642
79856
5479
53944
9768
9325
23060
4947
348093
80119
80301
348094
107984754
51324
123263
123264
51285
390595
10081
10845
8483
112268147
54956
57722
54878
51495
81556
9187
10260
8766
84465
115752
54962
5604
10302
6124
55055
197021
4091
4088
79719
100506686
145853
5607
8554
91860
54982
10116
22801
10391
8125
26035
54852
145694
9493
6176
145837
7090
55075
55323
54839
56906
79875
4649
123228
196996
5315
56965
60677
3073
80072
25820
585
83440
100287559
4756
27020
101241892
80381
388135
100287616
4016
9399
5371
57611
3671
8482
84993
440288
10620
102723750
1198
80153
1445
25989
10066
4351
57184
9377
54913
192683
60490
56905
54939
79661
4123
25942
5780
105370902
10073
55272
257364
1464
92912
26263
145957
2108
49855
5955
9051
10099
79834
10363
84894
23102
10518
3419
23205
55466
105370910
80349
105370912
3658
123688
5685
1138
1136
11173
10933
1512
23423
100528021
10588
400410
283687
597
54469
2184
9915
58489
57214
23184
59274
3603
80765
84206
79631
647042
100134869
440295
80154
642402
6218
64506
100505616
123720
9455
83640
123207
53339
53346
50810
57188
440300
388152
643707
102724093
102724117
102724135
374650
54993
54581
84942
4828
23478
9640
57538
5151
101929479
11214
64410
4916
26589
64963
55070
64782
3669
176
145864
4240
11057
112268155
55215
5428
90381
374654
5346
8800
55897
145873
290
100526783
10239
348110
374655
109729181
3418
105370966
10509
10519
390637
51335
342132
8826
64784
641
105370969
5045
2242
4122
374659
55898
91433
9055
100507118
26276
9899
28232
400451
100507217
1106
56963
55784
440311
7026
91947
3480
23336
64927
123355
7190
4205
145748
170691
441733
55180
140460
220
101927751
79705
105371026
22856
55829
6627
5046
100507472
107987228
105371028
80213
123283
374666
51728
79622
64285
4350
8131
3040
3039
55692
83986
8786
8312
10573
58986
4833
26063
9727
6650
9091
57799
117166
84326
84331
197335
89941
9028
10273
339123
84219
146330
79006
65990
124093
84264
64428
10232
113000
63922
64788
30812
8912
25823
64499
7177
23430
7329
8938
115939
84572
64718
283951
1186
9894
9742
79652
57585
90861
23162
4832
65993
197342
90864
10101
3029
81889
51734
4716
6187
735301
10607
124056
2671
9143
90850
9351
4913
7249
5310
105371049
25837
100507303
84231
57524
64223
283870
283871
1877
1632
107984839
10921
21
899
80178
57465
527
51005
752014
5170
652276
645644
100507321
54442
23524
6923
124220
64063
114984
84256
124222
9088
107984895
105371056
51330
54985
79228
146439
100128770
64386
100507419
9235
81854
7755
100507458
7760
7752
283876
10127
91151
7627
105371059
54925
7727
146434
79903
102465134
23059
197358
84464
1773
10131
1387
115
6345
100507501
7023
84662
100529144
51025
79585
114990
9093
57407
3163
29965
124402
23295
84309
124401
26048
440335
79641
84656
29855
5493
9717
51172
100507589
146556
56052
196483
54715
79091
18
25880
5373
100130283
23589
7874
29035
80063
2013
4682
780776
4261
28955
23274
8651
116028
400499
9516
8303
51061
29066
26156
105371084
2935
729978
608
92017
55313
729993
2072
57496
5073
51283
8399
642778
100652777
642799
730013
23420
109951030
100288162
9284
23042
123803
54700
100505915
105369154
100288332
255027
89927
9665
102465252
54820
4629
123811
4363
368
408050
105371099
339044
101059938
64131
102723692
110006323
101059953
110006322
102723728
283820
653190
6210
23204
23049
79905
102723385
10229
162073
51760
105371114
79838
51573
9738
57020
400506
124152
51704
2813
116285
55623
6296
112479
81691
123879
57149
55567
57146
105371123
257629
1428
23117
100190986
100271836
387254
51108
10261
730092
440345
7385
255762
730094
29904
55718
1039
100131998
641298
100132247
57478
6338
91949
23062
124454
56061
4706
79728
84516
5347
10595
63928
5579
5930
27327
55114
51451
343
342357
79831
197370
3566
50615
2975
23247
100128079
23214
388228
728689
1201
55911
26471
112869
6799
6817
728734
8663
100507607
11273
7284
100616256
25970
487
79874
930
84901
83985
27040
653390
101928215
105371159
728888
100422558
107282092
552900
79008
100526831
445329
440353
440354
6693
23475
283897
653808
3835
107984837
4150
112268170
112476
79447
9961
10423
26470
253982
253980
124446
9344
8479
283899
8448
112694756
226
5531
6911
83719
101928595
79153
5595
107984834
11151
654483
548593
100526830
6818
613037
595101
10421
101928707
26000
1731
197407
51333
79077
22928
3683
79724
65988
107984875
92595
146542
146540
115509
78994
64319
730183
10847
100862671
5261
90835
9810
23361
9274
101928736
100313837
1489
283932
54620
93129
9739
80270
6810
101928762
79759
9726
339105
79001
10295
84148
5652
146547
2521
29108
100652740
3684
3687
79798
7041
6524
64755
100132341
124411
10308
606551
79801
55737
23594
388272
84706
10294
81831
101927102
81533
5257
85320
83752
6477
112268166
9683
23090
255919
55027
64282
113
29117
85407
124460
64127
102724907
1540
6299
27324
105371267
80205
5934
64400
23322
79068
4313
54947
1066
2775
267
11051
55239
583
4502
4500
4493
4499
4489
4494
4495
4496
4501
9688
9709
84166
221184
80011
89970
23568
51090
6367
6376
57019
57017
5432
55715
92922
221188
9289
222487
10300
3801
57567
79650
4324
29105
101927556
1459
29070
64785
65009
79918
23019
55238
2806
1009
1003
100505865
7084
51192
100529251
113540
146223
123920
1783
8883
766
57546
6236
51647
8824
23491
283848
865
80262
84752
8717
55336
3299
8996
653319
283849
1874
79767
26231
29100
29109
6553
25894
51673
29800
3291
9114
101927837
79567
10664
146206
65057
50855
84080
388284
81577
57610
80152
57215
10204
23644
5681
1506
5699
3931
6560
64174
55794
54920
4775
80004
23659
9057
84138
54496
55512
146198
1001
999
79613
3038
113455421
54921
84916
6645
27183
64146
84342
51388
146456
7014
80777
10725
1728
28987
11060
348174
283970
55066
400541
100506060
107984138
118460
16
11269
100506083
55308
6483
197258
25839
23450
146433
92154
55697
100130894
55783
102723786
794
7571
7567
91862
23035
164
342371
55565
9798
1723
54957
3240
9785
83449
463
5713
283922
440348
2734
55159
197259
79152
79726
84937
197257
162239
9564
10428
124491
4166
23563
79583
11345
23536
3735
54386
22879
100130958
283927
57687
51741
4094
124359
56942
55839
23300
2653
114780
53630
8139
80790
5336
93517
3294
10200
1012
3281
23417
29948
8720
83693
123872
9013
58189
9914
105371374
57707
23406
79786
9100
83716
55625
9764
23199
51659
404550
10328
1327
3394
100506542
400550
2294
64779
2300
100506581
79791
81631
23174
54758
8140
54971
84627
161882
124245
1535
4597
197187
333929
115992
348180
9780
100289580
81620
353
2588
51693
863
197322
197320
29123
101930112
6687
6137
1800
5119
124045
8558
124044
9605
100128881
92822
2175
84501
107984817
105371419
112268179
22980
4157
10381
54849
92806
172
79007
2622
100130015
101927999
8447
9501
105371430
400566
359845
55275
79850
50628
51031
55178
64359
29928
29
112268190
105371481
105371480
7531
1398
4641
51763
100306951
5306
124935
8578
83547
10594
727910
84981
407004
124997
5345
5176
114826
6117
146760
1801
124641
3090
23293
63826
55720
9905
101927864
4335
79066
5048
23277
105371592
101928991
23108
101927911
443
162514
7442
23729
1497
105371492
100533970
30851
83460
5026
3682
83903
55421
84254
5023
489
23140
124936
51479
7326
201305
124976
10514
124975
246
27043
409
400569
58191
84225
9032
388323
5694
5338
50488
1145
100130311
2811
8402
26001
5216
2027
9552
23125
101927979
388324
10749
102724009
124961
7775
84622
100130950
388325
9135
4927
84268
708
56919
51009
79003
728392
22861
23302
54478
83394
9851
84817
51003
388327
54739
100506713
239
100529209
440400
124944
100506755
255877
201232
10462
1742
37
1856
79142
11337
23399
23587
1366
6517
51087
1984
2874
84461
9744
147040
8711
100529211
57048
254863
57555
284114
2256
1140
57659
5430
407977
8742
8741
26168
100533955
1973
26781
968
100996842
9526
9513
112483
482
7157
55135
1949
23135
107987244
92162
84316
124637
1107
284023
9196
58485
116840
5187
6844
84314
54785
9212
284029
80169
5198
399512
29098
22899
124751
6154
81565
4628
107987245
162387
146850
23533
9423
9482
124739
9340
8522
4621
6341
56985
388335
101101775
100289255
644139
7566
6416
93649
100128006
9912
60528
9955
100874058
1352
9953
5376
100533496
284040
201158
10626
57335
4213
136
125150
54902
9611
9487
201161
7314
51393
125144
692087
388341
57336
57547
23495
23164
201164
201163
8533
55090
51655
10400
10743
6720
146691
83450
91647
79018
1819
54890
3996
2314
125170
7156
140775
6470
654346
220594
284047
729288
2310
147166
51030
5636
125206
644815
10750
780851
22905
27077
5598
4239
7732
55244
224
218
9706
11216
92521
347716
284194
23326
25979
8834
256302
5606
3768
339263
23666
26118
8844
3965
4843
201229
105371709
51701
27346
90410
7126
26073
147007
7448
23098
113235
9058
9094
94005
230
10615
100506436
124923
9703
6388
6830
147011
83871
6147
116238
284086
9618
55731
26284
2319
147015
57649
51268
399687
9220
57532
57551
116236
90313
28964
124930
84940
85464
374786
84081
642
388364
1362
9527
107133515
440423
51379
79915
79736
55803
84282
107984974
4763
2124
2123
84440
55352
55813
23512
114659
105371730
55288
64149
693217
7756
5717
8851
4642
26022
6347
6356
6355
6357
10693
91603
3980
117584
100529207
5892
54475
105371932
162394
91607
55106
146857
100506736
105371743
5193
163
79148
8148
6352
6358
348249
6359
107985068
6362
6348
6351
414062
9560
102724862
101060321
729877
9326
80179
284098
79893
79154
107985031
79922
26574
31
6871
11072
11276
11056
105371755
105371756
6928
101060351
101060376
101060389
414060
101929950
102723859
729873
440434
84311
30837
57636
80725
100170841
105371763
4302
284106
7703
5691
8396
54883
9349
3927
100505576
57125
782
6143
84961
5469
51755
84152
10948
93210
2064
84299
2886
22806
55876
94103
5709
9862
7067
9572
339287
22794
51195
147179
990
5914
101929693
125111
7153
3487
84951
1236
6605
192666
3858
147184
54474
3866
3880
10209
3728
10609
60681
115024
55175
47
1267
7266
28511
201181
110806298
79132
2648
5878
84514
6777
6776
6774
284119
102725238
535
100847046
4669
108783654
3292
80347
6945
29893
162427
7283
27175
79990
2826
8506
2145
100190938
10266
84313
65266
28958
124817
8678
10197
8639
100885850
80755
100885848
146923
6155
3430
10493
672
10230
101929767
4077
113277
100130581
379
1659
2118
4222
1845
4356
4355
5697
162417
84336
124801
92579
10014
78995
92591
339201
79089
56970
101926967
7343
10900
51629
2896
23131
2535
124808
105371792
80174
10052
9343
388389
146909
10882
79877
4836
113026
79777
10614
124790
105371795
752
107985040
100133991
9020
201176
9842
100423004
55073
147081
104909134
4137
284058
100506084
9884
728806
51326
474170
4905
7473
9570
101927060
996
3690
124989
653479
9520
112268184
3837
9755
30009
114881
124995
90507
80320
102724532
6668
55163
79170
80279
51226
4779
10951
29916
8631
3212
100874362
3213
3214
404266
3215
3216
3217
3218
3219
406972
101060400
105371809
360205
84366
10481
105371811
284076
10241
105371814
516
65264
11267
124872
2793
51225
22834
5245
4804
11248
8405
10237
81558
11143
3675
5164
201191
84687
6442
1277
162461
64132
51264
146956
55379
80221
1101
55316
55040
105371824
64847
8714
91369
51747
55018
10140
400604
9043
654364
4830
4831
54799
51096
10040
1353
252983
3131
23531
55273
58488
339210
8526
7706
100500827
8161
59342
8165
124540
51649
404093
7716
101929185
6426
140735
54903
9256
100506779
6827
54894
9110
5414
5889
4591
348235
55771
55181
284161
388403
79665
1213
51651
81671
51174
6198
51136
653645
101927755
63897
762
84669
10513
8493
54828
6909
83990
57508
9969
339175
11011
9902
26115
1534
1636
10238
51204
4215
80774
729683
92335
57003
11325
117246
5705
107984986
6603
974
92340
3384
2081
692227
55852
5175
284021
11232
1655
100616387
100616408
90799
64750
109286553
101929240
146880
440456
374819
201283
10672
100507002
8787
8313
201134
350
5578
9931
5718
26207
101928045
25926
2186
284018
3838
100499466
51321
22901
9120
5573
55062
693220
54757
10351
10350
23460
10349
23461
5608
400617
3759
6662
100499467
400619
105371887
201266
6752
9382
84923
55028
642843
23580
54549
6169
94015
124602
55890
11314
124599
10871
342510
326624
146722
105371893
100500847
9368
26151
54868
2232
92736
283987
30850
3396
23510
10476
9121
79637
30833
107985034
51155
6613
79902
23163
51081
57409
100287042
60386
2885
9772
57513
283989
107985023
3993
80022
9400
643008
100130933
107985013
29115
3691
2584
3021
85451
201294
23558
91107
201292
64978
85302
51
100529145
100134934
1018
2125
6730
353174
23265
2302
100507218
114804
283991
84074
5635
8877
63893
79651
114757
768206
100507246
10610
55808
439921
23210
124512
6427
693221
79157
654434
6397
10801
100507351
57690
100131096
11322
147138
9144
7083
107985050
125061
332
9021
9489
8632
112268196
9267
57602
7077
3959
124583
114897
64772
84733
57332
8535
125058
55036
2548
9775
79092
6448
284129
57674
100294362
284131
4884
57521
79643
100129503
440465
10458
107987250
9625
22994
146705
105371925
284184
124565
284185
57597
112268189
71
25794
80233
55666
339229
339230
339231
9146
6182
1468
348262
5034
396
10189
51529
5833
51547
4097
5831
79058
201254
201255
5881
51181
5986
2873
64118
2194
284001
9123
1453
924
6398
79701
284004
79415
105371941
26502
3607
105371942
56270
10966
105376791
79672
64122
6904
146712
284207
107987251
403340
105379280
727758
9097
9984
81035
494514
7298
55556
7525
116
64863
10403
23347
84034
9663
8736
10627
104968399
103910
7050
649446
84777
147525
339290
7541
23136
100286986
91133
79822
400643
284217
5797
201475
23255
4729
23253
57045
10928
9989
11031
9218
147495
8774
63895
2774
57132
65258
3613
84617
10939
107985154
10650
56907
56984
79959
5771
81929
55125
753
125228
8731
162655
440482
6093
114799
6632
171586
57534
100128893
2627
5932
91768
85019
8780
29919
4864
147463
3909
125488
114876
55364
25925
6760
6875
284252
1000
1824
1829
100652770
7276
9331
22878
54941
51444
4225
64762
80816
1837
10982
84307
100101467
10778
107985139
7572
252884
125476
2589
105372064
83608
55197
25800
55250
55034
80206
25941
57536
5289
26040
6563
57724
9050
498
115106
147339
9063
83473
84064
51124
4087
201501
9811
4092
54808
497661
100526842
6139
26790
9388
10449
103091864
677769
4645
4152
30827
220134
4200
55520
107985152
105372117
4089
51320
8932
11201
162681
5874
80323
6925
9352
23335
2235
4677
100505549
5205
105372141
23327
115701
10892
55205
90701
3998
147372
5366
220441
23556
57614
8792
54877
23239
596
2531
9525
5268
5271
28513
92126
54495
79839
10666
25914
9306
147381
29090
1528
55748
55628
400657
284273
10194
9658
100131655
7776
4155
374868
4772
9150
26251
80148
440498
10907
79863
22850
84552
375690
399844
8612
54531
25759
8174
91978
997
3004
105372233
682
5442
55658
10272
5064
126353
5725
79948
1675
10025
91300
1820
57418
116444
91304
1265
10347
23526
5434
2879
22904
6794
513
90007
148046
1153
55009
1943
84939
374291
2593
26528
6209
10297
148223
54760
92840
339366
399664
53615
10975
6929
57455
100302210
100288123
83855
81926
113178
113179
1455
55643
2872
126308
113177
8943
84444
55111
102466736
8175
126306
4946
51690
56928
360200
26517
84823
4616
2788
148252
29985
6449
7064
115196
148254
126295
58492
79816
7089
166
2767
2769
8698
56926
4782
284422
105372246
83475
105372245
51343
126321
100128569
10362
126326
6915
404665
58509
23396
27134
9546
116541
4145
1613
1938
51588
51341
5605
84699
51548
170961
10148
55702
56961
126259
55620
84954
6455
10036
80700
84717
729359
440503
116844
10501
126282
56005
91039
100131094
55527
148022
10226
645432
29128
23030
5802
257000
9667
6294
125988
374875
25873
9361
163154
56931
2528
2525
101928844
2527
126328
400673
828
8498
5990
4298
8192
84266
2962
8570
100500888
79085
92359
79958
10382
8740
718
56927
9322
107985302
10045
7409
2015
326342
79230
3643
23370
92960
374877
140467
57192
10908
57662
56949
100131801
126006
6813
126003
2208
30835
115704
80131
5609
6618
10469
1994
79603
51293
4701
6234
256949
51129
100507567
9230
51257
4670
84330
4542
81794
148156
57693
374879
84527
100529215
10781
79088
7675
93134
284385
54811
162993
54850
59286
5300
93145
50509
55337
83854
56342
692312
5032
8666
1786
9294
51073
3383
112812
125950
3385
7297
11140
100302213
5141
9817
84971
65095
1032
10053
57153
147727
3609
81890
1785
11018
255809
10498
78992
90580
6597
115271120
3949
147841
25959
57572
9545
374882
126075
64748
126074
2057
57139
115948
5589
115950
51295
1264
84337
54
199692
664709
55552
126068
126069
126070
90594
7620
90592
284390
101928464
163059
284391
388507
100529855
7568
7695
51710
147837
79973
90576
10224
163051
163050
57474
163049
4125
84292
51398
1725
84261
30000
79002
439
54831
29911
3726
7001
10535
1777
2639
2193
106144598
811
5886
90480
4784
4066
105372282
55621
112939
8677
9592
773
81576
84245
28974
65249
107985334
284454
79173
54862
79883
90379
5989
9466
342979
113230
90378
5566
55723
100507373
22859
976
10212
5585
10755
3337
9524
693224
4713
106635534
84449
30817
85360
10994
4854
23476
10270
26993
58525
64926
4051
66002
388514
652995
8529
57834
7171
4218
84941
26017
8907
10365
58513
84167
10523
79939
105372295
9441
79086
79041
284434
23309
9002
27151
93323
4650
55850
79629
2063
83878
29086
79575
64981
79016
57719
84705
83483
684
105221694
93343
376497
100507551
25796
199786
79709
23025
55201
23149
10331
3718
6142
115098
27106
3594
23031
5296
10437
84769
5864
5143
729966
80726
3727
25804
54858
9518
126364
170463
51477
8178
23770
79036
7311
55049
25789
55295
23373
5976
11316
54555
9454
10147
93436
284439
54929
4207
100271849
729991
8625
126382
53345
57794
23383
54815
83983
51079
374887
80714
9170
51291
57130
94039
7561
284440
112267872
440515
56242
81931
91120
7643
105372310
90649
100129842
199777
7617
7639
80264
148206
170959
7562
148203
284443
353088
101929007
163227
7594
100132815
7644
104472717
171392
148213
388524
9534
148189
101927151
7386
10775
79156
83636
898
8725
9745
57616
22847
147991
9141
84079
390916
84902
91442
85415
55094
126248
4037
1050
80054
1054
5184
79047
26065
9710
2821
84306
10054
126374
643719
55900
339318
148103
90075
126375
57655
6324
5349
102466205
163175
5348
53827
51599
7392
933
101927522
2867
93099
26330
100506469
10430
23354
79171
1340
9757
79713
199746
55851
55957
126393
148137
115703
333
84807
10870
7305
79414
644096
163183
84964
101927572
25999
199745
284403
5438
1155
826
1346
147929
7705
107985304
57677
284406
84924
728752
339324
57711
101927599
92283
163081
342892
284408
388536
25850
374899
374900
147923
199704
92285
163087
284459
84503
148266
148268
390927
163255
51276
22835
84775
126231
23094
94274
10653
90522
64073
9424
57828
5714
147965
115727
6261
11184
105372397
27335
81
147968
3960
1891
3191
126432
22933
4793
643669
54938
6183
115290
126433
10298
57622
9535
55095
54623
55588
7538
64857
6217
6829
92609
163126
1178
9149
2091
8857
5704
339327
163131
284323
4294
208
126526
23646
57716
29950
29946
105372489
645
57731
92799
8425
9253
79934
80271
284325
6626
100529262
100529264
53916
112398
171523
1556
1555
29785
558
11100
105372401
90324
7040
80776
641649
56915
593
374907
55101
100505495
90273
1087
1048
4680
112268252
1084
6223
973
9138
10567
478
2901
64763
5452
162989
116115
2931
2077
23152
5050
284338
1954
3991
634
57126
27076
653583
23474
284346
7515
126298
79177
126299
100170229
105372411
199731
5329
56006
3783
284348
284349
7596
7711
101928063
7773
7673
7766
342909
7767
100379224
7768
10780
7769
7770
353355
9310
7771
26974
7772
7733
107985305
5817
56971
602
23624
4059
5819
10452
348
341
1209
5971
11129
162979
79760
105372419
284352
79090
388552
90332
57787
147700
2068
10848
10849
2067
2354
6253
7408
80207
2828
24139
2696
6633
54814
23403
147912
109729182
1760
1762
8189
3171
26145
339344
4858
729440
64344
5536
105372426
83987
55228
57469
808
5739
147906
25865
107987269
29888
79147
6510
1175
2909
54958
23211
10055
27113
26093
255783
728
27202
9704
56917
11133
100505681
8775
29998
30846
29997
6415
8605
3978
374920
22900
100505812
2014
55260
10945
2906
83743
3770
9266
114783
6820
54854
171169
6141
56848
1628
770
2524
105447645
54922
2523
587
105372432
51171
57664
23645
4924
100874085
581
2512
2997
10856
6625
64130
8541
3270
54795
951
8463
55011
126133
2323
23521
6205
2217
57333
51070
5639
57479
6237
58506
3661
83596
3276
126129
160
80199
105372435
81857
102465480
100506033
53635
101928378
11284
84335
79735
259307
23636
22809
100616483
114132
51231
25888
79784
3748
256236
9476
7376
5424
6689
112703
284361
126119
94030
6320
84798
3816
55554
354
5655
90353
27180
27036
945
147645
2109
4818
89790
100129083
27181
89858
946
7728
8778
100049587
147650
2357
2359
84765
101928571
65251
79898
59348
284370
80110
9668
284371
90317
162962
5518
90321
147657
162963
400713
84436
388558
55762
7696
55769
81856
162966
7576
90333
162967
388559
100529240
399669
125893
79986
90338
55786
84671
79788
390963
342926
91664
107987264
170958
91661
110116772
147804
388561
126017
55422
91663
126014
4696
29844
26121
4849
79165
147798
112268246
79143
79042
6203
11025
79168
10990
10288
3903
104355426
114823
94059
148170
11027
11024
10859
11006
55655
112724
54869
54776
5794
255043
22870
23640
84446
284417
84787
125965
388564
6158
27338
79763
89887
57106
284297
163033
84922
147807
100507290
147808
107983998
51545
51157
29903
11338
29924
126208
55311
79149
147947
147949
100128252
57573
140612
388566
58491
5178
9422
390980
10794
125919
57343
284306
10597
147694
7565
388567
400720
79744
374928
256051
162972
55659
284307
348327
7693
10520
90233
7710
79891
284309
54807
79818
100293516
84914
100874260
730051
147687
10172
80095
7694
65982
79673
10782
27300
105372482
7554
108903150
105372481
105372480
342945
1
503538
162968
116412
6193
113218487
201514
7691
388569
25799
55663
10998
84878
105372486
10155
27243
9040
100131691
7593
65996
140680
85364
100507459
6666
101929937
80023
57761
10616
128637
1457
140809
113278
83541
9491
55321
9751
100528031
27111
100507495
2280
55968
284759
10326
55423
140885
140901
7053
6628
79175
10528
100302138
692201
3420
57593
56265
64773
64601
5786
64949
100134015
22888
60493
9762
65992
3704
83959
25943
8455
80332
6614
116835
54976
1059
994
55317
57506
80025
11237
54498
5621
9770
9962
29058
5111
100302739
8760
149837
56261
149840
1114
51605
84515
54675
164312
55612
650
56255
23236
5332
63926
8195
128710
182
101929395
22903
55304
55617
51575
79133
140733
23767
55614
6629
5126
11034
6238
27131
92667
58495
100303755
57325
7692
55184
10621
10741
10483
388789
92675
100270804
57419
54453
51126
51340
3642
57186
55857
22803
140828
3170
7056
22918
29107
64412
63908
1471
79953
105372578
8530
57136
84532
955
105372579
5834
26090
9837
22981
140838
102724826
26152
100134868
100289097
107985433
284802
28954
81502
3397
598
103021294
22974
81572
140706
3055
9777
107985403
5326
23509
100302183
9371
171023
140688
149951
1789
22919
388795
51654
6640
9139
63941
170487
1869
11264
84905
128866
101926888
22913
8894
191
107985381
83737
83658
84557
128869
58476
23054
2686
55902
2937
57644
26133
111089941
55741
10544
10893
101410538
3692
55245
11190
102725201
51614
80307
6676
8904
10137
9054
140823
9584
51230
51282
647979
2036
105372602
25980
22839
10398
60436
100527943
55969
84174
57446
79980
140710
140711
25939
5933
140699
6185
63905
6714
10904
4826
56259
128434
9675
58490
7052
85449
388796
128439
57148
79913
26051
81610
60625
9935
7150
101927117
5335
23051
64900
90187
84181
6431
26013
10110
51098
4605
84969
57158
51526
100505783
128486
140902
105372629
3172
79183
10955
11142
100
8839
140730
7529
80336
10953
6789
5266
6590
6385
90196
767557
107985404
55861
107985405
51604
10406
116092
11065
7125
90203
10005
140831
90204
128497
140825
5476
5360
107985388
63935
63925
4318
109729184
57727
958
51006
63916
55713
112858
81031
2139
23613
8202
55959
57580
10564
1434
6780
55661
57169
441951
5740
9334
23315
9825
55905
6615
387522
7335
387521
101927559
1051
100506115
5770
140876
84612
55653
23394
101927631
8813
27304
3755
4773
10079
55734
128553
7764
8537
5203
116151
6790
1477
57091
51507
7022
655
8480
100291105
55544
5105
81030
56937
105416157
105372693
55370
57403
9217
100534593
8675
79716
2778
51497
1522
514
100533975
51012
128611
1908
10388
63939
5509
6874
149986
5688
26039
26164
9885
11047
105372707
3911
6227
81928
105372709
140893
28231
101928465
100127888
55257
11054
1299
10732
100132911
11083
54994
63910
54915
55738
1917
79144
5753
6725
85441
26205
100505771
50861
100533107
51750
8771
10139
84619
54923
56731
140685
140701
112268269
7165
80331
54963
100113386
57473
140700
24148
6919
54345
10287
4987
55251
102723996
102724023
102724159
102724200
102724219
102724428
102724701
102724843
102724560
102724594
102724951
102723360
102723553
109864279
109864280
109864281
109864282
109910379
109910380
109910381
109910382
112268284
105379508
106631777
106631781
106632260
106632264
105379507
100132288
150000
6782
64092
107987295
8204
29761
1525
10950
110806272
54149
140578
4685
54148
58494
522
2551
351
116159
9510
11096
29104
26046
10069
10600
10694
56911
571
9073
7074
6647
57466
30811
54069
56246
9875
84996
59271
110091775
56683
8867
100506215
94104
3455
3588
3454
3460
757
2618
6651
102465248
107985481
29980
9946
6453
539
100506334
64968
6526
54065
1827
54102
861
54093
100133286
873
100506428
874
9980
23515
8208
3141
51227
7267
100874006
10311
1859
2078
2114
102724740
8624
54014
3150
7485
106865373
6450
114041
10317
25825
4600
4599
7113
105372809
105372808
54101
102724800
63977
25966
49854
9619
7033
105372815
7031
64699
53347
89765
54020
107987299
101928212
5152
10785
4731
5316
875
7307
150094
23076
8566
1476
8568
284837
56894
7109
5822
8209
23308
5211
755
7226
81543
7327
6612
754
3689
100505746
85395
104
23275
642852
101928745
80781
6573
54039
1291
1292
84221
4047
114044
8888
54059
54058
5116
23181
6285
3275
23765
27440
51816
83733
529
23786
637
57553
55670
51807
11274
728229
728233
8214
5625
9993
25786
8220
6576
8218
105372859
7290
64976
128977
105372860
7353
8318
7122
5413
100526833
54584
79680
10587
1312
100616414
421
128989
54487
100302197
27037
5902
29801
65078
85359
7625
91179
84861
51586
84222
5297
9342
1399
101928891
150209
8216
80764
439931
6545
23119
645426
375133
7332
150223
23753
23759
29799
5594
9647
100286925
8940
28784
28774
28785
28778
28772
96610
28820
28821
28773
28822
28775
28781
28823
28776
28824
28825
28826
140883
28810
28811
28812
28791
28793
28813
28796
28797
28814
28815
28816
28803
28804
723778
28817
28818
102724638
28809
100423062
28833
3537
28832
3538
28831
3539
3540
3541
3542
28834
2781
9609
613
150244
91316
266747
7621
150248
400916
4320
6598
91319
66035
284889
4282
653689
100037417
1652
23523
56241
2687
101730217
23384
135
83606
6634
2678
388886
129049
85379
100128531
1417
91355
1416
157
57168
89781
402055
24144
100507599
8459
440823
102724827
105372976
4330
23760
284900
23331
11200
150274
150275
7494
84133
83999
129080
25807
2130
10634
162
8563
8508
4771
164633
55954
29796
84164
8897
101929664
3976
91370
5008
652968
83874
10291
550631
200312
23541
51537
9514
23481
6948
339665
150290
23762
107985544
150291
22880
55000
6525
140606
27124
91445
3985
113791
23598
54944
4733
56478
9814
23761
102465666
253143
9681
7533
6523
51493
25793
7078
9215
91464
10042
10043
3162
4174
23551
4151
80830
23543
80833
80832
23780
8542
112268296
4627
25828
80020
8664
11020
4689
1439
7263
4357
79734
164656
3560
114904
5880
27128
105373024
4242
29775
11135
3957
26088
23616
101927051
57026
3956
79159
11078
3005
23464
129138
724028
51386
85377
84645
5435
6663
9463
80115
8398
23764
25829
102800317
1454
11015
10521
646851
25776
56993
9929
9567
25777
10126
23467
23466
9582
27350
200316
140564
60489
23492
5155
6122
9145
10454
100506472
4248
54471
468
91582
9402
113828
23112
158
27352
57591
10478
6767
63929
9978
2033
101927279
83746
100506544
150356
5905
23264
7008
10766
84844
50
171568
5372
27351
2547
4809
107985567
79640
150365
79879
112637020
6721
440829
79019
164684
4668
150368
91689
4700
100132273
1565
102723722
1564
6942
102723775
150372
94009
101927372
27341
253190
91695
84271
1727
53947
26286
11252
101927393
25809
638
27349
706
23170
80274
25813
29780
64098
85352
84247
55615
553158
23779
100506714
10762
23313
55007
2192
25814
100271722
150381
5465
150383
10343
55020
51512
55687
9620
23151
64781
25771
25817
348645
23774
9889
79087
79174
415116
400935
80305
83642
105373095
85378
83933
6300
5600
23654
414918
9701
6305
79924
55586
91289
29781
9997
1890
440836
113730
386593
1375
1120
23542
410
85358
284942
11158
107987392
109864271
109864273
109864274
109864272
102724770
102724788
55344
8225
283981
28227
1438
3563
101928055
293
105373102
751580
80161
8623
286530
8227
438
207063
9189
101928092
401577
4267
8908
414
100506356
415
25878
5613
389906
101930105
729162
107987330
57502
8226
412
8228
3730
6907
4935
357
55841
1183
4281
3052
395
10943
5634
51284
51311
7114
170082
9367
6399
8481
2824
54960
286480
2742
158747
140462
5277
100532742
8544
59272
660
340591
114004397
11238
8233
8905
56474
94056
55787
5931
9185
4810
6322
10742
10389
6792
100132163
5256
101928415
5160
389840
30011
256643
256714
1964
6197
257240
51360
404281
6611
139411
10549
23597
6303
79135
80311
1968
7543
5165
5422
80231
2710
257397
1756
83604
5638
347404
7504
1536
6990
94122
8406
6103
5009
7102
100874211
58526
54880
10159
159013
9282
100873985
8239
1654
8573
2857
27197
4128
4129
139341
7403
79742
55634
641339
401588
56548
84679
6102
9767
54539
8241
7317
5127
8237
7592
203414
369
6853
7076
5199
2002
8409
100133957
347344
7569
57232
92745
24140
64840
10682
4943
5935
64743
7454
6839
392465
10013
27344
10245
10084
7355
11040
55593
3750
56850
7030
90060
11230
11152
27238
105373195
79917
5355
4007
6855
778
28952
50943
89801
389856
1184
57477
23708
9500
81557
728239
727866
29057
54328
64061
102723508
8242
23096
8243
3028
10075
23133
54954
90121
2245
54552
10916
7216
27301
90736
28986
158880
10325
11279
29978
550643
169981
474343
158584
54466
158586
7789
139886
92249
23229
139285
55613
55906
340554
81887
4478
11326
9843
60401
367
4983
286451
9754
1947
102723911
64219
27112
1896
3476
51248
24137
54857
1741
56159
29934
4303
158830
3561
9968
54413
2705
9203
4841
6872
8473
2833
340527
340526
5303
54821
6191
55869
5255
4674
53344
554203
100302692
6567
51132
340533
22
139596
286495
51260
57692
546
84061
1349
538
441531
5230
51616
10800
27334
84636
9452
254065
79366
6451
27330
139324
139322
340562
7552
79983
1121
4675
1730
57526
7105
27286
94121
1478
27035
402415
79979
59353
2491
1678
695
100529097
6173
2717
3188
100131755
51309
54470
51566
9823
84460
340542
64860
100528062
9737
114928
80823
100287765
55859
56271
90843
84707
56849
51186
27018
79921
105373302
85012
9338
9643
340544
441509
51209
5354
401612
644353
286437
139231
55086
79589
54885
9075
79710
55285
54830
5631
1831
11043
5716
115201
1288
1287
55916
2182
105373311
84187
101928589
9949
91851
5063
827
79868
154796
57631
5358
11254
90293
54521
139818
3597
79836
10857
203427
100303728
292
63932
7319
55922
23157
347454
6170
65109
7737
4694
79576
158801
10009
55026
3920
8450
28985
29071
2747
2892
57187
331
10735
4068
6594
4952
8862
7512
54440
51114
10813
105373335
63035
2000
9131
55609
9016
51634
55855
10495
51765
90167
57826
55796
90161
2239
2719
84295
3251
159090
159091
56180
644538
441518
8933
26071
7626
203523
399668
203522
93380
10479
2273
79649
27336
959
9459
27316
2258
286410
23641
2332
3423
105373366
100131434
91966
84548
541578
100272228
10046
4534
8776
83692
3149
203547
2564
1069
50814
7739
10838
55559
633
92002
6535
10134
215
5365
26576
3421
6748
57595
3897
393
8260
5973
3054
8269
3654
4204
2316
2010
6134
26778
1774
6901
158960
537
2664
9130
55558
8270
8266
8273
60343
2539
8517
139716
1736
4354
2157
8263
100302111
65991
100272147
4515
79184
7411
116442
1193
474383
100422985
474384
100422977
55217
10251
6845
3581
6192
7544
100873962
5616
352887
64595
8287
8653
7404
9087
22829
83869
246126
8284
9086
105377236
389831
283788
100507412
100861532
100008588
100008587
100008589
112268313
102723630
100505874
101929819
107987398
100233156
389834
4558
4549
4577
4550
4567
4535
4565
4572
4569
4536
4578
4553
4570
4511
4579
4512
4574
4555
4513
4566
4509
4508
4514
4563
4537
4573
4539
4538
4564
4575
4568
4540
4541
4556
4519
4576
4571
